시도_명칭,구,행정동명,행정동ID_8자리,hnet_code,면적_m2,면적_km2,CCTV_수,버스정류장_수,의료기관_수,학교_수,학원_수,쓰레기통_수,건물_수,공원_수,대형점포_수,경찰관서_수,소방관서_수,지하철역_수,점포_수,범죄발생_구,소음민원_구,CCTV설치_구,녹지면적_구,학교녹지면적_구,재해위험지구_구,소음_주간_구,소음_야간_구,초미세먼지_구,CCTV_밀도,버스정류장_밀도,의료기관_밀도,학교_밀도,학원_밀도,쓰레기통_밀도,건물_밀도,공원_밀도,대형점포_밀도,경찰관서_밀도,소방관서_밀도,지하철역_밀도,점포_밀도,문화시설_수,공연시설_수,기타문화_수,도서관_수,전시시설_수,무료문화시설_수,문화시설_밀도,공연시설_밀도,기타문화_밀도,도서관_밀도,전시시설_밀도,무료문화시설_밀도,총전입,총전출,순이동,전입률_퍼센트,전출률_퍼센트,이동률_퍼센트,순이동률_퍼센트,거주안정성_점수
서울,종로구,청운효자동,11010720,11110515,2570477.37785328,2.57047737785328,165.0,29.0,8.0,138.0,15.0,14.0,2246.0,2.0,1.0,2.0,1.0,0.0,10950.0,2981,2200,1872,228451,17469,2,62.2875,56.85,19.60666666666667,64.19041125263621,11.281951068645151,3.1122623637641795,53.6865257749321,5.8354919320578365,5.446459136587315,873.7676586267935,0.7780655909410449,0.3890327954705224,0.7780655909410449,0.3890327954705224,0.0,4259.909110402221,14,3,5,2,4,12,5.45,1.17,1.95,0.78,1.56,4.67,1017,1314,-297,21.01,27.15,48.16,-6.14,71.7
서울,종로구,사직동,11010530,11110530,1158535.55925108,1.15853555925108,106.0,33.0,73.0,38.0,22.0,47.0,1758.0,7.0,2.0,4.0,0.0,2.0,31783.0,2981,2200,1872,228451,17469,2,62.2875,56.85,19.60666666666667,91.49481787898016,28.484235754776844,63.01058212420333,32.80002905095515,18.98949050318456,40.568456984076114,1517.4329229362938,6.0421106146496335,1.726317318471324,3.452634636942648,0.0,1.726317318471324,27433.77166648704,29,4,4,2,19,15,25.03,3.45,3.45,1.73,16.4,12.95,1280,1290,-10,27.98,28.2,56.17,-0.22,41.9
서울,종로구,삼청동,11010540,11110540,1478293.69736925,1.47829369736925,45.0,17.0,7.0,27.0,1.0,30.0,1315.0,1.0,1.0,1.0,0.0,1.0,8477.0,2981,2200,1872,228451,17469,2,62.2875,56.85,19.60666666666667,30.440500477057668,11.499744624666231,4.73518896309786,18.2643002862346,0.6764555661568371,20.293666984705112,889.5390694962408,0.6764555661568371,0.6764555661568371,0.6764555661568371,0.0,0.6764555661568371,5734.313834311508,31,0,2,1,28,19,20.97,0.0,1.35,0.68,18.94,12.85,212,230,-18,20.21,21.93,42.14,-1.72,91.6
서울,종로구,부암동,11010550,11110550,2274981.04477879,2.27498104477879,76.0,34.0,4.0,72.0,23.0,6.0,1753.0,1.0,0.0,1.0,1.0,0.0,5318.0,2981,2200,1872,228451,17469,2,62.2875,56.85,19.60666666666667,33.40687175149186,14.945179467772675,1.758256407973256,31.648615343518607,10.109974345846222,2.637384611959884,770.5558707942794,0.4395641019933139,0.0,0.4395641019933139,0.4395641019933139,0.0,2337.601894400444,11,0,3,0,8,8,4.84,0.0,1.32,0.0,3.52,3.52,978,989,-11,23.84,24.11,47.95,-0.27,72.6
서울,종로구,평창동,11010560,11110560,8947083.28353209,8.947083283532091,92.0,54.0,15.0,19.0,26.0,0.0,2586.0,6.0,0.0,2.0,0.0,0.0,7695.0,2981,2200,1872,228451,17469,2,62.2875,56.85,19.60666666666667,10.282680632842018,6.035486458407271,1.676524016224242,2.123597087217373,2.9059749614553527,0.0,289.03274039705934,0.6706096064896968,0.0,0.2235365354965656,0.0,0.0,860.0568203230362,10,2,0,0,8,3,1.12,0.22,0.0,0.0,0.89,0.34,1639,1727,-88,23.13,24.37,47.5,-1.24,73.8
서울,종로구,무악동,11010570,11110570,369520.242869658,0.369520242869658,32.0,4.0,5.0,22.0,18.0,2.0,190.0,3.0,1.0,0.0,0.0,1.0,2098.0,2981,2200,1872,228451,17469,2,62.2875,56.85,19.60666666666667,86.5987739981202,10.824846749765024,13.53105843720628,59.536657123707634,48.71181037394261,5.412423374882512,514.1802206138386,8.118635062323769,2.706211687441256,0.0,0.0,2.706211687441256,5677.632120251756,0,0,0,0,0,0,0.0,0.0,0.0,0.0,0.0,0.0,711,803,-92,23.96,27.06,51.03,-3.1,62.5
서울,종로구,교남동,11010580,11110580,346925.488462145,0.346925488462145,44.0,22.0,21.0,24.0,25.0,8.0,620.0,4.0,0.0,1.0,0.0,0.0,3714.0,2981,2200,1872,228451,17469,2,62.2875,56.85,19.60666666666667,126.828386680505,63.414193340252496,60.531730006604654,69.17912000754818,72.06158334119603,23.059706669182727,1787.1272668616614,11.529853334591364,0.0,2.882463333647841,0.0,0.0,10705.46882116808,5,0,1,1,3,5,14.41,0.0,2.88,2.88,8.65,14.41,1159,1334,-175,26.72,30.76,57.48,-4.04,35.6
서울,종로구,가회동,11010600,11110600,540004.442418938,0.5400044424189381,36.0,21.0,6.0,60.0,2.0,10.0,1438.0,1.0,1.0,0.0,0.0,0.0,7342.0,2981,2200,1872,228451,17469,2,62.2875,56.85,19.60666666666667,66.66611822439606,38.88856896423104,11.11101970406601,111.1101970406601,3.70367323468867,18.51836617344335,2662.941055741154,1.851836617344335,1.851836617344335,0.0,0.0,0.0,13596.184444542108,23,1,7,2,13,17,42.59,1.85,12.96,3.7,24.07,31.48,456,518,-62,25.33,28.78,54.11,-3.44,48.9
서울,종로구,종로1.2.3.4가동,11010610,11110615,2416033.08666296,2.41603308666296,162.0,68.0,132.0,48.0,90.0,148.0,3783.0,6.0,16.0,6.0,4.0,4.0,120001.0,2981,2200,1872,228451,17469,2,62.2875,56.85,19.60666666666667,67.05206186714744,28.14530991954337,54.63501337323125,19.86727759026591,37.25114548174858,61.25743923665322,1565.789815082832,2.483409698783239,6.62242586342197,2.483409698783239,1.6556064658554923,1.6556064658554923,49668.60787728124,52,2,9,1,40,39,21.52,0.83,3.73,0.41,16.56,16.14,1659,1630,29,33.89,33.3,67.19,0.59,9.6
서울,종로구,종로5.6가동,11010630,11110630,603166.82336153,0.6031668233615299,69.0,18.0,75.0,28.0,6.0,16.0,2150.0,3.0,11.0,2.0,0.0,2.0,22824.0,2981,2200,1872,228451,17469,2,62.2875,56.85,19.60666666666667,114.39621233716689,29.84249017491309,124.3437090621379,46.42165138319815,9.947496724971032,26.52665793325609,3564.5196597812865,4.973748362485516,18.23707732911356,3.3158322416570107,0.0,3.3158322416570107,37840.27754178981,5,3,0,0,2,2,8.29,4.97,0.0,0.0,3.32,3.32,823,881,-58,22.1,23.66,45.76,-1.56,81.0
서울,종로구,이화동,11010640,11110640,782398.795644197,0.782398795644197,53.0,20.0,14.0,24.0,9.0,26.0,1482.0,1.0,0.0,1.0,1.0,1.0,7999.0,2981,2200,1872,228451,17469,2,62.2875,56.85,19.60666666666667,67.7403905719996,25.56241153660362,17.893688075622535,30.674893843924345,11.503085191471628,33.231134997584704,1894.1746948623284,1.278120576830181,0.0,1.278120576830181,1.278120576830181,1.278120576830181,10223.686494064616,36,26,7,0,3,13,46.01,33.23,8.95,0.0,3.83,16.62,1386,1250,136,30.91,27.88,58.79,3.03,30.0
서울,종로구,혜화동,11010730,11110650,1132552.69369394,1.13255269369394,131.0,38.0,28.0,120.0,36.0,20.0,2800.0,3.0,0.0,2.0,0.0,0.0,16106.0,2981,2200,1872,228451,17469,2,62.2875,56.85,19.60666666666667,115.66790731187056,33.552522731687645,24.722911486506685,105.95533494217152,31.78660048265145,17.65922249036192,2472.2911486506687,2.648883373554288,0.0,1.765922249036192,0.0,0.0,14220.971871488451,28,17,1,1,9,12,24.72,15.01,0.88,0.88,7.95,10.6,2743,2767,-24,29.44,29.7,59.14,-0.26,29.0
서울,종로구,창신제1동,11010670,11110670,305145.297761097,0.305145297761097,26.0,8.0,35.0,24.0,3.0,10.0,1170.0,0.0,8.0,0.0,0.0,1.0,19587.0,2981,2200,1872,228451,17469,2,62.2875,56.85,19.60666666666667,85.20531101336454,26.217018773342936,114.69945713337536,78.6510563200288,9.8313820400036,32.77127346667867,3834.238995601405,0.0,26.217018773342936,0.0,0.0,3.277127346667867,64189.09333918351,2,0,1,0,1,1,6.55,0.0,3.28,0.0,3.28,3.28,608,611,-3,22.99,23.1,46.09,-0.11,78.9
서울,종로구,창신제2동,11010680,11110680,257515.070003193,0.257515070003193,39.0,1.0,9.0,0.0,0.0,3.0,1393.0,1.0,0.0,1.0,0.0,0.0,4347.0,2981,2200,1872,228451,17469,2,62.2875,56.85,19.60666666666667,151.4474473261562,3.883267880157851,34.949410921420665,0.0,0.0,11.649803640473554,5409.392157059887,3.883267880157851,0.0,3.883267880157851,0.0,0.0,16880.56547504618,1,0,0,1,0,1,3.88,0.0,0.0,3.88,0.0,3.88,560,695,-135,14.43,17.91,32.34,-3.48,99.3
서울,종로구,창신제3동,11010690,11110690,216835.457476096,0.216835457476096,27.0,6.0,1.0,36.0,4.0,0.0,430.0,2.0,1.0,1.0,0.0,1.0,1996.0,2981,2200,1872,228451,17469,2,62.2875,56.85,19.60666666666667,124.51838050046076,27.67075122232461,4.611791870387435,166.02450733394767,18.44716748154974,0.0,1983.0705042665973,9.22358374077487,4.611791870387435,4.611791870387435,0.0,4.611791870387435,9205.13657329332,0,0,0,0,0,0,0.0,0.0,0.0,0.0,0.0,0.0,594,710,-116,21.79,26.05,47.84,-4.26,73.1
서울,종로구,숭인제1동,11010700,11110700,239396.067452004,0.239396067452004,59.0,12.0,14.0,11.0,8.0,6.0,845.0,1.0,1.0,0.0,0.0,1.0,3168.0,2981,2200,1872,228451,17469,2,62.2875,56.85,19.60666666666667,246.45350538946835,50.126136689383394,58.48049280428063,45.94895863193478,33.41742445958893,25.063068344691697,3529.715458544081,4.177178057448616,4.177178057448616,0.0,0.0,4.177178057448616,13233.300085997216,1,0,0,1,0,1,4.18,0.0,0.0,4.18,0.0,4.18,729,757,-28,24.16,25.08,49.24,-0.93,68.9
서울,종로구,숭인제2동,11010710,11110710,351906.178548322,0.351906178548322,57.0,8.0,19.0,39.0,4.0,10.0,1071.0,1.0,3.0,1.0,1.0,2.0,10114.0,2981,2200,1872,228451,17469,2,62.2875,56.85,19.60666666666667,161.97499070671486,22.73333202901261,53.99166356890496,110.82499364143648,11.366666014506306,28.41666503626577,3043.424825384064,2.8416665036265765,8.524999510879729,2.8416665036265765,2.8416665036265765,5.683333007253153,28740.6150176792,1,0,0,0,1,0,2.84,0.0,0.0,0.0,2.84,0.0,2141,1842,299,30.34,26.11,56.45,4.24,39.8
서울,중구,소공동,11020520,11140520,943794.773559084,0.943794773559084,94.0,40.0,62.0,72.0,13.0,18.0,649.0,6.0,3.0,1.0,0.0,2.0,33551.0,3348,1223,2157,237726,32525,0,68.15,63.975,19.740916666666667,99.59792386381058,42.38209526119599,65.69224765485379,76.28777147015279,13.774180959888698,19.0719428675382,687.649495612905,6.357314289179399,3.1786571445897,1.0595523815298995,0.0,2.1191047630597994,35549.04195270967,17,5,2,0,10,9,18.01,5.3,2.12,0.0,10.6,9.54,482,501,-19,38.78,40.31,79.08,-1.53,3.0
서울,중구,회현동,11020540,11140540,897827.063427072,0.897827063427072,101.0,33.0,62.0,9.0,2.0,13.0,1173.0,0.0,11.0,4.0,0.0,4.0,58739.0,3348,1223,2157,237726,32525,0,68.15,63.975,19.740916666666667,112.49382438359072,36.75540796691578,69.0556149681448,10.024202172795212,2.2276004828433806,14.479403138481974,1306.4876831876427,0.0,12.251802655638594,4.455200965686761,0.0,4.455200965686761,65423.51238086867,5,0,4,0,1,4,5.57,0.0,4.46,0.0,1.11,4.46,620,672,-52,27.22,29.5,56.72,-2.28,38.4
서울,중구,명동,11020550,11140550,969602.272697214,0.969602272697214,106.0,30.0,186.0,25.0,29.0,35.0,1455.0,9.0,14.0,3.0,1.0,2.0,50313.0,3348,1223,2157,237726,32525,0,68.15,63.975,19.740916666666667,109.32317609480432,30.94052153626537,191.8312335248453,25.78376794688781,29.90917081838986,36.09727512564294,1500.6152945088706,9.282156460879612,14.438910050257174,3.0940521536265373,1.0313507178755124,2.0627014357510247,51890.34866847066,18,5,4,1,8,14,18.56,5.16,4.13,1.03,8.25,14.44,430,470,-40,32.55,35.58,68.13,-3.03,7.5
서울,중구,필동,11020570,11140570,1464686.12215928,1.4646861221592802,79.0,10.0,23.0,60.0,10.0,8.0,1290.0,0.0,1.0,1.0,1.0,2.0,13592.0,3348,1223,2157,237726,32525,0,68.15,63.975,19.740916666666667,53.93647062316399,6.827401344704303,15.703023092819896,40.964408068225815,6.827401344704303,5.461921075763442,880.734773466855,0.0,0.6827401344704302,0.6827401344704302,0.6827401344704302,1.3654802689408605,9279.803907722087,14,5,5,0,4,7,9.56,3.41,3.41,0.0,2.73,4.78,1125,774,351,39.77,27.36,67.13,12.41,10.0
서울,중구,장충동,11020580,11140580,1017787.67360857,1.01778767360857,78.0,13.0,3.0,24.0,1.0,2.0,919.0,0.0,1.0,1.0,0.0,1.0,5975.0,3348,1223,2157,237726,32525,0,68.15,63.975,19.740916666666667,76.63680944715189,12.772801574525314,2.9475695941212265,23.58055675296981,0.9825231980404088,1.965046396080817,902.9388189991356,0.0,0.9825231980404088,0.9825231980404088,0.0,0.9825231980404088,5870.576108291442,2,0,0,0,2,1,1.97,0.0,0.0,0.0,1.97,0.98,877,863,14,29.63,29.16,58.78,0.47,30.4
서울,중구,광희동,11020590,11140590,737206.332104545,0.737206332104545,95.0,24.0,34.0,12.0,6.0,22.0,2101.0,4.0,16.0,2.0,0.0,3.0,61522.0,3348,1223,2157,237726,32525,0,68.15,63.975,19.740916666666667,128.86487250970578,32.5553362129783,46.12005963505259,16.27766810648915,8.138834053244574,29.84239152856344,2849.9483909778087,5.425889368829717,21.703557475318867,2.7129446844148584,0.0,4.069417026622287,83452.89143728545,3,0,2,0,1,3,4.07,0.0,2.71,0.0,1.36,4.07,1113,1158,-45,28.02,29.15,57.18,-1.13,36.7
서울,중구,을지로동,11020600,11140605,611651.259173868,0.611651259173868,64.0,17.0,34.0,12.0,2.0,14.0,2067.0,1.0,6.0,2.0,0.0,4.0,33922.0,3348,1223,2157,237726,32525,0,68.15,63.975,19.740916666666667,104.6347882720656,27.793615634767427,55.58723126953485,19.6190228010123,3.26983713350205,22.88885993451435,3379.376677474369,1.634918566751025,9.80951140050615,3.26983713350205,0.0,6.5396742670041,55459.70762132827,7,2,1,0,4,6,11.44,3.27,1.63,0.0,6.54,9.81,695,647,48,33.53,31.21,64.74,2.32,14.3
서울,중구,신당동,11020690,11140615,534941.500712364,0.534941500712364,93.0,8.0,19.0,71.0,2.0,4.0,1752.0,0.0,25.0,1.0,4.0,1.0,133674.0,3348,1223,2157,237726,32525,0,68.15,63.975,19.740916666666667,173.8507853216753,14.954906264230132,35.51790237754656,132.72479309504243,3.738726566057533,7.477453132115066,3275.124471866399,0.0,46.73408207571916,1.8693632830287663,7.477453132115066,1.8693632830287663,249885.2674955873,6,1,2,0,3,4,11.22,1.87,3.74,0.0,5.61,7.48,1293,1273,20,27.56,27.13,54.69,0.43,46.6
서울,중구,다산동,11020700,11140625,524104.960916367,0.524104960916367,119.0,8.0,38.0,72.0,14.0,8.0,1676.0,3.0,0.0,0.0,0.0,1.0,9871.0,3348,1223,2157,237726,32525,0,68.15,63.975,19.740916666666667,227.05375616352765,15.264118061413624,72.50456079171471,137.37706255272263,26.71220660747384,15.264118061413624,3197.8327338661543,5.724044273030109,0.0,0.0,0.0,1.908014757676703,18834.013673026737,1,0,0,1,0,1,1.91,0.0,0.0,1.91,0.0,1.91,1605,1818,-213,23.95,27.13,51.08,-3.18,62.2
서울,중구,약수동,11020710,11140635,486232.61962049,0.48623261962049,55.0,12.0,44.0,12.0,17.0,2.0,455.0,0.0,4.0,1.0,1.0,2.0,7762.0,3348,1223,2157,237726,32525,0,68.15,63.975,19.740916666666667,113.11458298073072,24.679545377613977,90.4916663845846,24.679545377613977,34.962689284953136,4.113257562935663,935.7660955678632,0.0,8.226515125871327,2.056628781467832,2.056628781467832,4.113257562935663,15963.552601753308,0,0,0,0,0,0,0.0,0.0,0.0,0.0,0.0,0.0,1885,1999,-114,24.54,26.03,50.57,-1.48,65.1
서울,중구,청구동,11020720,11140645,342570.630122856,0.342570630122856,59.0,5.0,10.0,71.0,30.0,2.0,762.0,1.0,0.0,0.0,0.0,1.0,5843.0,3348,1223,2157,237726,32525,0,68.15,63.975,19.740916666666667,172.2272571318821,14.59553026541374,29.19106053082748,207.25652976887508,87.57318159248243,5.838212106165496,2224.358812449054,2.919106053082748,0.0,0.0,0.0,2.919106053082748,17056.336668162494,1,0,0,0,1,1,2.92,0.0,0.0,0.0,2.92,2.92,1350,1897,-547,26.86,37.74,64.6,-10.88,14.8
서울,중구,신당제5동,11020650,11140650,319589.914502936,0.319589914502936,54.0,8.0,27.0,48.0,6.0,0.0,981.0,4.0,2.0,1.0,0.0,1.0,8670.0,3348,1223,2157,237726,32525,0,68.15,63.975,19.740916666666667,168.96653351526183,25.03207903929805,84.48326675763091,150.1924742357883,18.774059279473537,0.0,3069.5586921939234,12.516039519649024,6.258019759824513,3.1290098799122563,0.0,3.1290098799122563,27128.51565883926,1,0,1,0,0,1,3.13,0.0,3.13,0.0,0.0,3.13,1266,1323,-57,23.42,24.47,47.89,-1.05,72.8
서울,중구,동화동,11020730,11140665,327045.385484342,0.327045385484342,43.0,4.0,12.0,24.0,16.0,2.0,465.0,2.0,2.0,0.0,0.0,1.0,6426.0,3348,1223,2157,237726,32525,0,68.15,63.975,19.740916666666667,131.4802223438151,12.230718357564196,36.692155072692586,73.38431014538517,48.92287343025678,6.115359178782097,1421.8210090668376,6.115359178782097,6.115359178782097,0.0,0.0,3.0576795893910487,19648.64904142688,1,0,0,0,1,1,3.06,0.0,0.0,0.0,3.06,3.06,1038,1123,-85,26.29,28.44,54.72,-2.15,46.4
서울,중구,황학동,11020670,11140670,328639.542313807,0.328639542313807,56.0,7.0,31.0,0.0,4.0,2.0,1381.0,1.0,5.0,0.0,0.0,0.0,16066.0,3348,1223,2157,237726,32525,0,68.15,63.975,19.740916666666667,170.39945834189197,21.299932292736496,94.32827158211876,0.0,12.171389881563712,6.085694940781856,4202.172356609872,3.042847470390928,15.21423735195464,0.0,0.0,0.0,48886.387459300655,1,0,1,0,0,0,3.04,0.0,3.04,0.0,0.0,0.0,2561,2175,386,32.5,27.6,60.09,4.9,27.9
서울,중구,중림동,11020680,11140680,484290.97281547,0.48429097281547,84.0,9.0,18.0,40.0,9.0,6.0,696.0,6.0,2.0,1.0,0.0,0.0,7803.0,3348,1223,2157,237726,32525,0,68.15,63.975,19.740916666666667,173.44944406388228,18.58386900684453,37.16773801368906,82.59497336375347,18.58386900684453,12.38924600456302,1437.1525365293105,12.38924600456302,4.129748668187673,2.0648743340938367,0.0,0.0,16112.214428934209,3,0,2,0,1,2,6.19,0.0,4.13,0.0,2.06,4.13,1734,1821,-87,29.54,31.02,60.56,-1.48,26.2
서울,용산구,후암동,11030510,11170510,865918.033989993,0.865918033989993,164.0,16.0,18.0,36.0,25.0,15.0,2297.0,2.0,1.0,1.0,1.0,0.0,9908.0,3021,3175,2897,372948,46079,0,68.1375,62.4,19.09594444444444,189.394369400436,18.47749945370107,20.787186885413703,41.57437377082741,28.871092896407923,17.32265573784475,2652.67601532196,2.309687431712634,1.154843715856317,1.154843715856317,1.154843715856317,0.0,11442.191536704388,7,1,1,2,3,4,8.08,1.15,1.15,2.31,3.46,4.62,1851,2012,-161,22.28,24.22,46.5,-1.94,77.0
서울,용산구,용산2가동,11030520,11170520,1971591.77041708,1.97159177041708,134.0,27.0,7.0,60.0,4.0,23.0,1606.0,0.0,1.0,1.0,0.0,0.0,7003.0,3021,3175,2897,372948,46079,0,68.1375,62.4,19.09594444444444,67.96538817549082,13.694518512972028,3.5504307255853407,30.432263362160064,2.0288175574773377,11.66570095549469,814.570249327151,0.0,0.5072043893693344,0.5072043893693344,0.0,0.0,3551.9523387534487,1,0,0,1,0,1,0.51,0.0,0.0,0.51,0.0,0.51,1082,1248,-166,21.85,25.21,47.06,-3.35,75.2
서울,용산구,남영동,11030530,11170530,1177788.50862617,1.17778850862617,82.0,21.0,40.0,0.0,15.0,34.0,1335.0,3.0,2.0,0.0,0.0,3.0,14351.0,3021,3175,2897,372948,46079,0,68.1375,62.4,19.09594444444444,69.6220071765251,17.83002622813448,33.961954720256145,0.0,12.735733020096056,28.86766151221773,1133.4802387885488,2.5471466040192112,1.6980977360128071,0.0,0.0,2.5471466040192112,12184.7003047599,2,0,1,0,1,1,1.7,0.0,0.85,0.0,0.85,0.85,1312,1296,16,26.16,25.84,51.99,0.32,58.8
서울,용산구,청파동,11030710,11170555,886184.482953015,0.886184482953015,216.0,24.0,22.0,108.0,14.0,13.0,3139.0,3.0,1.0,2.0,0.0,1.0,14248.0,3021,3175,2897,372948,46079,0,68.1375,62.4,19.09594444444444,243.741573176984,27.082397019664885,24.82553060135948,121.87078658849198,15.79806492813785,14.669631718985146,3542.1518435303365,3.38529962745811,1.1284332091527036,2.2568664183054072,0.0,1.1284332091527036,16077.91636400772,5,1,0,1,3,3,5.64,1.13,0.0,1.13,3.39,3.39,2964,3153,-189,25.71,27.35,53.05,-1.64,52.2
서울,용산구,원효로제1동,11030720,11170560,589057.19086534,0.5890571908653399,92.0,23.0,21.0,29.0,21.0,23.0,1542.0,5.0,1.0,1.0,0.0,0.0,19180.0,3021,3175,2897,372948,46079,0,68.1375,62.4,19.09594444444444,156.18177899644968,39.04544474911242,35.65018868397221,49.231212944533056,35.65018868397221,39.04544474911242,2617.7424262231025,8.488140162850526,1.6976280325701052,1.6976280325701052,0.0,0.0,32560.505664694618,2,0,1,0,1,1,3.4,0.0,1.7,0.0,1.7,1.7,2911,2983,-72,31.06,31.83,62.88,-0.77,21.0
서울,용산구,원효로제2동,11030570,11170570,708974.821619523,0.708974821619523,83.0,23.0,7.0,60.0,26.0,12.0,1029.0,2.0,1.0,0.0,0.0,0.0,10421.0,3021,3175,2897,372948,46079,0,68.1375,62.4,19.09594444444444,117.07044801732413,32.44120848672837,9.873411278569504,84.62923953059574,36.67267046325816,16.92584790611915,1451.391457949717,2.820974651019858,1.410487325509929,0.0,0.0,0.0,14698.68841913897,2,1,1,0,0,1,2.82,1.41,1.41,0.0,0.0,1.41,1685,1806,-121,26.67,28.58,55.25,-1.91,44.3
서울,용산구,효창동,11030580,11170580,446206.415479531,0.446206415479531,105.0,15.0,11.0,17.0,20.0,8.0,626.0,6.0,0.0,0.0,0.0,0.0,3980.0,3021,3175,2897,372948,46079,0,68.1375,62.4,19.09594444444444,235.3171006901776,33.61672867002537,24.65226769135193,38.09895915936208,44.82230489336715,17.928921957346862,1402.938143162392,13.446691468010146,0.0,0.0,0.0,0.0,8919.638673780064,5,0,1,1,3,5,11.21,0.0,2.24,2.24,6.72,11.21,1480,1698,-218,31.47,36.1,67.57,-4.64,8.2
서울,용산구,용문동,11030590,11170590,277531.342309086,0.277531342309086,75.0,16.0,11.0,12.0,20.0,9.0,818.0,1.0,1.0,0.0,0.0,2.0,6410.0,3021,3175,2897,372948,46079,0,68.1375,62.4,19.09594444444444,270.23974797222246,57.651146234074126,39.63516303592596,43.23835967555559,72.06393279259265,32.428769756666696,2947.4148512170395,3.603196639629633,3.603196639629633,0.0,0.0,7.206393279259266,23096.490460025947,0,0,0,0,0,0,0.0,0.0,0.0,0.0,0.0,0.0,1329,1572,-243,24.92,29.47,54.39,-4.56,47.5
서울,용산구,한강로동,11030730,11170625,2869815.51506807,2.86981551506807,166.0,41.0,86.0,36.0,11.0,67.0,2173.0,8.0,13.0,2.0,3.0,6.0,59583.0,3021,3175,2897,372948,46079,0,68.1375,62.4,19.09594444444444,57.84343945748813,14.28663263709044,29.967083092433604,12.544360364274532,3.832999000194996,23.34644845573316,757.1915297657933,2.787635636505452,4.529907909321359,0.6969089091263629,1.0453633636895443,2.0907267273790886,20761.96176623804,11,2,3,0,6,8,3.83,0.7,1.05,0.0,2.09,2.79,3337,3516,-179,29.84,31.44,61.29,-1.6,25.1
서울,용산구,이촌제1동,11030630,11170630,2872766.03880797,2.87276603880797,93.0,21.0,41.0,86.0,37.0,11.0,278.0,9.0,3.0,1.0,0.0,1.0,9341.0,3021,3175,2897,372948,46079,0,68.1375,62.4,19.09594444444444,32.37298086362423,7.310027936947407,14.271959305468746,29.93630488464176,12.87957303176448,3.829062252686737,96.77084602244662,3.132869115834603,1.044289705278201,0.348096568426067,0.0,0.348096568426067,3251.570045667892,2,0,0,0,2,2,0.7,0.0,0.0,0.0,0.7,0.7,2620,2560,60,28.68,28.02,56.7,0.66,38.6
서울,용산구,이촌제2동,11030640,11170640,1205542.78972362,1.20554278972362,48.0,8.0,3.0,0.0,9.0,5.0,241.0,1.0,0.0,0.0,1.0,0.0,3551.0,3021,3175,2897,372948,46079,0,68.1375,62.4,19.09594444444444,39.81608982208286,6.636014970347143,2.4885056138801787,0.0,7.465516841640536,4.147509356466965,199.90995098170768,0.8295018712933929,0.0,0.0,0.8295018712933929,0.0,2945.561144962838,1,0,1,0,0,1,0.83,0.0,0.83,0.0,0.0,0.83,958,1112,-154,26.97,31.31,58.28,-4.34,32.1
서울,용산구,이태원제1동,11030650,11170650,582846.405425397,0.582846405425397,102.0,15.0,17.0,12.0,5.0,63.0,1522.0,2.0,2.0,1.0,1.0,1.0,18906.0,3021,3175,2897,372948,46079,0,68.1375,62.4,19.09594444444444,175.0032239206385,25.735768223623307,29.16720398677308,20.58861457889865,8.578589407874436,108.0902265392179,2611.3226157569784,3.4314357631497745,3.4314357631497745,1.7157178815748872,1.7157178815748872,1.7157178815748872,32437.36226905481,3,1,0,0,2,1,5.15,1.72,0.0,0.0,3.43,1.72,1013,1006,7,32.75,32.53,65.28,0.23,13.8
서울,용산구,이태원제2동,11030660,11170660,874189.331676891,0.874189331676891,119.0,21.0,11.0,29.0,4.0,9.0,1694.0,3.0,1.0,0.0,0.0,1.0,9981.0,3021,3175,2897,372948,46079,0,68.1375,62.4,19.09594444444444,136.12611786480093,24.0222560937884,12.583086525317732,33.17359174856493,4.5756678273882665,10.2952526116236,1937.7953248989304,3.4317508705412,1.1439169568470666,0.0,0.0,1.1439169568470666,11417.43514629057,1,0,0,0,1,1,1.14,0.0,0.0,0.0,1.14,1.14,1315,1301,14,28.15,27.85,55.99,0.3,43.1
서울,용산구,한남동,11030740,11170685,3031876.97298861,3.03187697298861,240.0,34.0,36.0,24.0,11.0,45.0,3061.0,3.0,1.0,2.0,0.0,2.0,27581.0,3021,3175,2897,372948,46079,0,68.1375,62.4,19.09594444444444,79.15888478925481,11.214175345144431,11.873832718388222,7.91588847892548,3.628115552840845,14.842290897985276,1009.6056097496208,0.989486059865685,0.329828686621895,0.65965737324379,0.0,0.65965737324379,9097.005005718487,20,5,4,0,11,13,6.6,1.65,1.32,0.0,3.63,4.29,1740,5399,-3659,25.05,77.72,102.76,-52.67,0.5
서울,용산구,서빙고동,11030690,11170690,2817211.47461928,2.81721147461928,92.0,22.0,0.0,51.0,14.0,14.0,1155.0,1.0,1.0,0.0,1.0,1.0,4247.0,3021,3175,2897,372948,46079,0,68.1375,62.4,19.09594444444444,32.65640539549235,7.809140420661214,0.0,18.10300733880554,4.969452994966227,4.969452994966227,409.9798720847137,0.3549609282118733,0.3549609282118733,0.0,0.3549609282118733,0.3549609282118733,1507.519062115826,0,0,0,0,0,0,0.0,0.0,0.0,0.0,0.0,0.0,2046,1996,50,40.45,39.46,79.91,0.99,2.8
서울,용산구,보광동,11030700,11170700,715193.465924235,0.7151934659242349,123.0,9.0,8.0,29.0,6.0,7.0,2532.0,0.0,0.0,1.0,0.0,0.0,7687.0,3021,3175,2897,372948,46079,0,68.1375,62.4,19.09594444444444,171.98143699628008,12.584007585093666,11.185784520083258,40.54846888530181,8.389338390062443,9.78756145507285,3540.300800606351,0.0,0.0,1.3982230650104073,0.0,0.0,10748.140700735,1,1,0,0,0,0,1.4,1.4,0.0,0.0,0.0,0.0,774,4663,-3889,27.56,166.06,193.63,-138.5,0.2
서울,성동구,왕십리제2동,11040520,11200520,372541.579575549,0.372541579575549,67.0,13.0,19.0,23.0,17.0,1.0,835.0,4.0,3.0,0.0,0.0,1.0,6572.0,2023,2574,3871,287401,42235,0,64.775,59.3,17.64361111111111,179.84569689197025,34.89543372530766,51.00101852160351,61.738075052467394,45.63249025617156,2.684264132715974,2241.360550817838,10.737056530863896,8.052792398147922,0.0,0.0,2.684264132715974,17640.98388020938,0,0,0,0,0,0,0.0,0.0,0.0,0.0,0.0,0.0,1923,2054,-131,26.21,28.0,54.21,-1.79,48.0
서울,성동구,왕십리도선동,11040710,11200535,710285.28041145,0.71028528041145,69.0,25.0,81.0,56.0,82.0,8.0,1110.0,7.0,4.0,1.0,1.0,0.0,21822.0,2023,2574,3871,287401,42235,0,64.775,59.3,17.64361111111111,97.14406577597958,35.19712528115202,114.03868591093256,78.84156062978053,115.44657092217864,11.263080089968646,1562.7523624831497,9.855195078722566,5.631540044984323,1.4078850112460808,1.4078850112460808,0.0,30722.866715411976,0,0,0,0,0,0,0.0,0.0,0.0,0.0,0.0,0.0,3421,3652,-231,28.48,30.41,58.89,-1.92,29.7
서울,성동구,마장동,11040540,11200540,1034941.35390459,1.03494135390459,136.0,28.0,18.0,85.0,18.0,9.0,2241.0,4.0,1.0,0.0,0.0,2.0,27845.0,2023,2574,3871,287401,42235,0,64.775,59.3,17.64361111111111,131.40841216451932,27.05467309269515,17.392289845304024,82.13025760282457,17.392289845304024,8.696144922652012,2165.3400857403512,3.86495329895645,0.9662383247391124,0.0,0.0,1.932476649478225,26904.90615236059,1,0,0,0,1,1,0.97,0.0,0.0,0.0,0.97,0.97,2615,2818,-203,23.52,25.35,48.87,-1.83,70.3
서울,성동구,사근동,11040550,11200550,1169549.53056482,1.16954953056482,97.0,40.0,7.0,105.0,4.0,4.0,1304.0,2.0,3.0,1.0,3.0,1.0,8459.0,2023,2574,3871,287401,42235,0,64.775,59.3,17.64361111111111,82.93791538110831,34.20120221901374,5.985210388327404,89.77815582491107,3.420120221901374,3.420120221901374,1114.959192339848,1.710060110950687,2.5650901664260304,0.8550300554753435,2.5650901664260304,0.8550300554753435,7232.69923926593,3,0,0,0,3,3,2.57,0.0,0.0,0.0,2.57,2.57,2878,2879,-1,33.86,33.87,67.73,-0.01,8.0
서울,성동구,행당제1동,11040560,11200560,573565.469683256,0.573565469683256,71.0,26.0,51.0,24.0,64.0,5.0,772.0,0.0,3.0,1.0,0.0,3.0,13311.0,2023,2574,3871,287401,42235,0,64.775,59.3,17.64361111111111,123.78708927371244,45.33048339600737,88.91748666139907,41.84352313477603,111.58272835940276,8.71740065307834,1345.9666608352957,0.0,5.230440391847004,1.743480130615668,0.0,5.230440391847004,23207.46401862516,2,1,0,1,0,1,3.49,1.74,0.0,1.74,0.0,1.74,2008,1956,52,27.28,26.57,53.85,0.71,49.4
서울,성동구,행당제2동,11040570,11200570,457668.776107512,0.457668776107512,44.0,25.0,27.0,53.0,83.0,5.0,322.0,4.0,2.0,1.0,0.0,1.0,6004.0,2023,2574,3871,287401,42235,0,64.775,59.3,17.64361111111111,96.13939664886352,54.624657186854265,58.99462976180261,115.80427323613104,181.3538618603561,10.924931437370851,703.5655845666829,8.739945149896682,4.369972574948341,2.1849862874741706,0.0,2.1849862874741706,13118.65766999492,0,0,0,0,0,0,0.0,0.0,0.0,0.0,0.0,0.0,2226,2517,-291,24.44,27.63,52.07,-3.19,58.5
서울,성동구,응봉동,11040580,11200580,553584.234342184,0.5535842343421841,55.0,33.0,7.0,38.0,22.0,0.0,458.0,3.0,0.0,1.0,0.0,1.0,3325.0,2023,2574,3871,287401,42235,0,64.775,59.3,17.64361111111111,99.35254038684047,59.61152423210428,12.644868776506968,68.64357335818069,39.74101615473619,0.0,827.3356999485987,5.419229475645843,0.0,1.8064098252152807,0.0,1.8064098252152807,6006.31266884081,0,0,0,0,0,0,0.0,0.0,0.0,0.0,0.0,0.0,1404,1642,-238,24.09,28.17,52.26,-4.08,57.6
서울,성동구,금호1가동,11040590,11200590,445433.9219256,0.4454339219256,42.0,39.0,19.0,33.0,48.0,3.0,396.0,1.0,2.0,0.0,1.0,0.0,5155.0,2023,2574,3871,287401,42235,0,64.775,59.3,17.64361111111111,94.29007970123834,87.55507400829275,42.65503605532211,74.08506262240155,107.76009108712954,6.735005692945596,889.0207514688186,2.245001897648532,4.490003795297064,0.0,2.245001897648532,0.0,11572.984782378182,0,0,0,0,0,0,0.0,0.0,0.0,0.0,0.0,0.0,1625,1802,-177,25.68,28.48,54.16,-2.8,48.2
서울,성동구,금호2.3가동,11040720,11200615,631195.85968452,0.6311958596845201,82.0,38.0,32.0,31.0,39.0,8.0,1496.0,4.0,4.0,1.0,0.0,1.0,9947.0,2023,2574,3871,287401,42235,0,64.775,59.3,17.64361111111111,129.9121322516036,60.20318323854801,50.69741746404043,49.11312316828917,61.78747753429927,12.674354366010109,2370.10426644389,6.337177183005053,6.337177183005053,1.5842942957512631,0.0,1.5842942957512631,15758.975359837816,1,0,1,0,0,1,1.58,0.0,1.58,0.0,0.0,1.58,2286,3128,-842,24.41,33.4,57.81,-8.99,34.7
서울,성동구,금호4가동,11040620,11200620,831818.035508865,0.831818035508865,70.0,30.0,32.0,48.0,28.0,7.0,693.0,1.0,0.0,0.0,0.0,1.0,6462.0,2023,2574,3871,287401,42235,0,64.775,59.3,17.64361111111111,84.15302026623824,36.0655801141021,38.469952121708914,57.70492818256336,33.661208106495295,8.415302026623824,833.1149006357587,1.2021860038034036,0.0,0.0,0.0,1.2021860038034036,7768.525956577593,0,0,0,0,0,0,0.0,0.0,0.0,0.0,0.0,0.0,1759,1876,-117,27.97,29.83,57.8,-1.86,34.9
서울,성동구,옥수동,11040730,11200645,1922194.57082392,1.92219457082392,62.0,41.0,39.0,96.0,64.0,6.0,429.0,3.0,2.0,1.0,0.0,2.0,9860.0,2023,2574,3871,287401,42235,0,64.775,59.3,17.64361111111111,32.25479924928964,21.329786600336696,20.28930920519832,49.94291496664202,33.295276644428014,3.1214321854151263,223.1824012571816,1.5607160927075632,1.0404773951383754,0.5202386975691877,0.0,1.0404773951383754,5129.553558032191,2,0,1,1,0,2,1.04,0.0,0.52,0.52,0.0,1.04,3133,3376,-243,29.22,31.48,60.7,-2.27,26.0
서울,성동구,성수1가제1동,11040650,11200650,1885873.99475071,1.88587399475071,70.0,31.0,14.0,85.0,25.0,15.0,1246.0,2.0,0.0,0.0,0.0,1.0,13225.0,2023,2574,3871,287401,42235,0,64.775,59.3,17.64361111111111,37.11806843662064,16.43800173621771,7.423613687324128,45.07194024446792,13.2564530130788,7.953871807847279,660.7016181718474,1.0605162410463038,0.0,0.0,0.0,0.5302581205231519,7012.663643918685,4,0,1,0,3,2,2.12,0.0,0.53,0.0,1.59,1.06,1970,2175,-205,27.15,29.97,57.12,-2.82,37.0
서울,성동구,성수1가제2동,11040660,11200660,930085.137293947,0.930085137293947,83.0,12.0,43.0,24.0,34.0,12.0,1160.0,2.0,2.0,1.0,0.0,1.0,24512.0,2023,2574,3871,287401,42235,0,64.775,59.3,17.64361111111111,89.23914238806766,12.902044682612193,46.23232677936036,25.804089365224385,36.555793267401214,12.902044682612193,1247.1976526525118,2.150340780435365,2.150340780435365,1.0751703902176826,0.0,1.0751703902176826,26354.57660501584,5,3,0,0,2,3,5.38,3.23,0.0,0.0,2.15,3.23,1488,1746,-258,21.01,24.65,45.65,-3.64,82.2
서울,성동구,성수2가제1동,11040670,11200670,1184963.66374682,1.1849636637468202,87.0,30.0,24.0,61.0,9.0,14.0,1899.0,2.0,2.0,1.0,1.0,0.0,18330.0,2023,2574,3871,287401,42235,0,64.775,59.3,17.64361111111111,73.41997283267621,25.317232011267656,20.253785609014127,51.47837175624424,7.595169603380297,11.814708271924909,1602.5807863132427,1.6878154674178438,1.6878154674178438,0.8439077337089219,0.8439077337089219,0.0,15468.828758884538,2,0,0,0,2,1,1.69,0.0,0.0,0.0,1.69,0.84,1640,2075,-435,23.1,29.23,52.32,-6.13,57.1
서울,성동구,성수2가제3동,11040680,11200690,1054500.58710659,1.05450058710659,94.0,20.0,51.0,24.0,23.0,27.0,1355.0,6.0,1.0,1.0,0.0,1.0,37019.0,2023,2574,3871,287401,42235,0,64.775,59.3,17.64361111111111,89.14172372148559,18.966324196060764,48.36412669995495,22.75958903527292,21.81127282546988,25.60453766468203,1284.9684642831169,5.689897258818229,0.9483162098030382,0.9483162098030382,0.0,0.9483162098030382,35105.71777069867,3,1,1,0,1,2,2.84,0.95,0.95,0.0,0.95,1.9,1448,1830,-382,29.65,37.48,67.13,-7.82,10.0
서울,성동구,송정동,11040690,11200720,681915.012033232,0.681915012033232,102.0,13.0,6.0,24.0,6.0,11.0,1102.0,2.0,1.0,0.0,1.0,0.0,5557.0,2023,2574,3871,287401,42235,0,64.775,59.3,17.64361111111111,149.57875717660428,19.063959247998586,8.798750422153192,35.19500168861277,8.798750422153192,16.131042440614188,1616.037160868803,2.9329168073843976,1.4664584036921988,0.0,1.4664584036921988,0.0,8149.109349317549,1,1,0,0,0,0,1.47,1.47,0.0,0.0,0.0,0.0,1081,1285,-204,21.16,25.15,46.31,-3.99,77.3
서울,성동구,용답동,11040700,11200790,2377146.13398779,2.37714613398779,94.0,12.0,25.0,24.0,13.0,16.0,1373.0,1.0,2.0,1.0,0.0,3.0,14299.0,2023,2574,3871,287401,42235,0,64.775,59.3,17.64361111111111,39.54321472122118,5.048069964411215,10.516812425856696,10.09613992882243,5.4687424614454825,6.730759952548286,577.5833384280498,0.4206724970342679,0.8413449940685358,0.4206724970342679,0.0,1.2620174911028037,6015.196035092997,3,0,1,1,1,3,1.26,0.0,0.42,0.42,0.42,1.26,1952,1878,74,23.32,22.43,45.75,0.88,81.4
서울,광진구,화양동,11050530,11215710,1136291.4877226,1.1362914877226,95.0,19.0,60.0,73.0,18.0,12.0,2278.0,5.0,4.0,1.0,0.0,1.0,25704.0,3424,1374,3421,290848,47511,0,,,17.776194444444442,83.60530816824364,16.721061633648727,52.803352527311766,64.24407890822931,15.84100575819353,10.560670505462353,2004.7672842869367,4.4002793772759805,3.5202235018207846,0.8800558754551961,0.0,0.8800558754551961,22620.956222700363,2,1,0,0,1,1,1.76,0.88,0.0,0.0,0.88,0.88,5531,5820,-289,30.32,31.91,62.23,-1.58,22.7
서울,광진구,군자동,11050540,11215730,738024.69762124,0.73802469762124,94.0,22.0,38.0,55.0,35.0,14.0,2078.0,2.0,1.0,0.0,0.0,1.0,15757.0,3424,1374,3421,290848,47511,0,,,17.776194444444442,127.36701129782725,29.80930051651276,51.488791801249306,74.5232512912819,47.4238871853612,18.96955487414448,2815.62393060516,2.7099364105920687,1.3549682052960343,0.0,0.0,1.3549682052960343,21350.234010849614,5,1,0,1,3,3,6.77,1.35,0.0,1.35,4.06,4.06,2822,3135,-313,25.06,27.84,52.89,-2.78,54.1
서울,광진구,중곡제1동,11050550,11215740,614504.081657741,0.614504081657741,57.0,18.0,33.0,0.0,15.0,6.0,1619.0,1.0,4.0,1.0,0.0,2.0,14226.0,3424,1374,3421,290848,47511,0,,,17.776194444444442,92.7577239946588,29.291912840418565,53.70184020743403,0.0,24.40992736701547,9.763970946806188,2634.6448271465365,1.6273284911343646,6.5093139645374585,1.6273284911343646,0.0,3.254656982268729,23150.37511487747,1,0,0,0,1,1,1.63,0.0,0.0,0.0,1.63,1.63,2063,2177,-114,23.98,25.31,49.29,-1.33,68.6
서울,광진구,중곡제2동,11050560,11215750,545541.304149066,0.545541304149066,64.0,17.0,49.0,21.0,51.0,8.0,1882.0,1.0,2.0,1.0,0.0,0.0,14162.0,3424,1374,3421,290848,47511,0,,,17.776194444444442,117.3146735421382,31.16171015963046,89.81904693069956,38.493877256014095,93.48513047889138,14.664334192767274,3449.7846188485014,1.8330417740959093,3.6660835481918186,1.8330417740959093,0.0,0.0,25959.537604746267,0,0,0,0,0,0,0.0,0.0,0.0,0.0,0.0,0.0,2451,2780,-329,23.33,26.46,49.79,-3.13,67.4
서울,광진구,중곡제3동,11050570,11215760,601865.491213951,0.601865491213951,88.0,22.0,25.0,57.0,16.0,2.0,1709.0,2.0,1.0,1.0,0.0,1.0,9972.0,3424,1374,3421,290848,47511,0,,,17.776194444444442,146.21207110995132,36.55301777748783,41.53752020169072,94.70554605985484,26.58401292908206,3.3230016161352576,2839.504880987577,3.3230016161352576,1.6615008080676288,1.6615008080676288,0.0,1.6615008080676288,16568.486058050396,3,2,0,1,0,1,4.98,3.32,0.0,1.66,0.0,1.66,1881,2207,-326,22.29,26.15,48.44,-3.86,70.7
서울,광진구,중곡제4동,11050580,11215770,2313464.25140243,2.3134642514024297,117.0,34.0,30.0,78.0,39.0,4.0,2462.0,2.0,4.0,1.0,1.0,1.0,12409.0,3424,1374,3421,290848,47511,0,,,17.776194444444442,50.5735067784489,14.696574619378314,12.967565840627923,33.7156711856326,16.8578355928163,1.7290087787503898,1064.204903320865,0.8645043893751949,1.7290087787503898,0.4322521946875974,0.4322521946875974,0.4322521946875974,5363.817483878397,0,0,0,0,0,0,0.0,0.0,0.0,0.0,0.0,0.0,2710,2956,-246,20.55,22.41,42.96,-1.87,89.7
서울,광진구,능동,11050590,11215780,1092103.42828448,1.09210342828448,59.0,9.0,20.0,60.0,12.0,8.0,1346.0,2.0,1.0,0.0,1.0,0.0,7554.0,3424,1374,3421,290848,47511,0,,,17.776194444444442,54.02418715293256,8.240977701294797,18.3132837806551,54.93985134196531,10.98797026839306,7.325313512262041,1232.4839984380883,1.8313283780655103,0.9156641890327551,0.0,0.9156641890327551,0.0,6916.927283953432,0,0,0,0,0,0,0.0,0.0,0.0,0.0,0.0,0.0,1773,1942,-169,27.93,30.59,58.52,-2.66,31.6
서울,광진구,광장동,11050630,11215810,2393756.26318402,2.39375626318402,118.0,38.0,34.0,143.0,103.0,12.0,878.0,2.0,1.0,1.0,0.0,1.0,12793.0,3424,1374,3421,290848,47511,0,,,17.776194444444442,49.29491018565274,15.87463209368478,14.203618189086384,59.73874708939273,43.02860804340875,5.013041713795194,366.78755205934834,0.835506952299199,0.4177534761495995,0.4177534761495995,0.0,0.4177534761495995,5344.320220381826,5,2,1,2,0,3,2.09,0.84,0.42,0.84,0.0,1.25,3589,3734,-145,30.62,31.85,62.47,-1.24,21.8
서울,광진구,자양제1동,11050640,11215820,568867.126005058,0.568867126005058,71.0,13.0,64.0,46.0,32.0,6.0,1850.0,4.0,3.0,1.0,0.0,0.0,14881.0,3424,1374,3421,290848,47511,0,,,17.776194444444442,124.8094620946135,22.85243672154895,112.50430385993327,80.86246839932706,56.25215192996664,10.547278486868748,3252.077533451197,7.031518991245831,5.273639243434373,1.7578797478114576,0.0,0.0,26159.0085271823,1,1,0,0,0,0,1.76,1.76,0.0,0.0,0.0,0.0,3137,3195,-58,25.83,26.3,52.13,-0.48,58.2
서울,광진구,자양제2동,11050650,11215830,1657520.79775692,1.6575207977569202,97.0,14.0,35.0,128.0,50.0,12.0,1473.0,3.0,4.0,1.0,0.0,0.0,12301.0,3424,1374,3421,290848,47511,0,,,17.776194444444442,58.52113598288937,8.44634952330362,21.115873808259053,77.22376707020453,30.165534011798645,7.239728162831675,888.676631987588,1.809932040707919,2.413242720943892,0.6033106802359729,0.0,0.0,7421.324677582703,1,0,0,1,0,1,0.6,0.0,0.0,0.6,0.0,0.6,2584,2795,-211,21.16,22.89,44.06,-1.73,86.2
서울,광진구,자양제3동,11050660,11215840,1196418.00717704,1.19641800717704,58.0,20.0,32.0,93.0,89.0,2.0,807.0,3.0,2.0,1.0,0.0,0.0,15091.0,3424,1374,3421,290848,47511,0,,,17.776194444444442,48.47803999277106,16.71656551474864,26.746504823597824,77.73202964358119,74.38871654063145,1.671656551474864,674.5134185201076,2.5074848272122963,1.671656551474864,0.835828275737432,0.0,0.0,12613.484509153586,1,1,0,0,0,0,0.84,0.84,0.0,0.0,0.0,0.0,2826,3042,-216,25.82,27.79,53.6,-1.97,50.1
서울,광진구,자양제4동,11050670,11215847,1180046.41721599,1.18004641721599,85.0,12.0,56.0,24.0,11.0,2.0,2101.0,5.0,6.0,1.0,1.0,2.0,17964.0,3424,1374,3421,290848,47511,0,,,17.776194444444442,72.03106484619072,10.169091507697514,47.45576036925507,20.33818301539503,9.321667215389388,1.6948485846162522,1780.438438139373,4.237121461540631,5.084545753848757,0.8474242923081261,0.8474242923081261,1.6948485846162522,15223.129987023178,4,0,3,1,0,4,3.39,0.0,2.54,0.85,0.0,3.39,2514,2708,-194,22.09,23.8,45.89,-1.7,80.0
서울,광진구,구의제1동,11050600,11215850,595003.618607853,0.595003618607853,79.0,13.0,34.0,38.0,35.0,6.0,1811.0,1.0,2.0,1.0,3.0,1.0,16995.0,3424,1374,3421,290848,47511,0,,,17.776194444444442,132.77230176320367,21.84860661926136,57.14250961960664,63.8651578101486,58.82317166724213,10.083972285812935,3043.678968267872,1.6806620476354894,3.361324095270979,1.6806620476354894,5.0419861429064685,1.6806620476354894,28562.851499565146,0,0,0,0,0,0,0.0,0.0,0.0,0.0,0.0,0.0,3660,3832,-172,26.94,28.21,55.15,-1.27,44.7
서울,광진구,구의제2동,11050610,11215860,1388038.30724433,1.38803830724433,132.0,21.0,35.0,58.0,56.0,12.0,1849.0,3.0,2.0,1.0,0.0,0.0,11619.0,3424,1374,3421,290848,47511,0,,,17.776194444444442,95.0982399484776,15.129265446348713,25.215442410581183,41.78559028039168,40.3447078569299,8.645294540770692,1332.0958004904176,2.161323635192673,1.440882423461782,0.720441211730891,0.0,0.0,8370.806439101223,2,1,1,0,0,1,1.44,0.72,0.72,0.0,0.0,0.72,2722,2992,-270,23.58,25.92,49.49,-2.34,68.4
서울,광진구,구의제3동,11050620,11215870,1027559.68329613,1.02755968329613,86.0,23.0,63.0,46.0,169.0,20.0,1010.0,7.0,6.0,1.0,0.0,1.0,27669.0,3424,1374,3421,290848,47511,0,,,17.776194444444442,83.69343542570253,22.383128078966955,61.31030734673558,44.76625615793391,164.4673324063224,19.46358963388431,982.9112765111576,6.812256371859508,5.839076890165293,0.9731794816942154,0.0,0.9731794816942154,26926.90307899725,1,0,0,1,0,1,0.97,0.0,0.0,0.97,0.0,0.97,3301,3507,-206,27.41,29.13,56.54,-1.71,39.3
서울,동대문구,신설동,11060810,11230515,691611.0863339998,0.6916110863339996,67.09282117552694,16.666369591372934,30.34133951249944,20.512454881689763,20.512454881689763,14.529655541196917,1599.5441379617664,2.136714050176017,1.2820284301056102,0.0,0.0,1.7093712401408137,0.0,2957,3437,3077,421182,56607,0,63.19125,56.0525,18.60613888888889,97.0094645694066,24.097892472655143,43.87052219380808,29.6589445817294,29.6589445817294,21.008419078724994,2312.779782696108,3.089473393930146,1.8536840363580875,0.0,0.0,2.471578715144117,0.0,3,0,1,1,0,3,4.34,0.0,1.45,1.45,0.0,4.34,2599,2484,115,27.1,25.9,53.0,1.2,52.8
서울,동대문구,제기동,11060820,11230545,1181704.23908127,1.18170423908127,131.0,27.0,82.0,93.0,30.0,18.0,4546.0,2.0,12.0,1.0,0.0,0.0,37120.0,2957,3437,3077,421182,56607,0,63.19125,56.0525,18.60613888888889,110.8568418962832,22.84835672671486,69.39130561446736,78.69989539201785,25.387063029683176,15.232237817809906,3846.986284431324,1.6924708686455452,10.154825211873272,0.8462354343227726,0.0,0.0,31412.25932206132,7,0,2,1,4,5,5.92,0.0,1.69,0.85,3.38,4.23,3452,3409,43,26.81,26.48,53.29,0.33,50.8
서울,동대문구,전농제1동,11060830,11230560,1126694.74931484,1.12669474931484,108.0,31.0,53.0,58.0,64.0,18.0,3242.0,3.0,5.0,2.0,1.0,3.0,23359.0,2957,3437,3077,421182,56607,0,63.19125,56.0525,18.60613888888889,95.85559892391122,27.514107098530072,47.04024762006754,51.47800682950788,56.80331788083628,15.975933153985205,2877.443071401113,2.6626555256642006,4.437759209440334,1.7751036837761336,0.8875518418880668,2.6626555256642006,20732.32347466336,1,0,1,0,0,1,0.89,0.0,0.89,0.0,0.0,0.89,4891,4118,773,29.62,24.94,54.56,4.68,46.8
서울,동대문구,전농제2동,11060840,11230570,977566.88528904,0.97756688528904,81.0,12.0,27.0,126.0,62.0,5.0,996.0,2.0,1.0,0.0,0.0,0.0,7251.0,2957,3437,3077,421182,56607,0,63.19125,56.0525,18.60613888888889,82.85878052840394,12.27537489309688,27.619593509467983,128.89143637751724,63.42277028100055,5.114739538790367,1018.8561161270412,2.045895815516147,1.0229479077580734,0.0,0.0,0.0,7417.39527915379,2,0,0,1,1,2,2.05,0.0,0.0,1.02,1.02,2.05,1623,1861,-238,22.07,25.31,47.38,-3.24,74.0
서울,동대문구,답십리제1동,11060910,11230600,788241.345025406,0.788241345025406,88.0,27.0,50.0,48.0,81.0,19.0,1428.0,5.0,3.0,1.0,0.0,1.0,13953.0,2957,3437,3077,421182,56607,0,63.19125,56.0525,18.60613888888889,111.64093403038082,34.253468395685026,63.4323488808982,60.895054925662265,102.76040518705508,24.104292574741315,1811.6278840384523,6.343234888089819,3.805940932853892,1.268646977617964,0.0,1.268646977617964,17701.43127870345,1,0,0,1,0,1,1.27,0.0,0.0,1.27,0.0,1.27,3630,3706,-76,27.94,28.52,56.46,-0.58,39.6
서울,동대문구,답십리제2동,11060860,11230610,875744.299037428,0.875744299037428,114.0,20.0,49.0,48.0,34.0,8.0,1597.0,5.0,2.0,1.0,0.0,0.0,19701.0,2957,3437,3077,421182,56607,0,63.19125,56.0525,18.60613888888889,130.1749838683538,22.83771646813225,55.952405346924,54.81051952351739,38.82411799582482,9.135086587252898,1823.59165998036,5.7094291170330616,2.2837716468132245,1.1418858234066125,0.0,0.0,22496.292606933668,1,0,1,0,0,1,1.14,0.0,1.14,0.0,0.0,1.14,2594,2982,-388,20.47,23.53,44.0,-3.06,86.4
서울,동대문구,장안제1동,11060870,11230650,1342166.40111748,1.34216640111748,122.0,27.0,68.0,69.0,59.0,20.0,2204.0,7.0,4.0,2.0,3.0,0.0,31811.0,2957,3437,3077,421182,56607,0,63.19125,56.0525,18.60613888888889,90.89782004557966,20.116730665825006,50.66435871392965,51.40942281266391,43.95878182532132,14.90128197468519,1642.121273610308,5.215448691139817,2.9802563949370384,1.4901281974685192,2.235192296202779,0.0,23701.23404483553,0,0,0,0,0,0,0.0,0.0,0.0,0.0,0.0,0.0,4073,4308,-235,21.82,23.08,44.9,-1.26,84.3
서울,동대문구,장안제2동,11060880,11230660,996639.280084427,0.9966392800844268,115.0,34.0,78.0,86.0,164.0,15.0,1735.0,7.0,5.0,1.0,0.0,0.0,23896.0,2957,3437,3077,421182,56607,0,63.19125,56.0525,18.60613888888889,115.38778603052668,34.11464978293832,78.26302009027027,86.28999650978517,164.55301660005546,15.050580786590436,1740.850510982294,7.023604367075538,5.016860262196812,1.0033720524393626,0.0,0.0,23976.578565091007,1,0,0,1,0,1,1.0,0.0,0.0,1.0,0.0,1.0,3723,3521,202,24.7,23.36,48.06,1.34,72.1
서울,동대문구,청량리동,11060800,11230705,1204397.55698881,1.20439755698881,90.0,24.0,49.0,59.0,22.0,15.0,2554.0,2.0,2.0,2.0,1.0,1.0,13481.0,2957,3437,3077,421182,56607,0,63.19125,56.0525,18.60613888888889,74.72615622453989,19.92697499321064,40.68424061113839,48.98714685830949,18.26639374377642,12.454359370756649,2120.562255527499,1.6605812494342198,1.6605812494342198,1.6605812494342198,0.8302906247171099,0.8302906247171099,11193.147911811358,4,1,0,1,2,2,3.32,0.83,0.0,0.83,1.66,1.66,2040,2156,-116,20.61,21.78,42.38,-1.17,90.6
서울,동대문구,회기동,11060710,11230710,766916.275058301,0.7669162750583011,61.0,10.0,13.0,42.0,12.0,4.0,1287.0,1.0,4.0,1.0,0.0,0.0,11097.0,2957,3437,3077,421182,56607,0,63.19125,56.0525,18.60613888888889,79.53932128427287,13.039232997421784,16.95100289664832,54.76477858917149,15.64707959690614,5.215693198968713,1678.1492867681836,1.3039232997421784,5.215693198968713,1.3039232997421784,0.0,0.0,14469.636857238953,0,0,0,0,0,0,0.0,0.0,0.0,0.0,0.0,0.0,2063,2210,-147,30.47,32.64,63.12,-2.17,19.7
서울,동대문구,휘경제1동,11060720,11230720,521795.846421984,0.5217958464219841,55.0,13.0,22.0,6.0,22.0,8.0,846.0,2.0,4.0,0.0,0.0,3.0,8534.0,2957,3437,3077,421182,56607,0,63.19125,56.0525,18.60613888888889,105.40520852578938,24.913958378822944,42.16208341031575,11.498750020995203,42.16208341031575,15.331666694660273,1621.323752960324,3.832916673665068,7.665833347330136,0.0,0.0,5.7493750104976025,16355.055446528846,0,0,0,0,0,0,0.0,0.0,0.0,0.0,0.0,0.0,2406,2675,-269,26.61,29.58,56.19,-2.97,41.7
서울,동대문구,휘경제2동,11060730,11230730,1113608.01811301,1.11360801811301,98.0,18.0,13.0,130.0,27.0,13.0,1578.0,4.0,0.0,1.0,1.0,0.0,6802.0,2957,3437,3077,421182,56607,0,63.19125,56.0525,18.60613888888889,88.00223993183828,16.163676722174376,11.673766521570384,116.73766521570384,24.24551508326157,11.673766521570384,1417.0156593106203,3.591928160483195,0.0,0.8979820401207987,0.8979820401207987,0.0,6108.073836901673,1,0,0,1,0,1,0.9,0.0,0.0,0.9,0.0,0.9,3311,3382,-71,26.07,26.63,52.71,-0.56,54.3
서울,동대문구,이문제1동,11060890,11230740,1038801.92647763,1.03880192647763,83.0,30.0,65.0,92.0,59.0,4.0,2203.0,4.0,7.0,1.0,0.0,1.0,10763.0,2957,3437,3077,421182,56607,0,63.19125,56.0525,18.60613888888889,79.89973630626238,28.87942276129965,62.57208264948259,88.56356313465227,56.79619809722266,3.8505897015066206,2120.7122781047715,3.8505897015066206,6.738531977636586,0.9626474253766552,0.0,0.9626474253766552,10360.97423932894,4,0,0,1,3,4,3.85,0.0,0.0,0.96,2.89,3.85,2951,4131,-1180,18.78,26.3,45.08,-7.51,83.8
서울,동대문구,이문제2동,11060900,11230750,724570.804671793,0.724570804671793,52.0,11.0,14.0,32.0,50.0,10.0,1344.0,0.0,0.0,0.0,0.0,1.0,5593.0,2957,3437,3077,421182,56607,0,63.19125,56.0525,18.60613888888889,71.76662330958023,15.181401084718892,19.321783198733137,44.1640758828186,69.00636856690406,13.801273713380812,1854.891187078381,0.0,0.0,0.0,0.0,1.3801273713380813,7719.052387893888,1,0,1,0,0,0,1.38,0.0,1.38,0.0,0.0,0.0,1696,2029,-333,20.83,24.92,45.75,-4.09,81.4
서울,중랑구,면목제2동,11070520,11260520,763120.686981181,0.7631206869811811,135.0,23.0,23.0,66.0,34.0,4.0,2189.0,3.0,4.0,2.0,0.0,0.0,13109.0,3324,3003,4163,540357,52930,0,61.825,59.0,18.946416666666668,176.9051767342918,30.13940048065712,30.13940048065712,86.48697529232042,44.553896362710525,5.241634866201238,2868.4846805286275,3.9312261496509286,5.241634866201238,2.620817433100619,0.0,0.0,17178.147865258008,0,0,0,0,0,0,0.0,0.0,0.0,0.0,0.0,0.0,2466,2740,-274,20.47,22.74,43.21,-2.27,89.5
서울,중랑구,면목제4동,11070540,11260540,843465.197100506,0.843465197100506,120.0,13.0,9.0,47.0,29.0,4.0,1411.0,3.0,0.0,0.0,1.0,1.0,6811.0,3324,3003,4163,540357,52930,0,61.825,59.0,18.946416666666668,142.27024471491143,15.412609844115403,10.670268353618358,55.72251251334031,34.3819758061036,4.742341490497048,1672.8609607728336,3.556756117872786,0.0,0.0,1.185585372624262,1.185585372624262,8075.021972943848,3,1,2,0,0,2,3.56,1.19,2.37,0.0,0.0,2.37,1846,2059,-213,20.7,23.09,43.8,-2.39,87.6
서울,중랑구,면목제5동,11070550,11260550,704935.104297063,0.704935104297063,83.0,11.0,6.0,0.0,12.0,1.0,935.0,4.0,1.0,0.0,0.0,0.0,5423.0,3324,3003,4163,540357,52930,0,61.825,59.0,18.946416666666668,117.74133461939698,15.604273262811647,8.511421779715445,0.0,17.02284355943089,1.4185702966192406,1326.36322733899,5.674281186476962,1.4185702966192406,0.0,0.0,0.0,7692.906718566142,0,0,0,0,0,0,0.0,0.0,0.0,0.0,0.0,0.0,1518,1906,-388,24.59,30.87,55.46,-6.28,43.8
서울,중랑구,면목본동,11070710,11260565,849017.372033705,0.849017372033705,183.0,28.0,67.0,60.0,35.0,6.0,3229.0,5.0,4.0,1.0,0.0,1.0,19315.0,3324,3003,4163,540357,52930,0,61.825,59.0,18.946416666666668,215.54329278522127,32.97930162833987,78.91475746781325,70.66993206072829,41.22412703542483,7.066993206072828,3803.2201770681936,5.88916100506069,4.711328804048552,1.177832201012138,0.0,1.177832201012138,22749.828962549447,1,0,0,1,0,1,1.18,0.0,0.0,1.18,0.0,1.18,3885,4269,-384,21.9,24.07,45.97,-2.16,79.4
서울,중랑구,면목제7동,11070570,11260570,1235472.76548738,1.23547276548738,116.0,18.0,62.0,25.0,24.0,0.0,1732.0,2.0,3.0,0.0,0.0,0.0,11601.0,3324,3003,4163,540357,52930,0,61.825,59.0,18.946416666666668,93.89118339184054,14.569321560802845,50.18321870943201,20.23516883444839,19.425762081070456,0.0,1401.8924968505846,1.618813506755871,2.428220260133807,0.0,0.0,0.0,9389.927745937432,2,0,2,0,0,1,1.62,0.0,1.62,0.0,0.0,0.81,2554,2780,-226,24.32,26.47,50.8,-2.15,63.1
서울,중랑구,면목제3.8동,11070720,11260575,1614772.8354443,1.6147728354443,180.0,30.0,36.0,63.0,27.0,1.0,2463.0,4.0,3.0,1.0,0.0,1.0,16137.0,3324,3003,4163,540357,52930,0,61.825,59.0,18.946416666666668,111.47078774735118,18.578464624558528,22.294157549470235,39.01477571157291,16.720618162102678,0.619282154151951,1525.2919456762552,2.477128616607804,1.8578464624558528,0.619282154151951,0.0,0.619282154151951,9993.356121550032,0,0,0,0,0,0,0.0,0.0,0.0,0.0,0.0,0.0,2622,3062,-440,20.61,24.07,44.67,-3.46,85.0
서울,중랑구,상봉제1동,11070590,11260580,853776.789824451,0.8537767898244509,109.0,13.0,24.0,74.0,38.0,10.0,1176.0,1.0,2.0,0.0,0.0,4.0,10176.0,3324,3003,4163,540357,52930,0,61.825,59.0,18.946416666666668,127.66802904353024,15.226462179503605,28.110391716006653,86.67370779102052,44.508120217010536,11.712663215002772,1377.409194084326,1.1712663215002772,2.3425326430005544,0.0,0.0,4.685065286001109,11918.80608758682,1,0,0,0,1,1,1.17,0.0,0.0,0.0,1.17,1.17,2314,2618,-304,22.36,25.29,47.65,-2.94,73.5
서울,중랑구,상봉제2동,11070600,11260590,677444.321783803,0.6774443217838031,107.0,18.0,65.0,5.0,10.0,33.0,1646.0,3.0,2.0,0.0,0.0,1.0,19772.0,3324,3003,4163,540357,52930,0,61.825,59.0,18.946416666666668,157.94655967925812,26.57044929183781,95.94884466496988,7.380680358843837,14.761360717687674,48.71249036836933,2429.719974131391,4.428408215306303,2.952272143537535,0.0,0.0,1.4761360717687677,29186.162411012072,2,1,0,1,0,1,2.95,1.48,0.0,1.48,0.0,1.48,4319,3778,541,30.84,26.98,57.82,3.86,34.4
서울,중랑구,중화제1동,11070610,11260600,641933.258215266,0.641933258215266,81.0,14.0,23.0,103.0,44.0,3.0,1252.0,2.0,0.0,0.0,0.0,0.0,7584.0,3324,3003,4163,540357,52930,0,61.825,59.0,18.946416666666668,126.18134200617698,21.8091208405738,35.82926995237124,160.45281761279296,68.54295121323194,4.673383037265814,1950.3585208856,3.115588691510543,0.0,0.0,0.0,0.0,11814.312318207978,0,0,0,0,0,0,0.0,0.0,0.0,0.0,0.0,0.0,1831,2214,-383,20.91,25.28,46.19,-4.37,78.0
서울,중랑구,중화제2동,11070620,11260610,1016954.25512108,1.01695425512108,169.0,28.0,40.0,23.0,6.0,10.0,2554.0,4.0,6.0,1.0,1.0,3.0,14762.0,3324,3003,4163,540357,52930,0,61.825,59.0,18.946416666666668,166.18249950670457,27.533195184542773,39.333135977918246,22.61655318730299,5.899970396687737,9.833283994479562,2511.42073219008,3.933313597791825,5.899970396687737,0.983328399447956,0.983328399447956,2.9499851983438683,14515.893832650729,0,0,0,0,0,0,0.0,0.0,0.0,0.0,0.0,0.0,2752,3052,-300,19.15,21.23,40.38,-2.09,95.3
서울,중랑구,묵제1동,11070640,11260620,1238434.41554504,1.23843441554504,134.0,33.0,37.0,81.0,40.0,5.0,1546.0,7.0,3.0,1.0,0.0,0.0,12759.0,3324,3003,4163,540357,52930,0,61.825,59.0,18.946416666666668,108.20112742185547,26.646546305382323,29.876430706034725,65.40515911321116,32.29884400652403,4.037355500815504,1248.3503208521536,5.652297701141705,2.422413300489302,0.8074711001631006,0.0,0.0,10302.523766981,2,0,0,2,0,2,1.61,0.0,0.0,1.61,0.0,1.61,3340,3665,-325,22.48,24.67,47.15,-2.19,74.7
서울,중랑구,묵제2동,11070650,11260630,669202.822803566,0.669202822803566,126.0,20.0,26.0,40.0,16.0,3.0,1510.0,1.0,1.0,0.0,0.0,1.0,11134.0,3324,3003,4163,540357,52930,0,61.825,59.0,18.946416666666668,188.28372461451096,29.88630549436682,38.852197142676864,59.77261098873364,23.909044395493456,4.482945824155022,2256.416064824695,1.494315274718341,1.494315274718341,0.0,0.0,1.494315274718341,16637.70626871401,0,0,0,0,0,0,0.0,0.0,0.0,0.0,0.0,0.0,2106,2189,-83,22.9,23.8,46.71,-0.9,76.3
서울,중랑구,망우본동,11070730,11260655,2950232.3070517,2.9502323070517003,240.0,56.0,87.0,164.0,65.0,39.0,2772.0,5.0,2.0,2.0,1.0,4.0,22638.0,3324,3003,4163,540357,52930,0,61.825,59.0,18.946416666666668,81.34952607845406,18.981556084972617,29.4892032034396,55.58884282027695,22.032163312914644,13.219297987748789,939.5870262061444,1.6947817933011264,0.6779127173204506,0.6779127173204506,0.3389563586602253,1.355825434640901,7673.29404735018,1,0,0,1,0,1,0.34,0.0,0.0,0.34,0.0,0.34,5653,3940,1713,29.93,20.86,50.8,9.07,63.1
서울,중랑구,망우제3동,11070680,11260660,962559.235674263,0.9625592356742628,104.0,11.0,15.0,59.0,19.0,0.0,1726.0,4.0,2.0,0.0,0.0,0.0,6325.0,3324,3003,4163,540357,52930,0,61.825,59.0,18.946416666666668,108.04529855988454,11.427868116910863,15.58345652306027,61.29492899070373,19.73904492920968,0.0,1793.1363972534689,4.1555884061494055,2.0777942030747028,0.0,0.0,0.0,6571.024167223748,1,0,1,0,0,1,1.04,0.0,1.04,0.0,0.0,1.04,1596,1755,-159,19.34,21.26,40.6,-1.93,95.1
서울,중랑구,신내1동,11070690,11260680,2604784.49742471,2.60478449742471,127.0,53.0,35.0,48.0,93.0,8.0,1104.0,7.0,3.0,1.0,0.0,3.0,14832.0,3324,3003,4163,540357,52930,0,61.825,59.0,18.946416666666668,48.75643268207484,20.347172694094223,13.436812156477316,18.42762810031175,35.70352944435401,3.0712713500519584,423.83544630717023,2.687362431295464,1.1517267562694844,0.3839089187564948,0.0,1.1517267562694844,5694.137082996331,0,0,0,0,0,0,0.0,0.0,0.0,0.0,0.0,0.0,3118,3701,-583,21.14,25.1,46.24,-3.95,77.5
서울,중랑구,신내2동,11070700,11260690,911308.356997309,0.911308356997309,54.0,19.0,31.0,92.0,67.0,6.0,232.0,3.0,3.0,1.0,3.0,1.0,8684.0,3324,3003,4163,540357,52930,0,61.825,59.0,18.946416666666668,59.255464503722806,20.849144917976545,34.01702591880383,100.9537543396759,73.5206689212857,6.583940500413646,254.57903268266097,3.291970250206823,3.291970250206823,1.0973234167356076,3.291970250206823,1.0973234167356076,9529.156550932015,1,0,1,0,0,1,1.1,0.0,1.1,0.0,0.0,1.1,1880,2195,-315,21.31,24.88,46.18,-3.57,78.2
서울,성북구,성북동,11080810,11290525,2879780.03342982,2.87978003342982,161.0,46.0,27.0,136.0,46.0,8.0,3789.0,3.0,0.0,1.0,0.0,0.0,11980.0,2411,2775,4216,390282,52005,0,63.07125,55.835,17.83927777777778,55.90704780609541,15.973442230312976,9.375716091705442,47.22582920266445,15.973442230312976,2.777989953097909,1315.725491535997,1.0417462324117155,0.0,0.3472487441372386,0.0,0.0,4160.039954764118,17,3,3,0,11,12,5.9,1.04,1.04,0.0,3.82,4.17,2107,2150,-43,26.21,26.74,52.95,-0.53,53.3
서울,성북구,삼선동,11080820,11290555,926226.748025539,0.926226748025539,102.0,38.0,53.0,72.0,62.0,25.0,2595.0,2.0,3.0,2.0,1.0,1.0,17550.0,2411,2775,4216,390282,52005,0,63.07125,55.835,17.83927777777778,110.12422197635296,41.02667093236679,57.22140945830105,77.73474492448445,66.9382525738616,26.9912308765571,2801.689764986627,2.159298470124568,3.238947705186852,2.159298470124568,1.079649235062284,1.079649235062284,18947.844075343084,2,1,0,0,1,2,2.16,1.08,0.0,0.0,1.08,2.16,2838,3056,-218,24.72,26.62,51.34,-1.9,60.7
서울,성북구,동선동,11080830,11290575,724807.228953226,0.724807228953226,77.0,17.0,67.0,84.0,86.0,40.0,2056.0,0.0,1.0,0.0,0.0,2.0,20608.0,2411,2775,4216,390282,52005,0,63.07125,55.835,17.83927777777778,106.2351435307898,23.454512208096453,92.43837164367426,115.8928838517707,118.6522382291938,55.18708754846224,2836.61629999096,0.0,1.379677188711556,0.0,0.0,2.759354377423112,28432.387504967744,4,1,1,0,2,3,5.52,1.38,1.38,0.0,2.76,4.14,3163,3185,-22,31.92,32.14,64.06,-0.22,17.1
서울,성북구,돈암제1동,11080580,11290580,489295.469640135,0.489295469640135,49.0,14.0,11.0,79.0,32.0,15.0,369.0,3.0,0.0,0.0,0.0,0.0,4381.0,2411,2775,4216,390282,52005,0,63.07125,55.835,17.83927777777778,100.14398873555548,28.612568210158702,22.48130359369613,161.45663490018126,65.40015590893418,30.6563230823129,754.1455478248973,6.13126461646258,0.0,0.0,0.0,0.0,8953.69009490752,1,1,0,0,0,0,2.04,2.04,0.0,0.0,0.0,0.0,1275,1488,-213,21.3,24.86,46.16,-3.56,78.5
서울,성북구,돈암제2동,11080590,11290590,518484.710979199,0.518484710979199,20.0,34.0,11.0,86.0,65.0,4.0,267.0,1.0,4.0,1.0,0.0,0.0,5500.0,2411,2775,4216,390282,52005,0,63.07125,55.835,17.83927777777778,38.57394360236473,65.57570412402004,21.215668981300603,165.86795749016835,125.36531670768537,7.714788720472946,514.9621470915691,1.9286971801182364,7.714788720472946,1.9286971801182364,0.0,0.0,10607.8344906503,6,1,2,3,0,5,11.57,1.93,3.86,5.79,0.0,9.64,2112,2245,-133,24.79,26.35,51.14,-1.56,61.6
서울,성북구,안암동,11080600,11290600,1379570.53164569,1.37957053164569,94.0,31.0,15.0,48.0,7.0,10.0,1864.0,1.0,0.0,0.0,0.0,2.0,12003.0,2411,2775,4216,390282,52005,0,63.07125,55.835,17.83927777777778,68.13714691909762,22.47076121800028,10.872948976451749,34.793436724645595,5.074042855677482,7.248632650967832,1351.1451261404038,0.7248632650967832,0.0,0.0,0.0,1.4497265301935665,8700.533770956688,1,0,0,0,1,1,0.72,0.0,0.0,0.0,0.72,0.72,3790,3419,371,35.94,32.42,68.36,3.52,7.1
서울,성북구,보문동,11080610,11290610,553006.096843125,0.553006096843125,65.0,9.0,20.0,72.0,22.0,11.0,1417.0,4.0,3.0,1.0,0.0,2.0,8863.0,2411,2775,4216,390282,52005,0,63.07125,55.835,17.83927777777778,117.53939128529898,16.27468494719524,36.16596654932276,130.19747957756192,39.78256320425504,19.89128160212752,2562.3587300195177,7.233193309864552,5.424894982398414,1.808298327466138,0.0,3.616596654932276,16026.94807633238,1,0,0,1,0,1,1.81,0.0,0.0,1.81,0.0,1.81,2200,2342,-142,27.27,29.03,56.3,-1.76,40.7
서울,성북구,정릉제1동,11080620,11290620,411965.298560634,0.411965298560634,49.0,16.0,15.0,25.0,63.0,5.0,903.0,2.0,1.0,1.0,0.0,0.0,6748.0,2411,2775,4216,390282,52005,0,63.07125,55.835,17.83927777777778,118.94205694314824,38.83822267531372,36.410833758106605,60.68472293017768,152.92550178404775,12.136944586035536,2191.9321922380177,4.854777834414215,2.427388917207108,2.427388917207108,0.0,0.0,16380.02041331356,1,0,0,1,0,1,2.43,0.0,0.0,2.43,0.0,2.43,1924,2065,-141,26.16,28.08,54.24,-1.92,47.8
서울,성북구,정릉제2동,11080630,11290630,1094889.47282048,1.09488947282048,85.0,46.0,30.0,24.0,41.0,10.0,1830.0,2.0,2.0,1.0,0.0,1.0,7870.0,2411,2775,4216,390282,52005,0,63.07125,55.835,17.83927777777778,77.63340694201445,42.01337316861959,27.40002597953451,21.92002078362761,37.4467021720305,9.13334199317817,1671.4015847516052,1.826668398635634,1.826668398635634,0.913334199317817,0.0,0.913334199317817,7187.94014863122,0,0,0,0,0,0,0.0,0.0,0.0,0.0,0.0,0.0,2115,2466,-351,22.24,25.93,48.17,-3.69,71.4
서울,성북구,정릉제3동,11080640,11290640,3327125.47053713,3.32712547053713,115.0,32.0,5.0,62.0,5.0,21.0,2595.0,1.0,1.0,0.0,0.0,1.0,5777.0,2411,2775,4216,390282,52005,0,63.07125,55.835,17.83927777777778,34.56437126233008,9.617912003430977,1.5027987505360902,18.63470450664752,1.5027987505360902,6.311754752251579,779.9525515282309,0.300559750107218,0.300559750107218,0.0,0.0,0.300559750107218,1736.3336763693987,3,1,0,0,2,2,0.9,0.3,0.0,0.0,0.6,0.6,2289,3009,-720,28.7,37.73,66.42,-9.03,11.2
서울,성북구,정릉제4동,11080650,11290650,3570913.65374146,3.57091365374146,96.0,34.0,23.0,51.0,35.0,6.0,1397.0,2.0,2.0,1.0,0.0,0.0,7983.0,2411,2775,4216,390282,52005,0,63.07125,55.835,17.83927777777778,26.883876035315232,9.52137276250748,6.440928633460942,14.282059143761218,9.801413137875343,1.680242252207202,391.21640438891023,0.560080750735734,0.560080750735734,0.280040375367867,0.0,0.0,2235.5623165616826,0,0,0,0,0,0,0.0,0.0,0.0,0.0,0.0,0.0,2379,2461,-82,22.11,22.87,44.99,-0.76,84.1
서울,성북구,길음제1동,11080660,11290660,797312.71717496,0.79731271717496,63.0,27.0,53.0,130.0,111.0,20.0,466.0,8.0,4.0,2.0,1.0,1.0,11011.0,2411,2775,4216,390282,52005,0,63.07125,55.835,17.83927777777778,79.01542097963987,33.86375184841709,66.47329066541131,163.04769408497114,139.21764648793692,25.0842606284571,584.4632726430505,10.03370425138284,5.01685212569142,2.50842606284571,1.254213031422855,1.254213031422855,13810.139688997057,1,1,0,0,0,0,1.25,1.25,0.0,0.0,0.0,0.0,4127,3322,805,32.26,25.97,58.23,6.29,32.6
서울,성북구,길음제2동,11080680,11290685,588001.620728726,0.5880016207287261,52.0,22.0,31.0,7.0,83.0,16.0,754.0,3.0,6.0,0.0,0.0,0.0,13572.0,2411,2775,4216,390282,52005,0,63.07125,55.835,17.83927777777778,88.43513039225132,37.41486285826018,52.72094311845752,11.9047290912646,141.15607351070884,27.210809351461947,1282.3093906876445,5.102026753399115,10.20405350679823,0.0,0.0,0.0,23081.5690323776,1,0,0,1,0,1,1.7,0.0,0.0,1.7,0.0,1.7,2738,3099,-361,31.69,35.86,67.55,-4.18,8.7
서울,성북구,종암동,11080840,11290705,1404527.12826933,1.40452712826933,123.0,59.0,50.0,120.0,97.0,11.0,2353.0,5.0,2.0,2.0,3.0,0.0,15617.0,2411,2775,4216,390282,52005,0,63.07125,55.835,17.83927777777778,87.57395818446143,42.00702059254654,35.59916999368351,85.43800798484043,69.06238978774601,7.831817398610372,1675.296939902746,3.559916999368351,1.4239667997473404,1.4239667997473404,2.13595019962101,0.0,11119.044755827108,1,0,1,0,0,1,0.71,0.0,0.71,0.0,0.0,0.71,3629,4154,-525,21.07,24.12,45.19,-3.05,83.6
서울,성북구,월곡제1동,11080710,11290715,801756.749060762,0.801756749060762,78.0,21.0,28.0,62.0,83.0,6.0,1518.0,5.0,1.0,1.0,0.0,0.0,10372.0,2411,2775,4216,390282,52005,0,63.07125,55.835,17.83927777777778,97.28636533633804,26.192482975167938,34.92331063355725,77.3301878314482,103.52267080661612,7.483566564333696,1893.342340776425,6.23630547027808,1.247261094055616,1.247261094055616,0.0,0.0,12936.592067544849,1,0,0,1,0,1,1.25,0.0,0.0,1.25,0.0,1.25,2111,2488,-377,19.95,23.51,43.46,-3.56,88.8
서울,성북구,월곡제2동,11080720,11290725,1365243.34749088,1.3652433474908798,88.0,27.0,34.0,36.0,28.0,11.0,1766.0,2.0,2.0,0.0,0.0,2.0,12083.0,2411,2775,4216,390282,52005,0,63.07125,55.835,17.83927777777778,64.4573732307367,19.77669405943058,24.903985111875546,26.368925412574104,20.509164209779858,8.057171653842088,1293.5422855168297,1.4649403006985613,1.4649403006985613,0.0,0.0,1.4649403006985613,8850.436826670359,5,1,0,2,2,3,3.66,0.73,0.0,1.46,1.46,2.2,2361,2535,-174,24.49,26.3,50.79,-1.8,63.5
서울,성북구,장위제1동,11080760,11290760,708545.741087711,0.708545741087711,134.0,33.0,12.0,60.0,31.0,6.0,2225.0,1.0,0.0,0.0,0.0,0.0,8145.0,2411,2775,4216,390282,52005,0,63.07125,55.835,17.83927777777778,189.1197592893472,46.57426907871982,16.936097846807208,84.68048923403605,43.75158610425196,8.468048923403604,3140.234809095504,1.411341487233934,0.0,0.0,0.0,0.0,11495.376413520393,1,0,0,0,1,1,1.41,0.0,0.0,0.0,1.41,1.41,2158,2460,-302,20.37,23.22,43.58,-2.85,88.3
서울,성북구,장위제2동,11080770,11290770,679557.186911576,0.679557186911576,86.0,30.0,21.0,42.0,14.0,3.0,2055.0,0.0,1.0,0.0,0.0,1.0,8343.0,2411,2775,4216,390282,52005,0,63.07125,55.835,17.83927777777778,126.55299900638138,44.14639500222607,30.902476501558244,61.80495300311649,20.601651001038828,4.414639500222607,3024.0280576524856,0.0,1.471546500074202,0.0,0.0,1.471546500074202,12277.112450119068,1,0,1,0,0,1,1.47,0.0,1.47,0.0,0.0,1.47,1226,1432,-206,15.63,18.26,33.89,-2.63,99.1
서울,성북구,장위제3동,11080780,11290780,652600.906088063,0.652600906088063,47.0,34.0,13.0,48.0,37.0,6.0,679.0,2.0,2.0,1.0,1.0,0.0,4906.0,2411,2775,4216,390282,52005,0,63.07125,55.835,17.83927777777778,72.01951385837909,52.09922279116785,19.92029106721124,73.55184394047225,56.696213037447365,9.193980492559032,1040.452125741264,3.064660164186344,3.064660164186344,1.532330082093172,1.532330082093172,0.0,7517.611382749102,0,0,0,0,0,0,0.0,0.0,0.0,0.0,0.0,0.0,1864,2003,-139,24.26,26.07,50.33,-1.81,65.8
서울,성북구,석관동,11080850,11290810,1705170.65507807,1.70517065507807,139.0,30.0,44.0,85.0,44.0,7.0,3451.0,6.0,5.0,1.0,0.0,2.0,16124.0,2411,2775,4216,390282,52005,0,63.07125,55.835,17.83927777777778,81.5167675951097,17.593546962973317,25.80386887902753,49.84838306175773,25.80386887902753,4.105160958027107,2023.844352307364,3.518709392594664,2.9322578271622195,0.5864515654324439,0.0,1.1729031308648878,9455.945041032724,2,0,1,1,0,1,1.17,0.0,0.59,0.59,0.0,0.59,3536,3787,-251,21.23,22.73,43.96,-1.51,86.8
서울,강북구,삼양동,11090690,11305534,924091.746284392,0.924091746284392,540.0,29.0,43.0,92.0,42.0,12.0,2715.0,7.0,4.0,1.0,0.0,2.0,7793.0,2497,1192,3191,139129,37933,0,61.7775,55.205,17.995638888888887,584.3575620832495,31.38216537113747,46.53217623996246,99.55721428084992,45.45003260647496,12.985723601849989,2938.01996491856,7.575005434412493,4.328574533949996,1.082143633487499,0.0,2.164287266974998,8433.14533576808,1,0,0,1,0,1,1.08,0.0,0.0,1.08,0.0,1.08,4011,2370,1641,34.24,20.23,54.47,14.01,47.1
서울,강북구,미아동,11090700,11305535,841204.370933324,0.841204370933324,323.0,27.0,59.0,36.0,17.0,13.0,2259.0,5.0,0.0,1.0,0.0,1.0,14478.0,2497,1192,3191,139129,37933,0,61.7775,55.205,17.995638888888887,383.9732782672402,32.09683750221513,70.13753380113677,42.79578333628684,20.20911990880212,15.454032871436914,2685.435404352,5.943858796706506,0.0,1.188771759341301,0.0,1.188771759341301,17211.037531743357,0,0,0,0,0,0,0.0,0.0,0.0,0.0,0.0,0.0,2859,3040,-181,24.22,25.75,49.97,-1.53,67.0
서울,강북구,송중동,11090710,11305545,1075795.37221754,1.07579537221754,498.0,58.0,60.0,82.0,67.0,19.0,3220.0,8.0,8.0,1.0,0.0,0.0,19900.0,2497,1192,3191,139129,37933,0,61.7775,55.205,17.995638888888887,462.9133131270785,53.91359871761155,55.77268832856367,76.22267404903701,62.2795019668961,17.661351304045162,2993.134273632917,7.43635844380849,7.43635844380849,0.9295448054760612,0.0,0.0,18497.94162897362,1,0,0,1,0,0,0.93,0.0,0.0,0.93,0.0,0.0,2802,3429,-627,20.64,25.26,45.91,-4.62,79.6
서울,강북구,송천동,11090720,11305555,929912.770702089,0.929912770702089,412.0,18.0,50.0,88.0,20.0,13.0,3994.0,2.0,6.0,1.0,1.0,1.0,15190.0,2497,1192,3191,139129,37933,0,61.7775,55.205,17.995638888888887,443.0523087546565,19.356654265980136,53.76848407216705,94.632531967014,21.50739362886682,13.979805858763433,4295.026507684704,2.1507393628866818,6.452218088660046,1.0753696814433409,1.0753696814433409,1.0753696814433409,16334.86546112435,1,0,0,1,0,1,1.08,0.0,0.0,1.08,0.0,1.08,2249,3474,-1225,18.55,28.66,47.22,-10.11,74.5
서울,강북구,삼각산동,11090730,11305575,621910.755396279,0.621910755396279,134.0,22.0,29.0,46.0,75.0,2.0,305.0,6.0,2.0,0.0,1.0,1.0,8697.0,2497,1192,3191,139129,37933,0,61.7775,55.205,17.995638888888887,215.4649985344211,35.37485050565123,46.63048475744935,73.9655965118162,120.59608126926555,3.215895500513748,490.4240638283466,9.647686501541244,3.215895500513748,0.0,1.607947750256874,1.607947750256874,13984.321583984034,1,0,1,0,0,1,1.61,0.0,1.61,0.0,0.0,1.61,2308,2620,-312,20.05,22.76,42.81,-2.71,89.9
서울,강북구,번1동,11090600,11305595,627035.762464634,0.627035762464634,275.0,23.0,56.0,36.0,20.0,23.0,1990.0,3.0,4.0,2.0,0.0,1.0,15267.0,2497,1192,3191,139129,37933,0,61.7775,55.205,17.995638888888887,438.5714762409752,36.680523467427015,89.30910061634404,57.41299325336403,31.89610736298001,36.680523467427015,3173.662682616512,4.784416104447002,6.379221472596003,3.1896107362980013,0.0,1.5948053681490006,24347.893555530794,0,0,0,0,0,0,0.0,0.0,0.0,0.0,0.0,0.0,2243,3278,-1035,23.18,33.88,57.06,-10.7,37.5
서울,강북구,번2동,11090610,11305603,974297.379146866,0.974297379146866,357.0,42.0,11.0,34.0,2.0,17.0,978.0,4.0,0.0,0.0,3.0,0.0,3861.0,2497,1192,3191,139129,37933,0,61.7775,55.205,17.995638888888887,366.4179003669327,43.10798827846267,11.290187406264032,34.89694289208883,2.0527613465934604,17.448471446044415,1003.8002984842022,4.105522693186921,0.0,0.0,3.079142019890191,0.0,3962.855779598676,2,0,0,1,1,1,2.05,0.0,0.0,1.03,1.03,1.03,1237,1412,-175,16.74,19.1,35.84,-2.37,98.8
서울,강북구,번3동,11090620,11305608,1081176.20302442,1.08117620302442,112.0,35.0,17.0,37.0,29.0,19.0,295.0,2.0,0.0,1.0,0.0,0.0,4450.0,2497,1192,3191,139129,37933,0,61.7775,55.205,17.995638888888887,103.59088526615518,32.37215164567349,15.72361651361284,34.22198888256912,26.822639934986608,17.573453750508467,272.8509924421052,1.849837236895628,0.0,0.924918618447814,0.0,0.0,4115.887852092773,3,2,0,0,1,0,2.77,1.85,0.0,0.0,0.92,0.0,1050,1258,-208,13.97,16.74,30.71,-2.77,99.5
서울,강북구,수유1동,11090630,11305615,1649962.45923547,1.64996245923547,368.0,39.0,25.0,103.0,18.0,13.0,2459.0,3.0,4.0,1.0,0.0,1.0,12312.0,2497,1192,3191,139129,37933,0,61.7775,55.205,17.995638888888887,223.03537752641796,23.636901422636683,15.151859886305566,62.42566273157893,10.909339118140007,7.878967140878894,1490.3369384170155,1.818223186356668,2.4242975818088905,0.6060743954522226,0.0,0.6060743954522226,7461.987956807765,1,0,0,1,0,1,0.61,0.0,0.0,0.61,0.0,0.61,2317,2476,-159,22.13,23.65,45.79,-1.52,80.8
서울,강북구,수유2동,11090640,11305625,581616.569584962,0.581616569584962,241.0,13.0,27.0,30.0,36.0,19.0,1662.0,3.0,2.0,1.0,0.0,1.0,10208.0,2497,1192,3191,139129,37933,0,61.7775,55.205,17.995638888888887,414.362335261487,22.35149526306776,46.42233631560228,51.58037368400253,61.89644842080303,32.66756999986827,2857.55270209374,5.158037368400253,3.438691578933502,1.719345789466751,0.0,1.719345789466751,17551.081818876595,0,0,0,0,0,0,0.0,0.0,0.0,0.0,0.0,0.0,2014,2220,-206,20.87,23.01,43.88,-2.13,87.4
서울,강북구,수유3동,11090650,11305635,745644.928129784,0.745644928129784,335.0,24.0,62.0,20.0,15.0,35.0,2749.0,6.0,4.0,1.0,0.0,0.0,24232.0,2497,1192,3191,139129,37933,0,61.7775,55.205,17.995638888888887,449.2755028056615,32.18690169353992,83.14949604164481,26.822418077949937,20.116813558462454,46.93923163641239,3686.7413648142174,8.04672542338498,5.364483615589988,1.341120903897497,0.0,0.0,32498.041743244143,0,0,0,0,0,0,0.0,0.0,0.0,0.0,0.0,0.0,3573,3660,-87,26.26,26.9,53.15,-0.64,51.3
서울,강북구,우이동,11090740,11305645,10587797.3587005,10.5877973587005,475.0,34.0,12.0,32.0,7.0,9.0,2551.0,2.0,0.0,1.0,0.0,2.0,9452.0,2497,1192,3191,139129,37933,0,61.7775,55.205,17.995638888888887,44.86296666885769,3.2112439299813924,1.133380210581668,3.022347228217781,0.6611384561726396,0.8500351579362508,240.93774309948623,0.1888967017636113,0.0,0.0944483508818056,0.0,0.1888967017636113,892.725812534827,5,1,1,0,3,5,0.47,0.09,0.09,0.0,0.28,0.47,2127,2203,-76,22.03,22.81,44.84,-0.79,84.5
서울,강북구,인수동,11090750,11305660,2997966.20551466,2.9979662055146603,512.0,49.0,22.0,67.0,35.0,26.0,3108.0,2.0,4.0,2.0,1.0,0.0,11715.0,2497,1192,3191,139129,37933,0,61.7775,55.205,17.995638888888887,170.78244546526005,16.344413726167463,7.338308203585392,22.34848407455551,11.67458123297676,8.672546058782736,1036.7028134883362,0.667118927598672,1.334237855197344,0.667118927598672,0.333559463799336,0.0,3907.649118409221,1,1,0,0,0,1,0.33,0.33,0.0,0.0,0.0,0.33,2693,3044,-351,19.06,21.55,40.61,-2.48,94.8
서울,도봉구,창제1동,11100590,11320511,1122170.84935345,1.12217084935345,263.0,22.0,36.0,72.0,32.0,23.0,853.0,7.0,2.0,0.0,1.0,0.0,8913.0,1921,1153,2196,271558,55159,0,,,16.962805555555555,234.3671644576493,19.604857863377507,32.08067650370865,64.1613530074173,28.516156892185467,20.495987766258303,760.1338071573189,6.237909320165571,1.7822598057615917,0.0,0.8911299028807959,0.0,7942.640824376534,1,0,0,1,0,0,0.89,0.0,0.0,0.89,0.0,0.0,2298,2531,-233,21.71,23.91,45.63,-2.2,82.4
서울,도봉구,창제2동,11100600,11320512,654441.853983116,0.6544418539831159,212.0,25.0,18.0,25.0,39.0,14.0,1474.0,5.0,5.0,1.0,0.0,0.0,10378.0,1921,1153,2196,271558,55159,0,,,16.962805555555555,323.9401616961213,38.20049076605204,27.50435335155747,38.20049076605204,59.59276559504119,21.392274828989144,2252.3009355664285,7.640098153210409,7.640098153210409,1.5280196306420817,0.0,0.0,15857.787726803524,0,0,0,0,0,0,0.0,0.0,0.0,0.0,0.0,0.0,2565,3013,-448,20.1,23.61,43.72,-3.51,87.8
서울,도봉구,창제3동,11100610,11320513,655485.254315617,0.655485254315617,242.0,14.0,17.0,48.0,12.0,6.0,1479.0,3.0,1.0,0.0,0.0,0.0,7027.0,1921,1153,2196,271558,55159,0,,,16.962805555555555,369.1921342344593,21.358222641662937,25.934984636305,73.22819191427293,18.30704797856823,9.153523989284116,2256.3436633585347,4.576761994642058,1.5255873315473527,0.0,0.0,0.0,10720.302178783248,0,0,0,0,0,0,0.0,0.0,0.0,0.0,0.0,0.0,1256,1444,-188,19.84,22.8,42.64,-2.97,90.2
서울,도봉구,창제4동,11100620,11320514,1139670.86661234,1.13967086661234,174.0,37.0,40.0,89.0,63.0,36.0,411.0,5.0,1.0,2.0,0.0,1.0,11199.0,1921,1153,2196,271558,55159,0,,,16.962805555555555,152.67565847077694,32.46551358286636,35.09785252201768,78.09272186148935,55.27911772217785,31.58806726981592,360.6304346637317,4.38723156525221,0.8774463130504421,1.754892626100884,0.0,0.8774463130504421,9826.5212598519,4,0,2,1,1,2,3.51,0.0,1.75,0.88,0.88,1.75,2738,2599,139,24.23,23.0,47.23,1.23,74.2
서울,도봉구,창제5동,11100630,11320515,701475.884458488,0.701475884458488,146.0,18.0,46.0,76.0,86.0,26.0,738.0,2.0,2.0,0.0,0.0,1.0,16227.0,1921,1153,2196,271558,55159,0,,,16.962805555555555,208.1326004709432,25.66018361970533,65.57602480591362,108.34299750542247,122.59865507192544,37.064709672907696,1052.0675284079184,2.851131513300592,2.851131513300592,0.0,0.0,1.425565756650296,23132.65553316436,2,1,1,0,0,0,2.85,1.43,1.43,0.0,0.0,0.0,2592,2818,-226,25.09,27.27,52.36,-2.19,56.1
서울,도봉구,도봉제1동,11100640,11320521,8451466.42589312,8.45146642589312,426.0,36.0,23.0,81.0,9.0,32.0,2413.0,7.0,2.0,1.0,2.0,0.0,12485.0,1921,1153,2196,271558,55159,0,,,16.962805555555555,50.40545374407991,4.259615809358865,2.721421211534831,9.584135571057448,1.0649039523397164,3.786325163874547,285.51258188841507,0.8282586295975571,0.2366453227421592,0.1183226613710796,0.2366453227421592,0.0,1477.2584272179288,2,0,1,1,0,2,0.24,0.0,0.12,0.12,0.0,0.24,1883,2167,-284,18.35,21.12,39.47,-2.77,96.7
서울,도봉구,도봉제2동,11100650,11320522,1119030.58800333,1.11903058800333,231.0,44.0,15.0,60.0,31.0,32.0,941.0,4.0,3.0,1.0,0.0,4.0,10834.0,1921,1153,2196,271558,55159,0,,,16.962805555555555,206.428673600576,39.31974735249066,13.404459324712724,53.6178372988509,27.702549271072964,28.59617989272048,840.9064149703116,3.57452248659006,2.680891864942545,0.8936306216475149,0.0,3.57452248659006,9681.594154929177,2,0,1,1,0,2,1.79,0.0,0.89,0.89,0.0,1.79,2821,2719,102,23.85,22.99,46.83,0.86,75.9
서울,도봉구,쌍문제1동,11100510,11320660,1175773.98173082,1.17577398173082,293.0,44.0,15.0,100.0,37.0,18.0,1748.0,3.0,1.0,1.0,0.0,1.0,6382.0,1921,1153,2196,271558,55159,0,,,16.962805555555555,249.19755374131,37.42215824101583,12.75755394580085,85.05035963867235,31.468633066308765,15.30906473496102,1486.6802864839926,2.5515107891601705,0.8505035963867235,0.8505035963867235,0.0,0.8505035963867235,5427.913952140069,3,0,0,1,2,1,2.55,0.0,0.0,0.85,1.7,0.85,2247,2202,45,22.98,22.52,45.5,0.46,83.1
서울,도봉구,쌍문제2동,11100520,11320670,541192.437617535,0.541192437617535,181.0,14.0,39.0,29.0,54.0,17.0,1215.0,1.0,2.0,1.0,0.0,0.0,10520.0,1921,1153,2196,271558,55159,0,,,16.962805555555555,334.4466541269635,25.86880197667121,72.06309122072695,53.58537552310465,99.77966476716038,31.412116685957898,2245.0424572611087,1.8477715697622288,3.6955431395244585,1.8477715697622288,0.0,0.0,19438.55691389865,1,0,0,0,1,1,1.85,0.0,0.0,0.0,1.85,1.85,1816,2046,-230,21.56,24.29,45.85,-2.73,80.3
서울,도봉구,쌍문제3동,11100530,11320680,504805.377293847,0.504805377293847,144.0,15.0,25.0,12.0,16.0,14.0,1302.0,2.0,2.0,0.0,1.0,1.0,8645.0,1921,1153,2196,271558,55159,0,,,16.962805555555555,285.2584510330556,29.71442198260996,49.52403663768326,23.77153758608797,31.695383448117287,27.733460517102625,2579.2118280905443,3.961922931014661,3.961922931014661,0.0,1.9809614655073304,1.9809614655073304,17125.411869310872,2,1,0,1,0,1,3.96,1.98,0.0,1.98,0.0,1.98,1734,1996,-262,21.11,24.29,45.4,-3.19,83.4
서울,도봉구,쌍문제4동,11100540,11320681,554867.382044144,0.554867382044144,112.0,17.0,11.0,129.0,89.0,13.0,400.0,0.0,0.0,0.0,0.0,0.0,5116.0,1921,1153,2196,271558,55159,0,,,16.962805555555555,201.8500341241712,30.63795160813313,19.82455692290967,232.4879857323044,160.39868783081462,23.42902181798416,720.8929790148972,0.0,0.0,0.0,0.0,0.0,9220.221201600534,0,0,0,0,0,0,0.0,0.0,0.0,0.0,0.0,0.0,1754,1932,-178,24.74,27.25,51.98,-2.51,59.0
서울,도봉구,방학제1동,11100550,11320690,1040856.59233807,1.04085659233807,286.0,32.0,67.0,60.0,59.0,41.0,1776.0,4.0,2.0,1.0,3.0,1.0,19757.0,1921,1153,2196,271558,55159,0,,,16.962805555555555,274.77368362298586,30.7439086571173,64.37005875083935,57.644828732094936,56.68408158656002,39.39063296693154,1706.28693047001,3.8429885821396623,1.9214942910698312,0.9607471455349156,2.882241436604746,0.9607471455349156,18981.48135433333,1,0,1,0,0,1,0.96,0.0,0.96,0.0,0.0,0.96,2835,3194,-359,21.41,24.12,45.52,-2.71,82.8
서울,도봉구,방학제2동,11100560,11320700,1092813.97760524,1.09281397760524,223.0,23.0,16.0,26.0,18.0,10.0,1833.0,5.0,1.0,1.0,0.0,0.0,9073.0,1921,1153,2196,271558,55159,0,,,16.962805555555555,204.06034747896945,21.0465829238399,14.641101164410363,23.79178939216684,16.471238809961662,9.150688227756476,1677.3211521477624,4.575344113878239,0.9150688227756478,0.9150688227756478,0.0,0.0,8302.419429043452,1,0,1,0,0,1,0.92,0.0,0.92,0.0,0.0,0.92,1633,1965,-332,18.06,21.73,39.79,-3.67,95.8
서울,도봉구,방학제3동,11100570,11320710,1951025.48224443,1.9510254822444304,187.0,26.0,20.0,90.0,52.0,18.0,489.0,1.0,3.0,1.0,0.0,0.0,6099.0,1921,1153,2196,271558,55159,0,,,16.962805555555555,95.84703106228936,13.326325174435954,10.251019364950734,46.129587142278304,26.65265034887191,9.22591742845566,250.63742347304543,0.5125509682475367,1.53765290474261,0.5125509682475367,0.0,0.0,3126.048355341726,4,0,0,2,2,4,2.05,0.0,0.0,1.03,1.03,2.05,2003,2140,-137,20.18,21.56,41.74,-1.38,92.3
서울,노원구,월계1동,11110510,11350560,1141585.35958209,1.14158535958209,340.0,43.0,43.0,55.0,34.0,5.0,1227.0,8.0,0.0,0.0,0.0,2.0,11120.0,3567,1016,2613,674242,171543,0,57.25,50.5,19.63602777777778,297.8314299024181,37.66691613471758,37.66691613471758,48.178613660685286,29.78314299024181,4.379873969153207,1074.8210720301972,7.007798350645132,0.0,0.0,0.0,1.751949587661283,9740.839707396734,2,1,0,1,0,1,1.75,0.88,0.0,0.88,0.0,0.88,2528,2690,-162,24.5,26.07,50.58,-1.57,64.9
서울,노원구,월계2동,11110520,11350570,2005287.94895675,2.00528794895675,290.0,40.0,13.0,157.0,23.0,4.0,485.0,10.0,0.0,0.0,1.0,2.0,5777.0,3567,1016,2613,674242,171543,0,57.25,50.5,19.63602777777778,144.61763466482324,19.94725995376872,6.482859484974835,78.29299531854224,11.469674473417015,1.9947259953768723,241.8605269394457,4.98681498844218,0.0,0.0,0.4986814988442181,0.9973629976884362,2880.883018823048,1,0,0,0,1,1,0.5,0.0,0.0,0.0,0.5,0.5,2124,2329,-205,18.35,20.13,38.48,-1.77,97.9
서울,노원구,월계3동,11110530,11350580,1134156.90520725,1.13415690520725,99.0,24.0,20.0,96.0,29.0,6.0,337.0,4.0,2.0,1.0,0.0,0.0,7371.0,3567,1016,2613,674242,171543,0,57.25,50.5,19.63602777777778,87.28950954269352,21.161093222471155,17.634244352059298,84.64437288988462,25.56965431048598,5.290273305617789,297.13701733219915,3.52684887041186,1.7634244352059298,0.8817122176029649,0.0,0.0,6499.100755951454,0,0,0,0,0,0,0.0,0.0,0.0,0.0,0.0,0.0,2641,3077,-436,20.62,24.02,44.64,-3.4,85.2
서울,노원구,공릉1동,11110790,11350595,1263259.35706727,1.26325935706727,458.0,45.0,71.0,92.0,45.0,17.0,1734.0,7.0,5.0,1.0,1.0,3.0,25066.0,3567,1016,2613,674242,171543,0,57.25,50.5,19.63602777777778,362.5542114038036,35.6221386750462,56.20381879840623,72.8274835134278,35.6221386750462,13.457252388350788,1372.6397436117802,5.541221571673853,3.958015408338466,0.7916030816676933,0.7916030816676933,2.37480924500308,19842.322845082403,2,1,0,0,1,2,1.58,0.79,0.0,0.0,0.79,1.58,4236,4506,-270,22.36,23.79,46.15,-1.43,78.7
서울,노원구,공릉2동,11110560,11350600,6985017.73727496,6.985017737274959,344.0,52.0,45.0,224.0,114.0,20.0,1558.0,12.0,2.0,0.0,0.0,3.0,15705.0,3567,1016,2613,674242,171543,0,57.25,50.5,19.63602777777778,49.24826434788747,7.444505075843455,6.442360161787605,32.068637249787194,16.320645743195268,2.863271183016713,223.048825157002,1.717962709810028,0.2863271183016713,0.0,0.0,0.429490677452507,2248.3836964638745,5,0,2,0,3,5,0.72,0.0,0.29,0.0,0.43,0.72,4715,4929,-214,26.11,27.29,53.4,-1.18,50.4
서울,노원구,하계1동,11110580,11350611,1527059.03686799,1.52705903686799,240.0,32.0,17.0,138.0,49.0,17.0,651.0,11.0,1.0,2.0,3.0,0.0,9134.0,3567,1016,2613,674242,171543,0,57.25,50.5,19.63602777777778,157.1648470724759,20.955312942996787,11.132510000967043,90.36978706667364,32.08782294396384,11.132510000967043,426.3096476840909,7.203388824155146,0.6548535294686496,1.3097070589372992,1.964560588405949,0.0,5981.432138166646,1,0,1,0,0,1,0.65,0.0,0.65,0.0,0.0,0.65,3712,4001,-289,30.29,32.65,62.95,-2.36,20.4
서울,노원구,하계2동,11110590,11350612,500057.416167206,0.500057416167206,46.0,22.0,7.0,59.0,28.0,4.0,208.0,3.0,0.0,0.0,0.0,1.0,3450.0,3567,1016,2613,674242,171543,0,57.25,50.5,19.63602777777778,91.9894366382496,43.99494795742371,13.998392531907545,117.9864513403636,55.99357012763018,7.999081446804312,415.9522352338242,5.999311085103233,0.0,0.0,0.0,1.999770361701078,6899.207747868719,0,0,0,0,0,0,0.0,0.0,0.0,0.0,0.0,0.0,1736,2097,-361,22.91,27.68,50.59,-4.77,64.6
서울,노원구,중계본동,11110600,11350619,2183230.86805161,2.18323086805161,211.0,18.0,33.0,96.0,266.0,6.0,504.0,4.0,1.0,0.0,0.0,0.0,13558.0,3567,1016,2613,674242,171543,0,57.25,50.5,19.63602777777778,96.64575702353623,8.244661736604986,15.115213183775808,43.97152926189326,121.83777899649591,2.7482205788683287,230.8505286249396,1.8321470525788857,0.4580367631447214,0.0,0.0,0.0,6210.062434716134,3,1,1,1,0,2,1.37,0.46,0.46,0.46,0.0,0.92,2428,2829,-401,30.95,36.07,67.02,-5.11,10.3
서울,노원구,중계1동,11110610,11350621,623449.897641445,0.6234498976414451,120.0,18.0,33.0,83.0,261.0,7.0,242.0,5.0,2.0,1.0,0.0,0.0,10443.0,3567,1016,2613,674242,171543,0,57.25,50.5,19.63602777777778,192.4773754137557,28.87160631206336,52.93127823878282,133.13018466118103,418.63829152491866,11.22784689913575,388.1627070844074,8.01989064223982,3.2079562568959283,1.6039781284479642,0.0,0.0,16750.34359538209,0,0,0,0,0,0,0.0,0.0,0.0,0.0,0.0,0.0,3149,3280,-131,35.29,36.76,72.06,-1.47,4.9
서울,노원구,중계4동,11110640,11350624,1519269.23350392,1.51926923350392,198.0,7.0,36.0,102.0,50.0,2.0,421.0,6.0,1.0,0.0,0.0,0.0,9771.0,3567,1016,2613,674242,171543,0,57.25,50.5,19.63602777777778,130.325814301754,4.607478283395343,23.695602600318907,67.13754070090357,32.9105591671096,1.3164223666843835,277.1069081870628,3.949267100053152,0.6582111833421919,0.0,0.0,0.0,6431.381472436557,2,0,1,1,0,2,1.32,0.0,0.66,0.66,0.0,1.32,1797,1920,-123,22.16,23.68,45.84,-1.52,80.6
서울,노원구,중계2.3동,11110780,11350625,919082.419389662,0.919082419389662,112.0,31.0,36.0,154.0,46.0,13.0,308.0,9.0,6.0,1.0,0.0,1.0,13341.0,3567,1016,2613,674242,171543,0,57.25,50.5,19.63602777777778,121.86067063971934,33.72929276635089,39.169501277052646,167.5584221296141,50.04991829845616,14.144542127824566,335.1168442592282,9.792375319263162,6.528250212842107,1.0880417021403512,0.0,1.0880417021403512,14515.564348254427,2,0,0,1,1,2,2.18,0.0,0.0,1.09,1.09,2.18,2491,3127,-636,16.72,20.99,37.7,-4.27,98.4
서울,노원구,상계1동,11110650,11350630,5402609.25563403,5.40260925563403,372.0,29.0,46.0,122.0,66.0,9.0,1236.0,10.0,1.0,1.0,1.0,1.0,16206.0,3567,1016,2613,674242,171543,0,57.25,50.5,19.63602777777778,68.85561816488308,5.367776684896799,8.514404396732854,22.58168122611757,12.216319351834096,1.6658617297955585,228.7783442252567,1.8509574775506203,0.185095747755062,0.185095747755062,0.185095747755062,0.185095747755062,2999.6616881185355,0,0,0,0,0,0,0.0,0.0,0.0,0.0,0.0,0.0,3052,3386,-334,19.5,21.64,41.14,-2.13,93.9
서울,노원구,상계2동,11110660,11350640,623124.974650812,0.623124974650812,256.0,24.0,74.0,45.0,75.0,2.0,1290.0,0.0,3.0,0.0,1.0,2.0,29856.0,3567,1016,2613,674242,171543,0,57.25,50.5,19.63602777777778,410.8325142054494,38.51554820676088,118.75627363751272,72.21665288767666,120.36108814612776,3.209629017230073,2070.210716113397,0.0,4.81444352584511,0.0,1.6048145086150367,3.209629017230073,47913.34196921054,1,0,0,0,1,1,1.6,0.0,0.0,0.0,1.6,1.6,2180,2379,-199,25.4,27.72,53.13,-2.32,51.5
서울,노원구,상계3.4동,11110760,11350665,5211878.66450539,5.211878664505391,373.0,20.0,23.0,69.0,37.0,5.0,3166.0,9.0,1.0,1.0,0.0,2.0,10788.0,3567,1016,2613,674242,171543,0,57.25,50.5,19.63602777777778,71.56728389328262,3.837387876315422,4.412996057762736,13.238988173288206,7.099167571183531,0.9593469690788556,607.4585008207313,1.72682454434194,0.1918693938157711,0.1918693938157711,0.0,0.3837387876315422,2069.887020484539,0,0,0,0,0,0,0.0,0.0,0.0,0.0,0.0,0.0,2321,2490,-169,18.89,20.26,39.15,-1.38,97.0
서울,노원구,상계5동,11110690,11350670,906806.463528003,0.906806463528003,309.0,27.0,22.0,17.0,60.0,4.0,1573.0,1.0,4.0,0.0,0.0,1.0,14782.0,3567,1016,2613,674242,171543,0,57.25,50.5,19.63602777777778,340.7562830968483,29.774820853122662,24.26096513958143,18.7471094260402,66.1662685624948,4.411084570832987,1734.6590074800722,1.1027711427082467,4.411084570832987,0.0,0.0,1.1027711427082467,16301.163031513304,0,0,0,0,0,0,0.0,0.0,0.0,0.0,0.0,0.0,2182,2517,-335,20.13,23.22,43.35,-3.09,89.2
서울,노원구,상계6.7동,11110770,11350695,1450260.12081282,1.45026012081282,211.0,29.0,184.0,108.0,99.0,19.0,521.0,14.0,1.0,1.0,0.0,0.0,17825.0,3567,1016,2613,674242,171543,0,57.25,50.5,19.63602777777778,145.49114119041064,19.99641277024601,126.87379136983677,74.4693992822955,68.26361600877087,13.10109802188532,359.2458983895921,9.653440647704972,0.6895314748360694,0.6895314748360694,0.0,0.0,12290.898538952935,1,1,0,0,0,0,0.69,0.69,0.0,0.0,0.0,0.0,3408,3847,-439,24.87,28.08,52.95,-3.2,53.3
서울,노원구,상계8동,11110720,11350700,666347.762905999,0.666347762905999,89.0,12.0,29.0,96.0,47.0,3.0,155.0,10.0,1.0,0.0,0.0,0.0,4706.0,3567,1016,2613,674242,171543,0,57.25,50.5,19.63602777777778,133.56389104071346,18.008614522343386,43.52081842899651,144.0689161787471,70.53374021251159,4.502153630585847,232.61127091360208,15.007178768619488,1.500717876861949,0.0,0.0,0.0,7062.378328512331,1,0,0,1,0,1,1.5,0.0,0.0,1.5,0.0,1.5,2385,2905,-520,26.2,31.92,58.12,-5.71,33.3
서울,노원구,상계9동,11110730,11350710,719528.302062344,0.7195283020623441,80.0,18.0,29.0,112.0,68.0,1.0,165.0,5.0,1.0,1.0,0.0,1.0,5218.0,3567,1016,2613,674242,171543,0,57.25,50.5,19.63602777777778,111.18395172323372,25.01638913772759,40.30418249967223,155.65753241252722,94.50635896474869,1.3897993965404216,229.3169004291696,6.948996982702108,1.3897993965404216,1.3897993965404216,0.0,1.3897993965404216,7251.97325114792,1,1,0,0,0,1,1.39,1.39,0.0,0.0,0.0,1.39,1908,2331,-423,22.99,28.09,51.08,-5.1,62.2
서울,노원구,상계10동,11110740,11350720,809213.899883425,0.809213899883425,72.0,24.0,8.0,84.0,31.0,12.0,174.0,7.0,0.0,0.0,0.0,0.0,4228.0,3567,1016,2613,674242,171543,0,57.25,50.5,19.63602777777778,88.97523882174082,29.65841294058028,9.88613764686009,103.80444529203096,38.30878338158285,14.829206470290137,215.0234938192069,8.650370441002579,0.0,0.0,0.0,0.0,5224.823746365558,1,0,0,1,0,1,1.24,0.0,0.0,1.24,0.0,1.24,2012,2342,-330,26.01,30.27,56.28,-4.27,41.1
서울,은평구,녹번동,11120510,11380510,1794213.61290964,1.79421361290964,213.0,27.0,39.0,71.0,64.0,49.0,2340.0,12.0,0.0,2.0,1.0,1.0,15452.0,3493,2012,4369,436444,95284,0,61.525,55.9,17.262027777777778,118.71496151151268,15.048375402867803,21.736542248586822,39.57165383717089,35.670223177168126,27.310014620019345,1304.1925349152095,6.688166845719024,0.0,1.114694474286504,0.557347237143252,0.557347237143252,8612.12950833753,2,1,1,0,0,1,1.11,0.56,0.56,0.0,0.0,0.56,4164,4636,-472,23.75,26.44,50.2,-2.69,66.7
서울,은평구,불광제1동,11120520,11380520,3124924.74782615,3.1249247478261504,134.0,38.0,79.0,74.0,65.0,62.0,2306.0,12.0,5.0,1.0,0.0,2.0,14773.0,3493,2012,4369,436444,95284,0,61.525,55.9,17.262027777777778,42.88103260509455,12.160292828310393,25.28060877464529,23.68057024460445,20.80050089053093,19.840477772506432,737.9377700548359,3.8400924720980174,1.6000385300408413,0.3200077060081682,0.0,0.6400154120163365,4727.473840858669,2,0,0,1,1,1,0.64,0.0,0.0,0.32,0.32,0.32,4182,4185,-3,25.64,25.66,51.3,-0.02,60.9
서울,은평구,불광제2동,11120720,11380530,1396087.58009253,1.39608758009253,135.0,26.0,32.0,120.0,34.0,13.0,2727.0,7.0,2.0,2.0,0.0,0.0,12569.0,3493,2012,4369,436444,95284,0,61.525,55.9,17.262027777777778,96.69880451988008,18.62347346308801,22.92119810841602,85.95449290656008,24.35377299019202,9.311736731544007,1953.3158513015776,5.014012086216004,1.4325748817760011,1.4325748817760011,0.0,0.0,9003.01684452128,0,0,0,0,0,0,0.0,0.0,0.0,0.0,0.0,0.0,2979,3028,-49,21.01,21.35,42.36,-0.35,90.9
서울,은평구,갈현제1동,11120550,11380551,961069.971054395,0.961069971054395,64.0,33.0,49.0,6.0,36.0,63.0,1529.0,5.0,0.0,0.0,0.0,3.0,13665.0,3493,2012,4369,436444,95284,0,61.525,55.9,17.262027777777778,66.59244584427631,34.336729888454975,50.98484134952405,6.243041797900904,37.45825078740543,65.5519388779595,1590.9351514984137,5.202534831584087,0.0,0.0,0.0,3.121520898950452,14218.527694719309,1,1,0,0,0,1,1.04,1.04,0.0,0.0,0.0,1.04,1732,1953,-221,24.05,27.12,51.17,-3.07,61.4
서울,은평구,갈현제2동,11120560,11380552,985163.850818067,0.985163850818067,94.0,30.0,29.0,163.0,113.0,23.0,2102.0,4.0,2.0,1.0,0.0,0.0,15982.0,3493,2012,4369,436444,95284,0,61.525,55.9,17.262027777777778,95.41560007702644,30.45178725862545,29.43672768333794,165.45471077186497,114.7017320074892,23.34637023161285,2133.6552272543568,4.0602383011500605,2.0301191505750302,1.0150595752875151,0.0,0.0,16222.682132245069,1,0,1,0,0,1,1.02,0.0,1.02,0.0,0.0,1.02,3206,3241,-35,25.19,25.47,50.66,-0.28,64.2
서울,은평구,구산동,11120570,11380560,1389772.69923563,1.38977269923563,115.0,34.0,29.0,157.0,75.0,19.0,1838.0,9.0,2.0,0.0,0.0,0.0,9979.0,3493,2012,4369,436444,95284,0,61.525,55.9,17.262027777777778,82.74734426949787,24.464432218808067,20.86672159839512,112.96811348096664,53.96565930619426,13.671300357569214,1322.5184240638007,6.475879116743312,1.4390842481651804,0.0,0.0,0.0,7180.310856220167,1,0,0,1,0,1,0.72,0.0,0.0,0.72,0.0,0.72,2884,3099,-215,21.3,22.88,44.18,-1.59,85.7
서울,은평구,대조동,11120580,11380570,851691.556741446,0.851691556741446,95.0,24.0,105.0,51.0,59.0,62.0,2337.0,4.0,4.0,1.0,0.0,2.0,25865.0,3493,2012,4369,436444,95284,0,61.525,55.9,17.262027777777778,111.5427284068284,28.179215597514546,123.28406823912611,59.88083314471841,69.27390501055659,72.79630696024591,2743.9511188079787,4.696535932919091,4.696535932919091,1.1741339832297728,0.0,2.3482679664595456,30368.97547623808,1,0,0,0,1,1,1.17,0.0,0.0,0.0,1.17,1.17,3932,4009,-77,25.31,25.8,51.11,-0.5,61.8
서울,은평구,응암제1동,11120590,11380580,1109861.69168921,1.10986169168921,83.0,23.0,85.0,63.0,99.0,33.0,1451.0,4.0,2.0,1.0,0.0,2.0,16731.0,3493,2012,4369,436444,95284,0,61.525,55.9,17.262027777777778,74.78409302845111,20.72330288740212,76.58611936648607,56.76382964810145,89.20030373273084,29.733434577576947,1307.3701082443683,3.604052676069933,1.8020263380349664,0.9010131690174832,0.0,1.8020263380349664,15074.851330831512,2,0,1,0,1,1,1.8,0.0,0.9,0.0,0.9,0.9,3977,4457,-480,26.25,29.42,55.67,-3.17,43.6
서울,은평구,응암제2동,11120600,11380590,755246.186865714,0.755246186865714,56.0,34.0,19.0,51.0,59.0,18.0,874.0,6.0,2.0,1.0,0.0,0.0,7759.0,3493,2012,4369,436444,95284,0,61.525,55.9,17.262027777777778,74.14800759524661,45.018433182828296,25.15735971981581,67.52764977424245,78.1202222878491,23.83328815561498,1157.2385471115274,7.944429385204994,2.6481431284016645,1.3240715642008325,0.0,0.0,10273.471266634258,0,0,0,0,0,0,0.0,0.0,0.0,0.0,0.0,0.0,2845,3081,-236,25.98,28.14,54.12,-2.16,48.6
서울,은평구,응암제3동,11120730,11380600,752771.80525818,0.75277180525818,133.0,25.0,50.0,106.0,44.0,55.0,2446.0,5.0,5.0,0.0,0.0,1.0,17261.0,3493,2012,4369,436444,95284,0,61.525,55.9,17.262027777777778,176.6803685671844,33.21059559533541,66.42119119067083,140.81292532422216,58.450648247790326,73.06331030973791,3249.3246730476167,6.6421191190670825,6.6421191190670825,0.0,0.0,1.3284238238134165,22929.923622843384,2,0,1,1,0,2,2.66,0.0,1.33,1.33,0.0,2.66,2933,3042,-109,23.44,24.31,47.75,-0.87,73.3
서울,은평구,역촌동,11120740,11380625,1157540.57480353,1.15754057480353,126.0,50.0,57.0,44.0,109.0,39.0,3168.0,7.0,1.0,2.0,1.0,0.0,22236.0,3493,2012,4369,436444,95284,0,61.525,55.9,17.262027777777778,108.8514759159834,43.19503012539023,49.24233434294487,38.011626510343405,94.16516567335071,33.69212349780438,2736.8371087447254,6.0473042175546325,0.8639006025078046,1.7278012050156093,0.8639006025078046,0.0,19209.693797363543,1,0,1,0,0,1,0.86,0.0,0.86,0.0,0.0,0.86,5270,4965,305,24.71,23.28,47.99,1.43,72.4
서울,은평구,신사제1동,11120650,11380631,808312.277670399,0.808312277670399,70.0,24.0,34.0,43.0,38.0,21.0,1490.0,3.0,1.0,0.0,0.0,0.0,11124.0,3493,2012,4369,436444,95284,0,61.525,55.9,17.262027777777778,86.6001939272083,29.69149506075713,42.0629513360726,53.19726198385653,47.0115338461988,25.98005817816249,1843.346985022005,3.711436882594641,1.237145627531547,0.0,0.0,0.0,13762.00796066093,0,0,0,0,0,0,0.0,0.0,0.0,0.0,0.0,0.0,2892,3194,-302,24.05,26.57,50.62,-2.51,64.4
서울,은평구,신사제2동,11120660,11380632,1046220.27196433,1.04622027196433,124.0,31.0,17.0,91.0,34.0,26.0,1536.0,7.0,1.0,1.0,0.0,0.0,6554.0,3493,2012,4369,436444,95284,0,61.525,55.9,17.262027777777778,118.52188618672425,29.630471546681058,16.248968267534774,86.97977131445084,32.49793653506955,24.85136323270024,1468.1420740549063,6.690751639573142,0.9558216627961632,0.9558216627961632,0.0,0.0,6264.455177966053,1,0,0,1,0,1,0.96,0.0,0.0,0.96,0.0,0.96,1919,2065,-146,21.17,22.78,43.96,-1.61,86.8
서울,은평구,증산동,11120670,11380640,807727.80240659,0.8077278024065899,65.0,11.0,22.0,48.0,37.0,24.0,1307.0,2.0,1.0,0.0,0.0,2.0,7667.0,3493,2012,4369,436444,95284,0,61.525,55.9,17.262027777777778,80.47265403807486,13.618449144904975,27.23689828980996,59.425959905039896,45.80751076013492,29.712979952519948,1618.1193665809822,2.4760816627099955,1.2380408313549978,0.0,0.0,2.4760816627099955,9492.059053998768,1,0,0,1,0,1,1.24,0.0,0.0,1.24,0.0,1.24,1553,3936,-2383,23.59,59.79,83.38,-36.2,2.1
서울,은평구,수색동,11120680,11380650,1289935.0532824,1.2899350532824,52.0,19.0,13.0,41.0,21.0,21.0,670.0,3.0,2.0,0.0,1.0,1.0,5443.0,3493,2012,4369,436444,95284,0,61.525,55.9,17.262027777777778,40.31210708452301,14.729423742421869,10.078026771130752,31.78454597048929,16.279889399518904,16.279889399518904,519.4059951275079,2.325698485645558,1.5504656570970383,0.0,0.7752328285485193,0.7752328285485193,4219.59228578959,2,1,1,0,0,2,1.55,0.78,0.78,0.0,0.0,1.55,2667,2095,572,31.03,24.37,55.4,6.65,44.0
서울,은평구,진관동,11120710,11380690,11565305.0200001,11.5653050200001,263.0,71.0,69.0,216.0,185.0,67.0,1177.0,14.0,2.0,3.0,4.0,3.0,22554.0,3493,2012,4369,436444,95284,0,61.525,55.9,17.262027777777778,22.74042920140793,6.139051229277426,5.9661202087344,18.676550218646817,15.996119400229912,5.793189188191374,101.76990558957084,1.2105171438011826,0.1729310205430261,0.2593965308145391,0.3458620410860522,0.2593965308145391,1950.1431186637053,8,0,2,2,4,6,0.69,0.0,0.17,0.17,0.35,0.52,4378,5152,-774,20.32,23.91,44.24,-3.59,85.5
서울,서대문구,천연동,11130520,11410520,982816.180585729,0.982816180585729,59.0,36.0,25.0,48.0,37.0,15.0,842.0,1.0,1.0,1.0,0.0,0.0,7028.0,2385,1560,3117,255637,27740,0,62.675,57.48125,17.409944444444445,60.0315716870247,36.62943357174388,25.437106647044363,48.83924476232518,37.64691783762566,15.262263988226618,856.7217518724542,1.0174842658817749,1.0174842658817749,1.0174842658817749,0.0,0.0,7150.879420617112,3,0,0,1,2,1,3.05,0.0,0.0,1.02,2.03,1.02,1904,1953,-49,25.01,25.66,50.67,-0.64,63.9
서울,서대문구,북아현동,11130740,11410555,458992.81564021,0.45899281564021,40.0,16.0,31.0,48.0,41.0,10.0,1158.0,2.0,0.0,0.0,1.0,1.0,7507.0,2385,1560,3117,255637,27740,0,62.675,57.48125,17.409944444444445,87.14733354640292,34.858933418561165,67.53918349846225,104.5768002556835,89.32601688506298,21.78683338660073,2522.915306168364,4.357366677320146,0.0,0.0,2.178683338660073,2.178683338660073,16355.375823321168,0,0,0,0,0,0,0.0,0.0,0.0,0.0,0.0,0.0,2192,2285,-93,31.26,32.59,63.85,-1.33,18.3
서울,서대문구,충현동,11130730,11410565,1116000.97680895,1.11600097680895,78.0,43.0,24.0,85.0,14.0,20.0,2307.0,1.0,1.0,3.0,0.0,3.0,13409.0,2385,1560,3117,255637,27740,0,62.675,57.48125,17.409944444444445,69.89241194307031,38.53043222502594,21.50535752094472,76.16480788667918,12.54479188721775,17.921131267453926,2067.2024917008107,0.8960565633726963,0.8960565633726963,2.688169690118089,0.0,2.688169690118089,12015.222458264485,8,1,3,0,4,8,7.17,0.9,2.69,0.0,3.58,7.17,2560,2766,-206,25.79,27.86,53.65,-2.08,49.8
서울,서대문구,신촌동,11130750,11410585,2720232.68288325,2.72023268288325,159.0,47.0,61.0,96.0,84.0,90.0,2626.0,5.0,5.0,1.0,0.0,2.0,40537.0,2385,1560,3117,255637,27740,0,62.675,57.48125,17.409944444444445,58.45088216184194,17.277933720796042,22.424552275926786,35.29109866375362,30.87971133078442,33.08540499726902,965.3585946980938,1.8380780554038345,1.8380780554038345,0.3676156110807669,0.0,0.7352312221615338,14902.034026381049,8,2,1,0,5,5,2.94,0.74,0.37,0.0,1.84,1.84,5650,5623,27,36.32,36.14,72.46,0.17,4.7
서울,서대문구,연희동,11130760,11410615,2929250.19498663,2.92925019498663,210.0,57.0,41.0,70.0,53.0,26.0,3651.0,11.0,2.0,1.0,3.0,0.0,22594.0,2385,1560,3117,255637,27740,0,62.675,57.48125,17.409944444444445,71.6907010399494,19.458904567986263,13.996755917323457,23.8969003466498,18.093367405320564,8.875991557327069,1246.3940452231204,3.755227197330683,0.6827685813328515,0.3413842906664257,1.0241528719992772,0.0,7713.236663317223,9,1,1,0,7,7,3.07,0.34,0.34,0.0,2.39,2.39,4722,4979,-257,25.26,26.63,51.89,-1.37,59.3
서울,서대문구,홍제제1동,11130620,11410620,1235748.55496882,1.23574855496882,92.0,22.0,49.0,53.0,54.0,11.0,1240.0,6.0,1.0,1.0,0.0,1.0,8442.0,2385,1560,3117,255637,27740,0,62.675,57.48125,17.409944444444445,74.44880241217139,17.802974489867072,39.65207954561302,42.88898399831613,43.6982101114919,8.901487244933536,1003.4403803379622,4.855356679054656,0.809226113175776,0.809226113175776,0.0,0.809226113175776,6831.486847429901,1,0,0,1,0,1,0.81,0.0,0.0,0.81,0.0,0.81,2571,2703,-132,22.95,24.13,47.07,-1.18,74.9
서울,서대문구,홍제제3동,11130640,11410640,1208888.80621376,1.2088888062137602,94.0,42.0,44.0,65.0,51.0,16.0,1529.0,7.0,3.0,0.0,0.0,1.0,9741.0,2385,1560,3117,255637,27740,0,62.675,57.48125,17.409944444444445,77.75735825895188,34.74264943485084,36.39706131270088,53.7683860301263,42.187502885176016,13.23529502280032,1264.7978806163555,5.79044157247514,2.48161781677506,0.0,0.0,0.82720593892502,8057.81305106862,0,0,0,0,0,0,0.0,0.0,0.0,0.0,0.0,0.0,1978,2167,-189,24.96,27.35,52.31,-2.39,57.4
서울,서대문구,홍제제2동,11130650,11410655,699977.344219345,0.699977344219345,24.0,9.0,11.0,26.0,29.0,8.0,526.0,0.0,0.0,0.0,0.0,0.0,5060.0,2385,1560,3117,255637,27740,0,62.675,57.48125,17.409944444444445,34.286823992519615,12.857558997194856,15.714794329904825,37.144059325229584,41.42991232429453,11.428941330839873,751.4528925027216,0.0,0.0,0.0,0.0,0.0,7228.805391756219,0,0,0,0,0,0,0.0,0.0,0.0,0.0,0.0,0.0,1276,2075,-799,24.43,39.73,64.16,-15.3,16.9
서울,서대문구,홍은제1동,11130660,11410660,1598758.1116622,1.5987581116622,106.0,30.0,15.0,36.0,49.0,2.0,1549.0,4.0,5.0,1.0,1.0,0.0,8233.0,2385,1560,3117,255637,27740,0,62.675,57.48125,17.409944444444445,66.30146188268199,18.764564683777923,9.382282341888962,22.51747762053351,30.64878898350394,1.2509709789185282,968.8770231724,2.5019419578370563,3.1274274472963204,0.6254854894592641,0.6254854894592641,0.0,5149.6220347181215,0,0,0,0,0,0,0.0,0.0,0.0,0.0,0.0,0.0,2145,2254,-109,20.6,21.64,42.24,-1.05,91.3
서울,서대문구,홍은제2동,11130680,11410685,2075040.8723445,2.0750408723445,161.0,71.0,15.0,84.0,78.0,24.0,1990.0,7.0,1.0,1.0,0.0,0.0,9881.0,2385,1560,3117,255637,27740,0,62.675,57.48125,17.409944444444445,77.58883313854582,34.21619349588046,7.228773273777562,40.48113033315435,37.58962102364332,11.566037238044098,959.0172543211564,3.3734275277628623,0.4819182182518374,0.4819182182518374,0.0,0.0,4761.833914546406,2,1,1,0,0,1,0.96,0.48,0.48,0.0,0.0,0.48,2994,3277,-283,23.49,25.71,49.2,-2.22,69.1
서울,서대문구,남가좌제1동,11130690,11410690,475535.682163804,0.475535682163804,35.0,16.0,34.0,20.0,41.0,10.0,236.0,5.0,2.0,0.0,0.0,0.0,6798.0,2385,1560,3117,255637,27740,0,62.675,57.48125,17.409944444444445,73.60120662395178,33.6462658852351,71.49831500612459,42.05783235654388,86.21855633091495,21.02891617827194,496.28242180721776,10.51445808913597,4.205783235654388,0.0,0.0,0.0,14295.457217989264,0,0,0,0,0,0,0.0,0.0,0.0,0.0,0.0,0.0,1741,1776,-35,27.22,27.77,55.0,-0.55,45.4
서울,서대문구,남가좌제2동,11130700,11410700,783613.36901686,0.7836133690168601,76.0,25.0,46.0,60.0,78.0,17.0,1574.0,8.0,5.0,1.0,0.0,0.0,13334.0,2385,1560,3117,255637,27740,0,62.675,57.48125,17.409944444444445,96.98660462537974,31.90348836361176,58.70241858904563,76.56837207266821,99.53888369446868,21.694372087255992,2008.643627372996,10.20911627635576,6.380697672722351,1.2761395345444702,0.0,0.0,17016.044553615968,1,0,0,1,0,1,1.28,0.0,0.0,1.28,0.0,1.28,3339,3591,-252,25.21,27.11,52.33,-1.9,56.9
서울,서대문구,북가좌제1동,11130710,11410710,577978.485632837,0.577978485632837,51.0,11.0,24.0,47.0,53.0,11.0,589.0,3.0,0.0,0.0,0.0,0.0,5003.0,2385,1560,3117,255637,27740,0,62.675,57.48125,17.409944444444445,88.23857854182818,19.031850273727645,41.52403696086032,81.31790571501813,91.6989149552332,19.031850273727645,1019.0690737477804,5.19050462010754,0.0,0.0,0.0,0.0,8656.031538132675,0,0,0,0,0,0,0.0,0.0,0.0,0.0,0.0,0.0,1630,1744,-114,24.28,25.98,50.25,-1.7,66.3
서울,서대문구,북가좌제2동,11130720,11410720,824950.545198064,0.824950545198064,121.0,36.0,37.0,25.0,85.0,4.0,2318.0,7.0,2.0,1.0,1.0,0.0,12879.0,2385,1560,3117,255637,27740,0,62.675,57.48125,17.409944444444445,146.6754591585231,43.63897958435398,44.85117346169714,30.30484693357916,103.03647957416912,4.848775509372665,2809.865407681459,8.485357141402163,2.4243877546863324,1.2121938773431662,1.2121938773431662,0.0,15611.844946302635,0,0,0,0,0,0,0.0,0.0,0.0,0.0,0.0,0.0,2898,3269,-371,19.98,22.53,42.51,-2.56,90.4
서울,마포구,아현동,11140780,11440555,748833.939918509,0.748833939918509,61.0,17.0,75.0,55.0,78.0,16.0,607.0,10.0,1.0,2.0,0.0,2.0,15231.0,3834,2153,3015,885435,50289,0,61.575,57.3,19.08927777777778,81.45998297918796,22.70196246960976,100.15571677769012,73.44752563697274,104.16194544879772,21.36655291257389,810.593601120772,13.354095570358682,1.3354095570358682,2.6708191140717363,0.0,2.6708191140717363,20339.622963213307,0,0,0,0,0,0,0.0,0.0,0.0,0.0,0.0,0.0,3864,3658,206,31.89,30.19,62.07,1.7,23.2
서울,마포구,공덕동,11140770,11440565,1019280.33151626,1.01928033151626,124.0,37.0,61.0,73.0,64.0,21.0,2453.0,4.0,4.0,0.0,1.0,1.0,21490.0,3834,2153,3015,885435,50289,0,61.575,57.3,19.08927777777778,121.6544616489756,36.30012162106531,59.84614645635091,71.61915887399371,62.78939956076161,20.602771730874903,2406.599955039816,3.924337472547601,3.924337472547601,0.0,0.9810843681369,0.9810843681369,21083.503071261985,2,2,0,0,0,1,1.96,1.96,0.0,0.0,0.0,0.98,4714,5031,-317,25.48,27.2,52.68,-1.71,54.6
서울,마포구,도화동,11140750,11440585,625017.929600411,0.625017929600411,76.0,34.0,79.0,47.0,51.0,3.0,980.0,2.0,2.0,0.0,0.0,3.0,16678.0,3834,2153,3015,885435,50289,0,61.575,57.3,19.08927777777778,121.59651171701368,54.39843945234822,126.39637402163262,75.19784277236371,81.59765917852232,4.79986230461896,1567.9550195088605,3.199908203079307,3.199908203079307,0.0,0.0,4.79986230461896,26684.03450547834,0,0,0,0,0,0,0.0,0.0,0.0,0.0,0.0,0.0,2411,2477,-66,25.94,26.65,52.59,-0.71,54.8
서울,마포구,용강동,11140590,11440590,790601.028755815,0.790601028755815,67.0,22.0,38.0,29.0,96.0,6.0,700.0,6.0,3.0,1.0,1.0,0.0,19396.0,3834,2153,3015,885435,50289,0,61.575,57.3,19.08927777777778,84.7456524379171,27.82693065125636,48.06469839762463,36.68095404029248,121.42660647820958,7.589162904888099,885.4023389036115,7.589162904888099,3.794581452444049,1.2648604841480164,1.2648604841480164,0.0,24533.233950534926,0,0,0,0,0,0,0.0,0.0,0.0,0.0,0.0,0.0,2611,2589,22,28.18,27.94,56.12,0.24,42.4
서울,마포구,대흥동,11140600,11440600,848198.051234668,0.848198051234668,96.0,31.0,69.0,84.0,113.0,15.0,1654.0,4.0,0.0,0.0,0.0,2.0,15486.0,3834,2153,3015,885435,50289,0,61.575,57.3,19.08927777777778,113.18111360932616,36.54806793634491,81.34892540670317,99.0334744081604,133.2236024776443,17.68454900145721,1950.0162698940155,4.715879733721923,0.0,0.0,0.0,2.3579398668609617,18257.528389104424,2,1,0,0,1,2,2.36,1.18,0.0,0.0,1.18,2.36,3039,3124,-85,34.98,35.95,70.93,-0.98,6.1
서울,마포구,염리동,11140610,11440610,497332.785526149,0.4973327855261489,76.0,10.0,13.0,92.0,68.0,2.0,942.0,3.0,1.0,0.0,0.0,0.0,8124.0,3834,2153,3015,885435,50289,0,61.575,57.3,19.08927777777778,152.81518172906388,20.1072607538242,26.13943897997145,184.9867989351826,136.72937312600453,4.021452150764839,1894.10396301024,6.032178226147259,2.0107260753824194,0.0,0.0,0.0,16335.138636406777,1,0,0,1,0,1,2.01,0.0,0.0,2.01,0.0,2.01,2403,2435,-32,31.17,31.58,62.75,-0.42,21.4
서울,마포구,신수동,11140630,11440630,797878.828336459,0.797878828336459,87.0,24.0,21.0,60.0,54.0,7.0,1136.0,5.0,3.0,0.0,3.0,2.0,12165.0,3834,2153,3015,885435,50289,0,61.575,57.3,19.08927777777778,109.03911334681112,30.07975540601686,26.319785980264754,75.19938851504214,67.67944966353794,8.773261993421585,1423.7750892181314,6.266615709586846,3.759969425752108,0.0,3.759969425752108,2.5066462838347383,15246.676021424795,1,1,0,0,0,0,1.25,1.25,0.0,0.0,0.0,0.0,2912,2848,64,28.81,28.17,56.98,0.63,37.7
서울,마포구,서강동,11140760,11440655,1478782.95430555,1.4787829543055502,104.0,62.0,20.0,12.0,84.0,16.0,1522.0,8.0,1.0,1.0,0.0,1.0,19662.0,3834,2153,3015,885435,50289,0,61.575,57.3,19.08927777777778,70.32810305068693,41.92636912637106,13.52463520205518,8.114781121233108,56.80346784863176,10.819708161644144,1029.2247388763992,5.409854080822072,0.676231760102759,0.676231760102759,0.0,0.676231760102759,13296.068867140448,5,1,1,1,2,4,3.38,0.68,0.68,0.68,1.35,2.7,3381,3538,-157,27.5,28.78,56.28,-1.28,41.1
서울,마포구,서교동,11140660,11440660,1678769.22166618,1.67876922166618,203.0,80.0,206.0,35.0,219.0,67.0,3898.0,7.0,10.0,3.0,1.0,3.0,98049.0,3834,2153,3015,885435,50289,0,61.575,57.3,19.08927777777778,120.92192147680804,47.65395920268298,122.70894494690867,20.8486071511738,130.45271331734466,39.910190832247,2321.939162150728,4.169721430234761,5.956744900335372,1.7870234701006116,0.5956744900335372,1.7870234701006116,58405.28807329829,20,5,3,2,10,14,11.91,2.98,1.79,1.19,5.96,8.34,4541,4817,-276,30.0,31.83,61.83,-1.82,23.4
서울,마포구,합정동,11140680,11440680,1712386.08179865,1.71238608179865,90.0,28.0,27.0,35.0,31.0,16.0,1803.0,3.0,1.0,0.0,0.0,2.0,23273.0,3834,2153,3015,885435,50289,0,61.575,57.3,19.08927777777778,52.55824078263129,16.351452687929733,15.767472234789386,20.439315859912167,18.103394047350776,9.343687250245562,1052.916757012047,1.751941359421043,0.5839804531403476,0.0,0.0,1.1679609062806953,13590.97708593531,3,0,1,0,2,1,1.75,0.0,0.58,0.0,1.17,0.58,2411,2676,-265,27.2,30.19,57.38,-2.99,36.1
서울,마포구,망원제1동,11140690,11440690,1101002.65464808,1.10100265464808,64.0,25.0,46.0,0.0,17.0,2.0,1775.0,3.0,1.0,1.0,0.0,1.0,20634.0,3834,2153,3015,885435,50289,0,61.575,57.3,19.08927777777778,58.1288335044539,22.706575587677303,41.78009908132624,0.0,15.440471399620566,1.8165260470141844,1612.1668667250883,2.7247890705212767,0.9082630235070922,0.9082630235070922,0.0,0.9082630235070922,18741.09922704534,3,1,0,0,2,2,2.72,0.91,0.0,0.0,1.82,1.82,2361,2717,-356,23.57,27.12,50.69,-3.55,63.7
서울,마포구,망원제2동,11140700,11440700,676409.293465789,0.6764092934657889,64.0,35.0,17.0,34.0,50.0,3.0,1082.0,2.0,4.0,1.0,0.0,0.0,13614.0,3834,2153,3015,885435,50289,0,61.575,57.3,19.08927777777778,94.617268890669,51.743818924584616,25.13271204908396,50.26542409816791,73.91974132083517,4.43518447925011,1599.623202182873,2.9567896528334066,5.913579305666813,1.4783948264167033,0.0,0.0,20126.867166837,0,0,0,0,0,0,0.0,0.0,0.0,0.0,0.0,0.0,1844,2208,-364,22.55,27.01,49.56,-4.45,67.9
서울,마포구,연남동,11140710,11440710,647438.983596255,0.647438983596255,74.0,22.0,10.0,60.0,17.0,4.0,2034.0,2.0,3.0,1.0,0.0,0.0,27717.0,3834,2153,3015,885435,50289,0,61.575,57.3,19.08927777777778,114.29648488103189,33.98003604571218,15.445470929869172,92.67282557921504,26.257300580777592,6.178188371947669,3141.60878713539,3.0890941859738343,4.633641278960752,1.5445470929869172,0.0,0.0,42810.21177631839,1,1,0,0,0,0,1.54,1.54,0.0,0.0,0.0,0.0,2227,2342,-115,26.84,28.23,55.07,-1.39,45.0
서울,마포구,성산제1동,11140720,11440720,859252.948679063,0.859252948679063,102.0,26.0,15.0,76.0,35.0,15.0,1730.0,4.0,0.0,0.0,0.0,1.0,13259.0,3834,2153,3015,885435,50289,0,61.575,57.3,19.08927777777778,118.70776836646937,30.258842916943173,17.457024759774907,88.4489254495262,40.73305777280812,17.457024759774907,2013.3768556273728,4.655206602606642,0.0,0.0,0.0,1.1638016506516604,15430.846085990366,3,0,0,1,2,2,3.49,0.0,0.0,1.16,2.33,2.33,2524,2535,-11,26.17,26.29,52.46,-0.11,55.5
서울,마포구,성산제2동,11140730,11440730,1978720.06146763,1.97872006146763,159.0,41.0,41.0,107.0,79.0,33.0,1153.0,10.0,2.0,1.0,1.0,2.0,16878.0,3834,2153,3015,885435,50289,0,61.575,57.3,19.08927777777778,80.35497445862485,20.720465111972445,20.720465111972445,54.07536017026956,39.924798630385936,16.677447529148555,582.6999091244934,5.053771978529865,1.010754395705973,0.5053771978529865,0.5053771978529865,1.010754395705973,8529.756345362706,1,0,1,0,0,1,0.51,0.0,0.51,0.0,0.0,0.51,4773,4973,-200,24.26,25.27,49.53,-1.02,68.1
서울,마포구,상암동,11140740,11440740,8402390.9268179,8.4023909268179,123.0,98.0,59.0,120.0,110.0,44.0,852.0,17.0,1.0,1.0,1.0,3.0,20877.0,3834,2153,3015,885435,50289,0,61.575,57.3,19.08927777777778,14.638690471710984,11.663346879899809,7.021810876674374,14.281649240693644,13.091511803969173,5.2366047215876685,101.39970960892488,2.0232336424316,0.119013743672447,0.119013743672447,0.119013743672447,0.357041231017341,2484.649926649676,6,1,2,0,3,6,0.71,0.12,0.24,0.0,0.36,0.71,3353,3543,-190,26.21,27.69,53.9,-1.49,49.2
서울,양천구,목1동,11150510,11470510,1433106.57510794,1.43310657510794,195.0,24.0,130.0,81.0,246.0,30.0,520.0,2.0,3.0,0.0,3.0,2.0,31952.0,3019,1059,4064,481864,89256,0,55.1,50.575,19.367444444444445,136.0680380559365,16.74683545303834,90.71202537062432,56.5205696540044,171.655063393643,20.93354431629792,362.8481014824973,1.3955696210865285,2.0933544316297925,0.0,2.0933544316297925,1.3955696210865285,22295.62026647837,4,2,1,0,1,1,2.79,1.4,0.7,0.0,0.7,0.7,3330,3435,-105,32.29,33.31,65.6,-1.02,13.3
서울,양천구,목2동,11150520,11470520,1021352.45834582,1.02135245834582,426.0,16.0,26.0,162.0,60.0,6.0,1613.0,3.0,3.0,0.0,0.0,1.0,11849.0,3019,1059,4064,481864,89256,0,55.1,50.575,19.367444444444445,417.094017367862,15.665502999731906,25.456442374564347,158.61321787228556,58.74563624899465,5.874563624899465,1579.2785211604728,2.9372818124497324,2.9372818124497324,0.0,0.0,0.979093937483244,11601.28406523896,0,0,0,0,0,0,0.0,0.0,0.0,0.0,0.0,0.0,3400,3890,-490,25.67,29.37,55.04,-3.7,45.2
서울,양천구,목3동,11150530,11470530,531848.171094495,0.531848171094495,265.0,8.0,59.0,47.0,41.0,6.0,1244.0,4.0,4.0,1.0,0.0,1.0,12744.0,3019,1059,4064,481864,89256,0,55.1,50.575,19.367444444444445,498.2625012222082,15.04188682934968,110.9339153664539,88.37108512242938,77.08967000041712,11.28141512201226,2339.013401963876,7.52094341467484,7.52094341467484,1.88023585366871,0.0,1.88023585366871,23961.72571915404,0,0,0,0,0,0,0.0,0.0,0.0,0.0,0.0,0.0,2702,3001,-299,26.81,29.77,56.58,-2.97,39.0
서울,양천구,목4동,11150540,11470540,577491.217306535,0.577491217306535,299.0,14.0,42.0,40.0,106.0,10.0,1398.0,4.0,3.0,0.0,0.0,0.0,13642.0,3019,1059,4064,481864,89256,0,55.1,50.575,19.367444444444445,517.7567918600733,24.2427929299031,72.7283787897093,69.265122656866,183.5525750406949,17.3162806642165,2420.8160368574668,6.9265122656866,5.1948841992649495,0.0,0.0,0.0,23622.870082124147,1,0,0,1,0,1,1.73,0.0,0.0,1.73,0.0,1.73,2509,2753,-244,25.37,27.84,53.21,-2.47,51.1
서울,양천구,목5동,11150710,11470550,1766355.94813731,1.76635594813731,218.0,28.0,49.0,120.0,570.0,18.0,389.0,9.0,2.0,1.0,1.0,1.0,17956.0,3019,1059,4064,481864,89256,0,55.1,50.575,19.367444444444445,123.41793296526068,15.851844601042655,27.74072805182465,67.93647686161138,322.6982650926541,10.190471529241709,220.22741249305693,5.095235764620854,1.1322746143601898,0.5661373071800949,0.5661373071800949,0.5661373071800949,10165.561487725785,1,0,0,1,0,0,0.57,0.0,0.0,0.57,0.0,0.0,4142,4216,-74,30.62,31.16,61.78,-0.55,24.0
서울,양천구,신월1동,11150570,11470560,622396.409231631,0.622396409231631,307.0,9.0,20.0,5.0,26.0,8.0,1810.0,5.0,4.0,1.0,0.0,0.0,12603.0,3019,1059,4064,481864,89256,0,55.1,50.575,19.367444444444445,493.2547737205002,14.460237666073295,32.133861480162885,8.033465370040721,41.77401992421174,12.853544592065152,2908.1144639547406,8.033465370040721,6.426772296032576,1.606693074008144,0.0,0.0,20249.15281172464,0,0,0,0,0,0,0.0,0.0,0.0,0.0,0.0,0.0,1827,2215,-388,18.49,22.42,40.92,-3.93,94.4
서울,양천구,신월2동,11150580,11470570,606808.671203031,0.606808671203031,267.0,9.0,20.0,57.0,53.0,8.0,861.0,4.0,2.0,0.0,0.0,0.0,7613.0,3019,1059,4064,481864,89256,0,55.1,50.575,19.367444444444445,440.00689619457495,14.831693130154212,32.95931806700936,93.93405649097669,87.3421928775748,13.183727226803745,1418.8986427847528,6.591863613401872,3.295931806700936,0.0,0.0,0.0,12545.964422207113,1,0,1,0,0,0,1.65,0.0,1.65,0.0,0.0,0.0,2043,2232,-189,23.47,25.64,49.1,-2.17,69.3
서울,양천구,신월3동,11150590,11470580,918034.203684149,0.918034203684149,275.0,12.0,15.0,108.0,9.0,6.0,1629.0,2.0,1.0,0.0,1.0,0.0,6151.0,3019,1059,4064,481864,89256,0,55.1,50.575,19.367444444444445,299.55310912861603,13.071408398339608,16.33926049792451,117.64267558505648,9.803556298754708,6.535704199169804,1774.4436900746018,2.1785680663899347,1.0892840331949674,0.0,1.0892840331949674,0.0,6700.186088182244,2,0,2,0,0,1,2.18,0.0,2.18,0.0,0.0,1.09,1375,1570,-195,18.53,21.16,39.69,-2.63,96.0
서울,양천구,신월4동,11150600,11470590,469870.966596105,0.469870966596105,180.0,10.0,21.0,38.0,47.0,4.0,656.0,5.0,0.0,0.0,0.0,0.0,8098.0,3019,1059,4064,481864,89256,0,55.1,50.575,19.367444444444445,383.0838949339163,21.2824386074398,44.69312107562357,80.87326670827123,100.02746145496704,8.512975442975918,1396.127972648051,10.6412193037199,0.0,0.0,0.0,0.0,17234.518784304746,0,0,0,0,0,0,0.0,0.0,0.0,0.0,0.0,0.0,1259,1542,-283,18.6,22.79,41.39,-4.18,93.3
서울,양천구,신월5동,11150610,11470600,638564.00020158,0.63856400020158,207.0,13.0,11.0,58.0,38.0,2.0,973.0,4.0,2.0,1.0,0.0,0.0,6860.0,3019,1059,4064,481864,89256,0,55.1,50.575,19.367444444444445,324.1648447683472,20.35817865694934,17.226151171264828,90.8287970848509,59.508522228005766,3.132027485684514,1523.731371785516,6.264054971369028,3.132027485684514,1.566013742842257,0.0,0.0,10742.854275897882,0,0,0,0,0,0,0.0,0.0,0.0,0.0,0.0,0.0,1580,1624,-44,24.85,25.54,50.39,-0.69,65.6
서울,양천구,신월6동,11150620,11470610,444284.210495894,0.444284210495894,118.0,12.0,20.0,29.0,35.0,2.0,292.0,2.0,3.0,0.0,0.0,0.0,6128.0,3019,1059,4064,481864,89256,0,55.1,50.575,19.367444444444445,265.5957542769586,27.009737723080534,45.01622953846756,65.27353283077795,78.77840169231821,4.501622953846756,657.2369512616262,4.501622953846756,6.752434430770133,0.0,0.0,0.0,13792.972730586458,0,0,0,0,0,0,0.0,0.0,0.0,0.0,0.0,0.0,1803,1991,-188,33.96,37.5,71.46,-3.54,5.4
서울,양천구,신월7동,11150630,11470611,1230620.8909889,1.2306208909889,296.0,19.0,19.0,52.0,23.0,10.0,995.0,8.0,3.0,1.0,0.0,1.0,8036.0,3019,1059,4064,481864,89256,0,55.1,50.575,19.367444444444445,240.5289900142528,15.43936084550947,15.43936084550947,42.2550928403417,18.68975260245883,8.125979392373404,808.5349495411538,6.500783513898724,2.4377938177120213,0.8125979392373405,0.0,0.8125979392373405,6530.037039711268,1,0,1,0,0,1,0.81,0.0,0.81,0.0,0.0,0.81,1713,2040,-327,18.89,22.5,41.39,-3.61,93.3
서울,양천구,신정1동,11150640,11470620,747565.402344229,0.7475654023442291,164.0,28.0,39.0,48.0,136.0,10.0,584.0,7.0,2.0,1.0,0.0,1.0,12175.0,3019,1059,4064,481864,89256,0,55.1,50.575,19.367444444444445,219.3787988124194,37.45491687041307,52.169348498075344,64.20842892070812,181.92388194200635,13.376756025147523,781.2025518686155,9.363729217603268,2.675351205029505,1.3376756025147525,0.0,1.3376756025147525,16286.200460617112,0,0,0,0,0,0,0.0,0.0,0.0,0.0,0.0,0.0,2148,2251,-103,30.88,32.36,63.23,-1.48,19.4
서울,양천구,신정2동,11150650,11470630,525897.521879868,0.525897521879868,177.0,14.0,37.0,38.0,169.0,4.0,672.0,2.0,4.0,0.0,0.0,0.0,11128.0,3019,1059,4064,481864,89256,0,55.1,50.575,19.367444444444445,336.56747300747406,26.621156057088346,70.35591243659063,72.25742358352551,321.355383831995,7.606044587739527,1277.8154907402406,3.803022293869764,7.606044587739527,0.0,0.0,0.0,21160.016043091364,0,0,0,0,0,0,0.0,0.0,0.0,0.0,0.0,0.0,1918,2067,-149,27.86,30.02,57.88,-2.16,34.2
서울,양천구,신정3동,11150660,11470640,2756522.28937547,2.75652228937547,529.0,57.0,60.0,201.0,99.0,22.0,1253.0,13.0,2.0,1.0,2.0,0.0,12695.0,3019,1059,4064,481864,89256,0,55.1,50.575,19.367444444444445,191.90847904221104,20.678229310786445,21.766557169248888,72.91796651698378,35.914819329260666,7.981070962057926,454.558268884481,4.716087386670592,0.7255519056416296,0.3627759528208148,0.7255519056416296,0.0,4605.440721060244,2,0,1,1,0,2,0.73,0.0,0.36,0.36,0.0,0.73,3974,4872,-898,21.63,26.51,48.14,-4.89,71.9
서울,양천구,신정4동,11150720,11470650,997139.750992526,0.997139750992526,507.0,18.0,85.0,88.0,85.0,12.0,2570.0,10.0,2.0,1.0,0.0,1.0,29124.0,3019,1059,4064,481864,89256,0,55.1,50.575,19.367444444444445,508.4543059238646,18.05163216297744,85.24381854739347,88.2524239078897,85.24381854739347,12.03442144198496,2577.371925491779,10.028684534987468,2.0057369069974933,1.0028684534987466,0.0,1.0028684534987466,29207.5408396975,1,0,0,1,0,1,1.0,0.0,0.0,1.0,0.0,1.0,3949,4201,-252,23.72,25.23,48.95,-1.51,69.8
서울,양천구,신정6동,11150690,11470670,940881.636873846,0.940881636873846,131.0,19.0,9.0,28.0,225.0,12.0,163.0,7.0,0.0,1.0,0.0,0.0,7711.0,3019,1059,4064,481864,89256,0,55.1,50.575,19.367444444444445,139.2311156536734,20.19382593450225,9.56549649529054,29.7593224297928,239.1374123822635,12.753995327054051,173.24176985915088,7.439830607448198,0.0,1.062832943921171,0.0,0.0,8195.50483057615,4,3,0,1,0,3,4.25,3.19,0.0,1.06,0.0,3.19,2580,2593,-13,31.4,31.56,62.96,-0.16,20.1
서울,양천구,신정7동,11150700,11470680,1234125.91631458,1.23412591631458,229.0,27.0,37.0,77.0,146.0,6.0,400.0,5.0,3.0,1.0,0.0,1.0,9309.0,3019,1059,4064,481864,89256,0,55.1,50.575,19.367444444444445,185.5564306467637,21.87783243433458,29.98073333593998,62.39233694236158,118.30235316343884,4.86174054096324,324.116036064216,4.0514504508027,2.43087027048162,0.81029009016054,0.0,0.81029009016054,7542.990449304467,2,1,1,0,0,1,1.62,0.81,0.81,0.0,0.0,0.81,2716,2891,-175,23.7,25.23,48.93,-1.53,70.0
서울,강서구,염창동,11160510,11500510,1734451.82771703,1.73445182771703,101.0,36.0,56.0,74.0,145.0,26.0,804.0,6.0,5.0,1.0,0.0,0.0,16024.0,4296,3230,3397,1155792,72622,1,64.175,61.525,18.38197222222222,58.23165474300957,20.755837334142026,32.286858075332034,42.66477674240305,83.59990037362759,14.990326963547018,463.5470337958385,3.459306222357004,2.882755185297503,0.5765510370595006,0.0,0.0,9238.653817841438,1,0,0,1,0,1,0.58,0.0,0.0,0.58,0.0,0.58,4236,4610,-374,25.12,27.33,52.45,-2.22,55.7
서울,강서구,등촌제1동,11160520,11500520,650738.379326209,0.6507383793262089,68.0,15.0,52.0,24.0,33.0,13.0,789.0,4.0,2.0,0.0,3.0,1.0,16590.0,4296,3230,3397,1155792,72622,1,64.175,61.525,18.38197222222222,104.496679710837,23.05073817150816,79.90922566122829,36.88118107441306,50.71162397731795,19.97730641530708,1212.4688278213291,6.146863512402176,3.073431756201088,0.0,4.610147634301632,1.536715878100544,25494.116417688023,2,0,1,0,1,2,3.07,0.0,1.54,0.0,1.54,3.07,4362,4372,-10,30.51,30.58,61.08,-0.07,25.5
서울,강서구,등촌제2동,11160530,11500530,910662.222516245,0.910662222516245,77.0,9.0,20.0,94.0,27.0,15.0,1017.0,1.0,1.0,1.0,0.0,0.0,6312.0,4296,3230,3397,1155792,72622,1,64.175,61.525,18.38197222222222,84.5538533346006,9.882917922226046,21.96203982716899,103.22158718769424,29.648753766678137,16.47152987037674,1116.7697252115431,1.0981019913584495,1.0981019913584495,1.0981019913584495,0.0,0.0,6931.219769454533,2,0,0,1,1,2,2.2,0.0,0.0,1.1,1.1,2.2,2408,2574,-166,27.88,29.8,57.68,-1.92,35.4
서울,강서구,등촌제3동,11160540,11500535,1060357.61790851,1.06035761790851,74.0,49.0,68.0,195.0,116.0,21.0,473.0,11.0,2.0,1.0,0.0,0.0,22210.0,4296,3230,3397,1155792,72622,1,64.175,61.525,18.38197222222222,69.78777607686777,46.21082469954757,64.12930774631091,183.9002207430975,109.39705439076567,19.80463915694896,446.075920058898,10.373858606020883,1.8861561101856152,0.9430780550928076,0.0,0.0,20945.76360361126,1,1,0,0,0,0,0.94,0.94,0.0,0.0,0.0,0.0,2987,3258,-271,19.84,21.64,41.49,-1.8,93.0
서울,강서구,화곡제1동,11160730,11500540,1197513.19869492,1.19751319869492,197.0,27.0,85.0,59.0,39.0,25.0,3085.0,11.0,5.0,1.0,0.0,0.0,26989.0,4296,3230,3397,1155792,72622,1,64.175,61.525,18.38197222222222,164.50758139008036,22.546724352955174,70.98042851856259,49.26876803053168,32.567490732046366,20.876596623106643,2576.17202329136,9.185702514166923,4.175319324621329,0.8350638649242658,0.0,0.0,22537.53865044101,2,2,0,0,0,2,1.67,1.67,0.0,0.0,0.0,1.67,7541,8521,-980,26.64,30.1,56.74,-3.46,38.2
서울,강서구,화곡제2동,11160570,11500550,454618.780128075,0.454618780128075,70.0,28.0,16.0,33.0,39.0,3.0,1392.0,4.0,0.0,0.0,0.0,0.0,7085.0,4296,3230,3397,1155792,72622,1,64.175,61.525,18.38197222222222,153.975161299495,61.590064519798,35.19432258274171,72.58829032690478,85.78616129543293,6.598935484264072,3061.906064698529,8.798580645685428,0.0,0.0,0.0,0.0,15584.485968670317,0,0,0,0,0,0,0.0,0.0,0.0,0.0,0.0,0.0,2044,2194,-150,24.74,26.55,51.29,-1.82,61.1
서울,강서구,화곡제3동,11160580,11500560,521817.178719215,0.521817178719215,75.0,9.0,53.0,12.0,82.0,5.0,1006.0,6.0,2.0,1.0,0.0,0.0,11549.0,4296,3230,3397,1155792,72622,1,64.175,61.525,18.38197222222222,143.7284992879792,17.247419914557504,101.56813949683864,22.99655988607667,157.14315922152392,9.581899952531948,1927.878270449428,11.498279943038336,3.8327599810127775,1.9163799905063887,0.0,0.0,22132.27251035829,0,0,0,0,0,0,0.0,0.0,0.0,0.0,0.0,0.0,2350,2695,-345,24.32,27.89,52.21,-3.57,57.8
서울,강서구,화곡제4동,11160590,11500570,852045.786616123,0.8520457866161231,107.0,30.0,37.0,81.0,30.0,6.0,1627.0,6.0,2.0,1.0,0.0,0.0,13232.0,4296,3230,3397,1155792,72622,1,64.175,61.525,18.38197222222222,125.58010576514629,35.209375448171855,43.42489638607862,95.06531371006402,35.209375448171855,7.041875089634371,1909.521795139187,7.041875089634371,2.3472916965447905,1.1736458482723953,0.0,0.0,15529.681864340331,0,0,0,0,0,0,0.0,0.0,0.0,0.0,0.0,0.0,2013,2490,-477,20.83,25.76,46.59,-4.94,76.6
서울,강서구,화곡본동,11160550,11500590,972372.613379606,0.972372613379606,178.0,25.0,29.0,74.0,46.0,4.0,2218.0,12.0,2.0,1.0,1.0,1.0,13323.0,4296,3230,3397,1155792,72622,1,64.175,61.525,18.38197222222222,183.05739749429813,25.710308636839624,29.82395801873396,76.10251356504529,47.30696789178491,4.11364938189434,2281.018582260411,12.34094814568302,2.05682469094717,1.028412345473585,1.028412345473585,1.028412345473585,13701.537678744571,0,0,0,0,0,0,0.0,0.0,0.0,0.0,0.0,0.0,4366,5095,-729,25.28,29.5,54.79,-4.22,45.8
서울,강서구,화곡제6동,11160610,11500591,1037906.97438333,1.03790697438333,101.0,29.0,33.0,47.0,19.0,36.0,1407.0,5.0,2.0,2.0,0.0,0.0,15135.0,4296,3230,3397,1155792,72622,1,64.175,61.525,18.38197222222222,97.31122585432948,27.940847027480743,31.79475696230568,45.28344173419293,18.30607219041842,34.685189413424375,1355.6128195746692,4.817387418531163,1.926954967412465,1.926954967412465,0.0,0.0,14582.23171589383,1,0,0,0,1,1,0.96,0.0,0.0,0.0,0.96,0.96,3670,3966,-296,27.31,29.52,56.83,-2.2,37.9
서울,강서구,화곡제8동,11160630,11500593,593677.6930848,0.5936776930848,88.0,27.0,37.0,12.0,28.0,4.0,1670.0,6.0,1.0,0.0,0.0,2.0,11822.0,4296,3230,3397,1155792,72622,1,64.175,61.525,18.38197222222222,148.22857760200569,45.479222673342655,62.32337921902512,20.21298785481896,47.1636383279109,6.737662618272986,2812.974143128972,10.10649392740948,1.6844156545682465,0.0,0.0,3.368831309136493,19913.16186830581,0,0,0,0,0,0,0.0,0.0,0.0,0.0,0.0,0.0,2797,3468,-671,24.31,30.15,54.46,-5.83,47.3
서울,강서구,가양제1동,11160751,11500603,4869245.96032073,4.86924596032073,186.0,56.0,122.0,72.0,52.0,58.0,859.0,15.0,1.0,1.0,0.0,1.0,56864.0,4296,3230,3397,1155792,72622,1,64.175,61.525,18.38197222222222,38.19893295916982,11.500754009212416,25.05521409149848,14.786683726130253,10.67927157998296,11.911495223827146,176.41335167702618,3.0805591096104687,0.2053706073073646,0.2053706073073646,0.0,0.2053706073073646,11678.19421392598,4,1,0,0,3,1,0.82,0.21,0.0,0.0,0.62,0.21,6636,6927,-291,31.54,32.92,64.45,-1.38,15.3
서울,강서구,가양제2동,11160650,11500604,823871.058292499,0.8238710582924991,27.0,13.0,34.0,68.0,5.0,9.0,152.0,4.0,0.0,0.0,0.0,1.0,4927.0,4296,3230,3397,1155792,72622,1,64.175,61.525,18.38197222222222,32.77211855937557,15.779168195254904,41.2685937414359,82.5371874828718,6.068910844328809,10.924039519791856,184.4948896675958,4.855128675463047,0.0,0.0,0.0,1.2137821688657615,5980.304746001609,0,0,0,0,0,0,0.0,0.0,0.0,0.0,0.0,0.0,1460,1622,-162,18.49,20.54,39.03,-2.05,97.2
서울,강서구,가양제3동,11160660,11500605,472624.607246318,0.472624607246318,20.0,14.0,8.0,90.0,9.0,13.0,182.0,4.0,0.0,0.0,0.0,0.0,4164.0,4296,3230,3397,1155792,72622,1,64.175,61.525,18.38197222222222,42.31688256040505,29.621817792283533,16.92675302416202,190.4259715218228,19.04259715218227,27.505973664263283,385.083631299686,8.46337651208101,0.0,0.0,0.0,0.0,8810.374949076331,0,0,0,0,0,0,0.0,0.0,0.0,0.0,0.0,0.0,1431,1854,-423,19.01,24.62,43.63,-5.62,88.1
서울,강서구,발산제1동,11160670,11500611,2887651.65241851,2.88765165241851,120.0,58.0,114.0,216.0,306.0,30.0,1087.0,10.0,3.0,1.0,1.0,1.0,44914.0,4296,3230,3397,1155792,72622,1,64.175,61.525,18.38197222222222,41.55625901049934,20.085525188408013,39.47844605997437,74.8012662188988,105.96846047677332,10.389064752624837,376.43044620343983,3.463021584208278,1.0389064752624837,0.3463021584208278,0.3463021584208278,0.3463021584208278,15553.81514331306,0,0,0,0,0,0,0.0,0.0,0.0,0.0,0.0,0.0,3107,3558,-451,22.82,26.13,48.96,-3.31,69.6
서울,강서구,우장산동,11160740,11500615,1261581.82701945,1.26158182701945,124.0,28.0,62.0,76.0,168.0,13.0,1271.0,10.0,1.0,0.0,0.0,1.0,15494.0,4296,3230,3397,1155792,72622,1,64.175,61.525,18.38197222222222,98.2893042244879,22.19435901843276,49.14465211224395,60.24183162146033,133.16615411059652,10.304523829986636,1007.465368301001,7.926556792297411,0.7926556792297411,0.0,0.0,0.7926556792297411,12281.407093985608,1,0,1,0,0,0,0.79,0.0,0.79,0.0,0.0,0.0,4496,4776,-280,25.75,27.35,53.1,-1.6,51.8
서울,강서구,공항동,11160690,11500620,10963666.5149992,10.9636665149992,140.0,61.0,38.0,87.0,60.0,24.0,2180.0,6.0,5.0,0.0,2.0,4.0,15896.0,4296,3230,3397,1155792,72622,1,64.175,61.525,18.38197222222222,12.769450786237291,5.563832128289105,3.465993784835836,7.935301560018888,5.472621765530268,2.189048706212107,198.8385908142664,0.5472621765530268,0.4560518137941889,0.0,0.1824207255176755,0.3648414510353511,1449.8799264144857,0,0,0,0,0,0,0.0,0.0,0.0,0.0,0.0,0.0,3664,3722,-58,26.61,27.03,53.65,-0.42,49.8
서울,강서구,방화제1동,11160700,11500630,1475596.08495788,1.47559608495788,137.0,43.0,85.0,138.0,146.0,19.0,1717.0,13.0,6.0,0.0,0.0,3.0,22952.0,4296,3230,3397,1155792,72622,1,64.175,61.525,18.38197222222222,92.84383538054088,29.14076584936684,57.60383946967864,93.5215276095959,98.94306544203624,12.876152352045814,1163.5975572875086,8.809998977715557,4.0661533743302565,0.0,0.0,2.033076687165128,15554.392041271343,2,0,2,0,0,2,1.36,0.0,1.36,0.0,0.0,1.36,4243,4692,-449,25.21,27.88,53.09,-2.67,52.0
서울,강서구,방화제2동,11160710,11500640,6157495.53527905,6.1574955352790495,164.0,33.0,18.0,59.0,15.0,16.0,2209.0,8.0,3.0,2.0,1.0,6.0,18122.0,4296,3230,3397,1155792,72622,1,64.175,61.525,18.38197222222222,26.6342052641972,5.35932179096651,2.9232664314362777,9.581817747485577,2.4360553595302314,2.59845905016558,358.74975261348544,1.29922952508279,0.4872110719060463,0.3248073812706975,0.1624036906353487,0.9744221438120926,2943.0796816937905,0,0,0,0,0,0,0.0,0.0,0.0,0.0,0.0,0.0,3123,2911,212,25.24,23.53,48.77,1.71,70.5
서울,강서구,방화제3동,11160761,11500641,2558863.23541879,2.55886323541879,84.0,18.0,17.0,108.0,29.0,8.0,477.0,10.0,0.0,1.0,1.0,1.0,6180.0,4296,3230,3397,1155792,72622,1,64.175,61.525,18.38197222222222,32.82707681962235,7.034373604204789,6.643575070637856,42.206241625228735,11.333157473441048,3.126388268535462,186.4109005114269,3.907985335669327,0.0,0.3907985335669327,0.3907985335669327,0.3907985335669327,2415.134937443644,2,0,1,1,0,2,0.78,0.0,0.39,0.39,0.0,0.78,2272,2552,-280,20.46,22.98,43.45,-2.52,89.0
서울,구로구,신도림동,11170510,11530510,1392784.50926078,1.39278450926078,99.0,32.0,66.0,84.0,121.0,26.0,1127.0,3.0,2.0,1.0,1.0,1.0,20894.0,3737,1294,4265,689507,81398,0,65.0625,58.825,18.923972222222226,71.08062973255225,22.97555708526941,47.38708648836817,60.310837348832216,86.87632522867497,18.6676401317814,809.1704010968323,2.153958476744008,1.4359723178293384,0.7179861589146692,0.7179861589146692,0.7179861589146692,15001.6028043631,3,0,1,1,1,1,2.15,0.0,0.72,0.72,0.72,0.72,3332,3437,-105,23.07,23.8,46.87,-0.73,75.6
서울,구로구,구로제1동,11170520,11530520,1008889.29722961,1.00888929722961,58.0,21.0,14.0,72.0,49.0,11.0,208.0,0.0,2.0,1.0,0.0,0.0,6158.0,3737,1294,4265,689507,81398,0,65.0625,58.825,18.923972222222226,57.4889635158851,20.814969548854947,13.876646365903298,71.36560988178839,48.56826228066154,10.90307928749545,206.1673174362776,0.0,1.9823780522719,0.99118902613595,0.0,0.0,6103.742022945179,0,0,0,0,0,0,0.0,0.0,0.0,0.0,0.0,0.0,2062,2265,-203,24.47,26.88,51.36,-2.41,60.4
서울,구로구,구로제2동,11170710,11530530,1703350.93108864,1.70335093108864,291.0,42.0,56.0,38.0,16.0,50.0,3841.0,3.0,6.0,2.0,1.0,1.0,58636.0,3737,1294,4265,689507,81398,0,65.0625,58.825,18.923972222222226,170.83972227262473,24.657279503265425,32.87637267102056,22.3089671696211,9.393249334577304,29.35390417055408,2254.966918381964,1.7612342502332443,3.522468500466489,1.174156166822163,0.5870780834110815,0.5870780834110815,34423.910498892175,1,0,0,1,0,1,0.59,0.0,0.0,0.59,0.0,0.59,2227,2483,-256,18.44,20.56,39.01,-2.12,97.4
서울,구로구,구로제3동,11170540,11530540,1040105.5637743,1.0401055637743,135.0,47.0,78.0,72.0,52.0,23.0,1121.0,2.0,2.0,1.0,1.0,2.0,42858.0,3737,1294,4265,689507,81398,0,65.0625,58.825,18.923972222222226,129.7945176931047,45.18772097463645,74.99238800046048,69.22374276965583,49.994925333640325,22.11314005141784,1077.7752172886692,1.9228817436015508,1.9228817436015508,0.9614408718007754,0.9614408718007754,1.9228817436015508,41205.43288363764,2,0,0,1,1,2,1.92,0.0,0.0,0.96,0.96,1.92,3754,4100,-346,27.39,29.91,57.3,-2.52,36.3
서울,구로구,구로제4동,11170550,11530550,524499.808943168,0.524499808943168,140.0,13.0,58.0,47.0,37.0,11.0,1788.0,2.0,2.0,1.0,0.0,0.0,19296.0,3737,1294,4265,689507,81398,0,65.0625,58.825,18.923972222222226,266.92097425562577,24.7855190380224,110.58154647733068,89.60918421438865,70.54340033898681,20.972362262942024,3408.9621569218493,3.813156775080368,3.813156775080368,1.906578387540184,0.0,0.0,36789.33656597539,2,1,0,1,0,1,3.81,1.91,0.0,1.91,0.0,1.91,1933,2329,-396,19.21,23.14,42.35,-3.93,91.1
서울,구로구,구로제5동,11170560,11530560,1012470.73021328,1.01247073021328,146.0,34.0,56.0,60.0,42.0,12.0,1574.0,4.0,4.0,1.0,0.0,3.0,32014.0,3737,1294,4265,689507,81398,0,65.0625,58.825,18.923972222222226,144.20169950912523,33.58121769390587,55.31024090760968,59.26097240101036,41.48268068070725,11.852194480202073,1554.6128426531718,3.950731493400691,3.950731493400691,0.9876828733501728,0.0,2.963048620050518,31619.67950743243,7,2,2,2,1,5,6.91,1.98,1.98,1.98,0.99,4.94,4014,4241,-227,25.74,27.19,52.93,-1.46,53.7
서울,구로구,가리봉동,11170700,11530595,410998.015662614,0.410998015662614,129.0,10.0,10.0,15.0,6.0,17.0,1532.0,0.0,1.0,1.0,0.0,0.0,9259.0,3737,1294,4265,689507,81398,0,65.0625,58.825,18.923972222222226,313.870128526108,24.33101771520217,24.33101771520217,36.496526572803255,14.598610629121302,41.36273011584369,3727.511913968972,0.0,2.433101771520217,2.433101771520217,0.0,0.0,22528.089302505687,1,0,0,1,0,1,2.43,0.0,0.0,2.43,0.0,2.43,1632,1613,19,26.33,26.02,52.35,0.31,56.4
서울,구로구,고척제1동,11170610,11530720,1151234.2004472,1.1512342004472,106.0,31.0,46.0,76.0,52.0,11.0,1037.0,3.0,9.0,0.0,3.0,0.0,15225.0,3737,1294,4265,689507,81398,0,65.0625,58.825,18.923972222222226,92.07509641289673,26.92762253584715,39.957117311257065,66.01610686207688,45.168915221421024,9.554962835300602,900.7724054733386,2.605898955081982,7.817696865245947,0.0,2.605898955081982,0.0,13224.93719704106,2,1,1,0,0,2,1.74,0.87,0.87,0.0,0.0,1.74,2566,2573,-7,21.92,21.98,43.89,-0.06,87.1
서울,구로구,고척제2동,11170620,11530730,1025425.07264165,1.02542507264165,164.0,36.0,34.0,60.0,74.0,7.0,1816.0,7.0,2.0,1.0,1.0,0.0,12447.0,3737,1294,4265,689507,81398,0,65.0625,58.825,18.923972222222226,159.9336747028344,35.10739200793926,33.15698134083152,58.5123200132321,72.16519468298625,6.826437334877078,1770.9728857338248,6.826437334877078,1.9504106671077368,0.9752053335538684,0.9752053335538684,0.0,12138.380786745,1,0,0,1,0,1,0.98,0.0,0.0,0.98,0.0,0.98,2224,2492,-268,19.64,22.01,41.66,-2.37,92.7
서울,구로구,개봉제1동,11170720,11530740,1320261.97864947,1.32026197864947,146.0,46.0,40.0,66.0,38.0,12.0,2040.0,5.0,2.0,1.0,0.0,0.0,14477.0,3737,1294,4265,689507,81398,0,65.0625,58.825,18.923972222222226,110.58411312378104,34.84156988831458,30.29701729418659,49.99007853540788,28.78216642947726,9.089105188255976,1545.147882003516,3.787127161773324,1.5148508647093295,0.7574254323546648,0.0,0.0,10965.247984198482,1,0,0,1,0,1,0.76,0.0,0.0,0.76,0.0,0.76,3471,3541,-70,22.53,22.99,45.52,-0.45,82.8
서울,구로구,개봉제2동,11170640,11530750,782454.04013423,0.78245404013423,84.0,25.0,46.0,40.0,61.0,11.0,1079.0,1.0,3.0,1.0,0.0,1.0,8850.0,3737,1294,4265,689507,81398,0,65.0625,58.825,18.923972222222226,107.35454824361288,31.950758405837163,58.78939546674038,51.12121344933946,77.95985051024267,14.058333698568353,1378.994732795932,1.2780303362334866,3.83409100870046,1.2780303362334866,0.0,1.2780303362334866,11310.568475666356,1,0,0,1,0,1,1.28,0.0,0.0,1.28,0.0,1.28,2401,2905,-504,18.88,22.85,41.73,-3.96,92.5
서울,구로구,개봉제3동,11170650,11530760,828414.68395464,0.8284146839546399,117.0,22.0,19.0,61.0,39.0,3.0,1270.0,5.0,1.0,1.0,0.0,1.0,8083.0,3737,1294,4265,689507,81398,0,65.0625,58.825,18.923972222222226,141.23361435539977,26.55674799845124,22.935373271389707,73.63461945025117,47.07787145179993,3.6213747270615326,1533.0486344560488,6.0356245451025545,1.207124909020511,1.207124909020511,0.0,1.207124909020511,9757.190639612789,1,0,0,1,0,1,1.21,0.0,0.0,1.21,0.0,1.21,1648,1875,-227,19.27,21.93,41.2,-2.65,93.7
서울,구로구,오류제1동,11170670,11530770,727604.107258243,0.727604107258243,103.0,14.0,44.0,49.0,27.0,8.0,1223.0,4.0,2.0,1.0,0.0,1.0,10800.0,3737,1294,4265,689507,81398,0,65.0625,58.825,18.923972222222226,141.560498315663,19.24123278076973,60.47244588241915,67.34431473269406,37.10809179148448,10.994990160439846,1680.8591207772415,5.497495080219923,2.748747540109961,1.3743737700549807,0.0,1.3743737700549807,14843.236716593792,2,2,0,0,0,1,2.75,2.75,0.0,0.0,0.0,1.37,3411,3510,-99,25.56,26.3,51.87,-0.74,59.5
서울,구로구,오류제2동,11170730,11530780,3061069.02028595,3.06106902028595,181.0,58.0,33.0,170.0,83.0,8.0,1456.0,13.0,2.0,1.0,0.0,1.0,12110.0,3737,1294,4265,689507,81398,0,65.0625,58.825,18.923972222222226,59.12966966785083,18.94762895433894,10.78054750850319,55.5361538316831,27.11471040017469,2.61346606266744,475.65082340547406,4.24688235183459,0.65336651566686,0.32668325783343,0.0,0.32668325783343,3956.134252362837,2,0,1,0,1,1,0.65,0.0,0.33,0.0,0.33,0.33,2673,3823,-1150,17.25,24.67,41.92,-7.42,92.0
서울,구로구,수궁동,11170690,11530790,2661336.59565153,2.6613365956515302,150.0,41.0,13.0,124.0,31.0,21.0,1364.0,8.0,0.0,0.0,1.0,3.0,7798.0,3737,1294,4265,689507,81398,0,65.0625,58.825,18.923972222222226,56.36265636037595,15.40579273850276,4.884763551232583,46.59312925791079,11.648282314477695,7.890771890452633,512.5244218370186,3.0060083392200507,0.0,0.0,0.3757510424025063,1.127253127207519,2930.1066286547443,1,0,0,1,0,1,0.38,0.0,0.0,0.38,0.0,0.38,2166,2476,-310,21.82,24.94,46.76,-3.12,76.1
서울,구로구,항동,11170740,11530800,1446932.7179561,1.4469327179560998,89.0,31.0,10.0,39.0,62.0,4.0,267.0,6.0,0.0,0.0,0.0,1.0,4387.0,3737,1294,4265,689507,81398,0,65.0625,58.825,18.923972222222226,61.50942534889882,21.42463130130184,6.911171387516722,26.953568411315217,42.84926260260367,2.764468555006689,184.52827604669648,4.146702832510033,0.0,0.0,0.0,0.6911171387516722,3031.930887703586,0,0,0,0,0,0,0.0,0.0,0.0,0.0,0.0,0.0,1435,1678,-243,23.27,27.21,50.49,-3.94,65.3
서울,금천구,가산동,11180510,11545510,2512845.86507387,2.51284586507387,102.0,105.0,88.0,11.0,46.0,42.0,1559.0,3.0,5.0,1.0,0.0,3.0,98960.0,2240,1956,2978,422877,25559,0,64.45,59.875,19.14654285714285,40.59142720120699,41.785292707124846,35.02005484025701,4.377506855032126,18.30593775740708,16.71411708284994,620.4121079086442,1.193865505917853,1.9897758431964208,0.3979551686392842,0.0,1.193865505917853,39381.64348854357,2,0,1,1,0,1,0.8,0.0,0.4,0.4,0.0,0.4,6154,5955,199,32.51,31.46,63.96,1.05,17.3
서울,금천구,독산제1동,11180520,11545610,2061916.07975149,2.06191607975149,122.0,66.0,59.0,125.0,86.0,8.0,1739.0,9.0,8.0,1.0,0.0,1.0,28125.0,2240,1956,2978,422877,25559,0,64.45,59.875,19.14654285714285,59.16826644792639,32.009062176747065,28.61416164284965,60.62322381959671,41.70877798788254,3.8798863244541897,843.3902897782294,4.364872115010964,3.8798863244541897,0.4849857905567737,0.0,0.4849857905567737,13640.22535940926,5,2,1,1,1,4,2.42,0.97,0.48,0.48,0.48,1.94,8672,7979,693,32.38,29.79,62.17,2.59,23.0
서울,금천구,독산제2동,11180530,11545620,617206.76042509,0.6172067604250899,100.0,9.0,20.0,45.0,20.0,4.0,1868.0,6.0,1.0,0.0,3.0,0.0,8426.0,2240,1956,2978,422877,25559,0,64.45,59.875,19.14654285714285,162.0202603275551,14.58182342947996,32.40405206551102,72.9091171473998,32.40405206551102,6.480810413102204,3026.538462918729,9.721215619653304,1.620202603275551,0.0,4.860607809826653,0.0,13651.827135199792,0,0,0,0,0,0,0.0,0.0,0.0,0.0,0.0,0.0,1731,2023,-292,18.51,21.63,40.13,-3.12,95.6
서울,금천구,독산제3동,11180540,11545630,934983.261799805,0.934983261799805,108.0,22.0,37.0,90.0,21.0,2.0,2094.0,6.0,2.0,0.0,0.0,0.0,15677.0,2240,1956,2978,422877,25559,0,64.45,59.875,19.14654285714285,115.510089231014,23.52983299150285,39.5729009402548,96.25840769251168,22.460295128252724,2.13907572650026,2239.6122856457714,6.417227179500778,2.13907572650026,0.0,0.0,0.0,16767.145082172283,0,0,0,0,0,0,0.0,0.0,0.0,0.0,0.0,0.0,2576,3132,-556,20.23,24.6,44.83,-4.37,84.8
서울,금천구,독산제4동,11180550,11545640,591010.087157688,0.591010087157688,88.0,15.0,11.0,19.0,19.0,6.0,1471.0,5.0,1.0,1.0,0.0,0.0,7562.0,2240,1956,2978,422877,25559,0,64.45,59.875,19.14654285714285,148.89762782766283,25.380277470624343,18.61220347845785,32.14835146279084,32.14835146279084,10.152110988249738,2488.959210619228,8.460092490208115,1.692018498041623,1.692018498041623,0.0,0.0,12795.043882190754,1,0,0,1,0,1,1.69,0.0,0.0,1.69,0.0,1.69,1386,1726,-340,18.69,23.28,41.97,-4.59,91.8
서울,금천구,시흥제1동,11180570,11545670,1523354.83164559,1.52335483164559,127.0,39.0,100.0,62.0,68.0,20.0,2448.0,6.0,6.0,3.0,1.0,1.0,25124.0,2240,1956,2978,422877,25559,0,64.45,59.875,19.14654285714285,83.36862650890694,25.60138924289268,65.64458780228892,40.69964443741913,44.63831970555647,13.128917560457785,1606.9795094000328,3.938675268137336,3.938675268137336,1.969337634068668,0.6564458780228892,0.6564458780228892,16492.54623944707,3,1,1,1,0,3,1.97,0.66,0.66,0.66,0.0,1.97,3592,3892,-300,22.03,23.87,45.89,-1.84,80.0
서울,금천구,시흥제2동,11180580,11545680,1308879.88299142,1.30887988299142,35.0,23.0,9.0,129.0,42.0,0.0,337.0,0.0,0.0,0.0,0.0,0.0,4500.0,2240,1956,2978,422877,25559,0,64.45,59.875,19.14654285714285,26.740421680260045,17.572277104170887,6.876108432066869,98.55755419295843,32.08850601631205,0.0,257.47206017850385,0.0,0.0,0.0,0.0,0.0,3438.0542160334344,1,0,0,1,0,1,0.76,0.0,0.0,0.76,0.0,0.76,1454,1759,-305,17.87,21.61,39.48,-3.75,96.5
서울,금천구,시흥제3동,11180590,11545690,1261388.42622413,1.26138842622413,57.0,16.0,9.0,82.0,11.0,6.0,766.0,6.0,3.0,1.0,0.0,1.0,11587.0,2240,1956,2978,422877,25559,0,64.45,59.875,19.14654285714285,45.188301093442846,12.684435394650624,7.134994909490976,65.00773139758444,8.720549333822303,4.756663272993984,607.2673445188985,4.756663272993984,2.378331636496992,0.792777212165664,0.0,0.792777212165664,9185.909557363548,1,1,0,0,0,1,0.79,0.79,0.0,0.0,0.0,0.79,842,873,-31,18.05,18.71,36.76,-0.66,98.6
서울,금천구,시흥제4동,11180600,11545700,821707.952456261,0.821707952456261,79.0,23.0,16.0,25.0,31.0,0.0,1425.0,8.0,1.0,0.0,0.0,0.0,5402.0,2240,1956,2978,422877,25559,0,64.45,59.875,19.14654285714285,96.14121387513909,27.99047998896454,19.47163825319272,30.42443477061363,37.7262991155609,0.0,1734.192781924977,9.73581912659636,1.2169773908245451,0.0,0.0,0.0,6574.111865234193,0,0,0,0,0,0,0.0,0.0,0.0,0.0,0.0,0.0,1367,1959,-592,15.52,22.24,37.77,-6.72,98.1
서울,금천구,시흥제5동,11180610,11545710,1386970.37915076,1.38697037915076,120.0,35.0,29.0,36.0,23.0,2.0,1701.0,3.0,2.0,1.0,0.0,0.0,8732.0,2240,1956,2978,422877,25559,0,64.45,59.875,19.14654285714285,86.51951173858221,25.23485759041981,20.908882003490703,25.955853521574664,16.582906416561592,1.4419918623097037,1226.4140788944028,2.162987793464555,1.4419918623097037,0.7209959311548518,0.0,0.0,6295.7364708441655,3,0,3,0,0,3,2.16,0.0,2.16,0.0,0.0,2.16,1508,1949,-441,16.89,21.83,38.73,-4.94,97.7
서울,영등포구,영등포본동,11190730,11560515,846369.133393822,0.846369133393822,346.0,19.0,27.0,72.0,34.0,6.0,1908.0,2.0,2.0,1.0,0.0,2.0,15357.0,4418,5104,3987,825263,88878,0,63.025,59.25,19.207527777777777,408.8050784798688,22.44883378935696,31.9009743322441,85.06926488598427,40.171597307270346,7.089105407165356,2254.335519478583,2.3630351357217854,2.3630351357217854,1.181517567860893,0.0,2.3630351357217854,18144.56528963973,1,1,0,0,0,0,1.18,1.18,0.0,0.0,0.0,0.0,2428,2749,-321,23.31,26.39,49.69,-3.08,67.7
서울,영등포구,영등포동,11190740,11560535,1372381.38445786,1.3723813844578598,479.0,44.0,122.0,48.0,57.0,34.0,2373.0,4.0,18.0,1.0,3.0,1.0,46030.0,4418,5104,3987,825263,88878,0,63.025,59.25,19.207527777777777,349.02834257637664,32.06105860826842,88.89657159565334,34.97570029992919,41.53364410616591,24.774454379116506,1729.1111835777492,2.9146416916607656,13.115887612473443,0.7286604229151914,2.185981268745574,0.7286604229151914,33540.23926678626,5,0,4,1,0,5,3.64,0.0,2.91,0.73,0.0,3.64,7969,7195,774,35.65,32.19,67.84,3.46,7.7
서울,영등포구,여의동,11190540,11560540,8437534.37509793,8.43753437509793,268.0,58.0,191.0,132.0,116.0,61.0,437.0,3.0,5.0,1.0,2.0,6.0,62593.0,4418,5104,3987,825263,88878,0,63.025,59.25,19.207527777777777,31.762833558457583,6.874046068621418,22.636944812184325,15.64438070789702,13.748092137242836,7.229600175619077,51.7923815859924,0.3555541069976595,0.5925901783294325,0.1185180356658865,0.237036071331773,0.7111082139953191,7418.399406434834,4,2,0,1,1,2,0.47,0.24,0.0,0.12,0.12,0.24,4282,3754,528,30.05,26.35,56.4,3.71,40.0
서울,영등포구,당산제1동,11190550,11560550,745303.093289058,0.745303093289058,233.0,20.0,42.0,24.0,32.0,12.0,1643.0,1.0,7.0,1.0,0.0,2.0,30334.0,4418,5104,3987,825263,88878,0,63.025,59.25,19.207527777777777,312.62449075819603,26.83472023675502,56.35291249718555,32.20166428410602,42.93555237880803,16.10083214205301,2204.472267449425,1.341736011837751,9.392152082864255,1.341736011837751,0.0,2.683472023675502,40700.22018308634,1,1,0,0,0,0,1.34,1.34,0.0,0.0,0.0,0.0,3575,3447,128,29.84,28.77,58.61,1.07,31.1
서울,영등포구,당산제2동,11190560,11560560,1581016.94398622,1.58101694398622,305.0,41.0,97.0,78.0,115.0,22.0,1057.0,8.0,1.0,1.0,1.0,2.0,21365.0,4418,5104,3987,825263,88878,0,63.025,59.25,19.207527777777777,192.9138085206115,25.93267589949204,61.35291615245677,49.33533463805802,72.737993376624,13.915094385093289,668.5570347747093,5.060034321852105,0.6325042902315131,0.6325042902315131,0.6325042902315131,1.2650085804630262,13513.454160796276,0,0,0,0,0,0,0.0,0.0,0.0,0.0,0.0,0.0,5694,6055,-361,29.96,31.86,61.81,-1.9,23.7
서울,영등포구,도림동,11190750,11560585,585883.458029128,0.585883458029128,321.0,22.0,16.0,18.0,27.0,0.0,1635.0,2.0,2.0,1.0,0.0,0.0,8618.0,4418,5104,3987,825263,88878,0,63.025,59.25,19.207527777777777,547.890532837063,37.55012997637192,27.3091854373614,30.72283361703157,46.08425042554736,0.0,2790.657386880368,3.4136481796701745,3.4136481796701745,1.7068240898350873,0.0,0.0,14709.410006198785,1,0,1,0,0,1,1.71,0.0,1.71,0.0,0.0,1.71,2586,2546,40,25.93,25.53,51.46,0.4,59.8
서울,영등포구,문래동,11190760,11560605,1786704.38637407,1.78670438637407,477.0,43.0,64.0,74.0,102.0,14.0,1998.0,5.0,5.0,1.0,0.0,1.0,32473.0,4418,5104,3987,825263,88878,0,63.025,59.25,19.207527777777777,266.9719756876076,24.066656089239256,35.82013929561192,41.41703606055128,57.0883470023815,7.835655470915107,1118.2599736348843,2.798448382469681,2.798448382469681,0.5596896764939362,0.0,0.5596896764939362,18174.80286478759,7,0,5,1,1,7,3.92,0.0,2.8,0.56,0.56,3.92,3054,3756,-702,23.54,28.96,52.5,-5.41,55.3
서울,영등포구,양평제1동,11190610,11560610,974909.718062857,0.9749097180628572,262.0,22.0,19.0,60.0,37.0,2.0,885.0,1.0,6.0,1.0,0.0,1.0,14832.0,4418,5104,3987,825263,88878,0,63.025,59.25,19.207527777777777,268.74283346010054,22.566192122603866,19.48898410588515,61.54416033437417,37.9522322061974,2.0514720111458056,907.776364932019,1.0257360055729028,6.154416033437417,1.0257360055729028,0.0,1.0257360055729028,15213.716434657294,1,1,0,0,0,0,1.03,1.03,0.0,0.0,0.0,0.0,3093,3124,-31,29.19,29.48,58.67,-0.29,30.9
서울,영등포구,양평제2동,11190620,11560620,2874589.81542896,2.87458981542896,320.0,28.0,25.0,81.0,40.0,16.0,1008.0,2.0,2.0,0.0,0.0,1.0,17512.0,4418,5104,3987,825263,88878,0,63.025,59.25,19.207527777777777,111.32023020552172,9.740520142983147,8.696892984806384,28.17793327077268,13.915028775690214,5.566011510276085,350.6587251473934,0.6957514387845106,0.6957514387845106,0.0,0.0,0.3478757193922553,6091.999597997175,0,0,0,0,0,0,0.0,0.0,0.0,0.0,0.0,0.0,3683,3600,83,32.52,31.79,64.31,0.73,16.6
서울,영등포구,신길제1동,11190630,11560630,722923.748098312,0.722923748098312,302.0,20.0,19.0,34.0,30.0,2.0,1955.0,2.0,2.0,0.0,1.0,1.0,9818.0,4418,5104,3987,825263,88878,0,63.025,59.25,19.207527777777777,417.7480692734559,27.665435051222246,26.28216329866113,47.03123958707781,41.49815257683337,2.7665435051222245,2704.2962762569746,2.7665435051222245,2.7665435051222245,0.0,1.3832717525611122,1.3832717525611122,13580.962066645,0,0,0,0,0,0,0.0,0.0,0.0,0.0,0.0,0.0,3146,3328,-182,26.85,28.4,55.24,-1.55,44.5
서울,영등포구,신길제3동,11190650,11560650,520082.46802677,0.5200824680267699,292.0,24.0,46.0,47.0,34.0,2.0,1400.0,2.0,2.0,0.0,0.0,0.0,8667.0,4418,5104,3987,825263,88878,0,63.025,59.25,19.207527777777777,561.4494199503953,46.14652766715578,88.44751136204857,90.37028334818008,65.37424752847069,3.845543972262981,2691.880780584087,3.845543972262981,3.845543972262981,0.0,0.0,0.0,16664.664803801632,0,0,0,0,0,0,0.0,0.0,0.0,0.0,0.0,0.0,1788,1811,-23,22.72,23.01,45.74,-0.29,81.7
서울,영등포구,신길제4동,11190660,11560660,322601.113432704,0.322601113432704,185.0,12.0,14.0,42.0,25.0,8.0,840.0,2.0,1.0,0.0,0.0,0.0,4097.0,4418,5104,3987,825263,88878,0,63.025,59.25,19.207527777777777,573.4636127924953,37.19763974870239,43.39724637348613,130.19173912045838,77.49508280979666,24.79842649913493,2603.834782409168,6.1996066247837325,3.0998033123918662,0.0,0.0,0.0,12699.894170869477,0,0,0,0,0,0,0.0,0.0,0.0,0.0,0.0,0.0,1220,1462,-242,21.37,25.6,46.97,-4.24,75.4
서울,영등포구,신길제5동,11190670,11560670,494651.87355438,0.49465187355438,247.0,21.0,7.0,48.0,15.0,4.0,977.0,3.0,0.0,1.0,1.0,0.0,3672.0,4418,5104,3987,825263,88878,0,63.025,59.25,19.207527777777777,499.3410784541299,42.45409978759809,14.15136659586603,97.03794237165278,30.32435699114149,8.086495197637731,1975.126452023016,6.0648713982282985,0.0,2.021623799409433,2.021623799409433,0.0,7423.402591431437,0,0,0,0,0,0,0.0,0.0,0.0,0.0,0.0,0.0,1131,1412,-281,25.43,31.75,57.18,-6.32,36.7
서울,영등포구,신길제6동,11190680,11560680,618352.523062877,0.618352523062877,236.0,23.0,54.0,39.0,97.0,14.0,1086.0,1.0,2.0,1.0,0.0,2.0,11539.0,4418,5104,3987,825263,88878,0,63.025,59.25,19.207527777777777,381.6593143843328,37.195611147625655,87.32882617268632,63.07081890249568,156.8684470138995,22.64080678551127,1756.279726361803,1.6172004846793764,3.2344009693587528,1.6172004846793764,0.0,3.2344009693587528,18660.876392715323,1,0,1,0,0,1,1.62,0.0,1.62,0.0,0.0,1.62,3023,2811,212,32.84,30.54,63.39,2.3,19.2
서울,영등포구,신길제7동,11190690,11560690,647168.858778437,0.647168858778437,175.0,31.0,12.0,42.0,43.0,25.0,479.0,3.0,0.0,1.0,0.0,3.0,6014.0,4418,5104,3987,825263,88878,0,63.025,59.25,19.207527777777777,270.40856126841624,47.90094513897659,18.54230134411997,64.8980547044199,66.44324648309656,38.62979446691661,740.1468619861222,4.6355753360299925,0.0,1.5451917786766642,0.0,4.6355753360299925,9292.78335696146,0,0,0,0,0,0,0.0,0.0,0.0,0.0,0.0,0.0,3052,3275,-223,38.8,41.64,80.45,-2.84,2.6
서울,영등포구,대림제1동,11190700,11560700,498976.901351358,0.4989769013513579,305.0,16.0,30.0,41.0,15.0,6.0,1378.0,3.0,3.0,0.0,0.0,0.0,8903.0,4418,5104,3987,825263,88878,0,63.025,59.25,19.207527777777777,611.2507396113557,32.06561256977604,60.12302356833007,82.1681322100511,30.061511784165035,12.024604713666012,2761.650882571961,6.012302356833007,6.012302356833007,0.0,0.0,0.0,17842.509294294752,0,0,0,0,0,0,0.0,0.0,0.0,0.0,0.0,0.0,1602,1813,-211,23.58,26.69,50.27,-3.11,66.0
서울,영등포구,대림제2동,11190710,11560710,572546.728109037,0.5725467281090371,392.0,12.0,35.0,48.0,11.0,4.0,1811.0,1.0,2.0,1.0,0.0,0.0,15388.0,4418,5104,3987,825263,88878,0,63.025,59.25,19.207527777777777,684.6602744454889,20.95898799322925,61.13038164691865,83.835951972917,19.212405660460146,6.9863293310764165,3163.060604644848,1.746582332769104,3.4931646655382083,1.746582332769104,0.0,0.0,26876.408936650976,0,0,0,0,0,0,0.0,0.0,0.0,0.0,0.0,0.0,1584,1726,-142,23.07,25.14,48.21,-2.07,71.2
서울,영등포구,대림제3동,11190720,11560720,921694.470441974,0.921694470441974,366.0,37.0,31.0,85.0,37.0,5.0,1773.0,5.0,3.0,1.0,0.0,2.0,17658.0,4418,5104,3987,825263,88878,0,63.025,59.25,19.207527777777777,397.09471168303145,40.14345445976001,33.63370508790704,92.2214494345838,40.14345445976001,5.424791143210812,1923.630939382554,5.424791143210812,3.254874685926487,1.0849582286421624,0.0,2.169916457284325,19158.192401363303,1,0,0,1,0,1,1.08,0.0,0.0,1.08,0.0,1.08,2140,2552,-412,20.83,24.84,45.66,-4.01,82.0
서울,동작구,노량진제1동,11200720,11590510,1613444.91339551,1.61344491339551,67.0,49.0,34.0,100.0,146.0,17.0,2108.0,4.0,5.0,1.0,1.0,3.0,16918.0,2642,1448,2656,283028,46855,0,62.325,59.275,18.97008333333333,41.52605362831872,30.36980041474056,21.072922736758752,61.979184519878686,90.48960939902288,10.536461368379376,1306.5212096790426,2.479167380795148,3.0989592259939345,0.6197918451987868,0.6197918451987868,1.8593755355963608,10485.638437073076,3,1,0,1,1,3,1.86,0.62,0.0,0.62,0.62,1.86,6552,5914,638,35.35,31.91,67.25,3.44,9.4
서울,동작구,노량진제2동,11200520,11590520,600567.970929695,0.6005679709296949,37.0,12.0,17.0,12.0,30.0,50.0,1442.0,1.0,3.0,0.0,0.0,0.0,17629.0,2642,1448,2656,283028,46855,0,62.325,59.275,18.97008333333333,61.60834708305045,19.981085540448795,28.30653784896913,19.981085540448795,49.95271385112199,83.25452308520332,2401.060445777264,1.6650904617040665,4.995271385112199,0.0,0.0,0.0,29353.879749380983,2,1,0,1,0,1,3.33,1.67,0.0,1.67,0.0,1.67,1508,3577,-2069,27.67,65.65,93.32,-37.97,0.7
서울,동작구,상도제1동,11200530,11590530,1482533.1884026,1.4825331884025998,85.0,44.0,61.0,96.0,93.0,12.0,2151.0,4.0,4.0,0.0,3.0,2.0,16854.0,2642,1448,2656,283028,46855,0,62.325,59.275,18.97008333333333,57.3342982571512,29.67893086252533,41.14579051395557,64.75403097278254,62.73046750488308,8.094253871597818,1450.895006483909,2.698084623865939,2.698084623865939,0.0,2.0235634678994545,1.3490423119329695,11368.379562659136,1,0,0,0,1,1,0.67,0.0,0.0,0.0,0.67,0.67,6508,6763,-255,27.99,29.08,57.07,-1.1,37.2
서울,동작구,상도제2동,11200540,11590540,778978.401609459,0.778978401609459,54.0,36.0,66.0,31.0,71.0,26.0,1062.0,7.0,2.0,2.0,0.0,1.0,12860.0,2642,1448,2656,283028,46855,0,62.325,59.275,18.97008333333333,69.32156255992437,46.21437503994958,84.72635423990756,39.79571183995658,91.14501743990056,33.37704863996358,1363.3240636785126,8.986128479990196,2.567465279997198,2.567465279997198,0.0,1.283732639998599,16508.80175038199,2,1,0,1,0,2,2.57,1.28,0.0,1.28,0.0,2.57,3571,3862,-291,28.99,31.36,60.35,-2.36,26.7
서울,동작구,상도제3동,11200550,11590550,637374.484342067,0.637374484342067,68.0,33.0,38.0,24.0,15.0,0.0,1799.0,5.0,3.0,0.0,1.0,0.0,8792.0,2642,1448,2656,283028,46855,0,62.325,59.275,18.97008333333333,106.68767211507271,51.77489970290294,59.61958147607005,37.65447251120214,23.53404531950133,0.0,2822.516501985527,7.844681773167112,4.706809063900267,0.0,1.5689363546334223,0.0,13794.08842993705,0,0,0,0,0,0,0.0,0.0,0.0,0.0,0.0,0.0,2945,3167,-222,24.06,25.87,49.93,-1.81,67.2
서울,동작구,상도제4동,11200560,11590560,939561.673787903,0.939561673787903,79.0,36.0,25.0,66.0,43.0,0.0,2431.0,1.0,3.0,0.0,0.0,0.0,8937.0,2642,1448,2656,283028,46855,0,62.325,59.275,18.97008333333333,84.08176089336045,38.315739141278186,26.608152181443185,70.24552175901,45.766021752082274,0.0,2587.376718123536,1.0643260872577274,3.192978261773182,0.0,0.0,0.0,9511.88224182231,3,1,0,2,0,2,3.19,1.06,0.0,2.13,0.0,2.13,4781,3515,1266,32.34,23.78,56.11,8.56,42.6
서울,동작구,흑석동,11200710,11590605,1708305.2536436,1.7083052536436,82.0,55.0,47.0,117.0,77.0,28.0,1393.0,6.0,2.0,2.0,0.0,1.0,14164.0,2642,1448,2656,283028,46855,0,62.325,59.275,18.97008333333333,48.000788983762895,32.19565114764585,27.512647344351905,68.48893062317389,45.073911606704186,16.390513311528792,815.4280372485575,3.512252852470456,1.1707509508234852,1.1707509508234852,0.0,0.5853754754117426,8291.258233731924,3,2,0,1,0,3,1.76,1.17,0.0,0.59,0.0,1.76,3720,3623,97,28.56,27.81,56.37,0.74,40.3
서울,동작구,사당제1동,11200630,11590620,635172.355497241,0.635172355497241,83.0,12.0,65.0,24.0,45.0,8.0,2067.0,2.0,2.0,1.0,0.0,0.0,17947.0,2642,1448,2656,283028,46855,0,62.325,59.275,18.97008333333333,130.67319331777895,18.892509877269248,102.33442850187508,37.785019754538496,70.84691203975967,12.595006584846164,3254.234826359628,3.148751646211541,3.148751646211541,1.5743758231057703,0.0,0.0,28255.322897279264,1,0,0,1,0,1,1.57,0.0,0.0,1.57,0.0,1.57,4051,4181,-130,28.93,29.86,58.78,-0.93,30.4
서울,동작구,사당제2동,11200730,11590630,2763171.048562,2.763171048562,87.0,26.0,70.0,52.0,72.0,34.0,1561.0,2.0,3.0,0.0,1.0,4.0,16778.0,2642,1448,2656,283028,46855,0,62.325,59.275,18.97008333333333,31.48556440082717,9.409479016339157,25.333212736297725,18.81895803267831,26.05701881447766,12.304703329058896,564.9306440194392,0.723806078179935,1.0857091172699025,0.0,0.3619030390899675,1.44761215635987,6072.009189851475,1,0,0,1,0,1,0.36,0.0,0.0,0.36,0.0,0.36,3328,3675,-347,26.63,29.4,56.03,-2.78,42.9
서울,동작구,사당제3동,11200650,11590640,907714.276566062,0.907714276566062,47.0,27.0,22.0,60.0,53.0,0.0,992.0,4.0,1.0,1.0,0.0,1.0,8470.0,2642,1448,2656,283028,46855,0,62.325,59.275,18.97008333333333,51.77840782432534,29.745042792697536,24.236701534790587,66.10009509488341,58.388417333813685,0.0,1092.8549055687392,4.406673006325561,1.1016682515813905,1.1016682515813905,0.0,1.1016682515813905,9331.130090894376,1,0,1,0,0,0,1.1,0.0,1.1,0.0,0.0,0.0,2912,3164,-252,27.9,30.32,58.22,-2.41,32.8
서울,동작구,사당제4동,11200660,11590650,436147.659138475,0.436147659138475,45.0,4.0,37.0,12.0,12.0,0.0,1134.0,5.0,2.0,0.0,0.0,0.0,6339.0,2642,1448,2656,283028,46855,0,62.325,59.275,18.97008333333333,103.17606676804998,9.171205934937776,84.83365489817443,27.51361780481333,27.51361780481333,0.0,2600.0368825548594,11.46400741867222,4.585602967468888,0.0,0.0,0.0,14534.068605392642,0,0,0,0,0,0,0.0,0.0,0.0,0.0,0.0,0.0,1856,1976,-120,25.35,26.99,52.34,-1.64,56.7
서울,동작구,사당제5동,11200670,11590651,682198.18962148,0.6821981896214799,45.0,24.0,7.0,79.0,24.0,38.0,815.0,5.0,0.0,0.0,0.0,0.0,4216.0,2642,1448,2656,283028,46855,0,62.325,59.275,18.97008333333333,65.96323573501186,35.180392392006326,10.260947781001844,115.8021249570208,35.180392392006326,55.70228795401001,1194.6674916452148,7.329248415001317,0.0,0.0,0.0,0.0,6180.022263529111,3,1,1,1,0,3,4.4,1.47,1.47,1.47,0.0,4.4,1930,2045,-115,29.2,30.94,60.15,-1.74,27.2
서울,동작구,대방동,11200680,11590660,1544901.33692541,1.54490133692541,69.0,53.0,66.0,176.0,148.0,8.0,1883.0,2.0,4.0,2.0,0.0,2.0,16025.0,2642,1448,2656,283028,46855,0,62.325,59.275,18.97008333333333,44.66304633881705,34.306397912424686,42.72117475886848,113.92313269031597,95.79899794412933,5.17832421319618,1218.8480616810507,1.294581053299045,2.58916210659809,1.294581053299045,0.0,1.294581053299045,10372.830689558596,2,0,1,1,0,2,1.29,0.0,0.65,0.65,0.0,1.29,4802,5413,-611,29.87,33.67,63.54,-3.8,19.0
서울,동작구,신대방제1동,11200690,11590670,675279.524751537,0.675279524751537,59.0,14.0,32.0,65.0,56.0,11.0,1265.0,4.0,1.0,1.0,0.0,0.0,9826.0,2642,1448,2656,283028,46855,0,62.325,59.275,18.97008333333333,87.37122604407193,20.732155332491644,47.38778361712376,96.25643547228265,82.92862132996657,16.28955061838629,1873.2983211144235,5.92347295214047,1.4808682380351177,1.4808682380351177,0.0,0.0,14551.011306933064,1,0,0,1,0,1,1.48,0.0,0.0,1.48,0.0,1.48,2638,2847,-209,25.18,27.18,52.36,-2.0,56.1
서울,동작구,신대방제2동,11200700,11590680,970416.509353084,0.970416509353084,48.0,26.0,31.0,49.0,40.0,6.0,1195.0,0.0,0.0,0.0,1.0,2.0,11774.0,2642,1448,2656,283028,46855,0,62.325,59.275,18.97008333333333,49.4632969836824,26.79261919949463,31.94504596862821,50.49378233750912,41.21941415306866,6.1829121229603,1231.4299978229265,0.0,0.0,0.0,1.030485353826717,2.0609707076534334,12132.93455595576,1,0,0,0,1,1,1.03,0.0,0.0,0.0,1.03,1.03,3240,3435,-195,29.36,31.13,60.49,-1.77,26.5
서울,관악구,보라매동,11210520,11620525,756664.347854533,0.756664347854533,109.0,25.0,28.0,57.0,26.0,3.0,2031.0,4.0,2.0,0.0,0.0,1.0,14748.0,4769,1865,4210,253874,56957,0,62.7,60.225,18.884,144.05330488883428,33.039748827714284,37.00451868704,75.33062732718857,34.361338780822855,3.964769859325714,2684.1491947635086,5.286359812434286,2.643179906217143,0.0,0.0,1.3215899531085715,19490.80862844521,0,0,0,0,0,0,0.0,0.0,0.0,0.0,0.0,0.0,3260,3654,-394,25.14,28.18,53.32,-3.04,50.6
서울,관악구,청림동,11210540,11620545,297154.81280527,0.29715481280527,39.0,8.0,10.0,24.0,49.0,6.0,702.0,0.0,3.0,0.0,0.0,0.0,4640.0,4769,1865,4210,253874,56957,0,62.7,60.225,18.884,131.24471931591188,26.92199370582808,33.6524921322851,80.76598111748423,164.89721144819697,20.191495279371058,2362.404947686414,0.0,10.095747639685529,0.0,0.0,0.0,15614.756349380286,0,0,0,0,0,0,0.0,0.0,0.0,0.0,0.0,0.0,1431,1630,-199,22.56,25.7,48.26,-3.14,71.0
서울,관악구,성현동,11210790,11620565,678222.257692185,0.678222257692185,52.0,29.0,19.0,81.0,83.0,14.0,824.0,0.0,0.0,0.0,0.0,0.0,7206.0,4769,1865,4210,253874,56957,0,62.7,60.225,18.884,76.67103137685655,42.75884442170845,28.014415310774503,119.429875798565,122.3787616207518,20.64220075530753,1214.9409587409575,0.0,0.0,0.0,0.0,0.0,10624.835617339004,1,0,0,1,0,1,1.47,0.0,0.0,1.47,0.0,1.47,2488,2801,-313,19.27,21.69,40.96,-2.42,94.1
서울,관악구,행운동,11210570,11620575,718234.399042717,0.7182343990427169,101.0,15.0,63.0,107.0,44.0,20.0,1901.0,5.0,3.0,0.0,0.0,1.0,15041.0,4769,1865,4210,253874,56957,0,62.7,60.225,18.884,140.6226158683233,20.88454691113712,87.71509702677591,148.97643463277814,61.26133760600222,27.84606254818283,2646.768245204778,6.961515637045707,4.176909382227424,0.0,0.0,1.3923031274091415,20941.63133936089,1,0,0,1,0,1,1.39,0.0,0.0,1.39,0.0,1.39,5586,5702,-116,30.43,31.06,61.48,-0.63,24.8
서울,관악구,낙성대동,11210580,11620585,2262817.24055558,2.26281724055558,85.0,34.0,51.0,12.0,12.0,47.0,1272.0,2.0,1.0,1.0,0.0,0.0,14501.0,4769,1865,4210,253874,56957,0,62.7,60.225,18.884,37.56379369777574,15.0255174791103,22.538276218665448,5.303123816156576,5.303123816156576,20.770568279946588,562.131124512597,0.8838539693594293,0.4419269846797146,0.4419269846797146,0.0,0.0,6408.383204840542,4,0,3,1,0,3,1.77,0.0,1.33,0.44,0.0,1.33,4376,4276,100,34.57,33.78,68.36,0.79,7.1
서울,관악구,청룡동,11210800,11620595,1195603.61032215,1.19560361032215,119.0,16.0,60.0,120.0,51.0,42.0,2138.0,7.0,4.0,2.0,3.0,1.0,20390.0,4769,1865,4210,253874,56957,0,62.7,60.225,18.884,99.53131537294036,13.38236173081551,50.18385649055817,100.36771298111634,42.65627801697444,35.12869954339072,1788.218086280223,5.854783257231786,3.3455904327038777,1.6727952163519388,2.5091928245279083,0.8363976081759694,17054.14723070802,0,0,0,0,0,0,0.0,0.0,0.0,0.0,0.0,0.0,7910,7789,121,31.71,31.23,62.94,0.49,20.6
서울,관악구,은천동,11210780,11620605,776211.494272296,0.776211494272296,120.0,40.0,34.0,76.0,80.0,16.0,1873.0,5.0,5.0,2.0,1.0,1.0,14368.0,4769,1865,4210,253874,56957,0,62.7,60.225,18.884,154.597040736302,51.53234691210067,43.802494875285575,97.91145913299128,103.06469382420134,20.61293876484027,2413.002144159114,6.441543364012584,6.441543364012584,2.5766173456050336,1.2883086728025168,1.2883086728025168,18510.41901082656,0,0,0,0,0,0,0.0,0.0,0.0,0.0,0.0,0.0,3792,4274,-482,23.6,26.6,50.21,-3.0,66.5
서울,관악구,중앙동,11210610,11620615,384728.051486599,0.384728051486599,63.0,12.0,65.0,19.0,33.0,15.0,1356.0,2.0,2.0,0.0,0.0,0.0,9892.0,4769,1865,4210,253874,56957,0,62.7,60.225,18.884,163.75203148448986,31.190863139902834,168.95050867447367,49.38553330484615,85.77487363473278,38.98857892487854,3524.5675348090203,5.198477189983805,5.198477189983805,0.0,0.0,0.0,25711.6681816599,0,0,0,0,0,0,0.0,0.0,0.0,0.0,0.0,0.0,3308,3291,17,31.28,31.12,62.4,0.16,22.1
서울,관악구,인헌동,11210620,11620625,1089077.34882574,1.08907734882574,96.0,24.0,42.0,41.0,30.0,0.0,1665.0,5.0,2.0,0.0,0.0,0.0,10765.0,4769,1865,4210,253874,56957,0,62.7,60.225,18.884,88.14800904959476,22.03700226239869,38.56475395919771,37.646545531597766,27.54625282799837,0.0,1528.8170319539092,4.591042137999727,1.836416855199891,0.0,0.0,0.0,9884.513723113414,0,0,0,0,0,0,0.0,0.0,0.0,0.0,0.0,0.0,3951,4330,-379,26.14,28.65,54.79,-2.51,45.8
서울,관악구,남현동,11210630,11620630,3281023.45678311,3.28102345678311,108.0,9.0,39.0,30.0,19.0,13.0,1103.0,6.0,2.0,1.0,0.0,0.0,9328.0,4769,1865,4210,253874,56957,0,62.7,60.225,18.884,32.91655833082308,2.74304652756859,11.886534952797222,9.143488425228632,5.790876002644801,3.962178317599074,336.17559110090605,1.8286976850457264,0.6095658950152422,0.3047829475076211,0.0,0.0,2843.015334351089,1,0,0,0,1,1,0.3,0.0,0.0,0.0,0.3,0.3,3086,3273,-187,31.41,33.31,64.72,-1.9,14.5
서울,관악구,서원동,11210640,11620645,647531.774759333,0.647531774759333,124.0,21.0,37.0,17.0,28.0,47.0,1712.0,4.0,2.0,2.0,0.0,2.0,13581.0,4769,1865,4210,253874,56957,0,62.7,60.225,18.884,191.496394205654,32.430840954183346,57.140053109751605,26.25353791529128,43.241121272244456,72.58331070698176,2643.885700645804,6.177303038892065,3.0886515194460324,3.0886515194460324,0.0,3.0886515194460324,20973.488142798284,0,0,0,0,0,0,0.0,0.0,0.0,0.0,0.0,0.0,4876,4827,49,31.36,31.04,62.4,0.32,22.1
서울,관악구,신원동,11210650,11620655,544976.426133717,0.544976426133717,77.0,10.0,16.0,26.0,19.0,6.0,1762.0,1.0,2.0,0.0,0.0,0.0,8430.0,4769,1865,4210,253874,56957,0,62.7,60.225,18.884,141.2905151627734,18.349417553606937,29.359068085771096,47.70848563937803,34.86389335185318,11.00965053216416,3233.167372945542,1.8349417553606933,3.669883510721387,0.0,0.0,0.0,15468.558997690649,1,0,1,0,0,1,1.83,0.0,1.83,0.0,0.0,1.83,3021,3144,-123,26.52,27.6,54.12,-1.08,48.6
서울,관악구,서림동,11210660,11620665,941251.110776377,0.941251110776377,96.0,23.0,17.0,64.0,34.0,37.0,1620.0,4.0,2.0,1.0,0.0,0.0,8112.0,4769,1865,4210,253874,56957,0,62.7,60.225,18.884,101.99191151106938,24.43556213286037,18.06106766341853,67.99460767404625,36.12213532683707,39.30938256155799,1721.1135067492955,4.249662979627891,2.1248314898139453,1.0624157449069729,0.0,0.0,8618.316522685362,0,0,0,0,0,0,0.0,0.0,0.0,0.0,0.0,0.0,4734,4804,-70,29.8,30.24,60.03,-0.44,28.1
서울,관악구,신사동,11210680,11620685,641101.2690419,0.6411012690419,101.0,18.0,25.0,28.0,24.0,22.0,2124.0,2.0,2.0,2.0,0.0,1.0,13126.0,4769,1865,4210,253874,56957,0,62.7,60.225,18.884,157.541413310475,28.07668752067872,38.99539933427599,43.67484725438911,37.43558336090495,34.31595141416287,3313.049127440088,3.119631946742079,3.119631946742079,3.119631946742079,0.0,1.5598159733710395,20474.144466468264,1,0,1,0,0,1,1.56,0.0,1.56,0.0,0.0,1.56,4337,4376,-39,29.26,29.52,58.78,-0.26,30.4
서울,관악구,신림동,11210690,11620695,541168.526733439,0.541168526733439,73.0,17.0,63.0,0.0,7.0,35.0,1633.0,2.0,3.0,0.0,1.0,1.0,19240.0,4769,1865,4210,253874,56957,0,62.7,60.225,18.884,134.89328442774962,31.41350459276361,116.41475231435923,0.0,12.93497247937325,64.67486239686625,3017.544294116645,3.695706422678072,5.543559634017107,0.0,1.847853211339036,1.847853211339036,35552.69578616305,1,0,1,0,0,1,1.85,0.0,1.85,0.0,0.0,1.85,6773,6592,181,34.23,33.31,67.54,0.91,9.1
서울,관악구,난향동,11210710,11620715,821395.44255839,0.8213954425583899,68.0,15.0,11.0,35.0,20.0,10.0,686.0,1.0,0.0,1.0,0.0,0.0,3668.0,4769,1865,4210,253874,56957,0,62.7,60.225,18.884,82.78594751901869,18.26160607037177,13.391844451605964,42.6104141642008,24.348808093829028,12.174404046914514,835.1641176183356,1.217440404691451,0.0,1.217440404691451,0.0,0.0,4465.571404408243,0,0,0,0,0,0,0.0,0.0,0.0,0.0,0.0,0.0,1318,1384,-66,21.52,22.6,44.11,-1.08,85.9
서울,관악구,조원동,11210720,11620725,666605.579900263,0.666605579900263,94.0,26.0,38.0,12.0,24.0,29.0,1400.0,2.0,3.0,0.0,0.0,0.0,14799.0,4769,1865,4210,253874,56957,0,62.7,60.225,18.884,141.01292103505074,39.00357390331191,57.00522339714817,18.001649493836265,36.00329898767253,43.50398627677097,2100.192440947564,3.0002749156393773,4.500412373459066,0.0,0.0,0.0,22200.534238273573,0,0,0,0,0,0,0.0,0.0,0.0,0.0,0.0,0.0,3603,3684,-81,28.41,29.05,57.45,-0.64,35.8
서울,관악구,대학동,11210730,11620735,8405178.47596529,8.40517847596529,136.0,51.0,24.0,84.0,57.0,32.0,2054.0,6.0,4.0,0.0,1.0,2.0,13241.0,4769,1865,4210,253874,56957,0,62.7,60.225,18.884,16.180501150438822,6.067687931414558,2.855382555959792,9.993838945859272,6.781533570404506,3.807176741279723,244.3731570808922,0.713845638989948,0.4758970926599654,0.0,0.1189742731649913,0.2379485463299827,1575.3383509776504,7,2,2,1,2,7,0.83,0.24,0.24,0.12,0.24,0.83,5777,5624,153,31.01,30.19,61.2,0.82,25.3
서울,관악구,삼성동,11210820,11620745,2604383.91943294,2.60438391943294,121.0,30.0,14.0,84.0,13.0,20.0,2190.0,4.0,2.0,0.0,0.0,0.0,7051.0,4769,1865,4210,253874,56957,0,62.7,60.225,18.884,46.4601240612581,11.519039023452422,5.375551544277796,32.25330926566678,4.991583576829382,7.679359348968281,840.8898487120267,1.5358718697936562,0.7679359348968281,0.0,0.0,0.0,2707.358138478767,0,0,0,0,0,0,0.0,0.0,0.0,0.0,0.0,0.0,1267,1622,-355,12.92,16.54,29.47,-3.62,99.8
서울,관악구,미성동,11210830,11620765,1359427.61144657,1.35942761144657,172.0,36.0,29.0,96.0,62.0,19.0,2097.0,8.0,2.0,1.0,1.0,0.0,12410.0,4769,1865,4210,253874,56957,0,62.7,60.225,18.884,126.52383882138042,26.481733706800554,21.332507708256003,70.61795655146814,45.60743027282318,13.97647056747807,1542.5609884211324,5.884829712622346,1.4712074281555865,0.7356037140777932,0.7356037140777932,0.0,9128.842091705414,1,0,0,0,1,0,0.74,0.0,0.0,0.0,0.74,0.0,3013,3543,-530,21.4,25.16,46.56,-3.76,76.8
서울,관악구,난곡동,11210810,11620775,972371.602013015,0.972371602013015,156.0,22.0,38.0,78.0,17.0,6.0,2263.0,5.0,2.0,0.0,0.0,0.0,7128.0,4769,1865,4210,253874,56957,0,62.7,60.225,18.884,160.43249276001788,22.62509513282303,39.07970977487615,80.21624638000894,17.483028057181436,6.170480490769918,2327.299558435388,5.142067075641599,2.0568268302566395,0.0,0.0,0.0,7330.530823034663,0,0,0,0,0,0,0.0,0.0,0.0,0.0,0.0,0.0,2323,2742,-419,18.16,21.44,39.6,-3.28,96.3
서울,서초구,서초1동,11220510,11650510,1382684.93947222,1.3826849394722198,333.0,34.0,89.0,36.0,78.0,5.0,1330.0,2.0,2.0,1.0,1.0,1.0,36348.0,4522,4386,3343,1447114,52109,4,60.65625,52.4375,18.82536111111111,240.83577573869312,24.58983896431101,64.36751964187293,26.03630007985872,56.41198350636055,3.616152788869266,961.8966418392248,1.4464611155477065,1.4464611155477065,0.7232305577738533,0.7232305577738533,0.7232305577738533,26287.98431396401,4,2,1,0,1,2,2.89,1.45,0.72,0.0,0.72,1.45,3048,3069,-21,31.85,32.07,63.91,-0.22,17.7
서울,서초구,서초2동,11220520,11650520,1231167.61598676,1.23116761598676,269.0,44.0,160.0,61.0,174.0,36.0,654.0,6.0,3.0,1.0,1.0,0.0,46282.0,4522,4386,3343,1447114,52109,4,60.65625,52.4375,18.82536111111111,218.4917768360899,35.738431898839984,129.95793417759995,49.54646240520998,141.32925341813996,29.24053518995999,531.2030559509398,4.873422531659998,2.436711265829999,0.8122370886099997,0.8122370886099997,0.0,37591.95693504801,3,1,1,0,1,1,2.44,0.81,0.81,0.0,0.81,0.81,3778,3851,-73,32.7,33.33,66.02,-0.63,12.2
서울,서초구,서초3동,11220530,11650530,2998571.66005904,2.99857166005904,594.0,73.0,124.0,68.0,139.0,22.0,1924.0,9.0,1.0,3.0,0.0,2.0,82349.0,4522,4386,3343,1447114,52109,4,60.65625,52.4375,18.82536111111111,198.09431534089285,24.34492427590097,41.3530220576948,22.67746370905844,46.3554037582224,7.336826494107142,641.6388261210064,3.001429020316558,0.3334921133685065,1.0004763401055194,0.0,0.666984226737013,27462.74204378314,22,9,6,0,7,7,7.34,3.0,2.0,0.0,2.33,2.33,5036,5080,-44,32.06,32.34,64.39,-0.28,15.9
서울,서초구,서초4동,11220540,11650531,879773.068563124,0.8797730685631241,242.0,42.0,338.0,72.0,147.0,18.0,426.0,3.0,4.0,0.0,0.0,1.0,37787.0,4522,4386,3343,1447114,52109,4,60.65625,52.4375,18.82536111111111,275.07093436633926,47.7395836503564,384.189982710011,81.83928625775383,167.0885427762474,20.459821564438457,484.2157770250435,3.409970260739743,4.546627014319657,0.0,0.0,1.1366567535799144,42950.84874752422,1,0,0,0,1,0,1.14,0.0,0.0,0.0,1.14,0.0,3192,3254,-62,29.8,30.37,60.17,-0.58,26.9
서울,서초구,잠원동,11220550,11650540,1756866.58895556,1.75686658895556,311.0,20.0,153.0,43.0,137.0,17.0,873.0,8.0,1.0,1.0,0.0,1.0,22191.0,4522,4386,3343,1447114,52109,4,60.65625,52.4375,18.82536111111111,177.01970198254295,11.383903664472216,87.08686303321245,24.475392878615263,77.97974010163468,9.676318114801385,496.9073949542122,4.553561465788886,0.5691951832236107,0.5691951832236107,0.0,0.5691951832236107,12631.010310915146,2,1,0,1,0,1,1.14,0.57,0.0,0.57,0.0,0.57,2981,3087,-106,22.7,23.5,46.2,-0.81,77.8
서울,서초구,반포본동,11220560,11650550,972535.792787628,0.972535792787628,61.0,3.0,0.0,71.0,11.0,2.0,48.0,6.0,2.0,0.0,0.0,1.0,4661.0,4522,4386,3343,1447114,52109,4,60.65625,52.4375,18.82536111111111,62.722627231181534,3.084719372025321,0.0,73.0050251379326,11.31063769742618,2.056479581350214,49.35550995240514,6.169438744050643,2.056479581350214,0.0,0.0,1.028239790675107,4792.625664336674,0,0,0,0,0,0,0.0,0.0,0.0,0.0,0.0,0.0,26,46,-20,25.74,45.54,71.29,-19.8,5.6
서울,서초구,반포1동,11220570,11650560,992367.583655104,0.992367583655104,277.0,19.0,147.0,60.0,66.0,20.0,1074.0,4.0,1.0,0.0,0.0,1.0,20287.0,4522,4386,3343,1447114,52109,4,60.65625,52.4375,18.82536111111111,279.1304397305575,19.14613124505629,148.13059436964605,60.46146708965144,66.50761379861659,20.15382236321715,1082.2602609047608,4.03076447264343,1.0076911181608574,0.0,0.0,1.0076911181608574,20443.02971412932,1,0,0,1,0,1,1.01,0.0,0.0,1.01,0.0,1.01,4473,4614,-141,31.0,31.98,62.98,-0.98,19.9
서울,서초구,반포2동,11220580,11650570,1396031.10424371,1.39603110424371,230.0,17.0,38.0,56.0,50.0,10.0,129.0,5.0,1.0,1.0,3.0,1.0,5092.0,4522,4386,3343,1447114,52109,4,60.65625,52.4375,18.82536111111111,164.75277613860968,12.177379105897236,27.22002388377029,40.113719407661485,35.815820899697755,7.163164179939551,92.4048179212202,3.581582089969776,0.7163164179939551,0.7163164179939551,2.1489492539818653,0.7163164179939551,3647.4832004252194,4,1,3,0,0,3,2.87,0.72,2.15,0.0,0.0,2.15,5008,1933,3075,58.16,22.45,80.61,35.71,2.3
서울,서초구,반포3동,11220590,11650580,1251708.17265185,1.25170817265185,140.0,16.0,66.0,34.0,162.0,8.0,153.0,8.0,4.0,0.0,0.0,2.0,13559.0,4522,4386,3343,1447114,52109,4,60.65625,52.4375,18.82536111111111,111.84715659673142,12.78253218248359,52.72794525274482,27.162880887777632,129.42313834764636,6.391266091241795,122.23296399499934,6.391266091241795,3.1956330456208977,0.0,0.0,1.5978165228104488,10832.397116393438,0,0,0,0,0,0,0.0,0.0,0.0,0.0,0.0,0.0,2804,2678,126,34.08,32.55,66.63,1.53,10.8
서울,서초구,반포4동,11220600,11650581,1427140.76496484,1.42714076496484,417.0,32.0,58.0,12.0,269.0,11.0,901.0,4.0,3.0,1.0,1.0,2.0,37750.0,4522,4386,3343,1447114,52109,4,60.65625,52.4375,18.82536111111111,292.19262054382807,22.42245529353117,40.64070021952524,8.40842073507419,188.4887648112464,7.70771900715134,631.332256858487,2.802806911691396,2.1021051837685474,0.700701727922849,0.700701727922849,1.401403455845698,26451.49022908755,3,0,0,1,2,3,2.1,0.0,0.0,0.7,1.4,2.1,2260,2370,-110,32.97,34.58,67.55,-1.6,8.7
서울,서초구,방배본동,11220610,11650590,677510.025566555,0.6775100255665549,285.0,21.0,35.0,24.0,135.0,5.0,941.0,1.0,3.0,2.0,0.0,0.0,15792.0,4522,4386,3343,1447114,52109,4,60.65625,52.4375,18.82536111111111,420.6579817939582,30.995851290081127,51.65975215013521,35.423830045807,199.2590440076644,7.379964592876459,1388.9093363793495,1.4759929185752918,4.427978755725875,2.951985837150584,0.0,0.0,23308.88017014101,0,0,0,0,0,0,0.0,0.0,0.0,0.0,0.0,0.0,2552,2845,-293,32.61,36.36,68.97,-3.74,6.6
서울,서초구,방배1동,11220620,11650600,689244.451064731,0.689244451064731,290.0,22.0,73.0,12.0,65.0,5.0,1132.0,2.0,0.0,1.0,0.0,1.0,15762.0,4522,4386,3343,1447114,52109,4,60.65625,52.4375,18.82536111111111,420.7505763042616,31.91900923687502,105.9130761041762,17.4103686746591,94.30616365440346,7.254320281107959,1642.378111642842,2.9017281124431835,0.0,1.4508640562215918,0.0,1.4508640562215918,22868.51925416473,0,0,0,0,0,0,0.0,0.0,0.0,0.0,0.0,0.0,2332,2422,-90,30.85,32.04,62.88,-1.19,21.0
서울,서초구,방배2동,11220630,11650610,1904030.44767544,1.90403044767544,475.0,35.0,46.0,36.0,57.0,14.0,1513.0,7.0,1.0,1.0,0.0,3.0,16488.0,4522,4386,3343,1447114,52109,4,60.65625,52.4375,18.82536111111111,249.47080052207667,18.382058985837222,24.15927752424321,18.90726067114686,29.9364960626492,7.352823594334891,794.6301498734779,3.6764117971674457,0.5252016853096351,0.5252016853096351,0.0,1.5756050559289052,8659.525387385263,1,0,1,0,0,1,0.53,0.0,0.53,0.0,0.0,0.53,2302,2469,-167,29.76,31.92,61.68,-2.16,24.6
서울,서초구,방배3동,11220640,11650620,2375133.3775561,2.3751333775561,250.0,43.0,21.0,58.0,36.0,14.0,551.0,5.0,0.0,0.0,1.0,1.0,8192.0,4522,4386,3343,1447114,52109,4,60.65625,52.4375,18.82536111111111,105.25724675606985,18.10424644204401,8.841608727509866,24.4196812474082,15.157043532874056,5.89440581833991,231.9869718503779,2.1051449351213964,0.0,0.0,0.4210289870242793,0.4210289870242793,3449.069461702896,1,1,0,0,0,0,0.42,0.42,0.0,0.0,0.0,0.0,1787,2005,-218,30.98,34.76,65.74,-3.78,13.1
서울,서초구,방배4동,11220650,11650621,949526.831714263,0.949526831714263,372.0,29.0,102.0,59.0,105.0,8.0,1441.0,2.0,2.0,1.0,0.0,0.0,21914.0,4522,4386,3343,1447114,52109,4,60.65625,52.4375,18.82536111111111,391.7740790203856,30.54152766556769,107.42192489268636,62.136211457534266,110.58139327188302,8.425249011191086,1517.5979781407946,2.106312252797772,2.106312252797772,1.0531561263988858,0.0,0.0,23078.863353905184,2,0,1,0,1,2,2.11,0.0,1.05,0.0,1.05,2.11,2978,3047,-69,27.97,28.61,56.58,-0.65,39.0
서울,서초구,양재1동,11220660,11650651,5764462.83035484,5.76446283035484,701.0,72.0,84.0,136.0,112.0,29.0,1883.0,23.0,3.0,3.0,0.0,2.0,32686.0,4522,4386,3343,1447114,52109,4,60.65625,52.4375,18.82536111111111,121.60716802763196,12.49032253636163,14.572042959088568,23.592831457571965,19.42939061211809,5.030824354923434,326.6566296662354,3.989964143559965,0.5204301056817345,0.5204301056817345,0.0,0.346953403787823,5670.259478104392,9,5,1,1,2,7,1.56,0.87,0.17,0.17,0.35,1.21,4459,5299,-840,25.55,30.37,55.92,-4.81,43.3
서울,서초구,양재2동,11220670,11650652,7563162.03271393,7.56316203271393,676.0,52.0,38.0,49.0,56.0,18.0,1860.0,15.0,3.0,0.0,1.0,1.0,41738.0,4522,4386,3343,1447114,52109,4,60.65625,52.4375,18.82536111111111,89.38060523839223,6.875431172184018,5.024353548903705,6.478771681481094,7.40431049312125,2.379956944217545,245.9288842358129,1.9832974535146208,0.3966594907029241,0.0,0.132219830234308,0.132219830234308,5518.5912743195495,1,0,0,0,1,1,0.13,0.0,0.0,0.0,0.13,0.13,3094,3351,-257,28.08,30.41,58.48,-2.33,31.9
서울,서초구,내곡동,11220680,11650660,12708949.9237672,12.7089499237672,398.0,60.0,24.0,60.0,25.0,3.0,1274.0,18.0,0.0,1.0,0.0,1.0,10620.0,4522,4386,3343,1447114,52109,4,60.65625,52.4375,18.82536111111111,31.316513353766087,4.721082415140616,1.8884329660562464,4.721082415140616,1.9671176729752569,0.2360541207570308,100.24431661481908,1.4163247245421848,0.0,0.0786847069190102,0.0,0.0786847069190102,835.631587479889,2,0,0,1,1,2,0.16,0.0,0.0,0.08,0.08,0.16,1754,2071,-317,25.12,29.66,54.78,-4.54,46.1
서울,강남구,신사동,11230510,11680510,2059234.04499409,2.05923404499409,117.0,15.0,415.0,48.0,193.0,34.0,1297.0,3.0,4.0,2.0,0.0,0.0,48827.0,6763,9236,6829,1950588,116770,0,62.9,57.69125,18.59286111111111,56.81724245207679,7.284261852830357,201.53124459497323,23.309637929057143,93.72416917308394,16.510993533082143,629.8458415413983,1.4568523705660714,1.9424698274214287,0.9712349137107144,0.0,0.0,23711.243565876524,8,4,0,0,4,4,3.88,1.94,0.0,0.0,1.94,1.94,1811,1988,-177,27.71,30.42,58.13,-2.71,33.0
서울,강남구,논현1동,11230520,11680521,1258743.89696405,1.25874389696405,167.0,18.0,326.0,18.0,83.0,54.0,2303.0,6.0,5.0,1.0,0.0,4.0,50810.0,6763,9236,6829,1950588,116770,0,62.9,57.69125,18.59286111111111,132.67194415225,14.299970028386229,258.9883460696617,14.299970028386229,65.9387506864476,42.89991008515869,1829.6017208540825,4.766656676128743,3.972213896773952,0.7944427793547905,0.0,3.177771117419162,40365.6376190169,4,2,2,0,0,1,3.18,1.59,1.59,0.0,0.0,0.79,4055,4329,-274,30.13,32.17,62.3,-2.04,22.5
서울,강남구,논현2동,11230530,11680531,1458523.56578293,1.45852356578293,156.0,26.0,200.0,41.0,71.0,82.0,2159.0,3.0,4.0,1.0,1.0,3.0,54928.0,6763,9236,6829,1950588,116770,0,62.9,57.69125,18.59286111111111,106.95747649182464,17.826246081970773,137.12496986131364,28.110618821569297,48.679364300766345,56.22123764313859,1480.2640496528809,2.056874547919705,2.742499397226273,0.6856248493065682,0.6856248493065682,2.056874547919705,37660.00172271118,7,1,3,1,2,4,4.8,0.69,2.06,0.69,1.37,2.74,3464,3693,-229,31.18,33.25,64.43,-2.06,15.7
서울,강남구,압구정동,11230770,11680545,2345056.2080757,2.3450562080757,129.0,20.0,352.0,70.0,263.0,72.0,1263.0,7.0,7.0,2.0,0.0,2.0,52630.0,6763,9236,6829,1950588,116770,0,62.9,57.69125,18.59286111111111,55.00934244380201,8.528580223845273,150.1030119396768,29.850030783458458,112.15082994356534,30.702888805842985,538.579841135829,2.9850030783458457,2.9850030783458457,0.8528580223845273,0.0,0.8528580223845273,22442.95885904884,13,2,1,0,10,6,5.54,0.85,0.43,0.0,4.26,2.56,2780,2826,-46,27.93,28.39,56.32,-0.46,40.5
서울,강남구,청담동,11230780,11680565,2329215.61670793,2.32921561670793,192.0,25.0,312.0,79.0,95.0,102.0,1708.0,4.0,3.0,1.0,0.0,1.0,53404.0,6763,9236,6829,1950588,116770,0,62.9,57.69125,18.59286111111111,82.43118353781657,10.7332270231532,133.95067324895192,33.91699739316411,40.78626268798216,43.79156625446505,733.2940702218266,1.717316323704512,1.2879872427783838,0.429329080926128,0.0,0.429329080926128,22927.89023777893,16,0,0,2,14,14,6.87,0.0,0.0,0.86,6.01,6.01,3387,4073,-686,29.42,35.38,64.81,-5.96,14.1
서울,강남구,삼성1동,11230580,11680580,1944627.24519602,1.94462724519602,135.0,29.0,93.0,60.0,16.0,100.0,1047.0,5.0,6.0,2.0,3.0,1.0,43579.0,6763,9236,6829,1950588,116770,0,62.9,57.69125,18.59286111111111,69.4220449361193,14.91288372701822,47.82407540043774,30.854242193830803,8.22779791835488,51.423736989718,538.4065262823475,2.5711868494859003,3.0854242193830803,1.02847473979436,1.5427121096915402,0.51423736989718,22409.95034274921,11,3,2,1,5,5,5.66,1.54,1.03,0.51,2.57,2.57,1604,1824,-220,28.88,32.84,61.72,-3.96,24.4
서울,강남구,삼성2동,11230590,11680590,1242270.85022037,1.24227085022037,132.0,21.0,110.0,25.0,111.0,64.0,1300.0,6.0,3.0,1.0,0.0,5.0,36320.0,6763,9236,6829,1950588,116770,0,62.9,57.69125,18.59286111111111,106.25702114525518,16.9045260912906,88.54751762104598,20.124435822965,89.35249505396459,51.5185557067904,1046.4706627941798,4.829864597511599,2.4149322987557995,0.8049774329185999,0.0,4.024887164592999,29236.780363603542,5,2,1,1,1,2,4.02,1.61,0.8,0.8,0.8,1.61,4508,4609,-101,32.67,33.4,66.07,-0.73,11.9
서울,강남구,대치1동,11230600,11680600,809822.245138431,0.8098222451384309,68.0,18.0,112.0,93.0,306.0,24.0,212.0,8.0,3.0,1.0,0.0,3.0,12825.0,6763,9236,6829,1950588,116770,0,62.9,57.69125,18.59286111111111,83.96904432821067,22.22709996923224,138.3019553641117,114.8400165076999,377.86069947694807,29.63613329230965,261.7858440820686,9.87871109743655,3.7045166615387055,1.2348388871795688,0.0,3.7045166615387055,15836.80872807797,0,0,0,0,0,0,0.0,0.0,0.0,0.0,0.0,0.0,3319,3251,68,46.13,45.18,91.31,0.95,1.2
서울,강남구,대치2동,11230790,11680610,1837365.35804016,1.83736535804016,120.0,30.0,85.0,72.0,438.0,104.0,784.0,3.0,3.0,2.0,0.0,2.0,35557.0,6763,9236,6829,1950588,116770,0,62.9,57.69125,18.59286111111111,65.31090807546242,16.327727018865605,46.26189322011922,39.18654484527745,238.38481447543785,56.6027869987341,426.69793275968783,1.6327727018865603,1.6327727018865603,1.0885151345910404,0.0,1.0885151345910404,19352.16632032681,8,3,2,2,1,5,4.35,1.63,1.09,1.09,0.54,2.72,5730,5664,66,42.73,42.23,84.96,0.49,1.6
서울,강남구,대치4동,11230630,11680630,701080.937288114,0.7010809372881139,116.0,14.0,96.0,24.0,886.0,26.0,1349.0,2.0,1.0,0.0,0.0,0.0,45980.0,6763,9236,6829,1950588,116770,0,62.9,57.69125,18.59286111111111,165.4587848996513,19.969163694785507,136.9314081928149,34.232852048203725,1263.7627881128542,37.08558971888737,1924.1715588761176,2.852737670683644,1.426368835341822,0.0,0.0,0.0,65584.43904901698,3,0,0,1,2,3,4.28,0.0,0.0,1.43,2.85,4.28,3842,4218,-376,40.09,44.01,84.1,-3.92,1.9
서울,강남구,역삼1동,11230640,11680640,2362132.41515307,2.36213241515307,267.0,47.0,514.0,24.0,246.0,128.0,3793.0,7.0,5.0,1.0,0.0,6.0,135287.0,6763,9236,6829,1950588,116770,0,62.9,57.69125,18.59286111111111,113.03346005803742,19.897275740553404,217.59999426903084,10.160311016452802,104.14318791864122,54.18832542108161,1605.752486891895,2.9634240464654003,2.116731461761,0.4233462923522,0.0,2.5400777541132005,57273.24985345209,12,4,2,3,3,8,5.08,1.69,0.85,1.27,1.27,3.39,8606,8581,25,36.07,35.96,72.03,0.1,5.2
서울,강남구,역삼2동,11230650,11680650,1135028.78580273,1.13502878580273,100.0,26.0,127.0,53.0,121.0,42.0,1147.0,12.0,3.0,1.0,1.0,0.0,37722.0,6763,9236,6829,1950588,116770,0,62.9,57.69125,18.59286111111111,88.10349239669432,22.906908023140524,111.8914353438018,46.69485097024799,106.60522580000011,37.00346680661161,1010.5470577900838,10.572419087603318,2.6431047719008296,0.8810349239669432,0.8810349239669432,0.0,33234.39940188103,2,1,0,0,1,2,1.76,0.88,0.0,0.0,0.88,1.76,5769,5919,-150,36.93,37.89,74.82,-0.96,3.5
서울,강남구,도곡1동,11230660,11680655,1050608.86371549,1.05060886371549,110.0,22.0,90.0,73.0,87.0,16.0,585.0,2.0,0.0,0.0,0.0,1.0,15671.0,6763,9236,6829,1950588,116770,0,62.9,57.69125,18.59286111111111,104.70119166040897,20.9402383320818,85.66461135851642,69.48351810190776,82.80912431323254,15.22926424151403,556.8199738303567,1.9036580301892536,0.0,0.0,0.0,0.9518290150946268,14916.1124955479,1,0,0,1,0,1,0.95,0.0,0.0,0.95,0.0,0.95,2825,2814,11,33.3,33.17,66.47,0.13,11.0
서울,강남구,도곡2동,11230670,11680656,990762.412711997,0.990762412711997,69.0,20.0,57.0,84.0,78.0,14.0,454.0,7.0,1.0,0.0,0.0,1.0,18210.0,6763,9236,6829,1950588,116770,0,62.9,57.69125,18.59286111111111,69.64333639901363,20.18647431855468,57.53145180788084,84.78319213792965,78.72724984236325,14.130532022988277,458.2329670311912,7.0652660114941375,1.009323715927734,0.0,0.0,1.009323715927734,18379.78486704404,1,1,0,0,0,0,1.01,1.01,0.0,0.0,0.0,0.0,3829,4209,-380,33.94,37.31,71.25,-3.37,5.9
서울,강남구,개포1동,11230680,11680660,1449950.56357526,1.44995056357526,31.0,15.0,3.0,51.0,14.0,4.0,476.0,3.0,0.0,0.0,0.0,0.0,2337.0,6763,9236,6829,1950588,116770,0,62.9,57.69125,18.59286111111111,21.38003927772599,10.345180295673869,2.0690360591347736,35.17361300529115,9.65550160929561,2.758714745513031,328.2870547160507,2.0690360591347736,0.0,0.0,0.0,0.0,1611.7790900659886,0,0,0,0,0,0,0.0,0.0,0.0,0.0,0.0,0.0,16089,1747,14342,176.28,19.14,195.42,157.14,0.0
서울,강남구,개포2동,11230800,11680670,2243336.373387,2.243336373387,94.0,34.0,60.0,144.0,122.0,44.0,473.0,9.0,1.0,0.0,0.0,2.0,11118.0,6763,9236,6829,1950588,116770,0,62.9,57.69125,18.59286111111111,41.90187486599629,15.155997291956105,26.745877574040183,64.19010617769644,54.38328440054837,19.61364355429613,210.84666820868344,4.011881636106027,0.445764626234003,0.0,0.0,0.8915292524680061,4956.011114469646,3,0,1,1,1,3,1.34,0.0,0.45,0.45,0.45,1.34,5439,5032,407,38.37,35.5,73.87,2.87,3.7
서울,강남구,개포3동,11230511,11680675,1300288.51514643,1.30028851514643,47.0,12.0,20.0,49.0,32.0,2.0,118.0,5.0,2.0,1.0,0.0,2.0,0.0,6763,9236,6829,1950588,116770,0,62.9,57.69125,18.59286111111111,36.14582414019642,9.228721057071429,15.381201761785714,37.683944316375,24.609922818857143,1.5381201761785714,90.74909039453571,3.8453004404464286,1.5381201761785714,0.7690600880892857,0.0,1.5381201761785714,0.0,0,0,0,0,0,0,0.0,0.0,0.0,0.0,0.0,0.0,2104,2253,-149,30.3,32.45,62.75,-2.15,21.4
서울,강남구,개포4동,11230710,11680690,1665459.91537529,1.66545991537529,146.0,28.0,38.0,68.0,60.0,18.0,1214.0,3.0,0.0,1.0,1.0,0.0,17810.0,6763,9236,6829,1950588,116770,0,62.9,57.69125,18.59286111111111,87.66347280540869,16.812172866790707,22.81652031921596,40.82956267649172,36.02608471455152,10.807825414365457,728.9277807244257,1.801304235727576,0.0,0.6004347452425253,0.6004347452425253,0.0,10693.742812769377,1,1,0,0,0,0,0.6,0.6,0.0,0.0,0.0,0.0,3248,3370,-122,32.32,33.54,65.86,-1.21,12.9
서울,강남구,세곡동,11230760,11680700,6366906.07044765,6.36690607044765,213.0,66.0,40.0,136.0,93.0,46.0,1179.0,26.0,0.0,1.0,1.0,0.0,15154.0,6763,9236,6829,1950588,116770,0,62.9,57.69125,18.59286111111111,33.45423941286827,10.366102353283123,6.282486274717046,21.36045333403796,14.606780588717132,7.224859215924603,185.17628294728493,4.08361607856608,0.0,0.1570621568679261,0.1570621568679261,0.0,2380.119925176553,4,0,0,3,1,4,0.63,0.0,0.0,0.47,0.16,0.63,6011,5338,673,29.8,26.46,56.26,3.34,41.5
서울,강남구,일원본동,11230720,11680720,2354621.34097566,2.35462134097566,89.0,27.0,18.0,102.0,66.0,18.0,287.0,13.0,0.0,0.0,1.0,1.0,5123.0,6763,9236,6829,1950588,116770,0,62.9,57.69125,18.59286111111111,37.79800957852611,11.466811894609046,7.644541263072697,43.31906715741195,28.02998463126656,7.644541263072697,121.88796347232578,5.521057578885837,0.0,0.0,0.4246967368373721,0.4246967368373721,2175.721382817857,2,1,0,1,0,1,0.85,0.42,0.0,0.42,0.0,0.42,2246,2506,-260,28.34,31.62,59.95,-3.28,28.3
서울,강남구,일원1동,11230730,11680730,953469.81382235,0.95346981382235,88.0,15.0,34.0,47.0,31.0,4.0,853.0,3.0,1.0,2.0,0.0,0.0,8426.0,6763,9236,6829,1950588,116770,0,62.9,57.69125,18.59286111111111,92.2944793052422,15.73201351793901,35.659230640661754,49.29364235620889,32.51282793707395,4.195203604783736,894.6271687201316,3.146402703587802,1.048800901195934,2.097601802391868,0.0,0.0,8837.19639347694,1,0,0,1,0,1,1.05,0.0,0.0,1.05,0.0,1.05,1835,2058,-223,24.57,27.56,52.13,-2.99,58.2
서울,강남구,수서동,11230750,11680750,1629400.1953445,1.6294001953445,89.0,20.0,39.0,91.0,4.0,10.0,212.0,8.0,0.0,1.0,0.0,3.0,9414.0,6763,9236,6829,1950588,116770,0,62.9,57.69125,18.59286111111111,54.621326457606656,12.274455383731834,23.93518799827708,55.84877199597984,2.4548910767463665,6.137227691865917,130.10922706755744,4.909782153492733,0.0,0.6137227691865916,0.0,1.841168307559775,5777.586149122574,1,0,1,0,0,1,0.61,0.0,0.61,0.0,0.0,0.61,1387,1697,-310,18.34,22.44,40.77,-4.1,94.6
서울,송파구,풍납1동,11240510,11710510,1075291.04249786,1.07529104249786,70.0,8.0,16.0,36.0,10.0,0.0,968.0,2.0,1.0,0.0,0.0,1.0,5402.0,5223,2421,3471,1056973,76596,0,60.35,55.825,18.147861111111112,65.09865444186411,7.439846221927327,14.879692443854657,33.47930799867297,9.29980777740916,0.0,900.2213928532066,1.859961555481832,0.929980777740916,0.0,0.0,0.929980777740916,5023.756161356428,2,0,0,0,2,2,1.86,0.0,0.0,0.0,1.86,1.86,1078,1552,-474,21.09,30.37,51.46,-9.27,59.8
서울,송파구,풍납2동,11240520,11710520,2564548.4517027,2.5645484517027,117.0,24.0,24.0,108.0,57.0,3.0,865.0,3.0,2.0,1.0,0.0,1.0,9811.0,5223,2421,3471,1056973,76596,0,60.35,55.825,18.147861111111112,45.62206649763989,9.35837261490049,9.35837261490049,42.11267676705221,22.226134960388663,1.169796576862561,337.2913463287052,1.169796576862561,0.7798643845750408,0.3899321922875204,0.0,0.3899321922875204,3825.624738532863,2,0,1,1,0,2,0.78,0.0,0.39,0.39,0.0,0.78,2452,3171,-719,23.08,29.85,52.93,-6.77,53.7
서울,송파구,거여1동,11240530,11710531,522306.362351315,0.522306362351315,64.0,8.0,18.0,33.0,26.0,1.0,725.0,5.0,0.0,0.0,0.0,1.0,6831.0,5223,2421,3471,1056973,76596,0,60.35,55.825,18.147861111111112,122.53344897405664,15.316681121757082,34.462532523953435,63.18130962724796,49.77921364571051,1.9145851402196352,1388.0742266592356,9.572925701098177,0.0,0.0,0.0,1.9145851402196352,13078.531092840329,1,0,1,0,0,0,1.91,0.0,1.91,0.0,0.0,0.0,1564,1725,-161,27.6,30.44,58.04,-2.84,33.5
서울,송파구,거여2동,11240540,11710532,509618.340651864,0.5096183406518641,53.0,9.0,57.0,59.0,57.0,1.0,579.0,5.0,2.0,0.0,0.0,0.0,8228.0,5223,2421,3471,1056973,76596,0,60.35,55.825,18.147861111111112,103.99939674896028,17.660274919634762,111.8484078243535,115.77291336205012,111.8484078243535,1.962252768848307,1136.14435316317,9.811263844241536,3.924505537696614,0.0,0.0,0.0,16145.41578208387,1,0,0,1,0,1,1.96,0.0,0.0,1.96,0.0,1.96,2834,3112,-278,28.17,30.93,59.11,-2.76,29.3
서울,송파구,마천1동,11240550,11710540,575255.449823918,0.5752554498239181,76.0,13.0,16.0,24.0,21.0,0.0,1502.0,11.0,1.0,0.0,1.0,1.0,7460.0,5223,2421,3471,1056973,76596,0,60.35,55.825,18.147861111111112,132.115219461655,22.59865596054625,27.81373041298,41.72059561947,36.50552116703625,0.0,2611.013942518497,19.12193965892375,1.73835815081125,0.0,1.73835815081125,1.73835815081125,12968.151805051924,1,0,0,1,0,1,1.74,0.0,0.0,1.74,0.0,1.74,1492,3182,-1690,20.54,43.8,64.34,-23.26,16.4
서울,송파구,마천2동,11240560,11710550,890684.194592919,0.8906841945929189,97.0,15.0,40.0,35.0,14.0,2.0,1554.0,6.0,3.0,1.0,3.0,0.0,10822.0,5223,2421,3471,1056973,76596,0,60.35,55.825,18.147861111111112,108.90504242565254,16.840985942111217,44.90929584562991,39.295633864926174,15.71825354597047,2.245464792281496,1744.7261436027222,6.736394376844487,3.3681971884222435,1.1227323961407478,3.3681971884222435,0.0,12150.209991035174,0,0,0,0,0,0,0.0,0.0,0.0,0.0,0.0,0.0,1830,2030,-200,21.8,24.18,45.98,-2.38,79.2
서울,송파구,방이1동,11240570,11710561,609257.590859147,0.609257590859147,67.0,12.0,36.0,67.0,216.0,5.0,727.0,4.0,1.0,1.0,0.0,0.0,13855.0,5223,2421,3471,1056973,76596,0,60.35,55.825,18.147861111111112,109.96990600563495,19.696102568173423,59.08830770452028,109.96990600563495,354.5298462271217,8.206709403405595,1193.2555472551735,6.565367522724475,1.6413418806811189,1.6413418806811189,0.0,0.0,22740.7917568369,0,0,0,0,0,0,0.0,0.0,0.0,0.0,0.0,0.0,1750,1865,-115,28.53,30.4,58.93,-1.87,29.5
서울,송파구,방이2동,11240580,11710562,769838.995273565,0.7698389952735649,77.0,13.0,75.0,36.0,60.0,7.0,1525.0,6.0,2.0,0.0,0.0,3.0,30226.0,5223,2421,3471,1056973,76596,0,60.35,55.825,18.147861111111112,100.02091407780374,16.886647831317514,97.42296825760106,46.7630247636485,77.93837460608084,9.092810370709431,1980.9336879045547,7.793837460608084,2.597945820202695,0.0,0.0,3.896918730304042,39262.755180723325,3,1,0,0,2,1,3.9,1.3,0.0,0.0,2.6,1.3,5127,5246,-119,31.53,32.27,63.8,-0.73,18.5
서울,송파구,오륜동,11240590,11710566,3085078.23755356,3.08507823755356,35.0,23.0,15.0,132.0,19.0,14.0,240.0,1.0,1.0,0.0,1.0,3.0,5280.0,5223,2421,3471,1056973,76596,0,60.35,55.825,18.147861111111112,11.344931086011838,7.455240427950637,4.862113322576502,42.78659723867322,6.15867687526357,4.537972434404735,77.79381316122404,0.3241408881717668,0.3241408881717668,0.0,0.3241408881717668,0.9724226645153004,1711.4638895469288,2,0,0,0,2,1,0.65,0.0,0.0,0.0,0.65,0.32,1717,1911,-194,29.24,32.54,61.78,-3.3,24.0
서울,송파구,오금동,11240600,11710570,1648862.29615647,1.64886229615647,158.0,38.0,40.0,144.0,134.0,13.0,1514.0,14.0,2.0,1.0,0.0,3.0,20595.0,5223,2421,3471,1056973,76596,0,60.35,55.825,18.147861111111112,95.82364783784617,23.04619378378579,24.25915135135346,87.33294486487246,81.26815702703409,7.884224189189874,918.2088786487284,8.490702972973711,1.212957567567673,0.6064787837838365,0.0,1.8194363513515093,12490.430552028112,1,0,0,1,0,0,0.61,0.0,0.0,0.61,0.0,0.0,4999,4466,533,31.76,28.38,60.14,3.39,27.4
서울,송파구,송파1동,11240610,11710580,686923.656055022,0.686923656055022,76.0,14.0,49.0,36.0,61.0,9.0,1550.0,5.0,2.0,1.0,0.0,0.0,22307.0,5223,2421,3471,1056973,76596,0,60.35,55.825,18.147861111111112,110.638204595348,20.38072189914305,71.33252664700069,52.40757059779643,88.80171684626617,13.101892649449107,2256.4370674051243,7.278829249693948,2.9115316998775795,1.4557658499387898,0.0,0.0,32473.768814584582,6,1,1,0,4,6,8.73,1.46,1.46,0.0,5.82,8.73,3812,4151,-339,30.49,33.2,63.68,-2.71,18.7
서울,송파구,송파2동,11240620,11710590,631021.014722012,0.631021014722012,44.0,12.0,33.0,108.0,81.0,3.0,534.0,4.0,2.0,0.0,0.0,1.0,9904.0,5223,2421,3471,1056973,76596,0,60.35,55.825,18.147861111111112,69.72826415200073,19.01679931418202,52.29619811400055,171.15119382763817,128.36339537072865,4.754199828545505,846.2475694810998,6.33893310472734,3.16946655236367,0.0,0.0,1.584733276181835,15695.198367304894,1,0,0,1,0,1,1.58,0.0,0.0,1.58,0.0,1.58,2396,2394,2,34.33,34.3,68.62,0.03,6.8
서울,송파구,석촌동,11240630,11710600,946912.459601289,0.946912459601289,119.0,19.0,92.0,35.0,125.0,9.0,2159.0,5.0,4.0,0.0,0.0,2.0,28894.0,5223,2421,3471,1056973,76596,0,60.35,55.825,18.147861111111112,125.67159592567474,20.06521279485564,97.1578724803536,36.96223409578669,132.00797891352389,9.50457448177372,2280.041811794385,5.280319156540956,4.224255325232765,0.0,0.0,2.1121276626163823,30513.908341818875,2,1,0,1,0,2,2.11,1.06,0.0,1.06,0.0,2.11,4865,5253,-388,28.49,30.76,59.25,-2.27,28.8
서울,송파구,삼전동,11240640,11710610,953336.525433806,0.953336525433806,91.0,14.0,52.0,50.0,121.0,6.0,1932.0,7.0,1.0,1.0,0.0,1.0,18848.0,5223,2421,3471,1056973,76596,0,60.35,55.825,18.147861111111112,95.45422583970692,14.68526551380106,54.54527190840395,52.447376835003794,126.92265194070916,6.293685220200455,2026.5666409045464,7.342632756900531,1.0489475367000758,1.0489475367000758,0.0,1.0489475367000758,19770.563171723028,2,0,1,0,1,2,2.1,0.0,1.05,0.0,1.05,2.1,4450,4819,-369,27.81,30.11,57.92,-2.31,34.0
서울,송파구,가락본동,11240650,11710620,1014735.37696901,1.01473537696901,80.0,26.0,74.0,65.0,47.0,6.0,1137.0,9.0,2.0,2.0,0.0,1.0,29587.0,5223,2421,3471,1056973,76596,0,60.35,55.825,18.147861111111112,78.83828810517878,25.622443634183103,72.92541649729037,64.05610908545776,46.31749426179253,5.912871607888408,1120.4891696948534,8.869307411832612,1.9709572026294693,1.9709572026294693,0.0,0.9854786013147347,29157.35537709905,0,0,0,0,0,0,0.0,0.0,0.0,0.0,0.0,0.0,3153,3608,-455,26.92,30.8,57.72,-3.88,35.1
서울,송파구,가락1동,11240660,11710631,1393224.56716009,1.39322456716009,39.0,14.0,34.0,38.0,40.0,4.0,253.0,2.0,2.0,0.0,1.0,1.0,42095.0,5223,2421,3471,1056973,76596,0,60.35,55.825,18.147861111111112,27.992615777294617,10.048631304669865,24.403818882769663,27.274856398389627,28.710375156199607,2.871037515619961,181.59312286296253,1.4355187578099804,1.4355187578099804,0.0,0.7177593789049902,0.7177593789049902,30214.08105500556,1,0,0,0,1,1,0.72,0.0,0.0,0.0,0.72,0.72,3146,3445,-299,32.24,35.31,67.55,-3.06,8.7
서울,송파구,가락2동,11240670,11710632,932308.283266765,0.932308283266765,72.0,23.0,70.0,77.0,127.0,6.0,1088.0,8.0,3.0,1.0,0.0,2.0,18425.0,5223,2421,3471,1056973,76596,0,60.35,55.825,18.147861111111112,77.22767382020392,24.669951359231806,75.08246065853159,82.59070672438475,136.221035766193,6.435639485016993,1166.995959949748,8.580852646689324,3.2178197425084965,1.0726065808361656,0.0,2.145213161672331,19762.77625190635,0,0,0,0,0,0,0.0,0.0,0.0,0.0,0.0,0.0,3570,4010,-440,30.39,34.13,64.52,-3.74,15.0
서울,송파구,문정1동,11240680,11710641,612544.290715987,0.6125442907159869,53.0,17.0,24.0,36.0,54.0,3.0,874.0,3.0,2.0,0.0,0.0,1.0,13616.0,5223,2421,3471,1056973,76596,0,60.35,55.825,18.147861111111112,86.52435554994675,27.753095176398016,39.18084024903249,58.771260373548735,88.1568905603231,4.8976050311290615,1426.835599068933,4.8976050311290615,3.265070020752708,0.0,0.0,1.6325350103763538,22228.59670128444,2,1,0,0,1,1,3.27,1.63,0.0,0.0,1.63,1.63,3055,2920,135,33.95,32.45,66.4,1.5,11.5
서울,송파구,문정2동,11240690,11710642,2242026.32616794,2.2420263261679403,67.0,33.0,109.0,12.0,46.0,12.0,193.0,8.0,4.0,0.0,0.0,1.0,70389.0,5223,2421,3471,1056973,76596,0,60.35,55.825,18.147861111111112,29.883681211949035,14.71882805961669,48.61673510600664,5.352301112587887,20.51715426492024,5.352301112587887,86.08284289412185,3.568200741725258,1.784100370862629,0.0,0.0,0.4460250927156572,31395.2602511624,2,0,0,0,2,2,0.89,0.0,0.0,0.0,0.89,0.89,5169,5271,-102,32.72,33.36,66.08,-0.65,11.7
서울,송파구,장지동,11240810,11710646,1278350.64799203,1.27835064799203,100.0,43.0,35.0,135.0,77.0,6.0,791.0,11.0,0.0,2.0,0.0,1.0,11421.0,5223,2421,3471,1056973,76596,0,60.35,55.825,18.147861111111112,78.22579834185171,33.63709328699624,27.379029419648106,105.60482776149982,60.23386472322582,4.693547900511103,618.7660648840471,8.60483781760369,0.0,1.5645159668370343,0.0,0.7822579834185172,8934.168428622885,1,0,0,1,0,1,0.78,0.0,0.0,0.78,0.0,0.78,5847,3801,2046,44.16,28.71,72.88,15.45,4.0
서울,송파구,위례동,11240820,11710647,2640642.03191616,2.64064203191616,111.0,57.0,27.0,71.0,185.0,25.0,398.0,3.0,0.0,1.0,0.0,1.0,10929.0,5223,2421,3471,1056973,76596,0,60.35,55.825,18.147861111111112,42.03523183316664,21.58565959000449,10.224786121581074,26.887400541935417,70.0587197219444,9.467394557019512,150.72092134775065,1.1360873468423416,0.0,0.3786957822807805,0.0,0.3786957822807805,4138.76620454665,1,0,0,1,0,1,0.38,0.0,0.0,0.38,0.0,0.38,4816,4876,-60,32.03,32.43,64.45,-0.4,15.3
서울,송파구,잠실본동,11240710,11710650,1028995.49075138,1.02899549075138,123.0,13.0,133.0,14.0,116.0,10.0,1925.0,5.0,1.0,0.0,0.0,2.0,33539.0,5223,2421,3471,1056973,76596,0,60.35,55.825,18.147861111111112,119.53405151482684,12.633680241404464,129.252267085138,13.605501798435576,112.73130061560906,9.718215570311123,1870.756497284892,4.859107785155563,0.9718215570311126,0.0,0.0,1.9436431140622248,32593.923201266483,3,0,1,2,0,3,2.92,0.0,0.97,1.94,0.0,2.92,4533,4765,-232,28.4,29.85,58.25,-1.45,32.3
서울,송파구,잠실2동,11240790,11710670,2686847.24735255,2.6868472473525498,28.0,12.0,62.0,108.0,85.0,10.0,187.0,1.0,1.0,1.0,1.0,0.0,10352.0,5223,2421,3471,1056973,76596,0,60.35,55.825,18.147861111111112,10.42113578566457,4.466201050999102,23.07537209682869,40.19580945899191,31.635590777910306,3.721834209165918,69.59829971140266,0.3721834209165918,0.3721834209165918,0.3721834209165918,0.3721834209165918,0.0,3852.842773328558,1,0,1,0,0,1,0.37,0.0,0.37,0.0,0.0,0.37,4112,4237,-125,35.72,36.81,72.53,-1.09,4.4
서울,송파구,잠실3동,11240800,11710680,1542640.13440433,1.54264013440433,35.0,28.0,51.0,80.0,52.0,14.0,178.0,4.0,8.0,0.0,1.0,1.0,19498.0,5223,2421,3471,1056973,76596,0,60.35,55.825,18.147861111111112,22.688376387610838,18.150701110088665,33.060205593375784,51.85914602882476,33.70844491873609,9.075350555044333,115.38659991413508,2.592957301441238,5.185914602882476,0.0,0.6482393253603095,0.6482393253603095,12639.370365875317,6,4,1,1,0,3,3.89,2.59,0.65,0.65,0.0,1.94,3905,3954,-49,33.19,33.6,66.79,-0.42,10.5
서울,송파구,잠실4동,11240750,11710690,780201.730523681,0.780201730523681,42.0,13.0,50.0,48.0,55.0,8.0,128.0,3.0,2.0,1.0,0.0,1.0,4211.0,5223,2421,3471,1056973,76596,0,60.35,55.825,18.147861111111112,53.83223127665851,16.66235729991811,64.08598961506966,61.52255003046688,70.49458857657663,10.253758338411146,164.06013341457833,3.84515937690418,2.5634395846027864,1.2817197923013932,0.0,1.2817197923013932,5397.322045381166,5,0,2,1,2,4,6.41,0.0,2.56,1.28,2.56,5.13,2346,2574,-228,20.73,22.74,43.47,-2.01,88.5
서울,송파구,잠실6동,11240770,11710710,1507998.31577337,1.50799831577337,58.0,15.0,99.0,36.0,73.0,8.0,90.0,4.0,7.0,0.0,0.0,1.0,20733.0,5223,2421,3471,1056973,76596,0,60.35,55.825,18.147861111111112,38.46158141778491,9.946960711496098,65.64994069587425,23.87270570759064,48.40854212928102,5.305045712797919,59.68176426897659,2.65252285639896,4.641914998698179,0.0,0.0,0.6631307140997399,13748.689095429909,3,1,0,0,2,2,1.99,0.66,0.0,0.0,1.33,1.33,1828,1964,-136,31.62,33.97,65.58,-2.35,13.6
서울,송파구,잠실7동,11240780,11710720,723485.584216266,0.7234855842162661,24.0,4.0,5.0,61.0,10.0,0.0,71.0,1.0,1.0,0.0,0.0,2.0,2306.0,5223,2421,3471,1056973,76596,0,60.35,55.825,18.147861111111112,33.17274113484736,5.528790189141226,6.910987736426533,84.3140503844037,13.821975472853063,0.0,98.13602585725675,1.3821975472853063,1.3821975472853063,0.0,0.0,2.764395094570613,3187.347544039917,1,1,0,0,0,1,1.38,1.38,0.0,0.0,0.0,1.38,869,917,-48,25.8,27.23,53.03,-1.43,52.5
서울,강동구,강일동,11250750,11740515,2272154.51513348,2.27215451513348,89.0,49.0,41.0,79.0,102.0,18.0,417.0,7.0,0.0,1.0,0.0,1.0,9980.0,3398,2606,3435,607569,14940,0,65.31125,61.48,19.34961111111112,39.16987133015098,21.56543477727413,18.044547466698766,34.76876219193177,44.89131320983596,7.921996448794581,183.5262510637411,3.080776396753448,0.0,0.4401109138219211,0.0,0.4401109138219211,4392.306919942773,0,0,0,0,0,0,0.0,0.0,0.0,0.0,0.0,0.0,3776,3296,480,27.17,23.72,50.89,3.45,62.8
서울,강동구,상일제1동,11250760,11740525,1804035.92040626,1.80403592040626,133.0,40.0,23.0,173.0,62.0,8.0,712.0,8.0,0.0,1.0,0.0,1.0,0.0,3398,2606,3435,607569,14940,0,65.31125,61.48,19.34961111111112,73.72358748269772,22.1725075135933,12.749191820316147,95.896094996291,34.36738664606961,4.43450150271866,394.6706337419607,4.43450150271866,0.0,0.5543126878398325,0.0,0.5543126878398325,0.0,2,1,0,1,0,2,1.11,0.55,0.0,0.55,0.0,1.11,4597,4832,-235,33.95,35.69,69.64,-1.74,6.3
서울,강동구,상일제2동,11250770,11740526,1116395.74533009,1.11639574533009,59.0,18.0,5.0,37.0,23.0,9.0,124.0,1.0,0.0,0.0,1.0,0.0,0.0,3398,2606,3435,607569,14940,0,65.31125,61.48,19.34961111111112,52.84864282831461,16.12331476118073,4.478698544772425,33.14236923131594,20.60201330595316,8.061657380590365,111.07172391035613,0.895739708954485,0.0,0.0,0.895739708954485,0.0,0.0,0,0,0,0,0,0,0.0,0.0,0.0,0.0,0.0,0.0,2933,1131,1802,55.7,21.48,77.17,34.22,3.3
서울,강동구,명일제1동,11250530,11740530,634939.462745606,0.634939462745606,64.0,24.0,84.0,24.0,112.0,11.0,698.0,8.0,3.0,0.0,0.0,1.0,18885.0,3398,2606,3435,607569,14940,0,65.31125,61.48,19.34961111111112,100.79701098314338,37.79887911867877,132.2960769153757,37.79887911867877,176.3947692205009,17.324486262727767,1099.317401034907,12.599626372892924,4.724859889834846,0.0,0.0,1.574953296611615,29742.993006510354,0,0,0,0,0,0,0.0,0.0,0.0,0.0,0.0,0.0,2806,3285,-479,27.99,32.77,60.76,-4.78,25.8
서울,강동구,명일제2동,11250540,11740540,914324.507582445,0.9143245075824452,39.0,13.0,56.0,84.0,255.0,10.0,370.0,2.0,2.0,1.0,0.0,1.0,12131.0,3398,2606,3435,607569,14940,0,65.31125,61.48,19.34961111111112,42.65444016492509,14.218146721641697,61.24740126245653,91.8711018936848,278.8944164629717,10.93703593972438,404.6703297698021,2.187407187944876,2.187407187944876,1.093703593972438,0.0,1.093703593972438,13267.718298479644,0,0,0,0,0,0,0.0,0.0,0.0,0.0,0.0,0.0,2233,2444,-211,34.71,37.99,72.7,-3.28,4.2
서울,강동구,고덕제1동,11250550,11740550,1516987.76669987,1.51698776669987,68.0,29.0,14.0,80.0,97.0,3.0,641.0,6.0,0.0,1.0,1.0,0.0,6649.0,3398,2606,3435,607569,14940,0,65.31125,61.48,19.34961111111112,44.82567459850421,19.11683181406797,9.228815358515574,52.73608776294614,63.94250641257219,1.97760329111048,422.547903200606,3.95520658222096,0.0,0.6592010970368267,0.6592010970368267,0.0,4383.028094197861,0,0,0,0,0,0,0.0,0.0,0.0,0.0,0.0,0.0,2602,2762,-160,31.96,33.93,65.89,-1.97,12.4
서울,강동구,고덕제2동,11250560,11740560,2476801.69227363,2.47680169227363,82.0,39.0,43.0,98.0,75.0,14.0,872.0,6.0,3.0,0.0,0.0,0.0,10098.0,3398,2606,3435,607569,14940,0,65.31125,61.48,19.34961111111112,33.10721252161551,15.746113272475668,17.361099249139837,39.56715642827219,30.280987062453207,5.652450918324599,352.0669429127893,2.4224789649962566,1.2112394824981283,0.0,0.0,0.0,4077.0320980887,1,0,1,0,0,1,0.4,0.0,0.4,0.0,0.0,0.4,5877,3375,2502,56.72,32.57,89.29,24.15,1.4
서울,강동구,암사제1동,11250720,11740570,735476.995350722,0.735476995350722,109.0,13.0,44.0,25.0,39.0,2.0,2076.0,4.0,2.0,0.0,0.0,0.0,15671.0,3398,2606,3435,607569,14940,0,65.31125,61.48,19.34961111111112,148.2031398521471,17.675603835577178,59.82512067426122,33.99154583764842,53.02681150673153,2.719323667011873,2822.6579663583248,5.438647334023747,2.719323667011873,0.0,0.0,0.0,21307.26059287153,1,0,0,1,0,1,1.36,0.0,0.0,1.36,0.0,1.36,3826,4320,-494,24.13,27.24,51.37,-3.11,60.2
서울,강동구,암사제2동,11250580,11740580,2174323.00347843,2.17432300347843,37.0,6.0,32.0,37.0,57.0,1.0,443.0,2.0,0.0,0.0,1.0,1.0,7729.0,3398,2606,3435,607569,14940,0,65.31125,61.48,19.34961111111112,17.01679094633515,2.7594796129192134,14.717224602235804,17.01679094633515,26.21505632273253,0.4599132688198689,203.741578087202,0.9198265376397378,0.0,0.0,0.4599132688198689,0.4599132688198689,3554.6696547087668,1,0,0,1,0,1,0.46,0.0,0.0,0.46,0.0,0.46,1876,2222,-346,29.25,34.65,63.9,-5.4,18.0
서울,강동구,암사제3동,11250590,11740590,1799361.17343881,1.79936117343881,51.0,18.0,16.0,56.0,89.0,6.0,448.0,4.0,1.0,1.0,0.0,2.0,6684.0,3398,2606,3435,607569,14940,0,65.31125,61.48,19.34961111111112,28.3433925066486,10.003550296464212,8.89204470796819,31.12215647788866,49.461998688073045,3.3345167654880705,248.97725182310927,2.223011176992048,0.5557527942480118,0.5557527942480118,0.0,1.1115055884960237,3714.651676753711,1,0,0,0,1,0,0.56,0.0,0.0,0.0,0.56,0.0,1882,1976,-94,31.17,32.73,63.91,-1.56,17.7
서울,강동구,천호제1동,11250610,11740600,668995.866181385,0.668995866181385,94.0,19.0,35.0,72.0,46.0,2.0,1735.0,5.0,1.0,0.0,0.0,1.0,13017.0,3398,2606,3435,607569,14940,0,65.31125,61.48,19.34961111111112,140.5090894455748,28.400773398573627,52.31721415526721,107.62398340512112,68.75976717549405,2.9895550945866978,2593.43904455396,7.473887736466744,1.4947775472933489,0.0,0.0,1.4947775472933489,19457.51933311752,1,0,1,0,0,1,1.49,0.0,1.49,0.0,0.0,1.49,3096,3426,-330,24.93,27.58,52.51,-2.66,55.0
서울,강동구,천호제2동,11250730,11740610,1851166.61484366,1.85116661484366,135.0,25.0,126.0,48.0,49.0,7.0,2457.0,6.0,4.0,1.0,1.0,0.0,36405.0,3398,2606,3435,607569,14940,0,65.31125,61.48,19.34961111111112,72.926985025279,13.504997226903518,68.06518602359372,25.92959467565475,26.469794564730893,3.781399223532985,1327.2711274600777,3.241199334456844,2.1607995563045628,0.5401998890761407,0.5401998890761407,0.0,19665.9769618169,2,0,1,1,0,2,1.08,0.0,0.54,0.54,0.0,1.08,6381,4808,1573,33.07,24.92,57.98,8.15,33.7
서울,강동구,천호제3동,11250630,11740620,561551.460811303,0.561551460811303,86.0,12.0,49.0,36.0,27.0,2.0,1470.0,2.0,2.0,0.0,1.0,1.0,17242.0,3398,2606,3435,607569,14940,0,65.31125,61.48,19.34961111111112,153.14713966864454,21.36936832585738,87.25825399725096,64.10810497757214,48.08107873317911,3.5615613876428966,2617.747619917529,3.5615613876428966,3.5615613876428966,0.0,1.7807806938214483,1.7807806938214483,30704.22072286941,1,0,0,1,0,1,1.78,0.0,0.0,1.78,0.0,1.78,4706,4563,143,29.73,28.83,58.55,0.9,31.4
서울,강동구,성내제1동,11250650,11740640,663673.109041371,0.663673109041371,78.0,21.0,36.0,48.0,63.0,6.0,904.0,3.0,4.0,2.0,3.0,0.0,14953.0,3398,2606,3435,607569,14940,0,65.31125,61.48,19.34961111111112,117.5277390893018,31.642083600965872,54.24357188737007,72.32476251649342,94.9262508028976,9.040595314561678,1362.1163607272929,4.520297657280839,6.027063543041119,3.0135317715205594,4.520297657280839,0.0,22530.67028977346,1,1,0,0,0,0,1.51,1.51,0.0,0.0,0.0,0.0,2287,2600,-313,27.76,31.56,59.32,-3.8,28.6
서울,강동구,성내제2동,11250660,11740650,625145.186647269,0.6251451866472689,89.0,18.0,67.0,9.0,34.0,8.0,1855.0,1.0,2.0,0.0,0.0,1.0,17068.0,3398,2606,3435,607569,14940,0,65.31125,61.48,19.34961111111112,142.36692835678386,28.79331135305741,107.17510336971368,14.396655676528704,54.38736588910844,12.797027268025516,2967.310697773416,1.599628408503189,3.1992568170063787,0.0,0.0,1.599628408503189,27302.45767633244,0,0,0,0,0,0,0.0,0.0,0.0,0.0,0.0,0.0,4086,3728,358,29.36,26.79,56.15,2.57,42.2
서울,강동구,성내제3동,11250670,11740660,647354.190387851,0.647354190387851,76.0,15.0,109.0,17.0,109.0,11.0,1334.0,3.0,2.0,0.0,0.0,1.0,23065.0,3398,2606,3435,607569,14940,0,65.31125,61.48,19.34961111111112,117.40095473000017,23.17124106513161,168.37768507328968,26.260739873815822,168.37768507328968,16.99224344776318,2060.695705392371,4.634248213026322,3.0894988086842146,0.0,0.0,1.5447494043421073,35629.64501115071,2,1,0,1,0,2,3.09,1.54,0.0,1.54,0.0,3.09,2898,3511,-613,27.18,32.92,60.1,-5.75,27.6
서울,강동구,길동,11250740,11740685,1631609.59573912,1.63160959573912,90.0,37.0,121.0,107.0,82.0,15.0,2021.0,4.0,5.0,0.0,1.0,1.0,33931.0,3398,2606,3435,607569,14940,0,65.31125,61.48,19.34961111111112,55.16025416559894,22.67699337919068,74.15989726708302,65.57941328576763,50.25712046199015,9.193375694266493,1238.654151874172,2.4515668518043974,3.064458564755497,0.0,0.6128917129510993,0.6128917129510993,20796.02871214376,1,0,0,1,0,0,0.61,0.0,0.0,0.61,0.0,0.0,9292,6397,2895,38.13,26.25,64.38,11.88,16.2
서울,강동구,둔촌제1동,11250700,11740690,912174.247693005,0.912174247693005,2.0,14.0,39.0,59.0,34.0,1.0,147.0,0.0,4.0,1.0,0.0,0.0,751.0,3398,2606,3435,607569,14940,0,65.31125,61.48,19.34961111111112,2.192563542610672,15.347944798274709,42.75498908090811,64.68062450701483,37.27358022438143,1.096281771305336,161.15342038188442,0.0,4.385127085221344,1.096281771305336,0.0,0.0,823.3076102503074,0,0,0,0,0,0,0.0,0.0,0.0,0.0,0.0,0.0,10904,68,10836,91.1,0.57,91.67,90.53,0.9
서울,강동구,둔촌제2동,11250710,11740700,1550448.83547267,1.55044883547267,81.0,30.0,27.0,75.0,64.0,10.0,1232.0,2.0,1.0,1.0,0.0,1.0,12979.0,3398,2606,3435,607569,14940,0,65.31125,61.48,19.34961111111112,52.2429364625285,19.349235726862407,17.414312154176166,48.373089317156015,41.2783695506398,6.449745242287469,794.6086138498162,1.2899490484574938,0.6449745242287469,0.6449745242287469,0.0,0.6449745242287469,8371.124349964906,0,0,0,0,0,0,0.0,0.0,0.0,0.0,0.0,0.0,3800,3428,372,34.64,31.25,65.88,3.39,12.6
서울,동대문구,용두동,11060810,11230515,926787.7028653004,0.9267877028653002,89.90717882447305,22.333630408627062,40.65866048750056,27.48754511831024,27.48754511831024,19.470344458803083,2143.4558620382336,2.8632859498239824,1.7179715698943896,0.0,0.0,2.290628759859186,0.0,2957,3437,3077,421182,56607,0,63.19125,56.0525,18.60613888888889,97.00946456940656,24.097892472655136,43.87052219380808,29.658944581729408,29.658944581729408,21.008419078724994,2312.779782696108,3.0894733939301458,1.8536840363580875,0.0,0.0,2.471578715144117,0.0,3,1,1,2,0,3,3.24,1.08,1.08,2.16,0.0,3.24,3482,3329,153,27.1,25.9,53.0,1.19,52.8
