연번,자치구명,설치위치,세부 위치,설치 장소 유형,수거 쓰레기 종류,위도,경도,행정동코드,행정동,처리방식
1,종로구,사직로 125,경복궁역 4번출구,지하철역 입구,일반쓰레기,37.5761344,126.972895,11010530.0,사직동,정상 지오코딩
2,종로구,사직로 125,경복궁역 4번출구,지하철역 입구,재활용쓰레기,37.5761344,126.972895,11010530.0,사직동,정상 지오코딩
3,종로구,자하문로4길 6,스타벅스 앞,도로변(횡단보도 포함),일반쓰레기,37.5771839,126.9726349,11010530.0,사직동,정상 지오코딩
4,종로구,자하문로4길 6,스타벅스 앞,도로변(횡단보도 포함),재활용쓰레기,37.5771839,126.9726349,11010530.0,사직동,정상 지오코딩
5,종로구,자하문로 13-2 ,더 바움 앞,도로변(횡단보도 포함),일반쓰레기,37.5773766,126.9719681,11010530.0,사직동,정상 지오코딩
6,종로구,자하문로 13-2 ,더 바움 앞,도로변(횡단보도 포함),재활용쓰레기,37.5773766,126.9719681,11010530.0,사직동,정상 지오코딩
7,종로구,효자로13길 45,청와대 사랑채 분수대 광장,도로변(횡단보도 포함),일반쓰레기,37.5825449,126.9730593,11010720.0,청운효자동,정상 지오코딩
8,종로구,효자로13길 45,청와대 사랑채 분수대 광장,도로변(횡단보도 포함),재활용쓰레기,37.5825449,126.9730593,11010720.0,청운효자동,정상 지오코딩
9,종로구,자하문로1길 32,서촌 친구네 앞,상가지역,담배꽁초 수거함,37.5765367,126.9706323,11010530.0,사직동,정상 지오코딩
10,종로구,종로11길 9-24,담장 앞,도로변(횡단보도 포함),담배꽁초 수거함,37.5709914,126.9848686,11010610.0,종로1·2·3·4가동,정상 지오코딩
11,종로구,자하문로1길 34,넘버원양꼬치 앞 ,상가지역,담배꽁초 수거함,37.5766124,126.9705504,11010530.0,사직동,정상 지오코딩
12,종로구,청계천로 75,공영주차장 앞,도로변(횡단보도 포함),담배꽁초 수거함,37.5685891,126.9859646,11010610.0,종로1·2·3·4가동,정상 지오코딩
13,종로구,우정국로2길 34,국찌족발 앞,상가지역,담배꽁초 수거함,37.5694595,126.9849451,11010610.0,종로1·2·3·4가동,정상 지오코딩
14,종로구,청계천로 187,바다극장 앞,상가지역,담배꽁초 수거함,37.569364,126.9984847,11010610.0,종로1·2·3·4가동,정상 지오코딩
15,종로구,청계천로 199-1,진양상사 앞,상가지역,담배꽁초 수거함,37.5695558,126.9998278,11010610.0,종로1·2·3·4가동,정상 지오코딩
16,종로구,청계천로 195,스왈라 앞,상가지역,담배꽁초 수거함,37.5694318,126.9992511,11010610.0,종로1·2·3·4가동,정상 지오코딩
17,종로구,종로 51,종로타워 뒤편,상가지역,일반쓰레기,37.5707451,126.9836114,11010610.0,종로1·2·3·4가동,정상 지오코딩
18,종로구,자하문로1길 5,술복궁 맞은편,상가지역,담배꽁초 수거함,37.576462,126.9721,11010530.0,사직동,정상 지오코딩
19,종로구,자하문로1길 3,안주마을 앞,상가지역,담배꽁초 수거함,37.5764582,126.9721721,11010530.0,사직동,정상 지오코딩
20,종로구,보문로1길 8,루밍하우스코리아 맞은편,도로변(횡단보도 포함),담배꽁초 수거함,37.5762812,127.0227123,11010710.0,숭인2동,정상 지오코딩
21,종로구,인사동16길 3-10,예당 카페 앞,상가지역,담배꽁초 수거함,37.5754098,126.9839572,11010610.0,종로1·2·3·4가동,정상 지오코딩
22,종로구,자하문로1길 44,청우부동산 앞,상가지역,담배꽁초 수거함,37.5771576,126.9698087,11010530.0,사직동,정상 지오코딩
23,종로구,보문로1길 8,루밍하우스코리아 맞은편,도로변(횡단보도 포함),담배꽁초 수거함,37.5762812,127.0227123,11010710.0,숭인2동,정상 지오코딩
24,종로구,자하문로1길 28,첫잔 앞,상가지역,담배꽁초 수거함,37.5765173,126.9707949,11010530.0,사직동,정상 지오코딩
25,종로구,신문로1가 141,광화문(중)(01-009),"정류소(버스,택시 등)",일반쓰레기,37.570159,126.9757971,11010530.0,사직동,정상 지오코딩
26,종로구,신문로1가 141,광화문(중)(01-009),"정류소(버스,택시 등)",재활용쓰레기,37.570159,126.9757971,11010530.0,사직동,정상 지오코딩
27,종로구,신문로1가 141,광화문(중)(01-009),"정류소(버스,택시 등)",일반쓰레기,37.570159,126.9757971,11010530.0,사직동,정상 지오코딩
28,종로구,신문로1가 141,광화문(중)(01-009),"정류소(버스,택시 등)",재활용쓰레기,37.570159,126.9757971,11010530.0,사직동,정상 지오코딩
29,종로구,청계천로 1,채널A 본사 앞 ,도로변(횡단보도 포함),일반쓰레기,37.5695464,126.9780203,11010610.0,종로1·2·3·4가동,정상 지오코딩
30,종로구,청계천로 1,채널A 본사 앞 ,도로변(횡단보도 포함),재활용쓰레기,37.5695464,126.9780203,11010610.0,종로1·2·3·4가동,정상 지오코딩
31,종로구,사직로 103-19,만가 한식당 앞,상가지역,담배꽁초 수거함,37.5763842,126.9703763,11010530.0,사직동,정상 지오코딩
32,종로구,종로 30-1,종로분식 앞,도로변(횡단보도 포함),일반쓰레기,37.5699495,126.9807825,11010610.0,종로1·2·3·4가동,정상 지오코딩
33,종로구,종로 30-1 ,종로분식 앞,도로변(횡단보도 포함),재활용쓰레기,37.5699495,126.9807825,11010610.0,종로1·2·3·4가동,정상 지오코딩
34,종로구,종로1가 54,종로1가(중)(01-012),"정류소(버스,택시 등)",일반쓰레기,37.5702326,126.9814158,11010610.0,종로1·2·3·4가동,정상 지오코딩
35,종로구,종로1가 54,종로1가(중)(01-012),"정류소(버스,택시 등)",재활용쓰레기,37.5702326,126.9814158,11010610.0,종로1·2·3·4가동,정상 지오코딩
36,종로구,종로1가 54,종로1가(중)(01-012),"정류소(버스,택시 등)",일반쓰레기,37.5702326,126.9814158,11010610.0,종로1·2·3·4가동,정상 지오코딩
37,종로구,종로1가 54,종로1가(중)(01-012),"정류소(버스,택시 등)",재활용쓰레기,37.5702326,126.9814158,11010610.0,종로1·2·3·4가동,정상 지오코딩
38,종로구,종로1가 82-2,종로1가(중)(01-011),"정류소(버스,택시 등)",일반쓰레기,37.5702139,126.9797603,11010610.0,종로1·2·3·4가동,정상 지오코딩
39,종로구,종로1가 82-2,종로1가(중)(01-011),"정류소(버스,택시 등)",재활용쓰레기,37.5702139,126.9797603,11010610.0,종로1·2·3·4가동,정상 지오코딩
40,종로구,종로2가 15-1,종로2가 버스정류장(01-014),"정류소(버스,택시 등)",일반쓰레기,37.5703595,126.9863939,11010610.0,종로1·2·3·4가동,정상 지오코딩
41,종로구,종로2가 15-1,종로2가 버스정류장(01-014),"정류소(버스,택시 등)",재활용쓰레기,37.5703595,126.9863939,11010610.0,종로1·2·3·4가동,정상 지오코딩
42,종로구,종로2가 15-1,종로2가 버스정류장(01-014),"정류소(버스,택시 등)",일반쓰레기,37.5703595,126.9863939,11010610.0,종로1·2·3·4가동,정상 지오코딩
43,종로구,종로2가 15-1,종로2가 버스정류장(01-014),"정류소(버스,택시 등)",재활용쓰레기,37.5703595,126.9863939,11010610.0,종로1·2·3·4가동,정상 지오코딩
44,종로구,자하문로1길 6,세종마을음식문화거리,상가지역,담배꽁초 수거함,37.5765929,126.9720323,11010530.0,사직동,정상 지오코딩
45,종로구,종로 103-1,종로3가.탑골공원(01-015),"정류소(버스,택시 등)",일반쓰레기,37.5704452,126.9891342,11010610.0,종로1·2·3·4가동,정상 지오코딩
46,종로구,종로 103-1,종로3가.탑골공원(01-015),"정류소(버스,택시 등)",일반쓰레기,37.5704452,126.9891342,11010610.0,종로1·2·3·4가동,정상 지오코딩
47,종로구,종로 70,커피빈 앞,도로변(횡단보도 포함),일반쓰레기,37.5699113,126.9851694,11010610.0,종로1·2·3·4가동,정상 지오코딩
48,종로구,종로 70,커피빈 앞,도로변(횡단보도 포함),재활용쓰레기,37.5699113,126.9851694,11010610.0,종로1·2·3·4가동,정상 지오코딩
49,종로구,종로 80-2,메가커피 앞,도로변(횡단보도 포함),일반쓰레기,37.5699464,126.9864245,11010610.0,종로1·2·3·4가동,정상 지오코딩
50,종로구,종로 80-2,메가커피 앞,도로변(횡단보도 포함),재활용쓰레기,37.5699464,126.9864245,11010610.0,종로1·2·3·4가동,정상 지오코딩
51,종로구,종로 83,귀금속 도매상가 앞,도로변(횡단보도 포함),일반쓰레기,37.5704182,126.9867107,11010610.0,종로1·2·3·4가동,정상 지오코딩
52,종로구,종로 83,귀금속 도매상가 앞,도로변(횡단보도 포함),재활용쓰레기,37.5704182,126.9867107,11010610.0,종로1·2·3·4가동,정상 지오코딩
53,종로구,인사동길 1,남인사마당,도로변(횡단보도 포함),일반쓰레기,37.5742548,126.9848581,11010610.0,종로1·2·3·4가동,정상 지오코딩
54,종로구,인사동길 1 ,남인사마당,도로변(횡단보도 포함),재활용쓰레기,37.5742548,126.9848581,11010610.0,종로1·2·3·4가동,정상 지오코딩
55,종로구,율곡로 46 ,구 종로경찰서 앞,도로변(횡단보도 포함),일반쓰레기,37.576043,126.9838274,11010540.0,삼청동,인근 도로명번지 추정(번지차 7)
56,종로구,율곡로 46,구 종로경찰서 앞,도로변(횡단보도 포함),재활용쓰레기,37.576043,126.9838274,11010540.0,삼청동,인근 도로명번지 추정(번지차 7)
57,종로구,종로1가 1-3,광화문 버스정류소(01-010),"정류소(버스,택시 등)",일반쓰레기,37.5703023,126.9780403,11010610.0,종로1·2·3·4가동,정상 지오코딩
58,종로구,종로1가 1-3,광화문 버스정류소(01-010),"정류소(버스,택시 등)",재활용쓰레기,37.5703023,126.9780403,11010610.0,종로1·2·3·4가동,정상 지오코딩
59,종로구,종로1가 1-3,광화문 버스정류소(01-010),"정류소(버스,택시 등)",일반쓰레기,37.5703023,126.9780403,11010610.0,종로1·2·3·4가동,정상 지오코딩
60,종로구,종로1가 1-3,광화문 버스정류소(01-010),"정류소(버스,택시 등)",재활용쓰레기,37.5703023,126.9780403,11010610.0,종로1·2·3·4가동,정상 지오코딩
61,종로구,세종대로 178 , KT광화문지사(01-118),"정류소(버스,택시 등)",일반쓰레기,37.5721506,126.9777916,11010610.0,종로1·2·3·4가동,정상 지오코딩
62,종로구,세종대로 178 , KT광화문지사(01-118),"정류소(버스,택시 등)",재활용쓰레기,37.5721506,126.9777916,11010610.0,종로1·2·3·4가동,정상 지오코딩
63,종로구,새문안로 97,광화문역7번출구(01-125),"정류소(버스,택시 등)",일반쓰레기,37.5706979,126.9753982,11010530.0,사직동,정상 지오코딩
64,종로구,새문안로 97,광화문역7번출구(01-125),"정류소(버스,택시 등)",재활용쓰레기,37.5706979,126.9753982,11010530.0,사직동,정상 지오코딩
65,종로구,새문안로 55,서울역사박물관 버스정류장(01-008),도로변(횡단보도 포함),일반쓰레기,37.5704968,126.9710752,11010530.0,사직동,정상 지오코딩
66,종로구,새문안로 55,서울역사박물관 버스정류장(01-007),도로변(횡단보도 포함),일반쓰레기,37.5704968,126.9710752,11010530.0,사직동,정상 지오코딩
67,종로구,통일로 134,디타워 돈의문 앞,도로변(횡단보도 포함),일반쓰레기,37.566735,126.9663572,11010580.0,교남동,정상 지오코딩
68,종로구,통일로 134,디타워 돈의문 앞,도로변(횡단보도 포함),재활용쓰레기,37.566735,126.9663572,11010580.0,교남동,정상 지오코딩
69,종로구,새문안로 3길,경복궁역 7번출구,지하철역 입구,일반쓰레기,37.5730378,126.9727092,11010530.0,사직동,정상 지오코딩
70,종로구,새문안로 3길,경복궁역 7번출구,지하철역 입구,재활용쓰레기,37.5730378,126.9727092,11010530.0,사직동,정상 지오코딩
71,종로구,돈화문로5가길 1,종로 피카디리 앞,상가지역,담배꽁초 수거함,37.5710275,126.9912303,11010610.0,종로1·2·3·4가동,정상 지오코딩
72,종로구,종로66길 15,꿀팁 앞,상가지역,담배꽁초 수거함,37.5741401,127.0220013,11010710.0,숭인2동,정상 지오코딩
73,종로구,수표로 122,종로진낙지,상가지역,담배꽁초 수거함,37.5721162,126.9890899,11010610.0,종로1·2·3·4가동,정상 지오코딩
74,종로구,수표로 122,종로진낙지,상가지역,담배꽁초 수거함,37.5721162,126.9890899,11010610.0,종로1·2·3·4가동,정상 지오코딩
75,종로구,사직로 103-4,진고기명가 앞,상가지역,담배꽁초 수거함,37.5763942,126.9706074,11010530.0,사직동,정상 지오코딩
76,종로구,종로2가 34-2,탑골공원 앞,도로변(횡단보도 포함),일반쓰레기,37.5703329,126.988639,11010610.0,종로1·2·3·4가동,정상 지오코딩
77,종로구,종로2가 34-2,탑골공원 앞,도로변(횡단보도 포함),재활용쓰레기,37.5703329,126.988639,11010610.0,종로1·2·3·4가동,정상 지오코딩
78,종로구,종로 113,오복플란트치과의원 건물 앞,도로변(횡단보도 포함),일반쓰레기,37.5705865,126.9901349,11010610.0,종로1·2·3·4가동,정상 지오코딩
79,종로구,종로 113,오복플란트치과의원 건물 앞,도로변(횡단보도 포함),재활용쓰레기,37.5705865,126.9901349,11010610.0,종로1·2·3·4가동,정상 지오코딩
80,종로구,종로 94,버거킹 종로점 앞,도로변(횡단보도 포함),일반쓰레기,37.5699451,126.9880874,11010610.0,종로1·2·3·4가동,정상 지오코딩
81,종로구,종로 94,버거킹 종로점 앞,도로변(횡단보도 포함),재활용쓰레기,37.5699451,126.9880874,11010610.0,종로1·2·3·4가동,정상 지오코딩
82,종로구,돈화문로5가길 4,금거래소 앞,도로변(횡단보도 포함),담배꽁초 수거함,37.5709837,126.9918035,11010610.0,종로1·2·3·4가동,정상 지오코딩
83,종로구,청계천로 295,"신발상가A동,B동 사이",도로변(횡단보도 포함),담배꽁초 수거함,37.5700667,127.0106705,11010670.0,창신1동,정상 지오코딩
84,종로구,종로 160-3,다시세운상가 대로변,도로변(횡단보도 포함),일반쓰레기,37.5704649,126.9956413,11010610.0,종로1·2·3·4가동,정상 지오코딩
85,종로구,종로 160-3,다시세운상가 대로변,도로변(횡단보도 포함),재활용쓰레기,37.5704649,126.9956413,11010610.0,종로1·2·3·4가동,정상 지오코딩
86,종로구,율곡로3길 4 ,서울공예박물관 앞 ,도로변(횡단보도 포함),일반쓰레기,37.5766112,126.9832613,11010540.0,삼청동,정상 지오코딩
87,종로구,율곡로3길 4 ,서울공예박물관 앞 ,도로변(횡단보도 포함),재활용쓰레기,37.5766112,126.9832613,11010540.0,삼청동,정상 지오코딩
88,종로구,운니동 98-7,종로웨니스센터 앞 ,도로변(횡단보도 포함),일반쓰레기,37.5775648,126.9890013,11010610.0,종로1·2·3·4가동,정상 지오코딩
89,종로구,운니동 98-7,종로웨니스센터 앞 ,도로변(횡단보도 포함),재활용쓰레기,37.5775648,126.9890013,11010610.0,종로1·2·3·4가동,정상 지오코딩
90,종로구,율곡로 78,안국역 2번출구 앞,도로변(횡단보도 포함),일반쓰레기,37.5768173,126.9876493,11010610.0,종로1·2·3·4가동,정상 지오코딩
91,종로구,율곡로 78,안국역 2번출구 앞,도로변(횡단보도 포함),재활용쓰레기,37.5768173,126.9876493,11010610.0,종로1·2·3·4가동,정상 지오코딩
92,종로구,북촌로 51-1,북촌한옥마을입구.정세권활동터(01-556),"정류소(버스,택시 등)",일반쓰레기,37.5815262,126.9848842,11010600.0,가회동,정상 지오코딩
93,종로구,북촌로 51-1,북촌한옥마을입구.정세권활동터(01-556),"정류소(버스,택시 등)",재활용쓰레기,37.5815262,126.9848842,11010600.0,가회동,정상 지오코딩
94,종로구,북촌로 35 ,가회동 주민센터 앞 ,도로변(횡단보도 포함),일반쓰레기,37.5800509,126.9847891,11010600.0,가회동,정상 지오코딩
95,종로구,북촌로 35 ,가회동 주민센터 앞 ,도로변(횡단보도 포함),재활용쓰레기,37.5800509,126.9847891,11010600.0,가회동,정상 지오코딩
96,종로구,북촌로5가길 3,정독도서관 입구 옆,도로변(횡단보도 포함),일반쓰레기,37.5797469,126.9821945,11010540.0,삼청동,정상 지오코딩
97,종로구,북촌로5가길 3,정독도서관 입구 옆,도로변(횡단보도 포함),재활용쓰레기,37.5797469,126.9821945,11010540.0,삼청동,정상 지오코딩
98,종로구,삼청로 68 삼청파출소,삼청파출소 앞,도로변(횡단보도 포함),일반쓰레기,37.5815766,126.9813322,11010540.0,삼청동,정상 지오코딩
99,종로구,삼청로 68 삼청파출소,삼청파출소 앞,도로변(횡단보도 포함),재활용쓰레기,37.5815766,126.9813322,11010540.0,삼청동,정상 지오코딩
100,종로구,삼청로 104-1,삼청동주민센터(01-800),"정류소(버스,택시 등)",일반쓰레기,37.5846455,126.9823017,11010540.0,삼청동,정상 지오코딩
101,종로구,삼청로 104-1,삼청동주민센터(01-800),"정류소(버스,택시 등)",재활용쓰레기,37.5846455,126.9823017,11010540.0,삼청동,정상 지오코딩
102,종로구,서순라길 3,우수골드네트워크 맞은편,도로변(횡단보도 포함),담배꽁초 수거함,37.5708133,126.9937141,11010610.0,종로1·2·3·4가동,정상 지오코딩
103,종로구,서순라길 7,신화사 맞은편,도로변(횡단보도 포함),담배꽁초 수거함,37.5709889,126.9936764,11010610.0,종로1·2·3·4가동,정상 지오코딩
104,종로구,서순라길 21,와치114 맞은편,도로변(횡단보도 포함),담배꽁초 수거함,37.5716521,126.9936943,11010610.0,종로1·2·3·4가동,정상 지오코딩
105,종로구,종로 19,르메이에르종로타운 뒤편,도로변(횡단보도 포함),담배꽁초 수거함,37.5708445,126.9799237,11010610.0,종로1·2·3·4가동,정상 지오코딩
106,종로구,대학로 89,치휴한방병원 주차장 앞,도로변(횡단보도 포함),일반쓰레기,37.5792305,127.00181,11010640.0,이화동,정상 지오코딩
107,종로구,대학로 89,치휴한방병원 주차장 앞,도로변(횡단보도 포함),재활용쓰레기,37.5792305,127.00181,11010640.0,이화동,정상 지오코딩
108,종로구,연건동 28-2,"창경궁, 서울대병원 버스정류장(01-002)","정류소(버스,택시 등)",일반쓰레기,37.5807769,126.9992494,11010640.0,이화동,정상 지오코딩
109,종로구,연건동 28-2,"창경궁, 서울대병원 버스정류장(01-002)","정류소(버스,택시 등)",재활용쓰레기,37.5807769,126.9992494,11010640.0,이화동,정상 지오코딩
110,종로구,종로 200,종로5가 광장시장 버스정류장(01-020),"정류소(버스,택시 등)",일반쓰레기,37.5706771,126.9998895,11010610.0,종로1·2·3·4가동,정상 지오코딩
111,종로구,종로 200,종로5가 광장시장 버스정류장(01-020),"정류소(버스,택시 등)",재활용쓰레기,37.5706771,126.9998895,11010610.0,종로1·2·3·4가동,정상 지오코딩
112,종로구,명륜4가 196-2,명륜3가 성대입구 버스정류장(01-003),"정류소(버스,택시 등)",일반쓰레기,37.5826308,126.9983792,11010730.0,혜화동,정상 지오코딩
113,종로구,명륜4가 196-2,명륜3가 성대입구 버스정류장(01-003),"정류소(버스,택시 등)",재활용쓰레기,37.5826308,126.9983792,11010730.0,혜화동,정상 지오코딩
114,종로구,북촌로 58,코리아테크북촌 앞,도로변(횡단보도 포함),일반쓰레기,37.5819562,126.9853029,11010600.0,가회동,정상 지오코딩
115,종로구,북촌로 58,코리아테크북촌 앞,도로변(횡단보도 포함),재활용쓰레기,37.5819562,126.9853029,11010600.0,가회동,정상 지오코딩
116,종로구,종로3가 45-4,종로4가.종묘(01-017),"정류소(버스,택시 등)",일반쓰레기,37.570484,126.9936852,11010610.0,종로1·2·3·4가동,정상 지오코딩
117,종로구,종로3가 45-4,종로4가.종묘(01-017),"정류소(버스,택시 등)",재활용쓰레기,37.570484,126.9936852,11010610.0,종로1·2·3·4가동,정상 지오코딩
118,종로구,종로3가 45-4,종로4가.종묘(01-017),"정류소(버스,택시 등)",일반쓰레기,37.570484,126.9936852,11010610.0,종로1·2·3·4가동,정상 지오코딩
119,종로구,종로3가 45-4,종로4가.종묘(01-017),"정류소(버스,택시 등)",재활용쓰레기,37.570484,126.9936852,11010610.0,종로1·2·3·4가동,정상 지오코딩
120,종로구,종로4가 183,종로5가 광장시장 버스정류장(01-019),"정류소(버스,택시 등)",일반쓰레기,37.5707352,126.9984446,11010610.0,종로1·2·3·4가동,정상 지오코딩
121,종로구,종로4가 183,종로5가 광장시장 버스정류장(01-019),"정류소(버스,택시 등)",재활용쓰레기,37.5707352,126.9984446,11010610.0,종로1·2·3·4가동,정상 지오코딩
122,종로구,종로5가 11-2,종로6가.동대문종합시장(01-021),"정류소(버스,택시 등)",일반쓰레기,37.5710806,127.0049737,11010630.0,종로5·6가동,정상 지오코딩
123,종로구,종로5가 11-2,종로6가.동대문종합시장(01-021),"정류소(버스,택시 등)",재활용쓰레기,37.5710806,127.0049737,11010630.0,종로5·6가동,정상 지오코딩
124,종로구,혜화로 32,혜화초등학교 앞,도로변(횡단보도 포함),일반쓰레기,37.5891728,126.999928,11010730.0,혜화동,정상 지오코딩
125,종로구,혜화로 32,혜화초등학교 앞,도로변(횡단보도 포함),재활용쓰레기,37.5891728,126.999928,11010730.0,혜화동,정상 지오코딩
126,종로구,삼일대로 393-1,종로2가사거리(01-001),"정류소(버스,택시 등)",일반쓰레기,37.569773,126.9874197,11010610.0,종로1·2·3·4가동,정상 지오코딩
127,종로구,삼일대로 393-1,종로2가사거리(01-001),"정류소(버스,택시 등)",재활용쓰레기,37.569773,126.9874197,11010610.0,종로1·2·3·4가동,정상 지오코딩
128,종로구,종로347,동묘앞역 1번출구 앞,지하철역 입구,일반쓰레기,37.5740563,127.016,11010700.0,숭인1동,정상 지오코딩
129,종로구,종로 347,동묘앞역 1번출구 앞,지하철역 입구,재활용쓰레기,37.5740563,127.016,11010700.0,숭인1동,정상 지오코딩
130,종로구,종로 301-1,진고개 앞,도로변(횡단보도 포함),일반쓰레기,37.5721873,127.0111618,11010680.0,창신2동,정상 지오코딩
131,종로구,종로 301-1,진고개 앞,도로변(횡단보도 포함),재활용쓰레기,37.5721873,127.0111618,11010680.0,창신2동,정상 지오코딩
132,종로구,숭인동 1311,신설동역 11번출구,지하철역 입구,일반쓰레기,37.5757127,127.0227737,11010710.0,숭인2동,정상 지오코딩
133,종로구,숭인동 1311,신설동역 11번출구,지하철역 입구,일반쓰레기,37.5757127,127.0227737,11010710.0,숭인2동,정상 지오코딩
134,종로구,종로 294,KFC 동대문점,도로변(횡단보도 포함),일반쓰레기,37.5712625,127.0107154,11010670.0,창신1동,정상 지오코딩
135,종로구,종로 294,KFC 동대문점,도로변(횡단보도 포함),재활용쓰레기,37.5712625,127.0107154,11010670.0,창신1동,정상 지오코딩
136,종로구,사직로 103-4,가장맛있는족발 앞,상가지역,담배꽁초 수거함,37.5763942,126.9706074,11010530.0,사직동,정상 지오코딩
137,종로구,사직로 107,두드림 앞,상가지역,담배꽁초 수거함,37.5763322,126.9707595,11010530.0,사직동,정상 지오코딩
138,종로구,종로 311,우리은행 옆,도로변(횡단보도 포함),담배꽁초 수거함,37.5722966,127.0122624,11010680.0,창신2동,정상 지오코딩
139,종로구,자하문로1나길 7-17,심산애 앞,상가지역,담배꽁초 수거함,37.5766338,126.971011,11010530.0,사직동,정상 지오코딩
140,종로구,종로 394,농협은행 앞,도로변(횡단보도 포함),담배꽁초 수거함,37.5744774,127.0212317,11010710.0,숭인2동,정상 지오코딩
141,종로구,지봉로 43,"종로구민회관,창신동두산아파트(01-231)","정류소(버스,택시 등)",일반쓰레기,37.5740609,127.0154359,11010670.0,창신1동,정상 지오코딩
142,종로구,지봉로 43,"종로구민회관,창신동두산아파트(01-231)","정류소(버스,택시 등)",재활용쓰레기,37.5740609,127.0154359,11010670.0,창신1동,정상 지오코딩
143,종로구,효자동 68-1,효자동(01-112),"정류소(버스,택시 등)",일반쓰레기,37.5830774,126.9707443,11010720.0,청운효자동,정상 지오코딩
144,종로구,효자동 68-1,효자동(01-112),"정류소(버스,택시 등)",재활용쓰레기,37.5830774,126.9707443,11010720.0,청운효자동,정상 지오코딩
145,종로구,인사동길12,대일빌딩 앞,상가지역,일반쓰레기,37.5718962,126.9872306,11010610.0,종로1·2·3·4가동,정상 지오코딩
146,종로구,인사동길12,대일빌딩 앞,상가지역,재활용쓰레기,37.5718962,126.9872306,11010610.0,종로1·2·3·4가동,정상 지오코딩
147,종로구,창신동 204-14,동대문(흥인지문)I3(01-037),"정류소(버스,택시 등)",일반쓰레기,37.5721253,127.0122582,11010670.0,창신1동,정상 지오코딩
148,종로구,신문로2가 15,서울역사박물관.경희궁I3(01-007),"정류소(버스,택시 등)",일반쓰레기,37.5688773,126.9701736,11010530.0,사직동,정상 지오코딩
149,종로구,신문로2가 1-33,서울역사박물관.경희궁O3(01-008),"정류소(버스,택시 등)",일반쓰레기,37.5691527,126.9702075,11010530.0,사직동,정상 지오코딩
150,종로구,종로5가 11-2,종로6가.동대문종합시장(01-022),"정류소(버스,택시 등)",일반쓰레기,37.5710806,127.0049737,11010630.0,종로5·6가동,정상 지오코딩
151,종로구,종로5가 11-2,종로6가.동대문종합시장(01-022),"정류소(버스,택시 등)",재활용쓰레기,37.5710806,127.0049737,11010630.0,종로5·6가동,정상 지오코딩
152,종로구,종로5가 11-2,종로6가.동대문종합시장(01-022),"정류소(버스,택시 등)",일반쓰레기,37.5710806,127.0049737,11010630.0,종로5·6가동,정상 지오코딩
153,종로구,종로5가 11-2,종로6가.동대문종합시장(01-022),"정류소(버스,택시 등)",재활용쓰레기,37.5710806,127.0049737,11010630.0,종로5·6가동,정상 지오코딩
154,종로구,종로4가 32-8,종로4가.종묘(01-018),"정류소(버스,택시 등)",일반쓰레기,37.5707222,126.996534,11010610.0,종로1·2·3·4가동,정상 지오코딩
155,종로구,종로4가 32-8,종로4가.종묘(01-018),"정류소(버스,택시 등)",재활용쓰레기,37.5707222,126.996534,11010610.0,종로1·2·3·4가동,정상 지오코딩
156,종로구,종로4가 32-8,종로4가.종묘(01-018),"정류소(버스,택시 등)",일반쓰레기,37.5707222,126.996534,11010610.0,종로1·2·3·4가동,정상 지오코딩
157,종로구,종로4가 32-8,종로4가.종묘(01-018),"정류소(버스,택시 등)",재활용쓰레기,37.5707222,126.996534,11010610.0,종로1·2·3·4가동,정상 지오코딩
158,종로구,종로129,종로3가.탑골공원(01-016),"정류소(버스,택시 등)",일반쓰레기,37.5704266,126.9920293,11010610.0,종로1·2·3·4가동,정상 지오코딩
159,종로구,종로129,종로3가.탑골공원(01-016),"정류소(버스,택시 등)",재활용쓰레기,37.5704266,126.9920293,11010610.0,종로1·2·3·4가동,정상 지오코딩
160,종로구,종로129,종로3가.탑골공원(01-016),"정류소(버스,택시 등)",일반쓰레기,37.5704266,126.9920293,11010610.0,종로1·2·3·4가동,정상 지오코딩
161,종로구,종로129,종로3가.탑골공원(01-016),"정류소(버스,택시 등)",재활용쓰레기,37.5704266,126.9920293,11010610.0,종로1·2·3·4가동,정상 지오코딩
162,종로구,종로 73,종로2가(중)(01-013),"정류소(버스,택시 등)",일반쓰레기,37.5702043,126.9855194,11010610.0,종로1·2·3·4가동,정상 지오코딩
163,종로구,종로 73,종로2가(중)(01-013),"정류소(버스,택시 등)",재활용쓰레기,37.5702043,126.9855194,11010610.0,종로1·2·3·4가동,정상 지오코딩
164,종로구,종로 73,종로2가(중)(01-013),"정류소(버스,택시 등)",일반쓰레기,37.5702043,126.9855194,11010610.0,종로1·2·3·4가동,정상 지오코딩
165,종로구,종로 73,종로2가(중)(01-013),"정류소(버스,택시 등)",재활용쓰레기,37.5702043,126.9855194,11010610.0,종로1·2·3·4가동,정상 지오코딩
166,종로구,우정국로2길 32,올나잇 앞,상가지역,담배꽁초 수거함,37.5694357,126.9847734,11010610.0,종로1·2·3·4가동,정상 지오코딩
167,종로구,북촌로4길 7,재동초등학교 옆,도로변(횡단보도 포함),일반쓰레기,37.5799416,126.9855017,11010600.0,가회동,정상 지오코딩
168,종로구,북촌로4길 7,재동초등학교 옆,도로변(횡단보도 포함),재활용쓰레기,37.5799416,126.9855017,11010600.0,가회동,정상 지오코딩
169,종로구,돈화문로11다길 51,스튜디오제이 맞은편,도로변(횡단보도 포함),일반쓰레기,37.5736444,126.9892772,11010610.0,종로1·2·3·4가동,정상 지오코딩
170,종로구,돈화문로11다길 51,스튜디오제이 맞은편,도로변(횡단보도 포함),재활용쓰레기,37.5736444,126.9892772,11010610.0,종로1·2·3·4가동,정상 지오코딩
171,종로구,삼일대로17길 42-1,명가양갈비 앞,상가지역,담배꽁초 수거함,37.5693661,126.9850715,11010610.0,종로1·2·3·4가동,정상 지오코딩
172,종로구,삼일대로17길 42-1,명가양갈비 앞,상가지역,담배꽁초 수거함,37.5693661,126.9850715,11010610.0,종로1·2·3·4가동,정상 지오코딩
173,종로구,종로 69,우리은행 종로YMCA지점 앞,도로변(횡단보도 포함),일반쓰레기,37.5705769,126.9853141,11010610.0,종로1·2·3·4가동,정상 지오코딩
174,종로구,종로 69,우리은행 종로YMCA지점 앞,도로변(횡단보도 포함),재활용쓰레기,37.5705769,126.9853141,11010610.0,종로1·2·3·4가동,정상 지오코딩
175,종로구,율곡로3길 50,덕성여자고등학교 담장 앞,도로변(횡단보도 포함),일반쓰레기,37.5777608,126.9835581,11010540.0,삼청동,정상 지오코딩
176,종로구,율곡로3길 50,덕성여자고등학교 담장 앞,도로변(횡단보도 포함),재활용쓰레기,37.5777608,126.9835581,11010540.0,삼청동,정상 지오코딩
177,종로구,세종로 23-3,의정부지 역사공원 앞,"광장, 공원",일반쓰레기,37.574563,126.9784817,11010610.0,종로1·2·3·4가동,정상 지오코딩
178,종로구,세종로 23-3,의정부지 역사공원 앞,"광장, 공원",재활용쓰레기,37.574563,126.9784817,11010610.0,종로1·2·3·4가동,정상 지오코딩
179,종로구,사직로 115,"경복궁역 1번 출구, 사직단 어린이도서관 (01114)","정류소(버스,택시 등)",일반쓰레기,37.5762907,126.971511,11010530.0,사직동,정상 지오코딩
180,종로구,사직로 115,"경복궁역 1번 출구, 사직단 어린이도서관 (01114)","정류소(버스,택시 등)",재활용쓰레기,37.5762907,126.971511,11010530.0,사직동,정상 지오코딩
181,종로구,통일로 230,"독립문역, 서대문형무소역사관(01167)","정류소(버스,택시 등)",일반쓰레기,37.5743704,126.9586287,11010570.0,무악동,API 재시도-주소검색-원본
182,종로구,통일로 230,"독립문역, 서대문형무소역사관(01167)","정류소(버스,택시 등)",재활용쓰레기,37.5743704,126.9586287,11010570.0,무악동,API 재시도-주소검색-원본
183,종로구,신문로1가 141,광화문(중)(01-009),"정류소(버스,택시 등)",일반쓰레기,37.570159,126.9757971,11010530.0,사직동,정상 지오코딩
184,종로구,신문로1가 141,광화문(중)(01-009),"정류소(버스,택시 등)",재활용쓰레기,37.570159,126.9757971,11010530.0,사직동,정상 지오코딩
185,종로구,종로1가 54,종로1가(중)(01-012),"정류소(버스,택시 등)",일반쓰레기,37.5702326,126.9814158,11010610.0,종로1·2·3·4가동,정상 지오코딩
186,종로구,종로1가 54,종로1가(중)(01-012),"정류소(버스,택시 등)",재활용쓰레기,37.5702326,126.9814158,11010610.0,종로1·2·3·4가동,정상 지오코딩
187,종로구,종로1가 82-2,종로1가(중)(01-011),"정류소(버스,택시 등)",일반쓰레기,37.5702139,126.9797603,11010610.0,종로1·2·3·4가동,정상 지오코딩
188,종로구,종로1가 82-2,종로1가(중)(01-011),"정류소(버스,택시 등)",재활용쓰레기,37.5702139,126.9797603,11010610.0,종로1·2·3·4가동,정상 지오코딩
189,종로구,종로2가 15-1,종로2가 버스정류장(01-014),"정류소(버스,택시 등)",일반쓰레기,37.5703595,126.9863939,11010610.0,종로1·2·3·4가동,정상 지오코딩
190,종로구,종로2가 15-1,종로2가 버스정류장(01-014),"정류소(버스,택시 등)",재활용쓰레기,37.5703595,126.9863939,11010610.0,종로1·2·3·4가동,정상 지오코딩
191,종로구,종로1가 1-3,광화문 버스정류소(01-010),"정류소(버스,택시 등)",일반쓰레기,37.5703023,126.9780403,11010610.0,종로1·2·3·4가동,정상 지오코딩
192,종로구,종로1가 1-3,광화문 버스정류소(01-010),"정류소(버스,택시 등)",재활용쓰레기,37.5703023,126.9780403,11010610.0,종로1·2·3·4가동,정상 지오코딩
193,종로구,신문로2가 15,서울역사박물관.경희궁I3(01-007),"정류소(버스,택시 등)",일반쓰레기,37.5688773,126.9701736,11010530.0,사직동,정상 지오코딩
194,종로구,신문로2가 15,서울역사박물관.경희궁I3(01-007),"정류소(버스,택시 등)",재활용쓰레기,37.5688773,126.9701736,11010530.0,사직동,정상 지오코딩
195,종로구,신문로2가 1-33,서울역사박물관.경희궁O3(01-008),"정류소(버스,택시 등)",일반쓰레기,37.5691527,126.9702075,11010530.0,사직동,정상 지오코딩
196,종로구,신문로2가 1-33,서울역사박물관.경희궁O3(01-008),"정류소(버스,택시 등)",재활용쓰레기,37.5691527,126.9702075,11010530.0,사직동,정상 지오코딩
197,종로구,종로 73,종로2가(중)(01-013),"정류소(버스,택시 등)",일반쓰레기,37.5702043,126.9855194,11010610.0,종로1·2·3·4가동,정상 지오코딩
198,종로구,종로 73,종로2가(중)(01-013),"정류소(버스,택시 등)",재활용쓰레기,37.5702043,126.9855194,11010610.0,종로1·2·3·4가동,정상 지오코딩
199,종로구,사직로8길 4,사직단 버스정류장(01-128),"정류소(버스,택시 등)",일반쓰레기,37.5746717,126.9684298,11010530.0,사직동,정상 지오코딩
200,종로구,사직로8길 4,사직단 버스정류장(01-128),"정류소(버스,택시 등)",재활용쓰레기,37.5746717,126.9684298,11010530.0,사직동,정상 지오코딩
201,종로구,종로3가 45-4,종로4가 종묘 버스정류장(01-017),"정류소(버스,택시 등)",일반쓰레기,37.570484,126.9936852,11010610.0,종로1·2·3·4가동,정상 지오코딩
202,종로구,종로3가 45-4,종로4가 종묘 버스정류장(01-017),"정류소(버스,택시 등)",재활용쓰레기,37.570484,126.9936852,11010610.0,종로1·2·3·4가동,정상 지오코딩
203,종로구,종로 103-1,종로3가.탑골공원(01-015),"정류소(버스,택시 등)",일반쓰레기,37.5704452,126.9891342,11010610.0,종로1·2·3·4가동,정상 지오코딩
204,종로구,종로 103-1,종로3가.탑골공원(01-015),"정류소(버스,택시 등)",재활용쓰레기,37.5704452,126.9891342,11010610.0,종로1·2·3·4가동,정상 지오코딩
205,종로구,종로129,종로3가 버스정류소(01-016),"정류소(버스,택시 등)",일반쓰레기,37.5704266,126.9920293,11010610.0,종로1·2·3·4가동,정상 지오코딩
206,종로구,종로129,종로3가 버스정류소(01-016),"정류소(버스,택시 등)",재활용쓰레기,37.5704266,126.9920293,11010610.0,종로1·2·3·4가동,정상 지오코딩
207,종로구,돈화문로 63-1,영진수산,도로변(횡단보도 포함),일반쓰레기,37.57417,126.9908527,11010610.0,종로1·2·3·4가동,정상 지오코딩
208,종로구,돈화문로 63-1,영진수산,도로변(횡단보도 포함),재활용쓰레기,37.57417,126.9908527,11010610.0,종로1·2·3·4가동,정상 지오코딩
209,종로구,율곡로 88,창덕궁(01296),"정류소(버스,택시 등)",일반쓰레기,37.5768079,126.988924,11010610.0,종로1·2·3·4가동,정상 지오코딩
210,종로구,율곡로 88,창덕궁(01296),"정류소(버스,택시 등)",재활용쓰레기,37.5768079,126.988924,11010610.0,종로1·2·3·4가동,정상 지오코딩
211,종로구,연건동 28-2,"창경궁, 서울대병원 버스정류장(01-002)","정류소(버스,택시 등)",일반쓰레기,37.5807769,126.9992494,11010640.0,이화동,정상 지오코딩
212,종로구,연건동 28-2,"창경궁, 서울대병원 버스정류장(01-002)","정류소(버스,택시 등)",재활용쓰레기,37.5807769,126.9992494,11010640.0,이화동,정상 지오코딩
213,종로구,연건동 28-2,"창경궁, 서울대병원 버스정류장(01-002)","정류소(버스,택시 등)",일반쓰레기,37.5807769,126.9992494,11010640.0,이화동,정상 지오코딩
214,종로구,연건동 28-2,"창경궁, 서울대병원 버스정류장(01-002)","정류소(버스,택시 등)",재활용쓰레기,37.5807769,126.9992494,11010640.0,이화동,정상 지오코딩
215,종로구,대학로 8길 1,마로니에공원 버스정류장(01-220),"정류소(버스,택시 등)",일반쓰레기,37.5810033,127.0024239,11010640.0,이화동,정상 지오코딩
216,종로구,대학로 8길 1,마로니에공원 버스정류장(01-220),"정류소(버스,택시 등)",재활용쓰레기,37.5810033,127.0024239,11010640.0,이화동,정상 지오코딩
217,종로구,종로 200,종로5가 광장시장 버스정류장(01-020),"정류소(버스,택시 등)",일반쓰레기,37.5706771,126.9998895,11010610.0,종로1·2·3·4가동,정상 지오코딩
218,종로구,종로 200,종로5가 광장시장 버스정류장(01-020),"정류소(버스,택시 등)",재활용쓰레기,37.5706771,126.9998895,11010610.0,종로1·2·3·4가동,정상 지오코딩
219,종로구,종로4가 183,종로5가 광장시장 버스정류장(01-019),"정류소(버스,택시 등)",일반쓰레기,37.5707352,126.9984446,11010610.0,종로1·2·3·4가동,정상 지오코딩
220,종로구,종로4가 183,종로5가 광장시장 버스정류장(01-019),"정류소(버스,택시 등)",재활용쓰레기,37.5707352,126.9984446,11010610.0,종로1·2·3·4가동,정상 지오코딩
221,종로구,종로 200,종로5가 광장시장 버스정류장(01-020),"정류소(버스,택시 등)",일반쓰레기,37.5706771,126.9998895,11010610.0,종로1·2·3·4가동,정상 지오코딩
222,종로구,종로 200,종로5가 광장시장 버스정류장(01-020),"정류소(버스,택시 등)",재활용쓰레기,37.5706771,126.9998895,11010610.0,종로1·2·3·4가동,정상 지오코딩
223,종로구,창경궁로 235,명륜3가 성대입구 버스정류장(01-003),"정류소(버스,택시 등)",일반쓰레기,37.5829626,126.9983851,11010730.0,혜화동,정상 지오코딩
224,종로구,창경궁로 235,명륜3가 성대입구 버스정류장(01-003),"정류소(버스,택시 등)",재활용쓰레기,37.5829626,126.9983851,11010730.0,혜화동,정상 지오코딩
225,종로구,창경궁로 235,명륜3가 성대입구 버스정류장(01-003),"정류소(버스,택시 등)",일반쓰레기,37.5829626,126.9983851,11010730.0,혜화동,정상 지오코딩
226,종로구,창경궁로 235,명륜3가 성대입구 버스정류장(01-003),"정류소(버스,택시 등)",재활용쓰레기,37.5829626,126.9983851,11010730.0,혜화동,정상 지오코딩
227,종로구,창경궁로 269,혜화로터리 버스정류장(01-005),"정류소(버스,택시 등)",일반쓰레기,37.5853421,127.0006657,11010730.0,혜화동,정상 지오코딩
228,종로구,창경궁로 269,혜화로터리 버스정류장(01-005),"정류소(버스,택시 등)",재활용쓰레기,37.5853421,127.0006657,11010730.0,혜화동,정상 지오코딩
229,종로구,창경궁로 269,혜화로터리 버스정류장(01-005),"정류소(버스,택시 등)",일반쓰레기,37.5853421,127.0006657,11010730.0,혜화동,정상 지오코딩
230,종로구,창경궁로 269,혜화로터리 버스정류장(01-005),"정류소(버스,택시 등)",재활용쓰레기,37.5853421,127.0006657,11010730.0,혜화동,정상 지오코딩
231,종로구,대학로 145,혜화역.서울연극센터 버스정류장(01-228),"정류소(버스,택시 등)",일반쓰레기,37.5841413,127.0012781,11010730.0,혜화동,정상 지오코딩
232,종로구,대학로 145,혜화역.서울연극센터 버스정류장(01-228),"정류소(버스,택시 등)",재활용쓰레기,37.5841413,127.0012781,11010730.0,혜화동,정상 지오코딩
233,종로구,종로4가 183,종로5가 광장시장 버스정류장(01-019),"정류소(버스,택시 등)",일반쓰레기,37.5707352,126.9984446,11010610.0,종로1·2·3·4가동,정상 지오코딩
234,종로구,종로4가 183,종로5가 광장시장 버스정류장(01-019),"정류소(버스,택시 등)",재활용쓰레기,37.5707352,126.9984446,11010610.0,종로1·2·3·4가동,정상 지오코딩
235,종로구,대학로 86,방송통신대 버스정류장(01-219),"정류소(버스,택시 등)",일반쓰레기,37.5791955,127.0032909,11010640.0,이화동,정상 지오코딩
236,종로구,대학로 86,방송통신대 버스정류장(01-219),"정류소(버스,택시 등)",재활용쓰레기,37.5791955,127.0032909,11010640.0,이화동,정상 지오코딩
237,종로구,대학로 75,방송통신대 버스정류장(01-222),"정류소(버스,택시 등)",일반쓰레기,37.5780577,127.0017631,11010640.0,이화동,정상 지오코딩
238,종로구,대학로 75,방송통신대 버스정류장(01-222),"정류소(버스,택시 등)",재활용쓰레기,37.5780577,127.0017631,11010640.0,이화동,정상 지오코딩
239,종로구,종로4가 32-8,종로4가.종묘(01-018),"정류소(버스,택시 등)",일반쓰레기,37.5707222,126.996534,11010610.0,종로1·2·3·4가동,정상 지오코딩
240,종로구,종로4가 32-8,종로4가.종묘(01-018),"정류소(버스,택시 등)",재활용쓰레기,37.5707222,126.996534,11010610.0,종로1·2·3·4가동,정상 지오코딩
241,종로구,종로5가 11-2,종로6가.동대문종합시장(01-021),"정류소(버스,택시 등)",일반쓰레기,37.5710806,127.0049737,11010630.0,종로5·6가동,정상 지오코딩
242,종로구,종로5가 11-2,종로6가.동대문종합시장(01-021),"정류소(버스,택시 등)",재활용쓰레기,37.5710806,127.0049737,11010630.0,종로5·6가동,정상 지오코딩
243,종로구,창신동 204-14,동대문역.흥인지문I3(01-037),"정류소(버스,택시 등)",일반쓰레기,37.5721253,127.0122582,11010670.0,창신1동,정상 지오코딩
244,종로구,창신동 204-14,동대문역.흥인지문I3(01-037),"정류소(버스,택시 등)",재활용쓰레기,37.5721253,127.0122582,11010670.0,창신1동,정상 지오코딩
245,종로구,종로5가 11-2,종로6가.동대문종합시장(01-021),"정류소(버스,택시 등)",일반쓰레기,37.5710806,127.0049737,11010630.0,종로5·6가동,정상 지오코딩
246,종로구,종로5가 11-2,종로6가.동대문종합시장(01-021),"정류소(버스,택시 등)",재활용쓰레기,37.5710806,127.0049737,11010630.0,종로5·6가동,정상 지오코딩
247,종로구,종로6가(종로41길),종로6가.동대문종합시장(01-022),"정류소(버스,택시 등)",일반쓰레기,37.5718913,127.0075843,11010630.0,종로5·6가동,정상 지오코딩
248,종로구,종로6가(종로42길),종로6가.동대문종합시장(01-022),"정류소(버스,택시 등)",재활용쓰레기,37.5718913,127.0075843,11010630.0,종로5·6가동,정상 지오코딩
249,종로구,종로 235,동대문역.흥인지문(01-023),"정류소(버스,택시 등)",일반쓰레기,37.5712594,127.0039903,11010630.0,종로5·6가동,정상 지오코딩
250,종로구,종로 235,동대문역.흥인지문(01-023),"정류소(버스,택시 등)",재활용쓰레기,37.5712594,127.0039903,11010630.0,종로5·6가동,정상 지오코딩
251,종로구,대학로 65,"방송통신대, 이화장(01-222)","정류소(버스,택시 등)",일반쓰레기,37.5771532,127.0015492,11010640.0,이화동,정상 지오코딩
252,종로구,대학로 65,"방송통신대, 이화장(01-222)","정류소(버스,택시 등)",재활용쓰레기,37.5771532,127.0015492,11010640.0,이화동,정상 지오코딩
253,종로구,대학로 91,종로소방소 연건 앞,상가지역,일반쓰레기,37.5794143,127.0018354,11010640.0,이화동,정상 지오코딩
254,종로구,대학로 91,종로소방소 연건 앞,상가지역,재활용쓰레기,37.5794143,127.0018354,11010640.0,이화동,정상 지오코딩
255,종로구,삼일대로15길 1,종로2가.삼일교(01-004),"정류소(버스,택시 등)",일반쓰레기,37.5687669,126.9873655,11010610.0,종로1·2·3·4가동,정상 지오코딩
256,종로구,삼일대로15길 1,종로2가.삼일교(01-004),"정류소(버스,택시 등)",재활용쓰레기,37.5687669,126.9873655,11010610.0,종로1·2·3·4가동,정상 지오코딩
257,종로구,삼일대로15길 1,종로2가.삼일교(01-004),"정류소(버스,택시 등)",일반쓰레기,37.5687669,126.9873655,11010610.0,종로1·2·3·4가동,정상 지오코딩
258,종로구,삼일대로15길 1,종로2가.삼일교(01-004),"정류소(버스,택시 등)",재활용쓰레기,37.5687669,126.9873655,11010610.0,종로1·2·3·4가동,정상 지오코딩
259,종로구,자하문로 11,경복궁역(01115),"정류소(버스,택시 등)",일반쓰레기,37.5770322,126.9721058,11010530.0,사직동,정상 지오코딩
260,종로구,자하문로 11,경복궁역(01115),"정류소(버스,택시 등)",재활용쓰레기,37.5770322,126.9721058,11010530.0,사직동,정상 지오코딩
261,종로구,청계천로 1,채널A 본사 앞 ,도로변(횡단보도 포함),재활용쓰레기,37.5695464,126.9780203,11010610.0,종로1·2·3·4가동,정상 지오코딩
262,종로구,종로 30-1,종로분식 앞,도로변(횡단보도 포함),재활용쓰레기,37.5699495,126.9807825,11010610.0,종로1·2·3·4가동,정상 지오코딩
263,종로구,율곡로 46 ,구 종로경찰서 앞,도로변(횡단보도 포함),재활용쓰레기,37.576043,126.9838274,11010540.0,삼청동,인근 도로명번지 추정(번지차 7)
264,종로구,세종대로 178 , KT광화문지사 앞,도로변(횡단보도 포함),재활용쓰레기,37.5721506,126.9777916,11010610.0,종로1·2·3·4가동,정상 지오코딩
265,종로구,삼일대로 393-1,종로2가사거리(01-001),"정류소(버스,택시 등)",재활용쓰레기,37.569773,126.9874197,11010610.0,종로1·2·3·4가동,정상 지오코딩
266,종로구,인사동길 12,대일빌딩 앞,상가지역,재활용쓰레기,37.5718962,126.9872306,11010610.0,종로1·2·3·4가동,정상 지오코딩
267,종로구,신문로1가 141,광화문(중)(01-009),"정류소(버스,택시 등)",재활용쓰레기,37.570159,126.9757971,11010530.0,사직동,정상 지오코딩
268,종로구,종로1가 54,종로1가 버스정류장(01-012),"정류소(버스,택시 등)",재활용쓰레기,37.5702326,126.9814158,11010610.0,종로1·2·3·4가동,정상 지오코딩
269,종로구,종로1가 82-2,종로1가 버스정류장(01-011),"정류소(버스,택시 등)",재활용쓰레기,37.5702139,126.9797603,11010610.0,종로1·2·3·4가동,정상 지오코딩
270,종로구,종로2가 15-1,종로2가 버스정류장(01-014),"정류소(버스,택시 등)",재활용쓰레기,37.5703595,126.9863939,11010610.0,종로1·2·3·4가동,정상 지오코딩
271,종로구,종로1가 1-3,광화문 버스정류소(01-010),"정류소(버스,택시 등)",재활용쓰레기,37.5703023,126.9780403,11010610.0,종로1·2·3·4가동,정상 지오코딩
272,종로구,신문로2가 15,서울역사박물관.경희궁I3(01-007),"정류소(버스,택시 등)",재활용쓰레기,37.5688773,126.9701736,11010530.0,사직동,정상 지오코딩
273,종로구,신문로2가 1-33,서울역사박물관.경희궁O3(01-008),"정류소(버스,택시 등)",재활용쓰레기,37.5691527,126.9702075,11010530.0,사직동,정상 지오코딩
274,종로구,종로 73,종로2가(중)(01-013),"정류소(버스,택시 등)",재활용쓰레기,37.5702043,126.9855194,11010610.0,종로1·2·3·4가동,정상 지오코딩
275,종로구,삼일대로 393-1,종로2가.삼일교(01-004),"정류소(버스,택시 등)",재활용쓰레기,37.569773,126.9874197,11010610.0,종로1·2·3·4가동,정상 지오코딩
276,종로구,종로2가 34-2,탑골공원 앞,도로변(횡단보도 포함),재활용쓰레기,37.5703329,126.988639,11010610.0,종로1·2·3·4가동,정상 지오코딩
277,종로구,종로 113,오복플란트치과의원 건물 앞,도로변(횡단보도 포함),재활용쓰레기,37.5705865,126.9901349,11010610.0,종로1·2·3·4가동,정상 지오코딩
278,종로구,종로 94,버거킹 종로점 앞,도로변(횡단보도 포함),재활용쓰레기,37.5699451,126.9880874,11010610.0,종로1·2·3·4가동,정상 지오코딩
279,종로구,종로 103-1,종로3가.탑골공원(01-015),"정류소(버스,택시 등)",재활용쓰레기,37.5704452,126.9891342,11010610.0,종로1·2·3·4가동,정상 지오코딩
280,종로구,율곡로3길 4 ,서울공예박물관 앞 ,도로변(횡단보도 포함),재활용쓰레기,37.5766112,126.9832613,11010540.0,삼청동,정상 지오코딩
281,종로구,팔판동 115-42,청와대 춘추문 앞,도로변(횡단보도 포함),재활용쓰레기,37.5833826,126.9795302,11010540.0,삼청동,정상 지오코딩
282,종로구,팔판동 115-42,청와대 춘추문 앞,도로변(횡단보도 포함),일반쓰레기,37.5833826,126.9795302,11010540.0,삼청동,정상 지오코딩
283,종로구,궁정동 98-2,청와대 영빈문 앞,도로변(횡단보도 포함),재활용쓰레기,37.5834891,126.9737539,11010720.0,청운효자동,정상 지오코딩
284,종로구,궁정동 98-2,청와대 영빈문 앞,도로변(횡단보도 포함),일반쓰레기,37.5834891,126.9737539,11010720.0,청운효자동,정상 지오코딩
285,종로구,삼청로 1,경복궁 동측,도로변(횡단보도 포함),재활용쓰레기,37.5760952,126.9794123,11010720.0,청운효자동,정상 지오코딩
286,종로구,삼청로 1,경복궁 동측,도로변(횡단보도 포함),일반쓰레기,37.5760952,126.9794123,11010720.0,청운효자동,정상 지오코딩
287,종로구,인사동길 62,북인사마당,도로변(횡단보도 포함),재활용쓰레기,37.5754107,126.9835065,11010610.0,종로1·2·3·4가동,정상 지오코딩
288,종로구,인사동길 62,북인사마당,도로변(횡단보도 포함),일반쓰레기,37.5754107,126.9835065,11010610.0,종로1·2·3·4가동,정상 지오코딩
289,종로구,송현동 60-8,열린송현공원 동측 입구,"광장, 공원",재활용쓰레기,37.5758214,126.9828226,11010540.0,삼청동,정상 지오코딩
290,종로구,송현동 60-8,열린송현공원 동측 입구,"광장, 공원",일반쓰레기,37.5758214,126.9828226,11010540.0,삼청동,정상 지오코딩
291,종로구,송현동 48-9,열린송현공원 서측 입구,"광장, 공원",재활용쓰레기,37.5766601,126.9814007,11010540.0,삼청동,정상 지오코딩
292,종로구,송현동 48-9,열린송현공원 서측 입구,"광장, 공원",일반쓰레기,37.5766601,126.9814007,11010540.0,삼청동,정상 지오코딩
293,종로구,대학로 104,마로니에 공원 입구,"광장, 공원",재활용쓰레기,37.580334,127.0025153,11010640.0,이화동,정상 지오코딩
294,종로구,대학로 104,마로니에 공원 입구,"광장, 공원",일반쓰레기,37.580334,127.0025153,11010640.0,이화동,정상 지오코딩
295,종로구,혜화동 169,혜화역 4번출구 ,지하철역 입구,재활용쓰레기,37.5836713,127.0014628,11010730.0,혜화동,정상 지오코딩
296,종로구,혜화동 169,혜화역 4번출구 ,지하철역 입구,일반쓰레기,37.5836713,127.0014628,11010730.0,혜화동,정상 지오코딩
297,종로구,서울특별시 종로구 창의문로 145,"부암동주민센터,무계원(01138)","정류소(버스,택시 등)",재활용쓰레기,37.5924113,126.964065,11010550.0,부암동,API 재시도-주소검색-원본
298,종로구,서울특별시 종로구 창의문로 145,"부암동주민센터,무계원(01138)","정류소(버스,택시 등)",일반쓰레기,37.5924113,126.964065,11010550.0,부암동,API 재시도-주소검색-원본
299,종로구,자하문로37길 8,"자하문터널입구, 석파정 (01137)","정류소(버스,택시 등)",재활용쓰레기,37.5958851,126.9632327,11010550.0,부암동,정상 지오코딩
300,종로구,자하문로37길 8,"자하문터널입구, 석파정 (01137)","정류소(버스,택시 등)",일반쓰레기,37.5958851,126.9632327,11010550.0,부암동,정상 지오코딩
301,종로구,자하문로 240,"자하문터널입구, 석파정(01140)","정류소(버스,택시 등)",재활용쓰레기,37.5955687,126.964073,11010550.0,부암동,정상 지오코딩
302,종로구,자하문로 240,"자하문터널입구, 석파정(01140)","정류소(버스,택시 등)",일반쓰레기,37.5955687,126.964073,11010550.0,부암동,정상 지오코딩
303,종로구,자하문로 47,통인시장 종로구보건소(01110),"정류소(버스,택시 등)",재활용쓰레기,37.580209,126.9710153,11010720.0,청운효자동,정상 지오코딩
304,종로구,자하문로 47,통인시장 종로구보건소(01110),"정류소(버스,택시 등)",일반쓰레기,37.580209,126.9710153,11010720.0,청운효자동,정상 지오코딩
305,종로구,자하문로 50-1,통인시장 종로구보건소(01111),"정류소(버스,택시 등)",재활용쓰레기,37.5805469,126.9714401,11010720.0,청운효자동,정상 지오코딩
306,종로구,자하문로 50-1,통인시장 종로구보건소(01111),"정류소(버스,택시 등)",일반쓰레기,37.5805469,126.9714401,11010720.0,청운효자동,정상 지오코딩
307,종로구,새문안로 29,"강북삼성병원, 경교장 앞(01165)","정류소(버스,택시 등)",재활용쓰레기,37.5688677,126.9678127,11010580.0,교남동,정상 지오코딩
308,종로구,새문안로 29,"강북삼성병원, 경교장 앞(01165)","정류소(버스,택시 등)",일반쓰레기,37.5688677,126.9678127,11010580.0,교남동,정상 지오코딩
309,종로구,세종대로 149,광화문역6번출구(01120),"정류소(버스,택시 등)",재활용쓰레기,37.5695711,126.9761402,11010530.0,사직동,정상 지오코딩
310,종로구,세종대로 149,광화문역6번출구(01120),"정류소(버스,택시 등)",일반쓰레기,37.5695711,126.9761402,11010530.0,사직동,정상 지오코딩
311,종로구,새문안로 15,"서대문역사거리, 적십자병원(01169)","정류소(버스,택시 등)",재활용쓰레기,37.5671104,126.9675451,11010580.0,교남동,정상 지오코딩
312,종로구,새문안로 15,"서대문역사거리, 적십자병원(01169)","정류소(버스,택시 등)",일반쓰레기,37.5671104,126.9675451,11010580.0,교남동,정상 지오코딩
313,종로구,통일로 156-1,"서대문,서울시교육청(01168)","정류소(버스,택시 등)",재활용쓰레기,37.566735,126.9663572,11010580.0,교남동,인근 도로명번지 추정(번지차 22)
314,종로구,통일로 156-1,"서대문,서울시교육청(01168)","정류소(버스,택시 등)",일반쓰레기,37.566735,126.9663572,11010580.0,교남동,인근 도로명번지 추정(번지차 22)
315,종로구,북촌로 24,재동초등학교(01812),"정류소(버스,택시 등)",재활용쓰레기,37.5788794,126.985434,11010600.0,가회동,정상 지오코딩
316,종로구,북촌로 24,재동초등학교(01812),"정류소(버스,택시 등)",일반쓰레기,37.5788794,126.985434,11010600.0,가회동,정상 지오코딩
317,종로구,돈화문로 66,"종로1,2,3,4가동주민센터(01557)","정류소(버스,택시 등)",재활용쓰레기,37.5744232,126.9911955,11010610.0,종로1·2·3·4가동,정상 지오코딩
318,종로구,돈화문로 66,"종로1,2,3,4가동주민센터(01557)","정류소(버스,택시 등)",일반쓰레기,37.5744232,126.9911955,11010610.0,종로1·2·3·4가동,정상 지오코딩
319,종로구,율곡로 39,"안국역,서울공예박물관(01131)","정류소(버스,택시 등)",재활용쓰레기,37.576043,126.9838274,11010540.0,삼청동,정상 지오코딩
320,종로구,율곡로 39,"안국역,서울공예박물관(01131)","정류소(버스,택시 등)",일반쓰레기,37.576043,126.9838274,11010540.0,삼청동,정상 지오코딩
321,종로구,삼일대로 440,종로사우나(01790),"정류소(버스,택시 등)",재활용쓰레기,37.573965,126.9877603,11010610.0,종로1·2·3·4가동,정상 지오코딩
322,종로구,삼일대로 440,종로사우나(01790),"정류소(버스,택시 등)",일반쓰레기,37.573965,126.9877603,11010610.0,종로1·2·3·4가동,정상 지오코딩
323,종로구,송현동 48-9,덕성여중고(01130),"정류소(버스,택시 등)",재활용쓰레기,37.5766601,126.9814007,11010540.0,삼청동,정상 지오코딩
324,종로구,송현동 48-9,덕성여중고(01130),"정류소(버스,택시 등)",일반쓰레기,37.5766601,126.9814007,11010540.0,삼청동,정상 지오코딩
325,종로구,율곡로 195,이화동(이화장)(01223),"정류소(버스,택시 등)",재활용쓰레기,37.5761907,127.0004373,11010640.0,이화동,정상 지오코딩
326,종로구,율곡로 195,이화동(이화장)(01223),"정류소(버스,택시 등)",일반쓰레기,37.5761907,127.0004373,11010640.0,이화동,정상 지오코딩
327,종로구,삼청로 10,법련사(01720),"정류소(버스,택시 등)",재활용쓰레기,37.5767997,126.9800756,11010540.0,삼청동,정상 지오코딩
328,종로구,삼청로 10,법련사(01720),"정류소(버스,택시 등)",일반쓰레기,37.5767997,126.9800756,11010540.0,삼청동,정상 지오코딩
329,종로구,세종로 1-61,경복궁.국립민속박물관(01906),"정류소(버스,택시 등)",재활용쓰레기,37.5801091,126.9798423,11010720.0,청운효자동,정상 지오코딩
330,종로구,세종로 1-61,경복궁.국립민속박물관(01906),"정류소(버스,택시 등)",일반쓰레기,37.5801091,126.9798423,11010720.0,청운효자동,정상 지오코딩
331,종로구,삼청로 50,정독도서관(01728),"정류소(버스,택시 등)",재활용쓰레기,37.5804655,126.9803168,11010540.0,삼청동,정상 지오코딩
332,종로구,삼청로 50,정독도서관(01728),"정류소(버스,택시 등)",일반쓰레기,37.5804655,126.9803168,11010540.0,삼청동,정상 지오코딩
333,종로구,삼청로 71,삼청파출소(01529),"정류소(버스,택시 등)",재활용쓰레기,37.5819462,126.9810823,11010540.0,삼청동,정상 지오코딩
334,종로구,삼청로 71,삼청파출소(01529),"정류소(버스,택시 등)",일반쓰레기,37.5819462,126.9810823,11010540.0,삼청동,정상 지오코딩
335,종로구,대학로 156,"혜화역,동성중고(01229)","정류소(버스,택시 등)",재활용쓰레기,37.58497,127.0030976,11010730.0,혜화동,정상 지오코딩
336,종로구,대학로 156,"혜화역,동성중고(01229)","정류소(버스,택시 등)",일반쓰레기,37.58497,127.0030976,11010730.0,혜화동,정상 지오코딩
337,종로구,창경궁로35길 1,혜화동로터리(01841),"정류소(버스,택시 등)",재활용쓰레기,37.5860654,127.0010786,11010730.0,혜화동,정상 지오코딩
338,종로구,창경궁로35길 1,혜화동로터리(01841),"정류소(버스,택시 등)",일반쓰레기,37.5860654,127.0010786,11010730.0,혜화동,정상 지오코딩
339,종로구,대학로 103-2,"혜화역3번출구, 서울대병원입구(01221)","정류소(버스,택시 등)",재활용쓰레기,37.5804074,127.0019555,11010640.0,이화동,정상 지오코딩
340,종로구,대학로 103-2,"혜화역3번출구, 서울대병원입구(01221)","정류소(버스,택시 등)",일반쓰레기,37.5804074,127.0019555,11010640.0,이화동,정상 지오코딩
341,종로구,대학로 4,"종로5가역,중부교육지원청(01725)","정류소(버스,택시 등)",재활용쓰레기,37.5714001,127.0021431,11010630.0,종로5·6가동,정상 지오코딩
342,종로구,대학로 4,"종로5가역,중부교육지원청(01725)","정류소(버스,택시 등)",일반쓰레기,37.5714001,127.0021431,11010630.0,종로5·6가동,정상 지오코딩
343,종로구,율곡로 217,이화동(이화장)(01277),"정류소(버스,택시 등)",재활용쓰레기,37.5763428,127.0029501,11010640.0,이화동,정상 지오코딩
344,종로구,율곡로 217,이화동(이화장)(01277),"정류소(버스,택시 등)",일반쓰레기,37.5763428,127.0029501,11010640.0,이화동,정상 지오코딩
345,종로구,지봉로 96-2,"숭인1동주민센터,창신역4번출구(01239)","정류소(버스,택시 등)",재활용쓰레기,37.5785738,127.0155949,11010700.0,숭인1동,정상 지오코딩
346,종로구,지봉로 96-2,"숭인1동주민센터,창신역4번출구(01239)","정류소(버스,택시 등)",일반쓰레기,37.5785738,127.0155949,11010700.0,숭인1동,정상 지오코딩
347,종로구,종로 347,"동묘앞역,롯데캐슬천지인(01240)","정류소(버스,택시 등)",재활용쓰레기,37.5740563,127.016,11010700.0,숭인1동,정상 지오코딩
348,종로구,종로 347,"동묘앞역,롯데캐슬천지인(01240)","정류소(버스,택시 등)",일반쓰레기,37.5740563,127.016,11010700.0,숭인1동,정상 지오코딩
349,종로구,지봉로 19,동묘앞역6번출구(01235),"정류소(버스,택시 등)",재활용쓰레기,37.5717393,127.0152017,11010670.0,창신1동,정상 지오코딩
350,종로구,지봉로 19,동묘앞역6번출구(01235),"정류소(버스,택시 등)",일반쓰레기,37.5717393,127.0152017,11010670.0,창신1동,정상 지오코딩
351,종로구,지봉로 22,동묘앞역5번출구(01236),"정류소(버스,택시 등)",재활용쓰레기,37.5719809,127.0160051,11010710.0,숭인2동,정상 지오코딩
352,종로구,지봉로 22,동묘앞역5번출구(01236),"정류소(버스,택시 등)",일반쓰레기,37.5719809,127.0160051,11010710.0,숭인2동,정상 지오코딩
353,종로구,숭인동 200-16,숭인동(01262),"정류소(버스,택시 등)",재활용쓰레기,37.5742088,127.0208737,11010710.0,숭인2동,정상 지오코딩
354,종로구,숭인동 200-16,숭인동(01262),"정류소(버스,택시 등)",일반쓰레기,37.5742088,127.0208737,11010710.0,숭인2동,정상 지오코딩
355,종로구,돈화문로11길 9,세븐일레븐 앞,상가지역,일반쓰레기,37.5724086,126.9908287,11010610.0,종로1·2·3·4가동,정상 지오코딩
356,종로구,돈화문로11길 9,세븐일레븐 앞,상가지역,재활용쓰레기,37.5724086,126.9908287,11010610.0,종로1·2·3·4가동,정상 지오코딩
357,중구,소공동,"서대문역, 농협중앙회 버스정류장 02-281",버스정류장,일반쓰레기,37.5638998,126.979794,11020520.0,소공동,정상 지오코딩
358,중구,소공동,"서대문역, 농협중앙회 버스정류장 02-281",버스정류장,재활용쓰레기,37.5638998,126.979794,11020520.0,소공동,정상 지오코딩
359,중구,소공동,서소문로 120(서소문 버스정류장 02-133),버스정류장,일반쓰레기,37.5638998,126.979794,11020520.0,소공동,정상 지오코딩
360,중구,소공동,서소문로 120(서소문 버스정류장 02-133),버스정류장,재활용쓰레기,37.5638998,126.979794,11020520.0,소공동,정상 지오코딩
361,중구,소공동,서소문로 125(서소문청사 버스정류장 02-135),버스정류장,일반쓰레기,37.5638998,126.979794,11020520.0,소공동,정상 지오코딩
362,중구,소공동,서소문로 125(서소문청사 버스정류장 02-135),버스정류장,재활용쓰레기,37.5638998,126.979794,11020520.0,소공동,정상 지오코딩
363,중구,소공동,"시청역 11번출구 , 서소문파출소 앞(서소문로 131-1)",지하철입구,일반쓰레기,37.5638998,126.979794,11020520.0,소공동,정상 지오코딩
364,중구,소공동,"시청역 11번출구 , 서소문파출소 앞(서소문로 131-1)",지하철입구,재활용쓰레기,37.5638998,126.979794,11020520.0,소공동,정상 지오코딩
365,중구,중림동,손기정체육공원입구 버스정류장 02-102 (새마을금고 앞),버스정류장,일반쓰레기,37.5591682,126.9661821,11020680.0,중림동,정상 지오코딩
366,중구,중림동,손기정체육공원입구 버스정류장 02-102 (새마을금고 앞),버스정류장,재활용쓰레기,37.5591682,126.9661821,11020680.0,중림동,정상 지오코딩
367,중구,중림동,종근당 충정로역 버스정류장 02-107 (서소문로 24-2 앞),버스정류장,일반쓰레기,37.5591682,126.9661821,11020680.0,중림동,정상 지오코딩
368,중구,중림동,종근당 충정로역 버스정류장 02-107 (서소문로 24-2 앞),버스정류장,재활용쓰레기,37.5591682,126.9661821,11020680.0,중림동,정상 지오코딩
369,중구,중림동,"한국경제신문사, 서소문역사공원 02-108(청파로 459)",버스정류장,일반쓰레기,37.5591682,126.9661821,11020680.0,중림동,정상 지오코딩
370,중구,중림동,"한국경제신문사, 서소문역사공원 02-108(청파로 459)",버스정류장,재활용쓰레기,37.5591682,126.9661821,11020680.0,중림동,정상 지오코딩
371,중구,회현동,남대문시장 버스정류장 02-126 옆,버스정류장,일반쓰레기,37.5572756,126.9793703,11020540.0,회현동,정상 지오코딩
372,중구,회현동,남대문시장 버스정류장 02-126 옆,버스정류장,재활용쓰레기,37.5572756,126.9793703,11020540.0,회현동,정상 지오코딩
373,중구,회현동,"남대문시장, 이회영활동터 버스정류장 02-219",버스정류장,일반쓰레기,37.5572756,126.9793703,11020540.0,회현동,정상 지오코딩
374,중구,회현동,"남대문시장, 이회영활동터 버스정류장 02-219",버스정류장,재활용쓰레기,37.5572756,126.9793703,11020540.0,회현동,정상 지오코딩
375,중구,회현동,"남대문시장, 회현역 버스정류장 02-145",버스정류장,일반쓰레기,37.5572756,126.9793703,11020540.0,회현동,정상 지오코딩
376,중구,회현동,"남대문시장, 회현역 버스정류장 02-145",버스정류장,재활용쓰레기,37.5572756,126.9793703,11020540.0,회현동,정상 지오코딩
377,중구,회현동,퇴계로 48 CU편의점 옆 횡단보도,횡단보도,일반쓰레기,37.5572756,126.9793703,11020540.0,회현동,정상 지오코딩
378,중구,회현동,퇴계로 48 CU편의점 옆 횡단보도,횡단보도,재활용쓰레기,37.5572756,126.9793703,11020540.0,회현동,정상 지오코딩
379,중구,회현동,세종대로5길 18 보원빌딩 앞 소공원,다중이용시설,일반쓰레기,37.5572756,126.9793703,11020540.0,회현동,정상 지오코딩
380,중구,회현동,세종대로5길 18 보원빌딩 앞 소공원,다중이용시설,재활용쓰레기,37.5572756,126.9793703,11020540.0,회현동,정상 지오코딩
381,중구,회현동,세종대로5길 18 보원빌딩 앞 소공원,다중이용시설,재활용쓰레기,37.5572756,126.9793703,11020540.0,회현동,정상 지오코딩
382,중구,회현동,세종대로5길 18 보원빌딩 앞 소공원,다중이용시설,재활용쓰레기,37.5572756,126.9793703,11020540.0,회현동,정상 지오코딩
383,중구,명동,국가인권위. 안중근활동터 버스정류장 02-002,버스정류장,일반쓰레기,37.5583576,126.9852416,11020550.0,명동,정상 지오코딩
384,중구,명동,국가인권위. 안중근활동터 버스정류장 02-002,버스정류장,일반쓰레기,37.5583576,126.9852416,11020550.0,명동,정상 지오코딩
385,중구,명동,국가인권위. 안중근활동터 버스정류장 02-002,버스정류장,일반쓰레기,37.5583576,126.9852416,11020550.0,명동,정상 지오코딩
386,중구,명동,남대문로 84(명동입구 버스정류장 02-253),버스정류장,일반쓰레기,37.5583576,126.9852416,11020550.0,명동,정상 지오코딩
387,중구,명동,남대문로 84(명동입구 버스정류장 02-253),버스정류장,재활용쓰레기,37.5583576,126.9852416,11020550.0,명동,정상 지오코딩
388,중구,명동,남대문세무서 버스정류장 02-001,버스정류장,일반쓰레기,37.5583576,126.9852416,11020550.0,명동,정상 지오코딩
389,중구,명동,남대문세무서 버스정류장 02-001,버스정류장,일반쓰레기,37.5583576,126.9852416,11020550.0,명동,정상 지오코딩
390,중구,명동,다이소 명동역점 앞(퇴계로 134-1),가로변,일반쓰레기,37.5583576,126.9852416,11020550.0,명동,정상 지오코딩
391,중구,명동,다이소 명동역점 앞(퇴계로 134-1),가로변,재활용쓰레기,37.5583576,126.9852416,11020550.0,명동,정상 지오코딩
392,중구,명동,명동 성당 앞(명동길 79),가로변,일반쓰레기,37.5583576,126.9852416,11020550.0,명동,정상 지오코딩
393,중구,명동,명동 성당 앞(명동길 79),가로변,재활용쓰레기,37.5583576,126.9852416,11020550.0,명동,정상 지오코딩
394,중구,명동,명동9길 23 (세븐일레븐 앞 소공원),다중이용시설,일반쓰레기,37.5583576,126.9852416,11020550.0,명동,정상 지오코딩
395,중구,명동,명동8가길 17 나인트리 호텔 앞,가로변,일반쓰레기,37.5583576,126.9852416,11020550.0,명동,정상 지오코딩
396,중구,명동,명동8가길 17 나인트리 호텔 앞,가로변,재활용쓰레기,37.5583576,126.9852416,11020550.0,명동,정상 지오코딩
397,중구,명동,명동9길 23 (세븐일레븐 앞 소공원),다중이용시설,재활용쓰레기,37.5583576,126.9852416,11020550.0,명동,정상 지오코딩
398,중구,명동,명동역 6번출구 앞(퇴계로 115),지하철입구,일반쓰레기,37.5583576,126.9852416,11020550.0,명동,정상 지오코딩
399,중구,명동,명동역 6번출구 앞(퇴계로 115),지하철입구,일반쓰레기,37.5583576,126.9852416,11020550.0,명동,정상 지오코딩
400,중구,명동,명동역 6번출구 앞(퇴계로 115),지하철입구,재활용쓰레기,37.5583576,126.9852416,11020550.0,명동,정상 지오코딩
401,중구,명동,명동역 6번출구 앞(퇴계로 115),지하철입구,재활용쓰레기,37.5583576,126.9852416,11020550.0,명동,정상 지오코딩
402,중구,명동,"명동역, 세종호텔 버스정류장 02-669(퇴계로 131 국민은행 앞)",버스정류장,일반쓰레기,37.5583576,126.9852416,11020550.0,명동,정상 지오코딩
403,중구,명동,"명동역, 세종호텔 버스정류장 02-669(퇴계로 131 국민은행 앞)",버스정류장,재활용쓰레기,37.5583576,126.9852416,11020550.0,명동,정상 지오코딩
404,중구,명동,명동입구 관광경찰초소,가로변,일반쓰레기,37.5583576,126.9852416,11020550.0,명동,정상 지오코딩
405,중구,명동,명동입구 관광경찰초소,가로변,일반쓰레기,37.5583576,126.9852416,11020550.0,명동,정상 지오코딩
406,중구,명동,명동입구 관광경찰초소,가로변,재활용쓰레기,37.5583576,126.9852416,11020550.0,명동,정상 지오코딩
407,중구,명동,명동입구 관광경찰초소,가로변,재활용쓰레기,37.5583576,126.9852416,11020550.0,명동,정상 지오코딩
408,중구,명동,우리은행종로지점 버스정류장 02-139 (남대문로 120),버스정류장,일반쓰레기,37.5583576,126.9852416,11020550.0,명동,정상 지오코딩
409,중구,명동,명동역 4번출구 버스정류장 02-149,버스정류장,일반쓰레기,37.5583576,126.9852416,11020550.0,명동,정상 지오코딩
410,중구,명동,명동역 4번출구 버스정류장 02-149,버스정류장,재활용쓰레기,37.5583576,126.9852416,11020550.0,명동,정상 지오코딩
411,중구,명동,우리은행종로지점 버스정류장 02-139 (남대문로 120),버스정류장,재활용쓰레기,37.5583576,126.9852416,11020550.0,명동,정상 지오코딩
412,중구,명동,"을지로2가, 파인에비뉴 앞 버스정류장 02-159",버스정류장,일반쓰레기,37.5583576,126.9852416,11020550.0,명동,정상 지오코딩
413,중구,명동,"을지로2가, 파인에비뉴 앞 버스정류장 02-159",버스정류장,재활용쓰레기,37.5583576,126.9852416,11020550.0,명동,정상 지오코딩
414,중구,명동,을지로입구.로얄호텔 버스정류장 02-156,버스정류장,일반쓰레기,37.5583576,126.9852416,11020550.0,명동,정상 지오코딩
415,중구,명동,을지로입구.로얄호텔 버스정류장 02-156,버스정류장,재활용쓰레기,37.5583576,126.9852416,11020550.0,명동,정상 지오코딩
416,중구,명동,을지로입구역 1-1번출구 앞,지하철입구,일반쓰레기,37.5583576,126.9852416,11020550.0,명동,정상 지오코딩
417,중구,명동,을지로입구역 1-1번출구 앞,지하철입구,재활용쓰레기,37.5583576,126.9852416,11020550.0,명동,정상 지오코딩
418,중구,소공동,롯데영프라자(한진빌딩)앞 버스정류장 02-141,버스정류장,일반쓰레기,37.5638998,126.979794,11020520.0,소공동,정상 지오코딩
419,중구,소공동,롯데영프라자(한진빌딩)앞 버스정류장 02-141,버스정류장,재활용쓰레기,37.5638998,126.979794,11020520.0,소공동,정상 지오코딩
420,중구,소공동,"북창동, 남대문시장 버스정류장 02-127(남대문로 21-1 앞)",버스정류장,일반쓰레기,37.5638998,126.979794,11020520.0,소공동,정상 지오코딩
421,중구,소공동,"북창동, 남대문시장 버스정류장 02-127(남대문로 21-1 앞)",버스정류장,재활용쓰레기,37.5638998,126.979794,11020520.0,소공동,정상 지오코딩
422,중구,소공동,세종대로 68(시청 앞 버스정류장 02-128),버스정류장,일반쓰레기,37.5638998,126.979794,11020520.0,소공동,정상 지오코딩
423,중구,소공동,세종대로 68(시청 앞 버스정류장 02-128),버스정류장,재활용쓰레기,37.5638998,126.979794,11020520.0,소공동,정상 지오코딩
424,중구,소공동,소공로 116(서울 광장 버스정류장 02-641),버스정류장,일반쓰레기,37.5638998,126.979794,11020520.0,소공동,정상 지오코딩
425,중구,소공동,소공로 116(서울 광장 버스정류장 02-641),버스정류장,재활용쓰레기,37.5638998,126.979794,11020520.0,소공동,정상 지오코딩
426,중구,소공동,"한국은행, 신세계 앞 버스정류장 02-278",버스정류장,일반쓰레기,37.5638998,126.979794,11020520.0,소공동,정상 지오코딩
427,중구,소공동,"한국은행, 신세계 앞 버스정류장 02-278",버스정류장,재활용쓰레기,37.5638998,126.979794,11020520.0,소공동,정상 지오코딩
428,중구,을지로동,을지로3가 버스정류장 02-161(을지로 120 앞),버스정류장,일반쓰레기,37.5665933,126.9910625,11020600.0,을지로동,정상 지오코딩
429,중구,을지로동,을지로3가 버스정류장 02-161(을지로 120 앞),버스정류장,재활용쓰레기,37.5665933,126.9910625,11020600.0,을지로동,정상 지오코딩
430,중구,필동,충무파출소-GS25 앞(퇴계로 180),가로변,일반쓰레기,37.5601641,126.9955995,11020570.0,필동,정상 지오코딩
431,중구,필동,충무파출소-GS25 앞(퇴계로 180),가로변,재활용쓰레기,37.5601641,126.9955995,11020570.0,필동,정상 지오코딩
432,중구,필동,"퇴계로3가, 한옥마을, 버스정류장 02-151(퇴계로 181-1 앞)",버스정류장,일반쓰레기,37.5601641,126.9955995,11020570.0,필동,정상 지오코딩
433,중구,필동,"퇴계로3가, 한옥마을, 버스정류장 02-151(퇴계로 181-1 앞)",버스정류장,재활용쓰레기,37.5601641,126.9955995,11020570.0,필동,정상 지오코딩
434,중구,광희동,"DDP 서울시티투어버스 버스정류장 02-920(방산, 중부시장 방면)",버스정류장,일반쓰레기,37.5644312,127.0050527,11020590.0,광희동,정상 지오코딩
435,중구,광희동,"DDP 서울시티투어버스 버스정류장 02-920(방산, 중부시장 방면)",버스정류장,일반쓰레기,37.5644312,127.0050527,11020590.0,광희동,정상 지오코딩
436,중구,광희동,"DDP 서울시티투어버스 버스정류장 02-920(방산, 중부시장 방면)",버스정류장,재활용쓰레기,37.5644312,127.0050527,11020590.0,광희동,정상 지오코딩
437,중구,광희동,"DDP 서울시티투어버스 버스정류장 02-920(방산, 중부시장 방면)",버스정류장,재활용쓰레기,37.5644312,127.0050527,11020590.0,광희동,정상 지오코딩
438,중구,광희동,광희동 버스정류장 02-171,버스정류장,일반쓰레기,37.5644312,127.0050527,11020590.0,광희동,정상 지오코딩
439,중구,광희동,광희동 버스정류장 02-171,버스정류장,재활용쓰레기,37.5644312,127.0050527,11020590.0,광희동,정상 지오코딩
440,중구,광희동,"광희문, 광희동사거리 버스정류장 02-274",버스정류장,일반쓰레기,37.5644312,127.0050527,11020590.0,광희동,정상 지오코딩
441,중구,광희동,"광희문, 광희동사거리 버스정류장 02-274",버스정류장,재활용쓰레기,37.5644312,127.0050527,11020590.0,광희동,정상 지오코딩
442,중구,광희동,"광희문, 광희동사거리 버스정류장 02-275(퇴계로 344)",버스정류장,일반쓰레기,37.5644312,127.0050527,11020590.0,광희동,정상 지오코딩
443,중구,광희동,"광희문, 광희동사거리 버스정류장 02-275(퇴계로 344)",버스정류장,재활용쓰레기,37.5644312,127.0050527,11020590.0,광희동,정상 지오코딩
444,중구,광희동,동대문역사공원역 3번출구 앞,지하철입구,일반쓰레기,37.5644312,127.0050527,11020590.0,광희동,정상 지오코딩
445,중구,광희동,동대문역사공원역 3번출구 앞,지하철입구,재활용쓰레기,37.5644312,127.0050527,11020590.0,광희동,정상 지오코딩
446,중구,다산동,"남산 국립극장, 반얀트리 호텔 버스정류장 02-210",버스정류장,일반쓰레기,37.5543182,127.0083023,11020700.0,다산동,정상 지오코딩
447,중구,다산동,"남산 국립극장, 반얀트리 호텔 버스정류장 02-210",버스정류장,재활용쓰레기,37.5543182,127.0083023,11020700.0,다산동,정상 지오코딩
448,중구,다산동,신당동 청구역 버스정류장 02-190(다산로 175 앞),버스정류장,일반쓰레기,37.5543182,127.0083023,11020700.0,다산동,정상 지오코딩
449,중구,다산동,신당동 청구역 버스정류장 02-190(다산로 175 앞),버스정류장,재활용쓰레기,37.5543182,127.0083023,11020700.0,다산동,정상 지오코딩
450,중구,다산동,약수역 8번출구 버스정류장 02-195,버스정류장,일반쓰레기,37.5543182,127.0083023,11020700.0,다산동,정상 지오코딩
451,중구,다산동,약수역 8번출구 버스정류장 02-195,버스정류장,재활용쓰레기,37.5543182,127.0083023,11020700.0,다산동,정상 지오코딩
452,중구,다산동,약수역2번출구 버스정류장 02-191,버스정류장,일반쓰레기,37.5543182,127.0083023,11020700.0,다산동,정상 지오코딩
453,중구,다산동,약수역2번출구 버스정류장 02-191,버스정류장,재활용쓰레기,37.5543182,127.0083023,11020700.0,다산동,정상 지오코딩
454,중구,동화동,신당동 떡볶이타운 버스정류장 02-188 (다산로 218),버스정류장,일반쓰레기,37.559986,127.0194308,11020730.0,동화동,정상 지오코딩
455,중구,동화동,신당동 떡볶이타운 버스정류장 02-188 (다산로 218),버스정류장,재활용쓰레기,37.559986,127.0194308,11020730.0,동화동,정상 지오코딩
456,중구,신당동,"충무아트센터, 스포츠센터, 중부소방서 버스정류장 02-177",버스정류장,일반쓰레기,37.5620157,127.0144422,11020690.0,신당동,정상 지오코딩
457,중구,신당동,"충무아트센터, 스포츠센터, 중부소방서 버스정류장 02-177",버스정류장,재활용쓰레기,37.5620157,127.0144422,11020690.0,신당동,정상 지오코딩
458,중구,신당동,퇴계로 388 서브웨이 앞,가로변,일반쓰레기,37.5620157,127.0144422,11020690.0,신당동,정상 지오코딩
459,중구,신당동,퇴계로 388 서브웨이 앞,가로변,재활용쓰레기,37.5620157,127.0144422,11020690.0,신당동,정상 지오코딩
460,중구,약수동,"약수역 7번출구, 약수동 주민센터 버스정류장 02-196",버스정류장,일반쓰레기,37.5524333,127.0090037,11020710.0,약수동,정상 지오코딩
461,중구,약수동,"약수역 7번출구, 약수동 주민센터 버스정류장 02-196",버스정류장,재활용쓰레기,37.5524333,127.0090037,11020710.0,약수동,정상 지오코딩
462,중구,청구동,신당동 청구역 버스정류장 02-189(다산로 176-1 앞),버스정류장,일반쓰레기,37.5570314,127.0147174,11020720.0,청구동,정상 지오코딩
463,중구,청구동,신당동 청구역 버스정류장 02-189(다산로 176-1 앞),버스정류장,재활용쓰레기,37.5570314,127.0147174,11020720.0,청구동,정상 지오코딩
464,중구,황학동,황학동 롯데캐슬 버스정류장 02-273,버스정류장,일반쓰레기,37.5674999,127.0214158,11020670.0,황학동,정상 지오코딩
465,중구,황학동,황학동 롯데캐슬 버스정류장 02-273,버스정류장,재활용쓰레기,37.5674999,127.0214158,11020670.0,황학동,정상 지오코딩
466,중구,광희동,장충단로 253(동대문역사문화공원역 버스정류장 02-173),버스정류장,일반쓰레기,37.5644312,127.0050527,11020590.0,광희동,정상 지오코딩
467,중구,광희동,장충단로 253(동대문역사문화공원역 버스정류장 02-173),버스정류장,재활용쓰레기,37.5644312,127.0050527,11020590.0,광희동,정상 지오코딩
468,중구,광희동,동대문역사공원역 8번출구 버스정류장 02-170,버스정류장,일반쓰레기,37.5644312,127.0050527,11020590.0,광희동,정상 지오코딩
469,중구,광희동,동대문역사공원역 8번출구 버스정류장 02-170,버스정류장,재활용쓰레기,37.5644312,127.0050527,11020590.0,광희동,정상 지오코딩
470,중구,광희동,을지로6가 국립중앙의료원 버스정류장 02-172,버스정류장,일반쓰레기,37.5644312,127.0050527,11020590.0,광희동,정상 지오코딩
471,중구,광희동,을지로6가 국립중앙의료원 버스정류장 02-172,버스정류장,재활용쓰레기,37.5644312,127.0050527,11020590.0,광희동,정상 지오코딩
472,중구,광희동,퇴계로6가 버스정류장 02-205,버스정류장,일반쓰레기,37.5644312,127.0050527,11020590.0,광희동,정상 지오코딩
473,중구,광희동,퇴계로6가 버스정류장 02-205,버스정류장,재활용쓰레기,37.5644312,127.0050527,11020590.0,광희동,정상 지오코딩
474,중구,광희동,퇴계로6가 버스정류장 02-206(CJ제일제당사옥 앞),버스정류장,일반쓰레기,37.5644312,127.0050527,11020590.0,광희동,정상 지오코딩
475,중구,광희동,퇴계로6가 버스정류장 02-206(CJ제일제당사옥 앞),버스정류장,재활용쓰레기,37.5644312,127.0050527,11020590.0,광희동,정상 지오코딩
476,중구,을지로동,"방산시장, 훈련원종합체육관 버스정류장 02-167(동호로 376 앞)",버스정류장,일반쓰레기,37.5665933,126.9910625,11020600.0,을지로동,정상 지오코딩
477,중구,을지로동,"방산시장, 훈련원종합체육관 버스정류장 02-167(동호로 376 앞)",버스정류장,재활용쓰레기,37.5665933,126.9910625,11020600.0,을지로동,정상 지오코딩
478,중구,을지로동,을지로 4가역 버스정류장 02-163,버스정류장,일반쓰레기,37.5665933,126.9910625,11020600.0,을지로동,정상 지오코딩
479,중구,을지로동,을지로 4가역 버스정류장 02-163,버스정류장,재활용쓰레기,37.5665933,126.9910625,11020600.0,을지로동,정상 지오코딩
480,중구,을지로동,을지로 대림상가 앞(을지로159 대림세라믹 앞),가로변,일반쓰레기,37.5665933,126.9910625,11020600.0,을지로동,정상 지오코딩
481,중구,을지로동,을지로 대림상가 앞(을지로159 대림세라믹 앞),가로변,재활용쓰레기,37.5665933,126.9910625,11020600.0,을지로동,정상 지오코딩
482,중구,을지로동,을지로3가역 2번출구 버스정류장 02-160,버스정류장,일반쓰레기,37.5665933,126.9910625,11020600.0,을지로동,정상 지오코딩
483,중구,을지로동,을지로3가역 2번출구 버스정류장 02-160,버스정류장,재활용쓰레기,37.5665933,126.9910625,11020600.0,을지로동,정상 지오코딩
484,중구,을지로동,"을지로5가, 중부시장 버스정류장 02-166",버스정류장,일반쓰레기,37.5665933,126.9910625,11020600.0,을지로동,정상 지오코딩
485,중구,을지로동,"을지로5가, 중부시장 버스정류장 02-166",버스정류장,재활용쓰레기,37.5665933,126.9910625,11020600.0,을지로동,정상 지오코딩
486,중구,을지로동,"을지로6가, 국립중앙의료원 버스정류장 02-169",버스정류장,일반쓰레기,37.5665933,126.9910625,11020600.0,을지로동,정상 지오코딩
487,중구,을지로동,"을지로6가, 국립중앙의료원 버스정류장 02-169",버스정류장,재활용쓰레기,37.5665933,126.9910625,11020600.0,을지로동,정상 지오코딩
488,중구,장충동,"장충동, 동국대입구 버스정류장 02-204 (장충단로 175 앞)",버스정류장,일반쓰레기,37.5619118,127.0078594,11020580.0,장충동,정상 지오코딩
489,중구,장충동,"장충동, 동국대입구 버스정류장 02-204 (장충단로 175 앞)",버스정류장,재활용쓰레기,37.5619118,127.0078594,11020580.0,장충동,정상 지오코딩
490,중구,필동,필동로 19 가온교회 앞 화단 쪽 ,가로변,일반쓰레기,37.5601641,126.9955995,11020570.0,필동,정상 지오코딩
491,중구,필동,필동로 19 가온교회 앞 화단 쪽 ,가로변,재활용쓰레기,37.5601641,126.9955995,11020570.0,필동,정상 지오코딩
492,중구,필동,"충무로역 2번출구, 대한극장 앞 버스정류장 02-153",버스정류장,일반쓰레기,37.5601641,126.9955995,11020570.0,필동,정상 지오코딩
493,중구,필동,"충무로역 2번출구, 대한극장 앞 버스정류장 02-153",버스정류장,재활용쓰레기,37.5601641,126.9955995,11020570.0,필동,정상 지오코딩
494,용산구,원효로4가 118-16,산호아파트앞 삼거리 횡단보도 버스정류장(03-299),정류소(버스 가로변),일반쓰레기,37.5327156,126.9503807,11030570.0,원효로2동,정상 지오코딩
495,용산구,원효로4가 114-36,원효로4가 현대자동차써비스(원효로3가방면) 버스정류장(03-301) ,정류소(버스 가로변),일반쓰레기,37.5321281,126.9529392,11030570.0,원효로2동,정상 지오코딩
496,용산구,원효로3가 250-10,목월공원 앞,도로변(횡단보도 포함),일반쓰레기,37.5324099,126.9546819,11030570.0,원효로2동,정상 지오코딩
497,용산구,원효로3가 56-1,원효로 3가 시범아파트 버스정류장(03-146),정류소(버스 가로변),일반쓰레기,37.5340812,126.9581928,11030570.0,원효로2동,정상 지오코딩
498,용산구,원효로1가 45-1,유닉스빌딩앞 버스정류장(03-140) ,정류소(버스 가로변),일반쓰레기,37.5398769,126.9690097,11030720.0,원효로1동,정상 지오코딩
499,용산구,원효로2가 94-2,원효아파트 앞 횡단보도,도로변(횡단보도 포함),일반쓰레기,37.5350245,126.9615768,11030720.0,원효로1동,정상 지오코딩
500,용산구,원효로2가 84-10,열린 동물병원 앞,도로변(횡단보도 포함),일반쓰레기,37.5356256,126.9617531,11030720.0,원효로1동,정상 지오코딩
501,용산구,원효로1가 25-11,우체국 앞,도로변(횡단보도 포함),일반쓰레기,37.538318,126.9665753,11030720.0,원효로1동,정상 지오코딩
502,용산구,원효로1가 39-6,용산경찰서 입구(GS25 편의점앞) ,도로변(횡단보도 포함),일반쓰레기,37.5404103,126.968929,11030720.0,원효로1동,정상 지오코딩
503,용산구,청파동3가 80-7,선린인터넷고등학교 입구( CU편의점앞 ),도로변(횡단보도 포함),일반쓰레기,37.5417666,126.9704029,11030710.0,청파동,정상 지오코딩
504,용산구,원효로2가 1-38,(구)용산구청 보건분소앞 사거리(해오름공인중개사),도로변(횡단보도 포함),일반쓰레기,37.5377321,126.9663545,11030720.0,원효로1동,정상 지오코딩
505,용산구,서계동 224-32,소화아동병원앞(택시정류장),정류소(버스 가로변),일반쓰레기,37.55378,126.9686581,11030710.0,청파동,정상 지오코딩
506,용산구,청파동1가 154-10,청파동(서계동방면) 버스정류장(03-126),정류소(버스 가로변),일반쓰레기,37.5489293,126.9702575,11030710.0,청파동,정상 지오코딩
507,용산구,청파동2가 90-2,"숙대입구역,청파동주민센터버스정류장(13-129) 뚜레주르 앞",정류소(버스 가로변),일반쓰레기,37.5451015,126.970295,11030710.0,청파동,정상 지오코딩
508,용산구,청파동2가 120-33,숙대입구역? 청파동주민센터버스정류장(03-128) ,정류소(버스 가로변),일반쓰레기,37.5455749,126.9708169,11030710.0,청파동,정상 지오코딩
509,용산구,갈월동 51-19,갈월동종합사회복지관 택시정류장,정류소(버스 가로변),일반쓰레기,37.5458198,126.9748112,11030530.0,남영동,정상 지오코딩
510,용산구,용산동1가 1-1,용산고등학교 앞 사거리( 구두 수선앞),도로변(횡단보도 포함),일반쓰레기,37.5458186,126.9783879,11030530.0,남영동,정상 지오코딩
511,용산구,후암동 251-16,스마일치과의원 건너편 버스정류장(03-203),정류소(버스 가로변),일반쓰레기,37.5466303,126.9784499,11030510.0,후암동,정상 지오코딩
512,용산구,후암동 244-4,SC제일은행앞 버스정류장(03-201),정류소(버스 가로변),일반쓰레기,37.549964,126.9775828,11030510.0,후암동,정상 지오코딩
513,용산구,후암동 77,후암시장(삼강의원방면) 버스정류장(03-200),정류소(버스 가로변),일반쓰레기,37.5509252,126.9768985,11030510.0,후암동,정상 지오코딩
514,용산구,후암동 100-1,후암삼거리 버스정류장(03-199) 클라라 잡화,정류소(버스 가로변),일반쓰레기,37.552372,126.9765513,11030510.0,후암동,정상 지오코딩
515,용산구,후암동 105-192,진흥빌딩 앞 마을버스정류장(03-577),정류소(버스 가로변),일반쓰레기,37.5483617,126.9776092,11030510.0,후암동,정상 지오코딩
516,용산구,후암동 244-5,진흥빌딩 건너편 그랜드아파트 횡단보도앞,도로변(횡단보도 포함),일반쓰레기,37.5480241,126.9781235,11030510.0,후암동,정상 지오코딩
517,용산구,원효로1가 110-1,원효로1가 선린교차로 현수막 거치대옆(남영지하차도입구),도로변(횡단보도 포함),일반쓰레기,37.541599,126.9709755,11030720.0,원효로1동,정상 지오코딩
518,용산구,한강로3가 13-7,전자상가관광터미널(신용산역3번출구방면) 버스정류장(03-252),정류소(버스 가로변),일반쓰레기,37.5325963,126.9638342,11030730.0,한강로동,정상 지오코딩
519,용산구,한강로3가 16-60,용산전자상가 한동빌딩 세븐일레븐(원효대교북단방면) 버스정류장(03-138),정류소(버스 가로변),일반쓰레기,37.5319837,126.9565288,11030730.0,한강로동,정상 지오코딩
520,용산구,문배동 11-14 남단,삼각지 고가 등기소 건너편 마을버스정류장(03-552),정류소(버스 가로변),일반쓰레기,37.5374935,126.9696583,11030720.0,원효로1동,정상 지오코딩
521,용산구,원효로1가 25-2 남단,"(구)용산구청 보건분소 앞 횡단보도,",도로변(횡단보도 포함),일반쓰레기,37.5385012,126.9663495,11030720.0,원효로1동,정상 지오코딩
522,용산구,효창동 70-11,효창공원역 2번출구 횡단보도(효창동물병원),정류소(버스 가로변),일반쓰레기,37.5393191,126.9618869,11030580.0,효창동,정상 지오코딩
523,용산구,용문동 5-222,효창공원역 3번출구(버스정류장03-180),지하철역 입구,일반쓰레기,37.5388232,126.9625667,11030590.0,용문동,정상 지오코딩
524,용산구,효창동 188-1,푸르지오아파트앞 버스정류장(03-178),정류소(버스 가로변),일반쓰레기,37.5403229,126.9586297,11030580.0,효창동,정상 지오코딩
525,용산구,서계동 233-4,손기정체육공원 버스정류장(03-228),정류소(버스 가로변),일반쓰레기,37.5542923,126.9664772,11030710.0,청파동,정상 지오코딩
526,용산구,이촌동 301-160 남쪽 ,현대아파트 버스정류장(03-223),정류소(버스 가로변),일반쓰레기,37.518592,126.9808379,11030630.0,이촌1동,정상 지오코딩
527,용산구,이촌동 402 남단,강촌아파트 버스정류장(03-221),정류소(버스 가로변),일반쓰레기,37.5192338,126.9774682,11030630.0,이촌1동,정상 지오코딩
528,용산구,이촌동 300-23 북동쪽 모서리,신용산 초등학교 건너편(이상윤동물병원앞) 북동쪽 모서리 상가 앞,도로변(횡단보도 포함),일반쓰레기,37.5193301,126.9750265,11030630.0,이촌1동,정상 지오코딩
529,용산구,이촌동 410 횡단보도,이촌파출소앞 버스정류장(03-217) ,정류소(버스 가로변),일반쓰레기,37.5209229,126.9724251,11030630.0,이촌1동,정상 지오코딩
530,용산구,이촌동 302-51,동부이촌동 국민은행앞,도로변(횡단보도 포함),일반쓰레기,37.5208853,126.9698507,11030630.0,이촌1동,정상 지오코딩
531,용산구,이촌동 399-1 서쪽 끝 횡단보도,"이촌동두산위브아파트앞 버스정류장(03-215,03-733) ",정류소(버스 가로변),일반쓰레기,37.5216752,126.9683634,11030630.0,이촌1동,정상 지오코딩
532,용산구,이촌동 301-155 서쪽방향 횡단보도,두산위브아파트앞 횡단보도,도로변(횡단보도 포함),일반쓰레기,37.5218187,126.9671258,11030630.0,이촌1동,정상 지오코딩
533,용산구,이촌동 300-153 북서쪽 상가 앞,"한강맨션앞 버스정류장(이민재 소아청소년과),  북서쪽 상가 앞",정류소(버스 가로변),일반쓰레기,37.5200454,126.9727904,11030630.0,이촌1동,정상 지오코딩
534,용산구,이촌동 209-5 앞,이촌2동 주민센터(이촌2동대림아파트방면) 버스정류장(03-291),정류소(버스 가로변),일반쓰레기,37.5278036,126.9547329,11030640.0,이촌2동,정상 지오코딩
535,용산구,한강로3가 37-4 앞,이촌2동 주민센터(이촌2동부영주유소방면) 버스정류장(03-290),정류소(버스 가로변),일반쓰레기,37.5276307,126.9551397,11030730.0,한강로동,정상 지오코딩
536,용산구,이촌동 203-5 앞,대림아파트 버스정류장(03-293)(새남터성당입구횡단보도),정류소(버스 가로변),일반쓰레기,37.5261235,126.9560375,11030640.0,이촌2동,정상 지오코딩
537,용산구,이촌동 193-1 앞,강변맨션앞 버스정류장(03-295) ,정류소(버스 가로변),일반쓰레기,37.523423,126.9597164,11030640.0,이촌2동,정상 지오코딩
538,용산구,한강로3가 40-879 앞,동아아파트 건너편 버스정류장(03-294 함흥냉면 앞),정류소(버스 가로변),일반쓰레기,37.5238815,126.9596942,11030730.0,한강로동,정상 지오코딩
539,용산구,한강로3가 65-154 앞,(구)용산중대병원앞 버스정류장(03-259),정류소(버스 가로변),일반쓰레기,37.5251357,126.9658044,11030730.0,한강로동,정상 지오코딩
540,용산구,한강로3가 65-555,용산공업고등학교앞 횡단보도,도로변(횡단보도 포함),일반쓰레기,37.5250372,126.9671432,11030730.0,한강로동,정상 지오코딩
541,용산구,용산동5가 17-12,이촌역 2번출구 ,지하철역 입구,일반쓰레기,37.5221103,126.9757542,11030730.0,한강로동,정상 지오코딩
542,용산구,용산동6가 69-165 앞,온누리교회앞 버스정류장(03-728) ,정류소(버스 가로변),일반쓰레기,37.5187644,126.9851279,11030690.0,서빙고동,정상 지오코딩
543,용산구,한강로3가 65-504,철우아파트 옆 버스정류장(03-261),정류소(버스 가로변),일반쓰레기,37.5237035,126.9693561,11030730.0,한강로동,정상 지오코딩
544,용산구,용산동6가 11-371 서쪽 끝,국립중앙박물관 정문앞 횡단보도,도로변(횡단보도 포함),일반쓰레기,37.5212126,126.9784766,11030690.0,서빙고동,정상 지오코딩
545,용산구,용산동6가 11-426 남쪽 끝,국립중앙박물관 버스정류장(가족공원쪽)(03-266),정류소(버스 가로변),일반쓰레기,37.5232953,126.979065,11030690.0,서빙고동,정상 지오코딩
546,용산구,후암동 214-4 앞,후암동 214-4 앞,도로변(횡단보도 포함),일반쓰레기,37.5470243,126.9780041,11030510.0,후암동,정상 지오코딩
547,용산구,후암동 60-38,후암시장(우측)입구 횡단보도앞,도로변(횡단보도 포함),일반쓰레기,37.5504741,126.9774514,11030510.0,후암동,정상 지오코딩
548,용산구,한남동 4-1 북쪽,한남시범아파트버스정류장(03-211) ,정류소(버스 가로변),일반쓰레기,37.5376669,127.0121172,11030740.0,한남동,정상 지오코딩
549,용산구,서계동 224-36,"서울역공항철도15번출구,국립극단버스정류장(03-345)",정류소(버스 가로변),일반쓰레기,37.5534256,126.9689421,11030710.0,청파동,정상 지오코딩
550,용산구,한남동 산 10-214 계단 입구,한남2치안센터옆 공원입구 ,도로변(횡단보도 포함),일반쓰레기,37.5397911,127.0013455,11030740.0,한남동,정상 지오코딩
551,용산구,한남동 253-4,한남오거리(순천향대학방면-북한남삼거리방면) 버스정류장(03-166) ,정류소(버스 가로변),일반쓰레기,37.5330149,127.0082818,11030740.0,한남동,정상 지오코딩
552,용산구,동빙고동 295-1,한강중학교(반포한강공원방면) 버스정류장(03-156) ,정류소(버스 가로변),일반쓰레기,37.5250392,126.9920742,11030690.0,서빙고동,정상 지오코딩
553,용산구,동빙고동 7-43,한강중학교건너편(용산구청방면) 버스정류장(03-155) ,정류소(버스 가로변),일반쓰레기,37.5255812,126.9921923,11030690.0,서빙고동,정상 지오코딩
554,용산구,용산동4가 19-2,"용산구청,크라운 호텔(한강중학교앞방면) 버스정류장(03-154)",정류소(버스 가로변),일반쓰레기,37.5285028,126.9913933,11030520.0,용산2가동,정상 지오코딩
555,용산구,이태원동 34-161,"용산구청,크라운 호텔(국군재정관리단방면) 버스정류장(03-153)",정류소(버스 가로변),일반쓰레기,37.5304424,126.991263,11030650.0,이태원1동,정상 지오코딩
556,용산구,이태원동 559 앞,국군재정관리단앞(이태원동남산대림아파트 방면) 버스정류장(03-152) ,정류소(버스 가로변),일반쓰레기,37.5372444,126.9870707,11030660.0,이태원2동,정상 지오코딩
557,용산구,용산동2가 7-116 북쪽 끝,"해방촌(용산구청,크라운호텔방면) 버스정류장(03-151)",정류소(버스 가로변),일반쓰레기,37.5364178,126.9866467,11030520.0,용산2가동,정상 지오코딩
558,용산구,용산동2가 5-1550,용암초등학교입구(남산3호터널앞) 버스정류장(03-148),정류소(버스 가로변),일반쓰레기,37.5439264,126.9887005,11030520.0,용산2가동,정상 지오코딩
559,용산구,이촌동 205-3 앞,"방태산식당앞(이촌2동주민센터,문화시설보건소셔틀버스정류장)",도로변(횡단보도 포함),일반쓰레기,37.5265945,126.9556,11030640.0,이촌2동,정상 지오코딩
560,용산구,후암동 30-84,남산도서관앞(두텁바위마을표지석앞) 버스정류장(03-168),정류소(버스 가로변),일반쓰레기,37.552645,126.9810841,11030510.0,후암동,정상 지오코딩
561,용산구,후암동 30-84,남산도서관(백범광장방면) 버스정류장(03-167) ,정류소(버스 가로변),일반쓰레기,37.552645,126.9810841,11030510.0,후암동,정상 지오코딩
562,용산구,후암동 406-98,후암약수터(보성여중고입구방면) 버스정류장(03-170),정류소(버스 가로변),일반쓰레기,37.5484635,126.984184,11030510.0,후암동,정상 지오코딩
563,용산구,용산동2가 1-1239,보성여중고입구(후암약수터방면) 버스정류장(03-171) ,정류소(버스 가로변),일반쓰레기,37.5464535,126.9856724,11030520.0,용산2가동,정상 지오코딩
564,용산구,이태원동 260-373,남산체육관(하얏트호텔방면) 버스정류장(03-174) ,정류소(버스 가로변),일반쓰레기,37.5426279,126.9930586,11030660.0,이태원2동,정상 지오코딩
565,용산구,이태원동 259-15,하얏트 호텔(남산체육관방면) 버스정류장(03-175)이광희뷰티크건너편 ,정류소(버스 가로변),일반쓰레기,37.5428194,126.9953128,11030660.0,이태원2동,정상 지오코딩
566,용산구,이태원동 258-466,"하얏트 호텔(서울시중부기술교육원,블루스퀘어방면) 버스정류장(03-176)",정류소(버스 가로변),일반쓰레기,37.5409289,126.9974054,11030660.0,이태원2동,정상 지오코딩
567,용산구,용산동2가 1-1144,"보성여중고입구(용암초등학교,이태원2동주민센터방면) 버스정류장(용산2가동주민센타올라오는계단끝)(03-172)",정류소(버스 가로변),일반쓰레기,37.5463399,126.9856097,11030520.0,용산2가동,정상 지오코딩
568,용산구,한강로3가 65-587,LG유플러스앞 횡단보도(도심),도로변(횡단보도 포함),일반쓰레기,37.5241037,126.9635761,11030730.0,한강로동,정상 지오코딩
569,용산구,한강로2가 222-5 북서쪽,한강로2가 222-5,도로변(횡단보도 포함),일반쓰레기,37.527368,126.9665089,11030730.0,한강로동,정상 지오코딩
570,용산구,한강로2가 421 남단,한강로2가 421 남단,도로변(횡단보도 포함),일반쓰레기,37.5280128,126.9657476,11030730.0,한강로동,정상 지오코딩
571,용산구,한강로2가 412,용산우체국앞( 택시정류장앞 ) ,정류소(버스 가로변),일반쓰레기,37.5311076,126.9711907,11030730.0,한강로동,정상 지오코딩
572,용산구,한강로2가 422-1,신용산역 마을버스정류장(03-561),정류소(버스 가로변),일반쓰레기,37.5299356,126.9675606,11030730.0,한강로동,정상 지오코딩
573,용산구, 한강로2가 109-2,KT 용산지점 마을버스정류장(03-564) 횡단보도,도로변(횡단보도 포함),일반쓰레기,37.5314046,126.9704222,11030730.0,한강로동,정상 지오코딩
574,용산구,한강로2가 255-6,KT 앞 중앙버스정류장 횡단보도(피터팬부동산),도로변(횡단보도 포함),일반쓰레기,37.5322302,126.9704616,11030730.0,한강로동,정상 지오코딩
575,용산구,청파동2가 120-55 앞,숙대입구역 버스정류장(03-229,정류소(버스 가로변),일반쓰레기,37.5444074,126.9709046,11030710.0,청파동,정상 지오코딩
576,용산구,한강로1가 98,삼각지 안전지대 횡단보도 (LG자이아파트 앞 ),도로변(횡단보도 포함),일반쓰레기,37.5359724,126.9739614,11030730.0,한강로동,정상 지오코딩
577,용산구,남영동 83-1 앞,횡단보도 앞,도로변(횡단보도 포함),일반쓰레기,37.5424105,126.9731498,11030530.0,남영동,정상 지오코딩
578,용산구,남영동 61-4,신한은행 숙명여대입구역점앞(서울역방면),도로변(횡단보도 포함),일반쓰레기,37.5434745,126.9727452,11030530.0,남영동,정상 지오코딩
579,용산구,갈월동 5-8,갈월동 갑을빌딩 앞(왕십리뉴타운1구역모델하우스),도로변(횡단보도 포함),일반쓰레기,37.5489575,126.9723008,11030530.0,남영동,정상 지오코딩
580,용산구,갈월동 69-45,갈월동 숙대입구 지하철역 9번출구앞,지하철역 입구,일반쓰레기,37.5443935,126.9718803,11030530.0,남영동,정상 지오코딩
581,용산구,갈월동 89-9,숙명여대 중앙버스정류장(롯데리아 앞),도로변(횡단보도 포함),일반쓰레기,37.543368,126.9719434,11030530.0,남영동,정상 지오코딩
582,용산구,갈월동 101-23,남영역 고려빌딩 앞 (우),도로변(횡단보도 포함),일반쓰레기,37.5417926,126.9726289,11030530.0,남영동,정상 지오코딩
583,용산구,동자동 12-1,게이트웨이타워 버스정류장(03-198) 옆 횡단보도,정류소(버스 가로변),일반쓰레기,37.5536061,126.9737901,11030530.0,남영동,정상 지오코딩
584,용산구,갈월동 93-30 앞,남영역 마을버스정류장,정류소(버스 가로변),일반쓰레기,37.5422187,126.9718653,11030530.0,남영동,정상 지오코딩
585,용산구,갈월동 98-5,남영역 앞 횡단보도,도로변(횡단보도 포함),일반쓰레기,37.5416635,126.9717183,11030530.0,남영동,정상 지오코딩
586,용산구,한강로2가 421-2,,도로변(횡단보도 포함),일반쓰레기,37.5280499,126.9665057,11030730.0,한강로동,정상 지오코딩
587,용산구,한강로3가 40-148,한강로동 농협앞 버스정류장(03-122) ,정류소(버스 가로변),일반쓰레기,37.5251028,126.9638068,11030730.0,한강로동,정상 지오코딩
588,용산구,한강로3가 40-19,베르가모 앞 ,정류소(버스 가로변),일반쓰레기,37.5237924,126.9621964,11030730.0,한강로동,정상 지오코딩
589,용산구,한강로2가 422-2 남쪽,용산역앞 횡단보도 건너편 ,도로변(횡단보도 포함),일반쓰레기,37.5291323,126.9663578,11030730.0,한강로동,정상 지오코딩
590,용산구,한강로2가 2-37 앞,신용산지하차도입구 파리바게트 횡단보도앞 ,도로변(횡단보도 포함),일반쓰레기,37.5302106,126.9677933,11030730.0,한강로동,정상 지오코딩
591,용산구,한강로3가 40-1050,용사의집앞 횡단보도,도로변(횡단보도 포함),일반쓰레기,37.5279981,126.9646295,11030730.0,한강로동,정상 지오코딩
592,용산구,한남동 108 동쪽,"한남역,용산노인종합복지관(한남동 하이페리온방면) 버스정류장(03-285)",정류소(버스 가로변),일반쓰레기,37.5313354,127.0064615,11030740.0,한남동,정상 지오코딩
593,용산구,한남동 638-2,순천향대병원 앞 택시정류장 ,정류소(버스 가로변),일반쓰레기,37.5333703,127.0046787,11030740.0,한남동,정상 지오코딩
594,용산구,산천동 81-1,원효로2동 주민센터 버스정류장(03-304),정류소(버스 가로변),일반쓰레기,37.5343448,126.9515465,11030570.0,원효로2동,정상 지오코딩
595,용산구,보광동 90-2,보광동 신동아아파트(기업은행보광동지점방면) 버스정류장(03-277),정류소(버스 가로변),일반쓰레기,37.5254355,127.0016186,11030700.0,보광동,정상 지오코딩
596,용산구,한강로3가 63-389 서쪽 끝,서빙고로 35 파크시티 앞 삼거리 횡단보도,도로변(횡단보도 포함),일반쓰레기,37.5251113,126.969145,11030730.0,한강로동,정상 지오코딩
597,용산구,한남동 522-44 북쪽,한남동 동원베네스트 사잇길 옆 쉼터,도로변(횡단보도 포함),일반쓰레기,37.5298134,127.0073923,11030740.0,한남동,정상 지오코딩
598,용산구,한남동 259-6,"한남동(한남시범아파트방면) 버스정류장(03-213)(현대리버티하우스,KEB하나은행앞)",정류소(버스 가로변),일반쓰레기,37.5335101,127.0080871,11030740.0,한남동,정상 지오코딩
599,용산구,이태원동 673,보금사에서 스시바얼이태원점앞(녹사평산악회앞),도로변(횡단보도 포함),일반쓰레기,37.5381288,126.9871114,11030660.0,이태원2동,정상 지오코딩
600,용산구,이태원동 671,경리단입구3호터널방향,도로변(횡단보도 포함),일반쓰레기,37.5385294,126.9871591,11030660.0,이태원2동,정상 지오코딩
601,용산구,한남동 726-494 중앙,한강진역 1번출구앞 (용산국제학교입구),지하철역 입구,일반쓰레기,37.5408403,127.0018631,11030740.0,한남동,정상 지오코딩
602,용산구,후암동 406-97 남쪽,소월로168번지(고엽제사무실옆) ,도로변(횡단보도 포함),일반쓰레기,37.5476881,126.9844154,11030510.0,후암동,정상 지오코딩
603,용산구,보광동 238-98,한국폴리텍1대학 버스정류장(03-281),도로변(횡단보도 포함),일반쓰레기,37.5304256,126.9964827,11030700.0,보광동,정상 지오코딩
604,용산구,한남동 726-420,도이치모터스(BMW) 매장앞,정류소(버스 가로변),일반쓰레기,37.5419983,127.0032581,11030740.0,한남동,정상 지오코딩
605,용산구,용산동2가 7-116 서쪽,녹사평역 1번출구앞 마을버스정류장(03-524),정류소(버스 가로변),일반쓰레기,37.5364178,126.9866467,11030520.0,용산2가동,정상 지오코딩
606,용산구,한남동 657-59,"순천향 병원 진출로 옆 인도, 연구동쪽 ",도로변(횡단보도 포함),일반쓰레기,37.5336184,127.0038978,11030740.0,한남동,정상 지오코딩
607,용산구,한남동 638-2,"순천향 병원 진출로 옆 인도, 연구동쪽 ",도로변(횡단보도 포함),일반쓰레기,37.5333703,127.0046787,11030740.0,한남동,정상 지오코딩
608,용산구,한강로3가 16-3 북단 횡단보도,"성촌공원, 포르쉐센터 버스정류장(03-288)",정류소(버스 가로변),일반쓰레기,37.5297683,126.9545425,11030730.0,한강로동,정상 지오코딩
609,용산구,이촌동 302-61 앞,이촌1동 충신교회앞 버스정류장(03-216) ,정류소(버스 가로변),일반쓰레기,37.5210736,126.9684208,11030630.0,이촌1동,정상 지오코딩
610,용산구,한강로2가 250-1,콩나물국밥 시루향기 24시 횡단보도앞 ,도로변(횡단보도 포함),일반쓰레기,37.5316736,126.9699471,11030730.0,한강로동,정상 지오코딩
611,용산구,서울특별시 용산구 청파로 252,청파로 250(남영역03-230버스정류장옆)앞 횡단보도,도로변(횡단보도 포함),일반쓰레기,37.542054,126.9709772,11030710.0,청파동,API 재시도-주소검색-원본
612,용산구,후암동 406-97 북쪽,소월로168번지(고엽제사무실옆) ,도로변(횡단보도 포함),일반쓰레기,37.5476881,126.9844154,11030510.0,후암동,정상 지오코딩
613,용산구,용산동4가 1-1 동쪽,녹사평역 3번 출구 앞( 직진2~3미터횡단보도앞 ) ,지하철역 입구,일반쓰레기,37.5343252,126.9875923,11030520.0,용산2가동,정상 지오코딩
614,용산구,용산동4가 1-1 동쪽,녹사평역 3번 출구 앞( 직진2~3미터횡단보도앞 ) ,지하철역 입구,일반쓰레기,37.5343252,126.9875923,11030520.0,용산2가동,정상 지오코딩
615,용산구,이태원동 34-114,이태원입구 공중화장실앞 ,도로변(횡단보도 포함),일반쓰레기,37.5343216,126.9886817,11030650.0,이태원1동,정상 지오코딩
616,용산구,이태원동 34-114,이태원입구 공중화장실앞 ,도로변(횡단보도 포함),일반쓰레기,37.5343216,126.9886817,11030650.0,이태원1동,정상 지오코딩
617,용산구,이태원동 57-30,이태원버스정류장(03-189) 아디다스 OFS점 앞,정류소(버스 가로변),일반쓰레기,37.534059,126.990006,11030650.0,이태원1동,정상 지오코딩
618,용산구,이태원동 57-30,이태원버스정류장(03-189) 아디다스 OFS점 앞 ,정류소(버스 가로변),일반쓰레기,37.534059,126.990006,11030650.0,이태원1동,정상 지오코딩
619,용산구,이태원동 176-2,이태원버스정류장(03-188) ,정류소(버스 가로변),일반쓰레기,37.5345043,126.9906994,11030650.0,이태원1동,정상 지오코딩
620,용산구,이태원동 176-2,이태원버스정류장(03-188) ,정류소(버스 가로변),일반쓰레기,37.5345043,126.9906994,11030650.0,이태원1동,정상 지오코딩
621,용산구,이태원동 58-8,국제아케이드건물 앞 횡단보도,도로변(횡단보도 포함),일반쓰레기,37.5340584,126.9905626,11030650.0,이태원1동,정상 지오코딩
622,용산구,이태원동 58-8,국제아케이드건물 앞 횡단보도,도로변(횡단보도 포함),일반쓰레기,37.5340584,126.9905626,11030650.0,이태원1동,정상 지오코딩
623,용산구,이태원동 168-17,ABC마트(신발가게)앞,도로변(횡단보도 포함),일반쓰레기,37.5345242,126.9916849,11030650.0,이태원1동,정상 지오코딩
624,용산구,이태원동 168-17,ABC마트(신발가게)앞,도로변(횡단보도 포함),일반쓰레기,37.5345242,126.9916849,11030650.0,이태원1동,정상 지오코딩
625,용산구,이태원동 72-35,횡단보도 앞,도로변(횡단보도 포함),일반쓰레기,37.534204,126.9920801,11030650.0,이태원1동,정상 지오코딩
626,용산구,이태원동 72-35,횡단보도 앞,도로변(횡단보도 포함),일반쓰레기,37.534204,126.9920801,11030650.0,이태원1동,정상 지오코딩
627,용산구,이태원동 119-11,해밀턴호텔 버스정류장(03-190) ,정류소(버스 가로변),일반쓰레기,37.534664,126.9930558,11030650.0,이태원1동,정상 지오코딩
628,용산구,이태원동 119-11,해밀턴호텔 버스정류장(03-190) ,정류소(버스 가로변),일반쓰레기,37.534664,126.9930558,11030650.0,이태원1동,정상 지오코딩
629,용산구,이태원동 108-9,이태원역 2번 출구 (해밀턴호텔정문앞횡단보도) ,지하철역 입구,일반쓰레기,37.5347439,126.9938628,11030650.0,이태원1동,정상 지오코딩
630,용산구,이태원동 108-9,이태원역 2번 출구 (해밀턴호텔정문앞횡단보도) ,지하철역 입구,일반쓰레기,37.5347439,126.9938628,11030650.0,이태원1동,정상 지오코딩
631,용산구,이태원동 127-12,이태원역 3번 출구 (올리브영 횡단보도앞) ,정류소(버스 가로변),일반쓰레기,37.5342646,126.9942133,11030650.0,이태원1동,정상 지오코딩
632,용산구,이태원동 127-12,이태원역 3번 출구 (올리브영 횡단보도앞) ,정류소(버스 가로변),일반쓰레기,37.5342646,126.9942133,11030650.0,이태원1동,정상 지오코딩
633,용산구,이태원동 123-26,무신사 앞 횡단보도 ,정류소(버스 가로변),일반쓰레기,37.5348129,126.9952778,11030650.0,이태원1동,정상 지오코딩
634,용산구,이태원동 123-26,무신사 앞 횡단보도,정류소(버스 가로변),일반쓰레기,37.5348129,126.9952778,11030650.0,이태원1동,정상 지오코딩
635,용산구,이태원동 124-9,이태원 119 안전센타 버스정류장(03-192),정류소(버스 가로변),일반쓰레기,37.5348164,126.9965825,11030650.0,이태원1동,정상 지오코딩
636,용산구,이태원동 124-9,이태원 119 안전센타 버스정류장(03-192) ,정류소(버스 가로변),일반쓰레기,37.5348164,126.9965825,11030650.0,이태원1동,정상 지오코딩
637,용산구,한남동 736-1,제일기획 앞 횡단보도 ,도로변(횡단보도 포함),일반쓰레기,37.5349559,126.9988342,11030740.0,한남동,정상 지오코딩
638,용산구,한남동 736-1,제일기획 앞 횡단보도,도로변(횡단보도 포함),일반쓰레기,37.5349559,126.9988342,11030740.0,한남동,정상 지오코딩
639,용산구,한남동 683-130 앞,이태원로254,도로변(횡단보도 포함),일반쓰레기,37.5372375,127.0011755,11030740.0,한남동,정상 지오코딩
640,용산구,한남동 683-130 앞,이태원로254,도로변(횡단보도 포함),일반쓰레기,37.5372375,127.0011755,11030740.0,한남동,정상 지오코딩
641,용산구,한남동 739-1,삼성미술관 리움 택시정류장(폭스바겐건너편),정류소(버스 가로변),일반쓰레기,37.5382419,127.0012928,11030740.0,한남동,정상 지오코딩
642,용산구,한남동 739-16 앞,삼성미술관 리움 택시정류장(폭스바겐건너편),정류소(버스 가로변),일반쓰레기,37.5371289,127.0003411,11030740.0,한남동,정상 지오코딩
643,용산구,이태원동 34-16 앞,이태원광장 녹사평역방향 횡단보도(좌측),도로변(횡단보도 포함),일반쓰레기,37.533907,126.9888319,11030650.0,이태원1동,정상 지오코딩
644,용산구,이태원동 34-16 앞,이태원광장 녹사평역방향 횡단보도(좌측),도로변(횡단보도 포함),일반쓰레기,37.533907,126.9888319,11030650.0,이태원1동,정상 지오코딩
645,용산구,이태원동 34-87,"용산구청 셔틀버스 정류장, 아트홀 입구",도로변(횡단보도 포함),일반쓰레기,37.5325619,126.9901788,11030650.0,이태원1동,정상 지오코딩
646,용산구,이태원동 34-87,"용산구청 셔틀버스 정류장, 아트홀 입구 ",도로변(횡단보도 포함),일반쓰레기,37.5325619,126.9901788,11030650.0,이태원1동,정상 지오코딩
647,용산구,이태원동 130-50,보광동입구(한국폴리텍1대학방면) 버스정류장(03-283),정류소(버스 가로변),일반쓰레기,37.533497,126.9940985,11030650.0,이태원1동,정상 지오코딩
648,용산구,이태원동 130-50,보광동입구(한국폴리텍1대학방면) 버스정류장(03-283) ,정류소(버스 가로변),일반쓰레기,37.533497,126.9940985,11030650.0,이태원1동,정상 지오코딩
649,용산구,한남동 727-56,한강진역 블루스퀘어 버스정류장(03-197) ,정류소(버스 가로변),일반쓰레기,37.5407044,127.002648,11030740.0,한남동,정상 지오코딩
650,용산구,한남동 727-56,한강진역 블루스퀘어 버스정류장(03-197) ,정류소(버스 가로변),일반쓰레기,37.5407044,127.002648,11030740.0,한남동,정상 지오코딩
651,용산구,한남동 707-10,순천향대학병원(블루스퀘어방면) 버스정류장(03-162),정류소(버스 가로변),일반쓰레기,37.5365194,127.0060927,11030740.0,한남동,정상 지오코딩
652,용산구,한남동 707-10,순천향대학병원(블루스퀘어방면) 버스정류장(03-162),정류소(버스 가로변),일반쓰레기,37.5365194,127.0060927,11030740.0,한남동,정상 지오코딩
653,용산구,한남동 705-10,순천향대학병원(서초IC방면) 버스정류장(03-164) ,정류소(버스 가로변),일반쓰레기,37.5356865,127.0055725,11030740.0,한남동,정상 지오코딩
654,용산구,한남동 705-10,순천향대학병원(서초IC방면) 버스정류장(03-164) ,정류소(버스 가로변),일반쓰레기,37.5356865,127.0055725,11030740.0,한남동,정상 지오코딩
655,용산구,한남동 705-10,순천향대학병원(서초IC방면) 버스정류장(03-164) ,정류소(버스 가로변),일반쓰레기,37.5356865,127.0055725,11030740.0,한남동,정상 지오코딩
656,용산구,한남동 705-10,순천향대학병원(서초IC방면) 버스정류장(03-164) ,정류소(버스 가로변),일반쓰레기,37.5356865,127.0055725,11030740.0,한남동,정상 지오코딩
657,용산구,한남동 705-9,"순천향대학병원,한남오거리(신사역방면) 버스정류장(03-165)",정류소(버스 가로변),일반쓰레기,37.535501,127.0054278,11030740.0,한남동,정상 지오코딩
658,용산구,한남동 705-9,"순천향대학병원,한남오거리(신사역방면) 버스정류장(03-165)",정류소(버스 가로변),일반쓰레기,37.535501,127.0054278,11030740.0,한남동,정상 지오코딩
659,용산구,한남동 76-16,한남오거리 하나은행앞 횡단보도,도로변(횡단보도 포함),일반쓰레기,37.5334332,127.0068582,11030740.0,한남동,정상 지오코딩
660,용산구,한남동 76-16,한남오거리 하나은행앞 횡단보도 ,도로변(횡단보도 포함),일반쓰레기,37.5334332,127.0068582,11030740.0,한남동,정상 지오코딩
661,용산구,한강로3가 65-523,"한강대교북단(신용산방면) 중앙버스정류장(도심,03-001) ",정류소(버스 가로변),일반쓰레기,37.5237025,126.9627492,11030730.0,한강로동,정상 지오코딩
662,용산구,한강로3가 65-522,"한강대교북단(노들섬방면) 중앙버스정류장(외곽,03-002)",정류소(버스 가로변),일반쓰레기,37.5243072,126.9633363,11030730.0,한강로동,정상 지오코딩
663,용산구,한강로2가 357-3,"신용산역(KT용산지사방면) 중앙버스정류장(도심, 03-003)",정류소(버스 가로변),일반쓰레기,37.5273205,126.9662024,11030730.0,한강로동,정상 지오코딩
664,용산구,한강로2가 352-4,"신용산역(한강대교북단방면) 중앙버스정류장(외곽,03-004)",정류소(버스 가로변),일반쓰레기,37.5278351,126.9666738,11030730.0,한강로동,정상 지오코딩
665,용산구,한강로2가 352-4,"신용산역(한강대교북단방면) 중앙버스정류장(외곽,03-004) ",정류소(버스 가로변),일반쓰레기,37.5278351,126.9666738,11030730.0,한강로동,정상 지오코딩
666,용산구,한강로1가 268-2,"삼각지(숙대입구방면) 중앙버스정류장(도심,03-007)",정류소(버스 가로변),일반쓰레기,37.5351612,126.9734252,11030730.0,한강로동,정상 지오코딩
667,용산구,한강로1가 42,"삼각지(KT용산지사방면) 중앙버스정류장(외곽,03-008)",정류소(버스 가로변),일반쓰레기,37.5364469,126.9742091,11030730.0,한강로동,정상 지오코딩
668,용산구,한강로1가 42,"삼각지(KT용산지사방면) 중앙버스정류장(외곽,03-008)",정류소(버스 가로변),일반쓰레기,37.5364469,126.9742091,11030730.0,한강로동,정상 지오코딩
669,용산구,한강로1가 42,"삼각지(KT용산지사방면) 중앙버스정류장(외곽,03-008)",정류소(버스 가로변),일반쓰레기,37.5364469,126.9742091,11030730.0,한강로동,정상 지오코딩
670,용산구,갈월동 97-1,"숙명여대(갈월동방면) 중앙버스정류장(도심,03-009)",정류소(버스 가로변),일반쓰레기,37.5422181,126.972658,11030530.0,남영동,정상 지오코딩
671,용산구,갈월동 87-25,"숙명여대(삼각지역방면) 중앙버스정류장(외곽,03-010)",정류소(버스 가로변),일반쓰레기,37.5438209,126.9723224,11030530.0,남영동,정상 지오코딩
672,용산구,동자동 14-3,"갈월동(서울역버스환승센터방면) 중앙버스정류장 (도심,03-011)",정류소(버스 가로변),일반쓰레기,37.5506643,126.9721368,11030530.0,남영동,정상 지오코딩
673,용산구,동자동 43-212,"갈월동(숙대입구방면) 중앙버스정류장 (외곽,03-012)",정류소(버스 가로변),일반쓰레기,37.5493524,126.9715732,11030530.0,남영동,정상 지오코딩
674,용산구,용산동2가 48-1,이태원2동 용산한신아파트앞(해방촌방면) 버스정류장(03-150),정류소(버스 가로변),일반쓰레기,37.5406052,126.9874425,11030520.0,용산2가동,정상 지오코딩
675,용산구,용산동2가 48-1,이태원2동 용산한신아파트앞(해방촌방면) 버스정류장(03-150) ,정류소(버스 가로변),일반쓰레기,37.5406052,126.9874425,11030520.0,용산2가동,정상 지오코딩
676,용산구,한강로1가 120-2 앞 교통섬,삼각지(보훈청방향)평양집앞 공원쉼터 ,도로변(횡단보도 포함),일반쓰레기,37.535022,126.9742516,11030730.0,한강로동,정상 지오코딩
677,용산구,한강로1가 120-2 앞 교통섬,삼각지(보훈청방향)평양집앞 공원쉼터 ,도로변(횡단보도 포함),일반쓰레기,37.535022,126.9742516,11030730.0,한강로동,정상 지오코딩
678,용산구,용산동3가 1-96,국방부앞 버스정류장(삼각지어린이공원)(03-185) ,정류소(버스 가로변),일반쓰레기,37.5344282,126.9754278,11030730.0,한강로동,정상 지오코딩
679,용산구,용산동3가 1-96,국방부앞 버스정류장(삼각지어린이공원)(03-185) ,정류소(버스 가로변),재활용쓰레기,37.5344282,126.9754278,11030730.0,한강로동,정상 지오코딩
680,용산구,용산동1가 8-65,전쟁기념관(용산보건분소방면) 버스정류장(03-184),정류소(버스 가로변),일반쓰레기,37.534789,126.9774115,11030530.0,남영동,정상 지오코딩
681,용산구,용산동1가 8-65,전쟁기념관(용산보건분소방면) 버스정류장(03-184) ,정류소(버스 가로변),재활용쓰레기,37.534789,126.9774115,11030530.0,남영동,정상 지오코딩
682,용산구,용산동2가 6-6,녹사평역 1번출구앞 버스정류장(03-186) ,정류소(버스 가로변),일반쓰레기,37.53502,126.9845241,11030520.0,용산2가동,정상 지오코딩
683,용산구,용산동2가 6-6,녹사평역 1번출구앞 버스정류장(03-186) ,정류소(버스 가로변),일반쓰레기,37.53502,126.9845241,11030520.0,용산2가동,정상 지오코딩
684,용산구,용산동4가 4,녹사평역 4번 출구 앞 버스정류장(03-187) ,정류소(버스 가로변),일반쓰레기,37.5344455,126.9855245,11030520.0,용산2가동,정상 지오코딩
685,용산구,용산동4가 4,녹사평역 4번 출구 앞 버스정류장(03-187) ,정류소(버스 가로변),재활용쓰레기,37.5344455,126.9855245,11030520.0,용산2가동,정상 지오코딩
686,용산구,한강로3가 40-999,용산역 버스정류장(03-255)(용산역앞광장) ,정류소(버스 가로변),일반쓰레기,37.5295805,126.9640261,11030730.0,한강로동,정상 지오코딩
687,용산구,한강로3가 40-999,용산역 버스정류장(03-255)(용산역앞광장),정류소(버스 가로변),일반쓰레기,37.5295805,126.9640261,11030730.0,한강로동,정상 지오코딩
688,용산구,한강로2가 423-5,용산역광장앞(신용산지하차도방면) 버스정류장(03-258),정류소(버스 가로변),일반쓰레기,37.5283413,126.9656056,11030730.0,한강로동,정상 지오코딩
689,용산구,한강로1가 14-29,삼각지역11번출구 버스정류장(03-328남영역방면)(용산역파출소옆),정류소(버스 가로변),일반쓰레기,37.5363119,126.9746399,11030730.0,한강로동,정상 지오코딩
690,용산구,서빙고동 235-115,"서빙고역 교차로 버스정류장(03-267,서빙고역건너편)",정류소(버스 가로변),일반쓰레기,37.5205093,126.9905997,11030690.0,서빙고동,정상 지오코딩
691,용산구,서빙고동 235-75,"서빙고역1번출구 버스정류장(03-157,서빙고역앞)",정류소(버스 가로변),일반쓰레기,37.5201304,126.9898069,11030690.0,서빙고동,정상 지오코딩
692,용산구,서빙고동 235-1,"서빙고초등학교앞버스정류장(03-268,GS편의점) ",정류소(버스 가로변),일반쓰레기,37.5214467,126.9918774,11030690.0,서빙고동,정상 지오코딩
693,용산구,원효로4가 113-54 북동쪽,"원효대교 북단 버스정류장(03-331, 삼구빌딩 건너편) ",정류소(버스 가로변),일반쓰레기,37.5317387,126.9550975,11030570.0,원효로2동,정상 지오코딩
694,용산구,남영동 24-1,"숙대입구역 5번출구 마을버스정류장(03-565, 하나은행숙대입구역지점앞)",정류소(버스 가로변),일반쓰레기,37.5443065,126.9725537,11030530.0,남영동,정상 지오코딩
695,용산구,갈월동 14-58,"갈월동 마을버스정류장(03-568, 삼성디지탈서비스센터옆)",정류소(버스 가로변),일반쓰레기,37.5465391,126.972159,11030530.0,남영동,정상 지오코딩
696,용산구,갈월동 69-109,"갈월동 4호선 숙대입구 버스정류장(03-327, 여행박사앞)",정류소(버스 가로변),일반쓰레기,37.5462493,126.9715481,11030530.0,남영동,정상 지오코딩
697,용산구,갈월동 90-5,남영역 횡단보도앞 ,도로변(횡단보도 포함),일반쓰레기,37.5432637,126.9721557,11030530.0,남영동,정상 지오코딩
698,용산구,신창동 56-68,신창제일교회 앞,도로변(횡단보도 포함),일반쓰레기,37.5356343,126.954988,11030570.0,원효로2동,정상 지오코딩
699,용산구,원효로2가 96-1,용산전자상가입구 버스정류장(03-250),정류소(버스 가로변),일반쓰레기,37.534619,126.9618418,11030720.0,원효로1동,정상 지오코딩
700,용산구,원효로1가 23-3,"용산 꿈나무 종합타운, 보건분소 버스정류장(03-181)",정류소(버스 가로변),일반쓰레기,37.538511,126.9649411,11030720.0,원효로1동,정상 지오코딩
701,용산구,한남동 533-2,한남나들목(A) 출입구앞 ,도로변(횡단보도 포함),일반쓰레기,37.5289519,127.006926,11030740.0,한남동,정상 지오코딩
702,용산구,한남동 557-58,한남나들목(B) 출입구앞,도로변(횡단보도 포함),일반쓰레기,37.5286998,127.0065743,11030740.0,한남동,정상 지오코딩
703,용산구,남영동 131-1 ,한강대로 크라운해태 건너편 USO건너편인도,도로변(횡단보도 포함),일반쓰레기,37.5407204,126.973705,11030530.0,남영동,정상 지오코딩
704,용산구,남영동 131-1 ,한강대로 크라운해태 건너편 USO건너편인도,도로변(횡단보도 포함),일반쓰레기,37.5407204,126.973705,11030530.0,남영동,정상 지오코딩
705,용산구,갈월동 63-1,한강대로 숙대입구역2번출구앞 ,지하철역 입구,일반쓰레기,37.5453204,126.9724748,11030530.0,남영동,정상 지오코딩
706,용산구,갈월동 63-1,한강대로 숙대입구역2번출구앞 ,지하철역 입구,일반쓰레기,37.5453204,126.9724748,11030530.0,남영동,정상 지오코딩
707,용산구,갈월동 71-37 동쪽,한강대로 갈월동 청파동 입구교차로(쌍굴다리)안 공원(갑을빌딩 맞은편),정류소(버스 가로변),일반쓰레기,37.5489363,126.9711578,11030530.0,남영동,정상 지오코딩
708,용산구,갈월동 71-37 동쪽,한강대로 갈월동 청파동 입구교차로(쌍굴다리)안 공원(갑을빌딩 맞은편),정류소(버스 가로변),일반쓰레기,37.5489363,126.9711578,11030530.0,남영동,정상 지오코딩
709,용산구,갈월동 92-12,남영삼거리 동원부동산앞 횡단보도(고려빌딩 건너편),정류소(버스 가로변),일반쓰레기,37.5422636,126.9723652,11030530.0,남영동,정상 지오코딩
710,용산구,갈월동 92-12,남영삼거리 동원부동산앞 횡단보도(고려빌딩 건너편),정류소(버스 가로변),일반쓰레기,37.5422636,126.9723652,11030530.0,남영동,정상 지오코딩
711,용산구,한강로2가 181-2,신용산역 삼거리 횡단보도앞(신용산역 5번출구 뒷편) ,정류소(버스 가로변),일반쓰레기,37.5298339,126.9683121,11030730.0,한강로동,정상 지오코딩
712,용산구,한강로2가 181-2,신용산역 삼거리 횡단보도앞(신용산역 5번출구 뒷편),정류소(버스 가로변),일반쓰레기,37.5298339,126.9683121,11030730.0,한강로동,정상 지오코딩
713,용산구,한강로3가 30-134,용산역앞교차로 아우디한강대로전시장앞 횡단보도 ,정류소(버스 가로변),일반쓰레기,37.5325963,126.9638342,11030730.0,한강로동,인근 도로명번지 추정(번지차 0)
714,용산구,한강로3가 30-134,용산역앞교차로 아우디한강대로전시장앞 횡단보도 ,정류소(버스 가로변),일반쓰레기,37.5325963,126.9638342,11030730.0,한강로동,인근 도로명번지 추정(번지차 0)
715,용산구,한남동 727-35,이태원주공아파트 담벽인도 남산공원이정표앞 ,정류소(버스 가로변),일반쓰레기,37.5412577,127.0030561,11030740.0,한남동,정상 지오코딩
716,용산구,한남동 727-35,"서울시중부기술교육원,블루스퀘어(순천향대학병원,한남오거리방면)(03161)",정류소(버스 가로변),일반쓰레기,37.5412577,127.0030561,11030740.0,한남동,정상 지오코딩
717,용산구,서빙고동 10-2 북쪽,"서울시중부기술교육원,블루스퀘어(순천향대학병원,한남오거리방면)(03161)",정류소(버스 가로변),일반쓰레기,37.5242185,126.9910686,11030690.0,서빙고동,정상 지오코딩
718,용산구,동빙고동 170-1 북동쪽,한강중학교(금호베스트빌앞방면)버스정류장(03-269),정류소(버스 가로변),일반쓰레기,37.5205685,126.9962769,11030690.0,서빙고동,정상 지오코딩
719,용산구,이태원동 666,"동빙고동(한남역,용산노인종합복지관방면)버스정류장(03-274)",정류소(버스 가로변),일반쓰레기,37.5398593,126.9875673,11030660.0,이태원2동,정상 지오코딩
720,용산구,원효로3가 51-54,"이태원동남산대림아파트,용산동아파트(114공인중개사사무소앞) 버스정류장(03-149)",정류소(버스 가로변),일반쓰레기,37.5330443,126.958068,11030570.0,원효로2동,정상 지오코딩
721,용산구,원효로4가 141,용산전자상가?전자랜드(원효대교북단방면)버스정류장(03-137),정류소(버스 가로변),일반쓰레기,37.5334143,126.9506169,11030570.0,원효로2동,정상 지오코딩
722,용산구,용문동 5-222 서쪽,원효2동산호아파트(청암동강변삼성아파트방면)버스정류장(03-300),정류소(버스 가로변),일반쓰레기,37.5388232,126.9625667,11030590.0,용문동,정상 지오코딩
723,용산구,원효로1가 112-10,백범로 효창공원역4번출구앞 횡단보도 ,도로변(횡단보도 포함),일반쓰레기,37.5410465,126.9706255,11030720.0,원효로1동,정상 지오코딩
724,용산구,남영동 18-3,BMW 한독모터스용산전시장 횡단보도앞,도로변(횡단보도 포함),일반쓰레기,37.544993,126.9723088,11030530.0,남영동,정상 지오코딩
725,용산구,서빙고동 271-106,"숙대입구역 3,4번출구앞(군선도가게앞) ",지하철역 입구,일반쓰레기,37.517339,126.9854141,11030690.0,서빙고동,정상 지오코딩
726,용산구,한강로2가 102-1 남쪽,서빙고신동아아파트/신동아아파트버스정류장(03226) ,정류소(버스 가로변),일반쓰레기,37.5316,126.970284,11030730.0,한강로동,정상 지오코딩
727,용산구,한강로2가 102-1 남쪽,"KT용산지사(삼각지방면)중앙버스정류장(도심,03-005)",정류소(버스 가로변),일반쓰레기,37.5316,126.970284,11030730.0,한강로동,정상 지오코딩
728,용산구,한강로2가 102-1 북쪽,"KT용산지사(삼각지방면)중앙버스정류장(도심,03-005)",정류소(버스 가로변),일반쓰레기,37.5316,126.970284,11030730.0,한강로동,정상 지오코딩
729,용산구,한강로2가 102-1 북쪽,"KT용산지사(신용산역방면)중앙버스정류장(외곽,03-006) ",정류소(버스 가로변),일반쓰레기,37.5316,126.970284,11030730.0,한강로동,정상 지오코딩
730,용산구,한강로2가 420-3 중간부분,"KT용산지사(신용산역방면)중앙버스정류장(외곽,03-006)",정류소(버스 가로변),일반쓰레기,37.5271077,126.9656024,11030730.0,한강로동,정상 지오코딩
731,용산구,한강로2가 420 북동쪽,용산푸르지오써밋오피스텔 앞 인도 ,도로변(횡단보도 포함),일반쓰레기,37.5272738,126.9653051,11030730.0,한강로동,정상 지오코딩
732,용산구,한강로3가 16-26,용산푸르지오써밋오피스텔 앞 인도 ,도로변(횡단보도 포함),일반쓰레기,37.5325402,126.9583751,11030730.0,한강로동,정상 지오코딩
733,용산구,한강로3가 3-44,용산전자상가?전자랜드(용산전자상가12동방면)버스정류장(03136) ,정류소(버스 가로변),일반쓰레기,37.5329906,126.963516,11030730.0,한강로동,정상 지오코딩
734,용산구,원효로1가 133-3 북서쪽,신용산지하차도(용산전자상가입구방면)버스정류장(03251),정류소(버스 가로변),일반쓰레기,37.5382766,126.9673632,11030720.0,원효로1동,정상 지오코딩
735,용산구,문배동 8-3,용산꿈나무종합타원(용산경찰서방면),정류소(버스 가로변),일반쓰레기,37.5381907,126.9707391,11030720.0,원효로1동,정상 지오코딩
736,용산구,효창동 126-22,문배동이안아파트앞(문배어린이공원방면)버스정류장(03332) ,정류소(버스 가로변),일반쓰레기,37.5400115,126.9615824,11030580.0,효창동,정상 지오코딩
737,용산구,효창동 5-36,금양초등학교 앞 횡단보도 ,도로변(횡단보도 포함),일반쓰레기,37.541671,126.9623118,11030580.0,효창동,정상 지오코딩
738,용산구,청파동2가 134-5 남단,국민은행효창동지점(숙명여대정문방면)버스정류장(03240),정류소(버스 가로변),일반쓰레기,37.5463336,126.9633184,11030710.0,청파동,정상 지오코딩
739,용산구,서계동 217-12 북쪽,숙명여대후문?이봉창활동터(효창공원후문방면)버스정류장(03235),정류소(버스 가로변),일반쓰레기,37.5549829,126.9688209,11030710.0,청파동,정상 지오코딩
740,용산구,용산동5가 19-1 서쪽,서부역건너편 미니스톱서울역점 횡단보도앞,도로변(횡단보도 포함),일반쓰레기,37.5235041,126.9708671,11030730.0,한강로동,정상 지오코딩
741,용산구,한강로3가 65-503,용산세무서(용산공고방면)버스정류장((03262) ,정류소(버스 가로변),일반쓰레기,37.5230192,126.9715828,11030730.0,한강로동,정상 지오코딩
742,용산구,서빙고동 199-5,기능장애인협회용산지부앞 횡단보도 ,도로변(횡단보도 포함),일반쓰레기,37.5206197,126.9909997,11030690.0,서빙고동,정상 지오코딩
743,용산구,용산동4가 10-4 중앙,GS25용산서빙고점(서빙고초등학교)앞 횡단보도 ,도로변(횡단보도 포함),일반쓰레기,37.5334439,126.9883592,11030520.0,용산2가동,정상 지오코딩
744,용산구,용산동4가 19-2 남단,녹사평역3번출구 200M전방(용산구청방향) 횡단보도 ,도로변(횡단보도 포함),일반쓰레기,37.5285028,126.9913933,11030520.0,용산2가동,정상 지오코딩
745,용산구,서빙고동 4-137 도로쪽,미군부대정문앞 횡단보도(한강중학교방면) ,도로변(횡단보도 포함),일반쓰레기,37.5224447,126.9903255,11030690.0,서빙고동,정상 지오코딩
746,용산구,한강로3가 40-17,금호베스트빌앞(서빙고초등학교방면)버스정류장(03270) ,정류소(버스 가로변),일반쓰레기,37.5242688,126.9628172,11030730.0,한강로동,정상 지오코딩
747,용산구,한남동 736-11,KY빌딩앞 횡단보도 ,도로변(횡단보도 포함),일반쓰레기,37.5345338,126.9970557,11030740.0,한남동,정상 지오코딩
748,용산구,한남동 736-8,이태원랜드앞 횡단보도 ,도로변(횡단보도 포함),일반쓰레기,37.5346827,126.9981428,11030740.0,한남동,정상 지오코딩
749,용산구,한남동 739-16 앞,한남동 대성표구사앞,도로변(횡단보도 포함),일반쓰레기,37.5371289,127.0003411,11030740.0,한남동,정상 지오코딩
750,용산구,한남동 737-4,한남동새마을금고(이태원119안전센터방면)버스정류장(03194),정류소(버스 가로변),일반쓰레기,37.5356664,126.9988258,11030740.0,한남동,정상 지오코딩
751,용산구,후암동 175-9 서쪽,제일기획건너편 ,도로변(횡단보도 포함),일반쓰레기,37.5459325,126.9769628,11030510.0,후암동,정상 지오코딩
752,용산구,이촌동 212-22 앞,남영동주민센터(남영우체국방면)버스정류장(03206) ,정류소(버스 가로변),일반쓰레기,37.5295613,126.954231,11030640.0,이촌2동,정상 지오코딩
753,용산구,이촌동 300-301,성촌공원?포르쉐센터용산(이촌2동쥔센터방면)버스정류장(03-289),정류소(버스 가로변),일반쓰레기,37.5184623,126.976038,11030630.0,이촌1동,정상 지오코딩
754,용산구,동자동 44-6,강촌apt/신용산초등학교(이촌동점보아파트방면)버스정류장(03-220),정류소(버스 가로변),일반쓰레기,37.5544737,126.9693495,11020540.0,회현동,정상 지오코딩
755,용산구,동자동 43-19,한국철도공사(코레일서울본부)앞 모범택시정류장 ,정류소(버스 가로변),일반쓰레기,37.5511899,126.9718794,11030530.0,남영동,정상 지오코딩
756,용산구,이태원동 124-5,03-327 버스정류장 앞,도로변(횡단보도 포함),일반쓰레기,37.534826,126.9956689,11030650.0,이태원1동,정상 지오코딩
757,용산구,서빙고동 235-11 북서쪽,이태원 지샥 패션잡화점 횡단보도앞,도로변(횡단보도 포함),일반쓰레기,37.52195,126.9913762,11030690.0,서빙고동,정상 지오코딩
758,용산구,한강로2가 420-3 중간부분,서빙고초등학교 담벽 가로등주변(남영비비안 본사 건너편),도로변(횡단보도 포함),일반쓰레기,37.5271077,126.9656024,11030730.0,한강로동,정상 지오코딩
759,용산구,효창동 3-292,한강대로 69(용산써밋오피스텔 정문앞 인도),도로변(횡단보도 포함),일반쓰레기,37.5468652,126.9632397,11030580.0,효창동,정상 지오코딩
760,용산구,용산동2가 7-116,"해방촌입구 버스정류장 (03151, 재활용)",도로변(횡단보도 포함),재활용쓰레기,37.5364178,126.9866467,11030520.0,용산2가동,정상 지오코딩
761,용산구,이태원동 128-9,이태원역 4번출구 버스정류장(03191),정류소(버스 가로변),일반쓰레기,37.5342373,126.9932375,11030650.0,이태원1동,정상 지오코딩
762,용산구,보광동 217-23,보광동 주민센터 버스정류장(03278),정류소(버스 가로변),일반쓰레기,37.5263953,127.0005173,11030700.0,보광동,정상 지오코딩
763,용산구,한남동 262-1,독서당로 71 청산빌딩 앞 버스정류장(03212),정류소(버스 가로변),일반쓰레기,37.5340827,127.0083845,11030740.0,한남동,정상 지오코딩
764,용산구,한남동 522-1 북쪽,독서당로 한남주차장 앞 버스정류장(03286),정류소(버스 가로변),일반쓰레기,37.5303377,127.007715,11030740.0,한남동,정상 지오코딩
765,용산구,한남동 726-465,한남대로 오일뱅크 버스정류장(03158),정류소(버스 가로변),일반쓰레기,37.5460824,127.0023469,11030740.0,한남동,정상 지오코딩
766,용산구,이촌동 301-10,신용산초등학교 버스장류장(03219),정류소(버스 가로변),일반쓰레기,37.5200578,126.9745363,11030630.0,이촌1동,정상 지오코딩
767,용산구,원효로2가 27-3,남정초등학교 앞 버스정류장(03143),정류소(버스 가로변),일반쓰레기,37.536322,126.9636821,11030720.0,원효로1동,정상 지오코딩
768,용산구,후암동 262-3,후암동 종점 버스정류장(03204),정류소(버스 가로변),일반쓰레기,37.5468113,126.9809543,11030510.0,후암동,정상 지오코딩
769,용산구,남영동 3-4,남영우체국 앞 버스정류장(03208),정류소(버스 가로변),일반쓰레기,37.5450937,126.9732272,11030530.0,남영동,정상 지오코딩
770,용산구,서계동 267-14,만리동고개 버스정류장(03227),정류소(버스 가로변),일반쓰레기,37.551646,126.9628815,11030710.0,청파동,정상 지오코딩
771,용산구,효창동 251-3,효창공원앞 역 1번출구,정류소(버스 가로변),일반쓰레기,37.5394997,126.9612084,11030580.0,효창동,정상 지오코딩
772,용산구,청파동2가 64-18,청파순복음교회 앞 버스정류장(03232),정류소(버스 가로변),일반쓰레기,37.5448399,126.9665894,11030710.0,청파동,정상 지오코딩
773,용산구,문배동 11-25,한국SGI 용산문화회관 앞,도로변(횡단보도 포함),일반쓰레기,37.5378152,126.9697388,11030720.0,원효로1동,정상 지오코딩
774,용산구,이태원동 22-44(보광로 95),"보광로삼거리, 세븐일레븐 이태원청화점 앞",도로변(횡단보도 포함),일반쓰레기,37.5314167,126.9939698,11030650.0,이태원1동,정상 지오코딩
775,용산구,한강로1가 14-29,삼각지역 11번출구 버스정류장(03328),지하철역 입구,일반쓰레기,37.5363119,126.9746399,11030730.0,한강로동,정상 지오코딩
776,용산구,한강로1가 14-29,삼각지역 11번출구 버스정류장(03328),지하철역 입구,재활용쓰레기,37.5363119,126.9746399,11030730.0,한강로동,정상 지오코딩
777,용산구,한강로1가 97,삼각지역 14번출구(교통섬) 자전거대여소,지하철역 입구,일반쓰레기,37.5356045,126.9740271,11030730.0,한강로동,정상 지오코딩
778,용산구,한강로1가 97,삼각지역 14번출구(교통섬) 자전거대여소,지하철역 입구,재활용쓰레기,37.5356045,126.9740271,11030730.0,한강로동,정상 지오코딩
779,용산구,용산동3가 1-96,전쟁기념관 버스정류장(03185)녹사평방면,정류소(버스 가로변),일반쓰레기,37.5344282,126.9754278,11030730.0,한강로동,정상 지오코딩
780,용산구,용산동3가 1-96,전쟁기념관 버스정류장(03185)녹사평방면,정류소(버스 가로변),재활용쓰레기,37.5344282,126.9754278,11030730.0,한강로동,정상 지오코딩
781,용산구,용산동2가 6-6,녹사평역 1번출구 버스정류장(03186),지하철역 입구,일반쓰레기,37.53502,126.9845241,11030520.0,용산2가동,정상 지오코딩
782,용산구,용산동2가 6-6,녹사평역 1번출구 버스정류장(03186),지하철역 입구,재활용쓰레기,37.53502,126.9845241,11030520.0,용산2가동,정상 지오코딩
783,용산구,용산동4가 4,녹사평역 4번출구 버스정류장(03187),지하철역 입구,일반쓰레기,37.5344455,126.9855245,11030520.0,용산2가동,정상 지오코딩
784,용산구,용산동4가 4,녹사평역 4번출구 버스정류장(03187),지하철역 입구,재활용쓰레기,37.5344455,126.9855245,11030520.0,용산2가동,정상 지오코딩
785,용산구,용산동4가 1-1,녹사평역 3번출구 앞,지하철역 입구,일반쓰레기,37.5343252,126.9875923,11030520.0,용산2가동,정상 지오코딩
786,용산구,용산동4가 1-1,녹사평역 3번출구 앞,지하철역 입구,재활용쓰레기,37.5343252,126.9875923,11030520.0,용산2가동,정상 지오코딩
787,용산구,이태원동 34-114,이태원1 공중화장실 앞,도로변(횡단보도 포함),일반쓰레기,37.5343216,126.9886817,11030650.0,이태원1동,정상 지오코딩
788,용산구,이태원동 34-114,이태원1 공중화장실 앞,도로변(횡단보도 포함),재활용쓰레기,37.5343216,126.9886817,11030650.0,이태원1동,정상 지오코딩
789,용산구,이태원동 57-30,용산구청.이태원시장 버스정류장(03189),정류소(버스 가로변),일반쓰레기,37.534059,126.990006,11030650.0,이태원1동,정상 지오코딩
790,용산구,이태원동 57-30,용산구청.이태원시장 버스정류장(03189),정류소(버스 가로변),재활용쓰레기,37.534059,126.990006,11030650.0,이태원1동,정상 지오코딩
791,용산구,이태원동 176-2,용산구청.이태원시장 버스정류장(03188),정류소(버스 가로변),일반쓰레기,37.5345043,126.9906994,11030650.0,이태원1동,정상 지오코딩
792,용산구,이태원동 176-2,용산구청.이태원시장 버스정류장(03188),정류소(버스 가로변),재활용쓰레기,37.5345043,126.9906994,11030650.0,이태원1동,정상 지오코딩
793,용산구,이태원동 58-8,이태원시장 입구 횡단보도,도로변(횡단보도 포함),일반쓰레기,37.5340584,126.9905626,11030650.0,이태원1동,정상 지오코딩
794,용산구,이태원동 58-8,이태원시장 입구 횡단보도,도로변(횡단보도 포함),재활용쓰레기,37.5340584,126.9905626,11030650.0,이태원1동,정상 지오코딩
795,용산구,이태원동 168-17,ABC마트 ST이태원점 앞,도로변(횡단보도 포함),일반쓰레기,37.5345242,126.9916849,11030650.0,이태원1동,정상 지오코딩
796,용산구,이태원동 168-17,ABC마트 ST이태원점 앞,도로변(횡단보도 포함),재활용쓰레기,37.5345242,126.9916849,11030650.0,이태원1동,정상 지오코딩
797,용산구,이태원동 72-35,이태원3 공중화장실 앞 횡단보도,도로변(횡단보도 포함),일반쓰레기,37.534204,126.9920801,11030650.0,이태원1동,정상 지오코딩
798,용산구,이태원동 72-35,이태원3 공중화장실 앞 횡단보도,도로변(횡단보도 포함),재활용쓰레기,37.534204,126.9920801,11030650.0,이태원1동,정상 지오코딩
799,용산구,이태원동 119-11,이태원역1번출구.해밀턴호텔 버스정류장(03190),정류소(버스 가로변),일반쓰레기,37.534664,126.9930558,11030650.0,이태원1동,정상 지오코딩
800,용산구,이태원동 119-11,이태원역1번출구.해밀턴호텔 버스정류장(03190),정류소(버스 가로변),재활용쓰레기,37.534664,126.9930558,11030650.0,이태원1동,정상 지오코딩
801,용산구,이태원동 127-12,이태원역3번출구 횡단보도,정류소(버스 가로변),일반쓰레기,37.5342646,126.9942133,11030650.0,이태원1동,정상 지오코딩
802,용산구,이태원동 127-12,이태원역3번출구 횡단보도,정류소(버스 가로변),재활용쓰레기,37.5342646,126.9942133,11030650.0,이태원1동,정상 지오코딩
803,용산구,이태원동 123-26,NH농협은행 이태원지점 앞 횡단보도,도로변(횡단보도 포함),일반쓰레기,37.5348129,126.9952778,11030650.0,이태원1동,정상 지오코딩
804,용산구,이태원동 123-26,NH농협은행 이태원지점 앞 횡단보도,도로변(횡단보도 포함),재활용쓰레기,37.5348129,126.9952778,11030650.0,이태원1동,정상 지오코딩
805,용산구,이태원동 124-5,G-SHOCK(지샥) 이태원점 앞 횡단보도),도로변(횡단보도 포함),일반쓰레기,37.534826,126.9956689,11030650.0,이태원1동,정상 지오코딩
806,용산구,이태원동 124-5,G-SHOCK(지샥) 이태원점 앞 횡단보도),도로변(횡단보도 포함),재활용쓰레기,37.534826,126.9956689,11030650.0,이태원1동,정상 지오코딩
807,용산구,이태원동 124-9,이태원119안전센터 버스정류장(03192) ,정류소(버스 가로변),일반쓰레기,37.5348164,126.9965825,11030650.0,이태원1동,정상 지오코딩
808,용산구,이태원동 124-9,이태원119안전센터 버스정류장(03192) ,정류소(버스 가로변),재활용쓰레기,37.5348164,126.9965825,11030650.0,이태원1동,정상 지오코딩
809,용산구,한남동 736-11,이태원119안전센터 버스정류장(03193),정류소(버스 가로변),일반쓰레기,37.5345338,126.9970557,11030740.0,한남동,정상 지오코딩
810,용산구,한남동 736-11,이태원119안전센터 버스정류장(03193),정류소(버스 가로변),일반쓰레기,37.5345338,126.9970557,11030740.0,한남동,정상 지오코딩
811,용산구,한남동 736-8,스페인클럽 이태원점 앞,도로변(횡단보도 포함),일반쓰레기,37.5346827,126.9981428,11030740.0,한남동,정상 지오코딩
812,용산구,보광로59길40,CU 이태원점,상가지역,담배꽁초 수거함,37.5339606,126.9918135,11030650.0,이태원1동,정상 지오코딩
813,용산구,이태원로 185,GS25 이태원점,상가지역,담배꽁초 수거함,37.534725,126.9945955,11030650.0,이태원1동,정상 지오코딩
814,용산구,이태원로 191,무신사유료주차장,상가지역,담배꽁초 수거함,37.5348556,126.9952471,11030650.0,이태원1동,정상 지오코딩
815,용산구,보광로 42,알파약국 맞은편,도로변(횡단보도 포함),담배꽁초 수거함,37.5281265,126.9994107,11030700.0,보광동,정상 지오코딩
816,용산구,백범로 318,용산장어마을,도로변(횡단보도 포함),담배꽁초 수거함,37.5383328,126.9642262,11030720.0,원효로1동,정상 지오코딩
817,용산구,원효로97길 3,나래네집 골목,상가지역,담배꽁초 수거함,37.5415481,126.9701949,11030720.0,원효로1동,정상 지오코딩
818,용산구,원효로41길 64,돌솥찌개마을,상가지역,담배꽁초 수거함,37.5355256,126.9607722,11030720.0,원효로1동,정상 지오코딩
819,용산구,원효로41길 58,할매보쌈부대찌개,상가지역,담배꽁초 수거함,37.5353433,126.9604845,11030720.0,원효로1동,정상 지오코딩
820,용산구,새창로 124-10,창성옥,상가지역,담배꽁초 수거함,37.5363904,126.9604102,11030590.0,용문동,정상 지오코딩
821,용산구,후암로57길 9(1),아재커피 맞은편,상가지역,담배꽁초 수거함,37.5530481,126.9741293,11030530.0,남영동,정상 지오코딩
822,용산구,후암로57길 9(2),아재커피 맞은편,상가지역,담배꽁초 수거함,37.5530481,126.9741293,11030530.0,남영동,정상 지오코딩
823,용산구,새창로 146-1,GS25 맞은편,상가지역,담배꽁초 수거함,37.5363904,126.9604102,11030590.0,용문동,인근 도로명번지 추정(번지차 22)
824,용산구,새창로 116-7,대포항회,상가지역,담배꽁초 수거함,37.5367665,126.9602625,11030590.0,용문동,정상 지오코딩
825,용산구,새창로 120-5,말이네뽈찜,상가지역,담배꽁초 수거함,37.5365345,126.9604855,11030590.0,용문동,정상 지오코딩
826,용산구,원효로41길 67,술취한고양이,상가지역,담배꽁초 수거함,37.5355256,126.9607722,11030720.0,원효로1동,인근 도로명번지 추정(번지차 3)
827,용산구,새창로 124-10,용산드림부동산,상가지역,담배꽁초 수거함,37.5363904,126.9604102,11030590.0,용문동,정상 지오코딩
828,용산구,새창로 114-6,위대한치킨동무,상가지역,담배꽁초 수거함,37.5372058,126.9600681,11030590.0,용문동,정상 지오코딩
829,용산구,한강대로 58-1,노블레지던스 앞,도로변(횡단보도 포함),담배꽁초 수거함,37.5258326,126.9651153,11030730.0,한강로동,정상 지오코딩
830,용산구,원효로41길 53,옹기종기,상가지역,담배꽁초 수거함,37.5354702,126.9601402,11030570.0,원효로2동,정상 지오코딩
831,용산구,이태원로27가길 42,세계음식거리,상가지역,담배꽁초 수거함,37.5350476,126.9928276,11030650.0,이태원1동,정상 지오코딩
832,용산구,이태원로27가길 54,세계음식거리,상가지역,담배꽁초 수거함,37.5349948,126.9922648,11030650.0,이태원1동,정상 지오코딩
833,용산구,서울 용산구 이태원로19길 6-5,세계음식거리,상가지역,담배꽁초 수거함,37.5348424,126.9922186,11030650.0,이태원1동,API 재시도-주소검색-원본
834,용산구,이태원로27가길 13,세계음식거리,상가지역,담배꽁초 수거함,37.5349517,126.9945696,11030650.0,이태원1동,정상 지오코딩
835,용산구,보광로59길 29,아노브피자,상가지역,담배꽁초 수거함,37.533814,126.9923088,11030650.0,이태원1동,정상 지오코딩
836,용산구,장문로 83,기아자동차대리점옆 벽면,도로변(횡단보도 포함),담배꽁초 수거함,37.5261902,126.9988631,11030700.0,보광동,정상 지오코딩
837,용산구,서빙고로91길 2,보광나들목 입구,도로변(횡단보도 포함),담배꽁초 수거함,37.5247315,127.001706,11030700.0,보광동,정상 지오코딩
838,용산구,보광로 25-1,보광파출소옆 벽면,도로변(횡단보도 포함),담배꽁초 수거함,37.5267146,127.0002437,11030700.0,보광동,정상 지오코딩
839,용산구,새창로 124-8,원효스시,상가지역,담배꽁초 수거함,37.5363927,126.9604866,11030590.0,용문동,정상 지오코딩
840,용산구,효창원로 227,데시앙포레 105동 앞,도로변(횡단보도 포함),담배꽁초 수거함,37.5473793,126.9620391,11030580.0,효창동,정상 지오코딩
841,용산구,효창원로69길 15,GS편의점 옆,도로변(횡단보도 포함),담배꽁초 수거함,37.5418542,126.9612608,11030580.0,효창동,정상 지오코딩
842,용산구,서빙고로 17,신용산교회 앞,도로변(횡단보도 포함),담배꽁초 수거함,37.5269056,126.9665662,11030730.0,한강로동,정상 지오코딩
843,용산구,문배동 24-39,아크로타워,"광장, 공원",담배꽁초 수거함,37.5363124,126.9687192,11030720.0,원효로1동,정상 지오코딩
844,용산구,원효로41길 60,찌갠쭈꾸미,상가지역,담배꽁초 수거함,37.535328,126.9607345,11030720.0,원효로1동,정상 지오코딩
845,용산구,원효로41길 12,프리모커피,상가지역,담배꽁초 수거함,37.5342919,126.9583841,11030570.0,원효로2동,정상 지오코딩
846,용산구,원효로41길 34,모두랑,상가지역,담배꽁초 수거함,37.5347868,126.9593317,11030570.0,원효로2동,정상 지오코딩
847,용산구,이태원로16길 14,전주식당,상가지역,담배꽁초 수거함,37.5335939,126.9911422,11030650.0,이태원1동,정상 지오코딩
848,용산구,회나무로 46,녹지정,상가지역,담배꽁초 수거함,37.5396648,126.9918555,11030660.0,이태원2동,정상 지오코딩
849,용산구,회나무로13길 5,빽다방,상가지역,담배꽁초 수거함,37.5395346,126.9892815,11030660.0,이태원2동,정상 지오코딩
850,용산구,한강대로42길 9,대한불교진각종,도로변(횡단보도 포함),담배꽁초 수거함,37.5307277,126.9703128,11030730.0,한강로동,정상 지오코딩
851,용산구,대사관로19길 11(1),한남중앙교회,도로변(횡단보도 포함),담배꽁초 수거함,37.5341011,127.0034186,11030740.0,한남동,정상 지오코딩
852,용산구,대사관로19길 11(2),한남중앙교회,도로변(횡단보도 포함),담배꽁초 수거함,37.5341011,127.0034186,11030740.0,한남동,정상 지오코딩
853,성동구,왕십리로 63,서울숲역 3번출구,지하철역 입구,일반쓰레기,37.5436228,127.0435859,11040650.0,성수1가1동,정상 지오코딩
854,성동구,마조로 77,성동노인종합복지관 앞,도로변(횡단보도 포함),일반쓰레기,37.5647847,127.0412399,11040540.0,마장동,정상 지오코딩
855,성동구,행당동 33-13,한양대역 1번 출구 앞,지하철역 입구,일반쓰레기,37.5569761,127.0432039,11040550.0,사근동,정상 지오코딩
856,성동구,행당동 33-13,한양대역 1번 출구 앞,지하철역 입구,재활용쓰레기,37.5569761,127.0432039,11040550.0,사근동,정상 지오코딩
857,성동구,동일로 95,풀하우스고시텔 앞,도로변(횡단보도 포함),일반쓰레기,37.5412705,127.063211,11040680.0,성수2가3동,정상 지오코딩
858,성동구,왕십리로 94-1,메가커피 앞,도로변(횡단보도 포함),일반쓰레기,37.545999,127.0449457,11040650.0,성수1가1동,정상 지오코딩
859,성동구,아차산로 85,하남돼지집 앞,도로변(횡단보도 포함),일반쓰레기,37.5455843,127.0536851,11040680.0,성수2가3동,정상 지오코딩
860,성동구,성수동2가 300-85,성수역 2번 출구,지하철역 입구,일반쓰레기,37.5445184,127.056825,11040680.0,성수2가3동,정상 지오코딩
861,성동구,아차산로 116,성수역 3번 출구,지하철역 입구,일반쓰레기,37.5440416,127.0566276,11040680.0,성수2가3동,정상 지오코딩
862,성동구,아차산로 116,성수역 3번 출구,지하철역 입구,일반쓰레기,37.5440416,127.0566276,11040680.0,성수2가3동,정상 지오코딩
863,성동구,천호대로 308,04-001 중앙버스차로 ,정류소(버스 중앙차로),일반쓰레기,37.5652249,127.0542338,11040700.0,용답동,정상 지오코딩
864,성동구,천호대로 376,04-002 중앙버스차로,정류소(버스 중앙차로),일반쓰레기,37.5617046,127.060643,11040700.0,용답동,정상 지오코딩
865,성동구,천호대로 426,04-003 중앙버스차로,정류소(버스 중앙차로),일반쓰레기,37.5608946,127.0662289,11040700.0,용답동,정상 지오코딩
866,성동구,천호대로 380-7,용답동 우체국 옆,도로변(횡단보도 포함),일반쓰레기,37.5615609,127.0612219,11040700.0,용답동,정상 지오코딩
867,성동구,자동차시장1길 73,IBK기업은행 앞,도로변(횡단보도 포함),일반쓰레기,37.5607951,127.0656498,11040700.0,용답동,정상 지오코딩
868,성동구,고산자로 164,04-140 응봉사거리 정류소 옆,정류소(버스 가로변),일반쓰레기,37.5550688,127.0354241,11040560.0,행당1동,정상 지오코딩
869,성동구,행당로6길 2,논골사거리 GS시 편의점 앞,도로변(횡단보도 포함),일반쓰레기,37.5553937,127.0253719,11040590.0,금호1가동,정상 지오코딩
870,성동구,금호로 86,금호연풍교회 앞,도로변(횡단보도 포함),일반쓰레기,37.5512121,127.0257694,11040590.0,금호1가동,정상 지오코딩
871,성동구,금호로 107,하이리버 커뮤니티 센터 앞,도로변(횡단보도 포함),일반쓰레기,37.5522556,127.0242556,11040720.0,금호2·3가동,정상 지오코딩
872,성동구,장터길 46,김구선생 집터 교통섬,도로변(횡단보도 포함),일반쓰레기,37.5481734,127.0209986,11040620.0,금호4가동,정상 지오코딩
873,성동구,금호동4가 1450,08번 마을버스 회차 지점,정류소(버스 가로변),일반쓰레기,37.5482268,127.0164702,11040620.0,금호4가동,정상 지오코딩
874,성동구,매봉길 50,금호역 3번 출구,지하철역 입구,일반쓰레기,37.5472989,127.0121894,11040730.0,옥수동,정상 지오코딩
875,성동구,독서당로 211,옥수파출소 앞,도로변(횡단보도 포함),일반쓰레기,37.5438389,127.0143489,11040730.0,옥수동,정상 지오코딩
876,성동구,독서당로 187,극동아파트상가 KB국민은행 앞,도로변(횡단보도 포함),일반쓰레기,37.5426797,127.0118898,11040730.0,옥수동,정상 지오코딩
877,성동구,금호로 173,신금호파크자이 정문 옆,도로변(횡단보도 포함),일반쓰레기,37.5562788,127.0181523,11040720.0,금호2·3가동,정상 지오코딩
878,성동구,고산자로 269,신한넥스텔 이디야커피 옆,도로변(횡단보도 포함),일반쓰레기,37.5636973,127.0357739,11040710.0,왕십리도선동,정상 지오코딩
879,성동구,성수동1가 685-30,04-222 뚝섬서울숲 정류소 옆,정류소(버스 가로변),일반쓰레기,37.5440346,127.0364169,11040650.0,성수1가1동,정상 지오코딩
880,성동구,마조로 77,성동노인종합복지관 앞(04-759),정류소(버스 가로변),일반쓰레기,37.5647847,127.0412399,11040540.0,마장동,정상 지오코딩
881,성동구,마조로 77,성동노인종합복지관 앞(04-759),정류소(버스 가로변),재활용쓰레기,37.5647847,127.0412399,11040540.0,마장동,정상 지오코딩
882,성동구,마장로 292,마장역 4번출구(04-117),정류소(버스 가로변),일반쓰레기,37.5653831,127.0423237,11040540.0,마장동,정상 지오코딩
883,성동구,마장로 292,마장역 4번출구(04-117),정류소(버스 가로변),재활용쓰레기,37.5653831,127.0423237,11040540.0,마장동,정상 지오코딩
884,성동구,왕십리로 89,성동구민체육센터 앞,도로변(횡단보도 포함),일반쓰레기,37.5458415,127.044028,11040650.0,성수1가1동,정상 지오코딩
885,성동구,왕십리로 89,성동구민체육센터 앞,도로변(횡단보도 포함),재활용쓰레기,37.5458415,127.044028,11040650.0,성수1가1동,정상 지오코딩
886,성동구,무학로 8-1,무학로 8-1 앞 버스정류장(04-598),정류소(버스 가로변),일반쓰레기,37.5648407,127.030294,11040710.0,왕십리도선동,정상 지오코딩
887,성동구,왕십리로 332,왕십리로 332 앞 버스정류장(04-110),정류소(버스 가로변),일반쓰레기,37.5630483,127.0331586,11040710.0,왕십리도선동,정상 지오코딩
888,성동구,고산자로 269,고산자로 269 앞 버스정류장(04-112),정류소(버스 가로변),일반쓰레기,37.5636973,127.0357739,11040710.0,왕십리도선동,정상 지오코딩
889,성동구,고산자로 341-1,고산자로 341-1 버스정류장(04-120),정류소(버스 가로변),일반쓰레기,37.5702466,127.0373744,11040540.0,마장동,정상 지오코딩
890,성동구,고산자로 354,고산자로 354 버스정류장(04-119),정류소(버스 가로변),일반쓰레기,37.5712195,127.0383634,11040540.0,마장동,정상 지오코딩
891,성동구,고산자로 354,고산자로 354 버스정류장(04-119),정류소(버스 가로변),재활용쓰레기,37.5712195,127.0383634,11040540.0,마장동,정상 지오코딩
892,성동구,마장로 305,마장로 305 버스정류장(04-271),정류소(버스 가로변),일반쓰레기,37.5666627,127.0433162,11040540.0,마장동,정상 지오코딩
893,성동구,고산자로 280,성동광진교육청 앞,도로변(횡단보도 포함),일반쓰레기,37.5640091,127.0366883,11040560.0,행당1동,정상 지오코딩
894,성동구,고산자로 280,성동광진교육청 앞,도로변(횡단보도 포함),재활용쓰레기,37.5640091,127.0366883,11040560.0,행당1동,정상 지오코딩
895,성동구,고산자로 164,응봉사거리(04140),정류소(버스 가로변),일반쓰레기,37.5550688,127.0354241,11040560.0,행당1동,정상 지오코딩
896,성동구,난계로 84,풍림아파트(04276),정류소(버스 가로변),일반쓰레기,37.5591314,127.0240799,11040520.0,왕십리2동,정상 지오코딩
897,성동구,금호동2가 1217,래미안하이리버아파트(04150),정류소(버스 가로변),일반쓰레기,37.5512925,127.0245414,11040720.0,금호2·3가동,정상 지오코딩
898,성동구,동호로 93,금호역3번 출구,도로변(횡단보도 포함),일반쓰레기,37.5475921,127.015402,11040620.0,금호4가동,정상 지오코딩
899,성동구,장터길 46,우리은행 앞(금남시장 삼거리),도로변(횡단보도 포함),일반쓰레기,37.5481734,127.0209986,11040620.0,금호4가동,정상 지오코딩
900,성동구,장터길 46,우리은행 앞(금남시장 삼거리),도로변(횡단보도 포함),재활용쓰레기,37.5481734,127.0209986,11040620.0,금호4가동,정상 지오코딩
901,성동구,독서당로 207,옥수동성당(04801),정류소(버스 가로변),일반쓰레기,37.5438292,127.0139105,11040730.0,옥수동,정상 지오코딩
902,성동구,독서당로 187,옥수동 극동아파트상가 국민은행(04802),정류소(버스 가로변),일반쓰레기,37.5426797,127.0118898,11040730.0,옥수동,정상 지오코딩
903,성동구,독서당로39길 43-1,옥정중학교(04783),정류소(버스 가로변),일반쓰레기,37.5408854,127.0109377,11040730.0,옥수동,정상 지오코딩
904,성동구,성수일로 34,경동초등학교 입구(04243),정류소(버스 가로변),일반쓰레기,37.5438255,127.0500737,11040650.0,성수1가1동,정상 지오코딩
905,성동구,성수일로 34,경동초등학교 입구(04243),정류소(버스 가로변),재활용쓰레기,37.5438255,127.0500737,11040650.0,성수1가1동,정상 지오코딩
906,성동구,독서당로 274,금옥초등학교 건너편(04157),정류소(버스 가로변),일반쓰레기,37.546949,127.0197703,11040620.0,금호4가동,정상 지오코딩
907,성동구,독서당로 274,금옥초등학교 건너편(04157),정류소(버스 가로변),재활용쓰레기,37.546949,127.0197703,11040620.0,금호4가동,정상 지오코딩
908,성동구,금호로 173,신금호파크자이아파트 앞(04146),정류소(버스 가로변),일반쓰레기,37.5562788,127.0181523,11040720.0,금호2·3가동,정상 지오코딩
909,성동구,금호로 173,신금호파크자이아파트 앞(04146),정류소(버스 가로변),재활용쓰레기,37.5562788,127.0181523,11040720.0,금호2·3가동,정상 지오코딩
910,성동구,장터길 49-1,장터길 49-1 금남시장 앞(04751),정류소(버스 가로변),일반쓰레기,37.5484404,127.0215138,11040720.0,금호2·3가동,정상 지오코딩
911,성동구,행당로6길 97,행당역 3번 출구,도로변(횡단보도 포함),일반쓰레기,37.5572008,127.0301759,11040570.0,행당2동,정상 지오코딩
912,성동구,행당로6길 97,행당역 3번 출구,도로변(횡단보도 포함),재활용쓰레기,37.5572008,127.0301759,11040570.0,행당2동,정상 지오코딩
913,성동구,성수동1가 656-1985,서울숲역 2번출구,지하철역 입구,일반쓰레기,37.5429163,127.0447917,11040650.0,성수1가1동,정상 지오코딩
914,성동구,성수동1가 685-580,뚝섬치안센터 앞(04-180),정류소(버스 가로변),일반쓰레기,37.5463208,127.0443916,11040660.0,성수1가2동,정상 지오코딩
915,성동구,성수동1가 685-580,뚝섬치안센터 앞(04-180),정류소(버스 가로변),재활용쓰레기,37.5463208,127.0443916,11040660.0,성수1가2동,정상 지오코딩
916,성동구,아차산로 17,뚝섬역2번출구(04-237),정류소(버스 가로변),일반쓰레기,37.5479607,127.0464405,11040660.0,성수1가2동,정상 지오코딩
917,성동구,성수동1가 671-357,성동교남단(04-185),정류소(버스 가로변),일반쓰레기,37.5498661,127.0427753,11040660.0,성수1가2동,정상 지오코딩
918,성동구,성수동1가 671-357,성동교남단(04-185),정류소(버스 가로변),재활용쓰레기,37.5498661,127.0427753,11040660.0,성수1가2동,정상 지오코딩
919,성동구,성수동1가 2-10,CU성수스페이스타워점 맞은편(04-188),정류소(버스 가로변),일반쓰레기,37.5523474,127.0482415,11040690.0,송정동,정상 지오코딩
920,성동구,성수동1가 2-10,CU성수스페이스타워점 맞은편(04-188),정류소(버스 가로변),재활용쓰레기,37.5523474,127.0482415,11040690.0,송정동,정상 지오코딩
921,성동구,광나루로2길 1,광나루로2길 1 인근,도로변(횡단보도 포함),일반쓰레기,37.5502001,127.0534462,11040680.0,성수2가3동,정상 지오코딩
922,성동구,광나루로2길 1,광나루로2길 1 인근,도로변(횡단보도 포함),재활용쓰레기,37.5502001,127.0534462,11040680.0,성수2가3동,정상 지오코딩
923,성동구,뚝섬로13길 14,뚝섬로13길 14 앞,도로변(횡단보도 포함),일반쓰레기,37.539509,127.0592712,11040670.0,성수2가1동,정상 지오코딩
924,성동구,뚝섬로13길 14,뚝섬로13길 15 앞,도로변(횡단보도 포함),재활용쓰레기,37.539509,127.0592712,11040670.0,성수2가1동,정상 지오코딩
925,성동구,왕십리로 88,하나은행 앞,도로변(횡단보도 포함),일반쓰레기,37.5454583,127.0452363,11040650.0,성수1가1동,정상 지오코딩
926,성동구,왕십리로 88,하나은행 앞,도로변(횡단보도 포함),재활용쓰레기,37.5454583,127.0452363,11040650.0,성수1가1동,정상 지오코딩
927,성동구,왕십리로 50,왕십리로 50 앞,도로변(횡단보도 포함),일반쓰레기,37.5419,127.0449756,11040650.0,성수1가1동,정상 지오코딩
928,성동구,아차산로 97,성수역 1번출구,지하철역 입구,일반쓰레기,37.5452325,127.0551237,11040680.0,성수2가3동,정상 지오코딩
929,성동구,성수동2가 277-56,성수동2가 277-56 인근,도로변(횡단보도 포함),일반쓰레기,37.5440629,127.0590148,11040680.0,성수2가3동,정상 지오코딩
930,성동구,성수일로59-1,테크노빌딩 앞,도로변(횡단보도 포함),일반쓰레기,37.5459362,127.0499744,11040660.0,성수1가2동,정상 지오코딩
931,성동구,성수동1가 683,뚝섬서울숲(04222),정류소(버스 가로변),일반쓰레기,37.5452167,127.0353726,11040650.0,성수1가1동,정상 지오코딩
932,성동구,천호대로 232,2호선 신답역 앞,도로변(횡단보도 포함),일반쓰레기,37.5699911,127.0468202,11040700.0,용답동,정상 지오코딩
933,성동구,천호대로 342,천호대로 342 앞,도로변(횡단보도 포함),일반쓰레기,37.5632238,127.0567009,11040700.0,용답동,정상 지오코딩
934,성동구,동일로 265,동일로 265 앞,도로변(횡단보도 포함),일반쓰레기,37.5553281,127.0711086,11040690.0,송정동,정상 지오코딩
935,성동구,동일로 199,동일로 199 앞,도로변(횡단보도 포함),일반쓰레기,37.5499635,127.0680701,11040690.0,송정동,정상 지오코딩
936,성동구,광나루로 307,광나루로 307 앞,도로변(횡단보도 포함),일반쓰레기,37.5484118,127.0640661,11040690.0,송정동,정상 지오코딩
937,성동구,광나루로 230,광나루로 230 앞,도로변(횡단보도 포함),일반쓰레기,37.5494503,127.0553519,11040680.0,성수2가3동,정상 지오코딩
938,성동구,광나루로 290,광나루로 290 앞,도로변(횡단보도 포함),일반쓰레기,37.5477149,127.061988,11040680.0,성수2가3동,정상 지오코딩
939,성동구,동일로 97,서울효사랑병원 앞(04-209),정류소(버스 가로변),일반쓰레기,37.5412705,127.063211,11040680.0,성수2가3동,인근 도로명번지 추정(번지차 2)
940,성동구,천호대로 304,천호대로 304 앞(04-218),정류소(버스 가로변),일반쓰레기,37.5654469,127.0540208,11040700.0,용답동,정상 지오코딩
941,성동구,천호대로 304,천호대로 304 앞(04-218),정류소(버스 가로변),재활용쓰레기,37.5654469,127.0540208,11040700.0,용답동,정상 지오코딩
942,성동구,천호대로 432,천호대로 432 앞,도로변(횡단보도 포함),일반쓰레기,37.560751,127.0668536,11040700.0,용답동,정상 지오코딩
943,성동구,천호대로 432,천호대로 432 앞,도로변(횡단보도 포함),재활용쓰레기,37.560751,127.0668536,11040700.0,용답동,정상 지오코딩
944,성동구,동일로 185,동일로 185 앞,도로변(횡단보도 포함),일반쓰레기,37.5487034,127.067403,11040690.0,송정동,정상 지오코딩
945,성동구,동일로 185,동일로 185 앞,도로변(횡단보도 포함),재활용쓰레기,37.5487034,127.067403,11040690.0,송정동,정상 지오코딩
946,성동구,광나루로 243,제인병원 앞,도로변(횡단보도 포함),일반쓰레기,37.5494613,127.0569437,11040690.0,송정동,정상 지오코딩
947,성동구,광나루로 243,제인병원 앞,도로변(횡단보도 포함),재활용쓰레기,37.5494613,127.0569437,11040690.0,송정동,정상 지오코딩
948,성동구,성수이로 118,성수이로 118 앞,도로변(횡단보도 포함),일반쓰레기,37.5451737,127.0578573,11040680.0,성수2가3동,정상 지오코딩
949,성동구,성수이로 118,성수이로 118 앞,도로변(횡단보도 포함),재활용쓰레기,37.5451737,127.0578573,11040680.0,성수2가3동,정상 지오코딩
950,성동구,천호대로 380-7,천호대로 380-7 앞,도로변(횡단보도 포함),일반쓰레기,37.5615609,127.0612219,11040700.0,용답동,정상 지오코딩
951,성동구,천호대로 400,천호대로 400 앞,도로변(횡단보도 포함),일반쓰레기,37.5612965,127.0633215,11040700.0,용답동,정상 지오코딩
952,성동구,천호대로 420,천호대로 420 앞,도로변(횡단보도 포함),일반쓰레기,37.5609234,127.0655474,11040700.0,용답동,정상 지오코딩
953,성동구,성수동1가 685-701번지 공사장 가림막 앞,성수동1가 685-701번지 공사장 가림막 앞,도로변(횡단보도 포함),일반쓰레기,37.5429212,127.043345,11040650.0,성수1가1동,정상 지오코딩
954,성동구,성수동1가 685-701번지 공사장 가림막 앞,성수동1가 685-701번지 공사장 가림막 앞,도로변(횡단보도 포함),일반쓰레기,37.5429212,127.043345,11040650.0,성수1가1동,정상 지오코딩
955,성동구,왕십리로 317,왕십리로 317,도로변(횡단보도 포함),일반쓰레기,37.5618891,127.034049,11040560.0,행당1동,정상 지오코딩
956,성동구,동일로 205(송정동),동일로 205(송정동),도로변(횡단보도 포함),일반쓰레기,37.5502931,127.0683521,11040690.0,송정동,정상 지오코딩
957,성동구,동일로 205(송정동),동일로 205(송정동),도로변(횡단보도 포함),재활용쓰레기,37.5502931,127.0683521,11040690.0,송정동,정상 지오코딩
958,성동구,천호대로 378-1(용답동),천호대로 378-1(용답동),도로변(횡단보도 포함),일반쓰레기,37.5617979,127.0608204,11040700.0,용답동,정상 지오코딩
959,성동구,천호대로 378-1(용답동),천호대로 378-1(용답동),도로변(횡단보도 포함),재활용쓰레기,37.5617979,127.0608204,11040700.0,용답동,정상 지오코딩
960,성동구,서울특별시 성동구 마조로 22-2,한양대동문 앞(04-303),도로변(횡단보도 포함),일반쓰레기,37.5594808,127.0413463,11040550.0,사근동,API 재시도-주소검색-원본
961,성동구,서울특별시 성동구 마조로 22-2,한양대동문 앞(04-303),도로변(횡단보도 포함),재활용쓰레기,37.5594808,127.0413463,11040550.0,사근동,API 재시도-주소검색-원본
962,성동구,금호로 166(금호동1가),금호로 166(금호동1가),도로변(횡단보도 포함),재활용쓰레기,37.5556472,127.0202285,11040590.0,금호1가동,정상 지오코딩
963,성동구,"금호로 127(금호2,3가동)","금호로 127(금호2,3가동)",도로변(횡단보도 포함),일반쓰레기,37.5531815,127.0223783,11040720.0,금호2·3가동,정상 지오코딩
964,성동구,"금호로 127(금호2,3가동)","금호로 127(금호2,3가동)",도로변(횡단보도 포함),재활용쓰레기,37.5531815,127.0223783,11040720.0,금호2·3가동,정상 지오코딩
965,성동구,행당로 75,행당로 75,도로변(횡단보도 포함),일반쓰레기,37.5566025,127.0275207,11040570.0,행당2동,정상 지오코딩
966,성동구,고산자로 197,고산자로 197,도로변(횡단보도 포함),재활용쓰레기,37.5576263,127.0338809,11040570.0,행당2동,정상 지오코딩
967,성동구,고산자로 179,고산자로 179,도로변(횡단보도 포함),재활용쓰레기,37.5561726,127.033929,11040570.0,행당2동,정상 지오코딩
968,성동구,성수이로7길 27,성수이로7길 27,도로변(횡단보도 포함),일반쓰레기,37.5415739,127.0534386,11040670.0,성수2가1동,정상 지오코딩
969,성동구,성수이로7길 27,성수이로7길 27,도로변(횡단보도 포함),재활용쓰레기,37.5415739,127.0534386,11040670.0,성수2가1동,정상 지오코딩
970,성동구,아차산로 49,아차산로 49,도로변(횡단보도 포함),일반쓰레기,37.5467876,127.0500373,11040660.0,성수1가2동,정상 지오코딩
971,성동구,아차산로 49,아차산로 49,도로변(횡단보도 포함),재활용쓰레기,37.5467876,127.0500373,11040660.0,성수1가2동,정상 지오코딩
972,성동구,아차산로 122,아차산로 122,도로변(횡단보도 포함),일반쓰레기,37.5438718,127.0574789,11040680.0,성수2가3동,정상 지오코딩
973,성동구,아차산로 122,아차산로 122,도로변(횡단보도 포함),재활용쓰레기,37.5438718,127.0574789,11040680.0,성수2가3동,정상 지오코딩
974,성동구,성수일로8길 28,성수일로8길 28,도로변(횡단보도 포함),일반쓰레기,37.5458482,127.0535499,11040680.0,성수2가3동,정상 지오코딩
975,성동구,성수일로8길 28,성수일로8길 28,도로변(횡단보도 포함),재활용쓰레기,37.5458482,127.0535499,11040680.0,성수2가3동,정상 지오코딩
976,성동구,상원길 47,상원길 47,도로변(횡단보도 포함),일반쓰레기,37.5478437,127.0472662,11040660.0,성수1가2동,정상 지오코딩
977,성동구,상원길 47,상원길 47,도로변(횡단보도 포함),재활용쓰레기,37.5478437,127.0472662,11040660.0,성수1가2동,정상 지오코딩
978,성동구,뚝섬로13길 14,뚝섬로13길 14,도로변(횡단보도 포함),일반쓰레기,37.539509,127.0592712,11040670.0,성수2가1동,정상 지오코딩
979,성동구,뚝섬로13길 14,뚝섬로13길 14,도로변(횡단보도 포함),재활용쓰레기,37.539509,127.0592712,11040670.0,성수2가1동,정상 지오코딩
980,성동구,성수일로6길 1,성수일로6길 1,도로변(횡단보도 포함),일반쓰레기,37.5457461,127.0502727,11040680.0,성수2가3동,정상 지오코딩
981,성동구,성수일로6길 1,성수일로6길 1,도로변(횡단보도 포함),재활용쓰레기,37.5457461,127.0502727,11040680.0,성수2가3동,정상 지오코딩
982,성동구,광나루로190(리버하우스),광나루로190(리버하우스),도로변(횡단보도 포함),일반쓰레기,37.5506589,127.0508234,11040660.0,성수1가2동,정상 지오코딩
983,성동구,광나루로190(리버하우스),광나루로190(리버하우스),도로변(횡단보도 포함),재활용쓰레기,37.5506589,127.0508234,11040660.0,성수1가2동,정상 지오코딩
984,성동구,성수이로 51(탐앤탐스),성수이로 51(탐앤탐스),도로변(횡단보도 포함),일반쓰레기,37.5402765,127.055101,11040670.0,성수2가1동,정상 지오코딩
985,성동구,성수이로 51(탐앤탐스),성수이로 51(탐앤탐스),도로변(횡단보도 포함),재활용쓰레기,37.5402765,127.055101,11040670.0,성수2가1동,정상 지오코딩
986,성동구,왕십리로 410 센트라스 i동 상가 앞,왕십리로 410 센트라스 i동 상가 앞,도로변(횡단보도 포함),일반쓰레기,37.5666029,127.0240825,11040710.0,왕십리도선동,정상 지오코딩
987,성동구,왕십리로 410 센트라스 i동 상가 앞,왕십리로 410 센트라스 i동 상가 앞,도로변(횡단보도 포함),재활용쓰레기,37.5666029,127.0240825,11040710.0,왕십리도선동,정상 지오코딩
988,성동구,마장로 137 텐즈힐몰,마장로 137 텐즈힐몰,도로변(횡단보도 포함),일반쓰레기,37.567825,127.0250536,11040710.0,왕십리도선동,정상 지오코딩
989,성동구,마장로 137 텐즈힐몰,마장로 137 텐즈힐몰,도로변(횡단보도 포함),재활용쓰레기,37.567825,127.0250536,11040710.0,왕십리도선동,정상 지오코딩
990,성동구,연무장5길 7,연무장5길 7,도로변(횡단보도 포함),재활용쓰레기,37.5440374,127.0524803,11040680.0,성수2가3동,정상 지오코딩
991,성동구,연무장길 24,연무장길 24,도로변(횡단보도 포함),재활용쓰레기,37.5433383,127.052066,11040670.0,성수2가1동,정상 지오코딩
992,성동구,연무장길 49,연무장길 49,도로변(횡단보도 포함),재활용쓰레기,37.5428016,127.0549152,11040680.0,성수2가3동,정상 지오코딩
993,성동구,연무장길1,연무장길1,도로변(횡단보도 포함),재활용쓰레기,37.5441698,127.0499481,11040680.0,성수2가3동,정상 지오코딩
994,성동구,연무장5길8,연무장5길8,도로변(횡단보도 포함),재활용쓰레기,37.5437818,127.052579,11040680.0,성수2가3동,정상 지오코딩
995,성동구,연무장7길8-1,연무장7길8-1,도로변(횡단보도 포함),재활용쓰레기,37.5434104,127.0546445,11040680.0,성수2가3동,정상 지오코딩
996,성동구,연무장9길5,연무장9길5,도로변(횡단보도 포함),재활용쓰레기,37.5428005,127.0556787,11040680.0,성수2가3동,정상 지오코딩
997,성동구,성수일로4길 48-2,성수일로4길 48-2,도로변(횡단보도 포함),재활용쓰레기,37.5423391,127.0540876,11040670.0,성수2가1동,정상 지오코딩
998,성동구,연무장길 46,연무장길 46,도로변(횡단보도 포함),재활용쓰레기,37.5426406,127.0543085,11040670.0,성수2가1동,정상 지오코딩
999,성동구,성수이로 77,성수이로 77,도로변(횡단보도 포함),재활용쓰레기,37.5419942,127.0559955,11040670.0,성수2가1동,정상 지오코딩
1000,성동구,연무장길 70,연무장길 70,도로변(횡단보도 포함),재활용쓰레기,37.541786,127.0570196,11040670.0,성수2가1동,정상 지오코딩
1001,성동구,뚝섬로13길 38,뚝섬로13길 38,도로변(횡단보도 포함),재활용쓰레기,37.5414105,127.0582334,11040670.0,성수2가1동,정상 지오코딩
1002,성동구,연무장7길 11,연무장7길 11,도로변(횡단보도 포함),재활용쓰레기,37.5438046,127.0544143,11040680.0,성수2가3동,정상 지오코딩
1003,광진구,강변역로 102,강변역(D)(05-267),"정류소(버스,택시 등)",일반쓰레기,37.5335523,127.092164,11050620.0,구의3동,정상 지오코딩
1004,광진구,강변역로 102,강변역(D)(05-267),"정류소(버스,택시 등)",재활용쓰레기,37.5335523,127.092164,11050620.0,구의3동,정상 지오코딩
1005,광진구,강변역로 41,강변역B(05-266),"정류소(버스,택시 등)",일반쓰레기,37.5345385,127.0941841,11050620.0,구의3동,인근 도로명번지 추정(번지차 9)
1006,광진구,강변역로 41,강변역B(05-266),"정류소(버스,택시 등)",재활용쓰레기,37.5345385,127.0941841,11050620.0,구의3동,인근 도로명번지 추정(번지차 9)
1007,광진구,강변역로 41,강변역B(05-266) 맞은편,"정류소(버스,택시 등)",일반쓰레기,37.5345385,127.0941841,11050620.0,구의3동,인근 도로명번지 추정(번지차 9)
1008,광진구,강변역로 41,강변역B(05-266) 맞은편,"정류소(버스,택시 등)",재활용쓰레기,37.5345385,127.0941841,11050620.0,구의3동,인근 도로명번지 추정(번지차 9)
1009,광진구,강변역로 50,동서울터미널 흡연부스 앞,기타,일반쓰레기,37.5345385,127.0941841,11050620.0,구의3동,정상 지오코딩
1010,광진구,강변역로 50,동서울터미널 흡연부스 앞,기타,재활용쓰레기,37.5345385,127.0941841,11050620.0,구의3동,정상 지오코딩
1011,광진구,강변역로 53,강변역2번출구 미화원휴게실 앞 ,지하철역 입구,일반쓰레기,37.5351693,127.0946646,11050620.0,구의3동,정상 지오코딩
1012,광진구,강변역로 53,강변역2번출구 미화원휴게실 앞 ,지하철역 입구,재활용쓰레기,37.5351693,127.0946646,11050620.0,구의3동,정상 지오코딩
1013,광진구,강변역로 53,동서울 터미널 신호등,도로변(횡단보도 포함),일반쓰레기,37.5351693,127.0946646,11050620.0,구의3동,정상 지오코딩
1014,광진구,강변역로 53,동서울 터미널 신호등,도로변(횡단보도 포함),재활용쓰레기,37.5351693,127.0946646,11050620.0,구의3동,정상 지오코딩
1015,광진구,광나루로 369,장안초등학교(05-247),"정류소(버스,택시 등)",일반쓰레기,37.5484611,127.0710495,11050540.0,군자동,정상 지오코딩
1016,광진구,광나루로 369,장안초등학교(05-247),"정류소(버스,택시 등)",재활용쓰레기,37.5484611,127.0710495,11050540.0,군자동,정상 지오코딩
1017,광진구,광나루로 374,광진광장(05-226),"정류소(버스,택시 등)",일반쓰레기,37.5475205,127.0712861,11050530.0,화양동,정상 지오코딩
1018,광진구,광나루로 374,광진광장(05-226),"정류소(버스,택시 등)",재활용쓰레기,37.5475205,127.0712861,11050530.0,화양동,정상 지오코딩
1019,광진구,광나루로 412,어린이대공원역3번출구(05-231),"정류소(버스,택시 등)",일반쓰레기,37.5475205,127.0712861,11050530.0,화양동,인근 도로명번지 추정(번지차 38)
1020,광진구,광나루로 412,어린이대공원역3번출구(05-231),"정류소(버스,택시 등)",재활용쓰레기,37.5475205,127.0712861,11050530.0,화양동,인근 도로명번지 추정(번지차 38)
1021,광진구,광나루로 491,구의사거리.광진소방서앞(05-142),"정류소(버스,택시 등)",일반쓰레기,37.5450688,127.0888595,11050610.0,구의2동,인근 도로명번지 추정(번지차 42)
1022,광진구,광나루로 491,구의사거리.광진소방서앞(05-142),"정류소(버스,택시 등)",재활용쓰레기,37.5450688,127.0888595,11050610.0,구의2동,인근 도로명번지 추정(번지차 42)
1023,광진구,광나루로 533,래미안구의파크스위트(05-155),"정류소(버스,택시 등)",일반쓰레기,37.5450688,127.0888595,11050610.0,구의2동,정상 지오코딩
1024,광진구,광나루로 533,래미안구의파크스위트(05-155),"정류소(버스,택시 등)",재활용쓰레기,37.5450688,127.0888595,11050610.0,구의2동,정상 지오코딩
1025,광진구,광나루로 56길 8,광진구 민방위교육센터 앞,도로변(횡단보도 포함),일반쓰레기,37.5389822,127.0976846,11050620.0,구의3동,정상 지오코딩
1026,광진구,광나루로 56길 8,광진구 민방위교육센터 앞,도로변(횡단보도 포함),재활용쓰레기,37.5389822,127.0976846,11050620.0,구의3동,정상 지오코딩
1027,광진구,광나루로 578,올림픽대교북단사거리(05-165),"정류소(버스,택시 등)",일반쓰레기,37.5433834,127.0931906,11050620.0,구의3동,정상 지오코딩
1028,광진구,광나루로 581,올림픽대교북단사거리(05-165),"정류소(버스,택시 등)",재활용쓰레기,37.5433834,127.0931906,11050620.0,구의3동,인근 도로명번지 추정(번지차 3)
1029,광진구,구의강변로 46,동서울호텔앞(05-585),"정류소(버스,택시 등)",일반쓰레기,37.5347929,127.0920266,11050620.0,구의3동,정상 지오코딩
1030,광진구,구의강변로 46,동서울호텔앞(05-585),"정류소(버스,택시 등)",재활용쓰레기,37.5347929,127.0920266,11050620.0,구의3동,정상 지오코딩
1031,광진구,구의강변로 84,세영아파트 앞 횡단보도,도로변(횡단보도 포함),일반쓰레기,37.5373409,127.0938665,11050620.0,구의3동,정상 지오코딩
1032,광진구,구의강변로 84,세영아파트 앞 횡단보도,도로변(횡단보도 포함),재활용쓰레기,37.5373409,127.0938665,11050620.0,구의3동,정상 지오코딩
1033,광진구,긴고랑로 34,중곡1동 사거리 (대구참막창 앞),도로변(횡단보도 포함),일반쓰레기,37.562914,127.0799653,11050550.0,중곡1동,정상 지오코딩
1034,광진구,긴고랑로 34,중곡1동 사거리 (대구참막창 앞),도로변(횡단보도 포함),재활용쓰레기,37.562914,127.0799653,11050550.0,중곡1동,정상 지오코딩
1035,광진구,긴고랑로 52,용마사거리 (장터참숲무한리필 앞),도로변(횡단보도 포함),일반쓰레기,37.5622541,127.0819061,11050550.0,중곡1동,정상 지오코딩
1036,광진구,긴고랑로 52,용마사거리 (장터참숲무한리필 앞),도로변(횡단보도 포함),재활용쓰레기,37.5622541,127.0819061,11050550.0,중곡1동,정상 지오코딩
1037,광진구,능동로 110,건대입구역사거리.건대병원(05-232),"정류소(버스,택시 등)",일반쓰레기,37.5406579,127.0714119,11050530.0,화양동,정상 지오코딩
1038,광진구,능동로 110,건대입구역사거리.건대병원(05-232),"정류소(버스,택시 등)",재활용쓰레기,37.5406579,127.0714119,11050530.0,화양동,정상 지오코딩
1039,광진구,능동로 120,건국대학교 능동로 분수광장 앞,도로변(횡단보도 포함),일반쓰레기,37.5391827,127.0747119,11050530.0,화양동,정상 지오코딩
1040,광진구,능동로 120,건국대학교 능동로 분수광장 앞,도로변(횡단보도 포함),재활용쓰레기,37.5391827,127.0747119,11050530.0,화양동,정상 지오코딩
1041,광진구,능동로 120,건국대학교 부속동물병원 앞,도로변(횡단보도 포함),일반쓰레기,37.5391827,127.0747119,11050530.0,화양동,정상 지오코딩
1042,광진구,능동로 120,건국대학교 부속동물병원 앞,도로변(횡단보도 포함),재활용쓰레기,37.5391827,127.0747119,11050530.0,화양동,정상 지오코딩
1043,광진구,능동로 216,어린이대공원역 1번출구 앞,지하철역 입구,일반쓰레기,37.5520118,127.0787702,11050590.0,능동,정상 지오코딩
1044,광진구,능동로 216,어린이대공원역 1번출구 앞,지하철역 입구,재활용쓰레기,37.5520118,127.0787702,11050590.0,능동,정상 지오코딩
1045,광진구,능동로 248,어린이대공원앞(05-140),"정류소(버스,택시 등)",일반쓰레기,37.5521171,127.0772537,11050590.0,능동,정상 지오코딩
1046,광진구,능동로 248,어린이대공원앞(05-140),"정류소(버스,택시 등)",재활용쓰레기,37.5521171,127.0772537,11050590.0,능동,정상 지오코딩
1047,광진구,능동로 253,능동교회앞(05-252),"정류소(버스,택시 등)",일반쓰레기,37.5527789,127.0767871,11050540.0,군자동,정상 지오코딩
1048,광진구,능동로 253,능동교회앞(05-252),"정류소(버스,택시 등)",재활용쓰레기,37.5527789,127.0767871,11050540.0,군자동,정상 지오코딩
1049,광진구,능동로 26,신양초등학교앞(05-201),"정류소(버스,택시 등)",일반쓰레기,37.5468653,127.0716305,11050530.0,화양동,정상 지오코딩
1050,광진구,능동로 26,신양초등학교앞(05-201),"정류소(버스,택시 등)",재활용쓰레기,37.5468653,127.0716305,11050530.0,화양동,정상 지오코딩
1051,광진구,능동로 295,능동사거리.군자역7번출구(05-253),"정류소(버스,택시 등)",일반쓰레기,37.5561331,127.0784429,11050540.0,군자동,정상 지오코딩
1052,광진구,능동로 295,능동사거리.군자역7번출구(05-253),"정류소(버스,택시 등)",재활용쓰레기,37.5561331,127.0784429,11050540.0,군자동,정상 지오코딩
1053,광진구,능동로 372,용마사거리 고려학원 앞,도로변(횡단보도 포함),일반쓰레기,37.5624219,127.0826576,11050560.0,중곡2동,정상 지오코딩
1054,광진구,능동로 372,용마사거리 고려학원 앞,도로변(횡단보도 포함),재활용쓰레기,37.5624219,127.0826576,11050560.0,중곡2동,정상 지오코딩
1055,광진구,능동로 415,중곡역 3번출구 앞,지하철역 입구,일반쓰레기,37.5661674,127.0841718,11050570.0,중곡3동,정상 지오코딩
1056,광진구,능동로 415,중곡역 3번출구 앞,지하철역 입구,재활용쓰레기,37.5661674,127.0841718,11050570.0,중곡3동,정상 지오코딩
1057,광진구,능동로 90,광진문화예술회관(05-204),"정류소(버스,택시 등)",일반쓰레기,37.5383626,127.0709218,11050660.0,자양3동,정상 지오코딩
1058,광진구,능동로 90,광진문화예술회관(05-204),"정류소(버스,택시 등)",재활용쓰레기,37.5383626,127.0709218,11050660.0,자양3동,정상 지오코딩
1059,광진구,동일로 374,동곡삼거리(동부자동차공업사 앞),도로변(횡단보도 포함),일반쓰레기,37.5639603,127.0765907,11050550.0,중곡1동,정상 지오코딩
1060,광진구,동일로 374,동곡삼거리(동부자동차공업사 앞),도로변(횡단보도 포함),재활용쓰레기,37.5639603,127.0765907,11050550.0,중곡1동,정상 지오코딩
1061,광진구,뚝섬로 607,자양미소약국.자양골목시장(05-190),도로변(횡단보도 포함),일반쓰레기,37.532864,127.077303,11050640.0,자양1동,정상 지오코딩
1062,광진구,뚝섬로 607,자양미소약국.자양골목시장(05-190),도로변(횡단보도 포함),재활용쓰레기,37.532864,127.077303,11050640.0,자양1동,정상 지오코딩
1063,광진구,뚝섬로 623,은수네헤어 앞,도로변(횡단보도 포함),일반쓰레기,37.5324126,127.0790399,11050640.0,자양1동,정상 지오코딩
1064,광진구,뚝섬로 623,은수네헤어 앞,도로변(횡단보도 포함),재활용쓰레기,37.5324126,127.0790399,11050640.0,자양1동,정상 지오코딩
1065,광진구,뚝섬로 642,국민은행자양지점앞(05-191),"정류소(버스,택시 등)",일반쓰레기,37.5315136,127.0807622,11050650.0,자양2동,정상 지오코딩
1066,광진구,뚝섬로 642,국민은행자양지점앞(05-191),"정류소(버스,택시 등)",재활용쓰레기,37.5315136,127.0807622,11050650.0,자양2동,정상 지오코딩
1067,광진구,아차산로 244,건대입구역 5번출구 앞,지하철역 입구,일반쓰레기,37.5397305,127.0702007,11050670.0,자양4동,정상 지오코딩
1068,광진구,아차산로 244,건대입구역 5번출구 앞,지하철역 입구,재활용쓰레기,37.5397305,127.0702007,11050670.0,자양4동,정상 지오코딩
1069,광진구,아차산로 378,구의역4번출구(05-580),"정류소(버스,택시 등)",일반쓰레기,37.5365396,127.0847291,11050650.0,자양2동,정상 지오코딩
1070,광진구,아차산로 378,구의역4번출구(05-580),"정류소(버스,택시 등)",재활용쓰레기,37.5365396,127.0847291,11050650.0,자양2동,정상 지오코딩
1071,광진구,아차산로 407,구의역2번출구(05-149),"정류소(버스,택시 등)",일반쓰레기,37.5370899,127.0878848,11050650.0,자양2동,인근 도로명번지 추정(번지차 3)
1072,광진구,아차산로 407,구의역2번출구(05-149),"정류소(버스,택시 등)",재활용쓰레기,37.5370899,127.0878848,11050650.0,자양2동,인근 도로명번지 추정(번지차 3)
1073,광진구,아차산로 410,구의역3번출구(05-199),"정류소(버스,택시 등)",일반쓰레기,37.5370899,127.0878848,11050650.0,자양2동,정상 지오코딩
1074,광진구,아차산로 410,구의역3번출구(05-199),"정류소(버스,택시 등)",재활용쓰레기,37.5370899,127.0878848,11050650.0,자양2동,정상 지오코딩
1075,광진구,아차산로 507,광장동현대아파트앞(05-166),"정류소(버스,택시 등)",일반쓰레기,37.5370899,127.0878848,11050650.0,자양2동,인근 도로명번지 추정(번지차 97)
1076,광진구,아차산로 507,광장동현대아파트앞(05-166),"정류소(버스,택시 등)",재활용쓰레기,37.5370899,127.0878848,11050650.0,자양2동,인근 도로명번지 추정(번지차 97)
1077,광진구,아차산로 520,광장동현대아파트앞(05-167),"정류소(버스,택시 등)",일반쓰레기,37.5478345,127.1064971,11050630.0,광장동,인근 도로명번지 추정(번지차 93)
1078,광진구,아차산로 520,광장동현대아파트앞(05-167),"정류소(버스,택시 등)",재활용쓰레기,37.5478345,127.1064971,11050630.0,광장동,인근 도로명번지 추정(번지차 93)
1079,광진구,아차산로 556,광나루역.극동아파트(05-168),"정류소(버스,택시 등)",일반쓰레기,37.5478345,127.1064971,11050630.0,광장동,인근 도로명번지 추정(번지차 57)
1080,광진구,아차산로 556,광나루역.극동아파트(05-168),"정류소(버스,택시 등)",재활용쓰레기,37.5478345,127.1064971,11050630.0,광장동,인근 도로명번지 추정(번지차 57)
1081,광진구,아차산로 592,광진청소년수련관(05-265),"정류소(버스,택시 등)",일반쓰레기,37.5478345,127.1064971,11050630.0,광장동,인근 도로명번지 추정(번지차 21)
1082,광진구,아차산로 592,광진청소년수련관(05-265),"정류소(버스,택시 등)",재활용쓰레기,37.5478345,127.1064971,11050630.0,광장동,인근 도로명번지 추정(번지차 21)
1083,광진구,아차산로 613,워커힐아파트.광장동(05-172),"정류소(버스,택시 등)",일반쓰레기,37.5478345,127.1064971,11050630.0,광장동,정상 지오코딩
1084,광진구,아차산로 613,워커힐아파트.광장동(05-172),"정류소(버스,택시 등)",재활용쓰레기,37.5478345,127.1064971,11050630.0,광장동,정상 지오코딩
1085,광진구,아차산로 642,워커힐아파트앞(05-173),"정류소(버스,택시 등)",일반쓰레기,37.5478345,127.1064971,11050630.0,광장동,인근 도로명번지 추정(번지차 29)
1086,광진구,아차산로 642,워커힐아파트앞(05-173),"정류소(버스,택시 등)",재활용쓰레기,37.5478345,127.1064971,11050630.0,광장동,인근 도로명번지 추정(번지차 29)
1087,광진구,아차산로 78길 90,광진정보도서관 앞,도로변(횡단보도 포함),일반쓰레기,37.5510729,127.1106155,11050630.0,광장동,정상 지오코딩
1088,광진구,아차산로 78길 90,광진정보도서관 앞,도로변(횡단보도 포함),재활용쓰레기,37.5510729,127.1106155,11050630.0,광장동,정상 지오코딩
1089,광진구,용마산로 134,중곡4동 파출소 (05741),"정류소(버스,택시 등)",일반쓰레기,37.5655198,127.0870477,11050580.0,중곡4동,정상 지오코딩
1090,광진구,용마산로 134,중곡4동 파출소 (05741),"정류소(버스,택시 등)",재활용쓰레기,37.5655198,127.0870477,11050580.0,중곡4동,정상 지오코딩
1091,광진구,용마산로 49,21세기 약국 앞,도로변(횡단보도 포함),일반쓰레기,37.557986,127.0875996,11050560.0,중곡2동,정상 지오코딩
1092,광진구,용마산로 49,21세기 약국 앞,도로변(횡단보도 포함),재활용쓰레기,37.557986,127.0875996,11050560.0,중곡2동,정상 지오코딩
1093,광진구,용마산로8,중곡동입구(05-139),"정류소(버스,택시 등)",일반쓰레기,37.554257,127.088729,11050580.0,중곡4동,정상 지오코딩
1094,광진구,용마산로8,중곡동입구(05-139),"정류소(버스,택시 등)",재활용쓰레기,37.554257,127.088729,11050580.0,중곡4동,정상 지오코딩
1095,광진구,자양로 130,광진구청(05-148),"정류소(버스,택시 등)",일반쓰레기,37.5393452,127.0836408,11050600.0,구의1동,정상 지오코딩
1096,광진구,자양로 130,광진구청(05-148),"정류소(버스,택시 등)",재활용쓰레기,37.5393452,127.0836408,11050600.0,구의1동,정상 지오코딩
1097,광진구,자양로 164,광진경찰서(05-599),"정류소(버스,택시 등)",일반쓰레기,37.5422721,127.0843855,11050600.0,구의1동,정상 지오코딩
1098,광진구,자양로 164,광진경찰서(05-599),"정류소(버스,택시 등)",재활용쓰레기,37.5422721,127.0843855,11050600.0,구의1동,정상 지오코딩
1099,광진구,자양로 57,자양동잠실대교북단(05-188),"정류소(버스,택시 등)",일반쓰레기,37.5393452,127.0836408,11050600.0,구의1동,인근 도로명번지 추정(번지차 73)
1100,광진구,자양로 57,자양동잠실대교북단(05-188),"정류소(버스,택시 등)",재활용쓰레기,37.5393452,127.0836408,11050600.0,구의1동,인근 도로명번지 추정(번지차 73)
1101,광진구,자양번영로 34,이디야커피 앞,도로변(횡단보도 포함),일반쓰레기,37.532702,127.0758204,11050650.0,자양2동,정상 지오코딩
1102,광진구,자양번영로 34,이디야커피 앞,도로변(횡단보도 포함),재활용쓰레기,37.532702,127.0758204,11050650.0,자양2동,정상 지오코딩
1103,광진구,천호대로 540,수협 군자역지점 앞,도로변(횡단보도 포함),일반쓰레기,37.5573308,127.0781907,11050540.0,군자동,정상 지오코딩
1104,광진구,천호대로 540,수협 군자역지점 앞,도로변(횡단보도 포함),재활용쓰레기,37.5573308,127.0781907,11050540.0,군자동,정상 지오코딩
1105,광진구,천호대로 574,군자역.용마초등학교(중)(05-004),"정류소(버스,택시 등)",일반쓰레기,37.5560144,127.0815287,11050590.0,능동,정상 지오코딩
1106,광진구,천호대로 574,군자역.용마초등학교(중)(05-004),"정류소(버스,택시 등)",재활용쓰레기,37.5560144,127.0815287,11050590.0,능동,정상 지오코딩
1107,광진구,천호대로 579,군자역.용마초등학교(중)(05-003),"정류소(버스,택시 등)",일반쓰레기,37.5563722,127.0825794,11050560.0,중곡2동,정상 지오코딩
1108,광진구,천호대로 579,군자역.용마초등학교(중)(05-003),"정류소(버스,택시 등)",재활용쓰레기,37.5563722,127.0825794,11050560.0,중곡2동,정상 지오코딩
1109,광진구,천호대로 606,중곡동입구삼거리(중)(05-008),"정류소(버스,택시 등)",일반쓰레기,37.554806,127.0846666,11050590.0,능동,정상 지오코딩
1110,광진구,천호대로 606,중곡동입구삼거리(중)(05-008),"정류소(버스,택시 등)",재활용쓰레기,37.554806,127.0846666,11050590.0,능동,정상 지오코딩
1111,광진구,천호대로 621,중곡동입구삼거리(중)(05-005),"정류소(버스,택시 등)",일반쓰레기,37.5546976,127.0867616,11050560.0,중곡2동,정상 지오코딩
1112,광진구,천호대로 621,중곡동입구삼거리(중)(05-005),"정류소(버스,택시 등)",재활용쓰레기,37.5546976,127.0867616,11050560.0,중곡2동,정상 지오코딩
1113,광진구,천호대로 656,어린이대공원후문아차산역 (05-007),"정류소(버스,택시 등)",일반쓰레기,37.5513392,127.0905325,11050610.0,구의2동,인근 도로명번지 추정(번지차 15)
1114,광진구,천호대로 656,어린이대공원후문아차산역 (05-007),"정류소(버스,택시 등)",재활용쓰레기,37.5513392,127.0905325,11050610.0,구의2동,인근 도로명번지 추정(번지차 15)
1115,광진구,천호대로 671,어린이대공원후문아차산역 (05-006),"정류소(버스,택시 등)",일반쓰레기,37.5513392,127.0905325,11050610.0,구의2동,정상 지오코딩
1116,광진구,천호대로 671,어린이대공원후문아차산역 (05-006),"정류소(버스,택시 등)",재활용쓰레기,37.5513392,127.0905325,11050610.0,구의2동,정상 지오코딩
1117,광진구,천호대로 682,아차산역 사거리 (짬뽕지존 앞),도로변(횡단보도 포함),일반쓰레기,37.5501049,127.0902763,11050610.0,구의2동,정상 지오코딩
1118,광진구,천호대로 682,아차산역 사거리 (짬뽕지존 앞),도로변(횡단보도 포함),재활용쓰레기,37.5501049,127.0902763,11050610.0,구의2동,정상 지오코딩
1119,광진구,천호대로 706,새밭교회(중)(05-009),"정류소(버스,택시 등)",일반쓰레기,37.5486773,127.0927285,11050610.0,구의2동,정상 지오코딩
1120,광진구,천호대로 706,새밭교회(중)(05-009),"정류소(버스,택시 등)",재활용쓰레기,37.5486773,127.0927285,11050610.0,구의2동,정상 지오코딩
1121,광진구,천호대로 711,새밭교회(중)(05-010),"정류소(버스,택시 등)",일반쓰레기,37.5568257,127.0789919,11050540.0,군자동,정상 지오코딩
1122,광진구,천호대로 711,새밭교회(중)(05-010),"정류소(버스,택시 등)",재활용쓰레기,37.5568257,127.0789919,11050540.0,군자동,정상 지오코딩
1123,광진구,천호대로 803,광나루역(중)(05-011),"정류소(버스,택시 등)",일반쓰레기,37.5568257,127.0789919,11050540.0,군자동,인근 도로명번지 추정(번지차 92)
1124,광진구,천호대로 803,광나루역(중)(05-011),"정류소(버스,택시 등)",재활용쓰레기,37.5568257,127.0789919,11050540.0,군자동,인근 도로명번지 추정(번지차 92)
1125,광진구,천호대로 810,광나루역(중)(05-012),"정류소(버스,택시 등)",일반쓰레기,37.5568257,127.0789919,11050540.0,군자동,인근 도로명번지 추정(번지차 99)
1126,광진구,천호대로 810,광나루역(중)(05-012),"정류소(버스,택시 등)",재활용쓰레기,37.5568257,127.0789919,11050540.0,군자동,인근 도로명번지 추정(번지차 99)
1127,광진구,아차산로 361,자양사거리 건널목 (자양동 204-1),도로변(횡단보도 포함),일반쓰레기,37.5369583,127.0828825,11050640.0,자양1동,정상 지오코딩
1128,광진구,아차산로 361,자양사거리 건널목 (자양동 204-1),도로변(횡단보도 포함),재활용쓰레기,37.5369583,127.0828825,11050640.0,자양1동,정상 지오코딩
1129,동대문구,안암로80,파리바게뜨 앞,도로변(횡단보도 포함),일반쓰레기,37.5829423,127.0301267,11060820.0,제기동,정상 지오코딩
1130,동대문구,무학로189,어깨동무 약국,도로변(횡단보도 포함),일반쓰레기,37.5812662,127.0295684,11060810.0,용신동,정상 지오코딩
1131,동대문구,안암로 22-1,플롯코리아 앞,도로변(횡단보도 포함),일반쓰레기,37.5794791,127.0252324,11060810.0,용신동,정상 지오코딩
1132,동대문구,왕산로 77,gs25 제기역점 앞,도로변(횡단보도 포함),일반쓰레기,37.5784473,127.0319776,11060810.0,용신동,정상 지오코딩
1133,동대문구,약령시로 25,벽산 아파트 앞,도로변(횡단보도 포함),일반쓰레기,37.583147,127.0316997,11060820.0,제기동,정상 지오코딩
1134,동대문구,약령시로 45,소화유치원 앞,도로변(횡단보도 포함),일반쓰레기,37.5830669,127.0347771,11060820.0,제기동,정상 지오코딩
1135,동대문구,제기로 2,고대멸치국수 앞,도로변(횡단보도 포함),일반쓰레기,37.5862261,127.0331244,11060820.0,제기동,정상 지오코딩
1136,동대문구,약령시로 9길 79,상일기업 앞,도로변(횡단보도 포함),일반쓰레기,37.5862221,127.0357079,11060820.0,제기동,정상 지오코딩
1137,동대문구,정릉천동로 102,서울탑병원 주차장 앞,도로변(횡단보도 포함),일반쓰레기,37.5814263,127.0360236,11060820.0,제기동,정상 지오코딩
1138,동대문구,한빛로 73,버스정류소 06-180,"정류소(버스,택시 등)",일반쓰레기,37.5794977,127.0304929,11060810.0,용신동,정상 지오코딩
1139,동대문구,망우로 131,버스정류소 06-009 ,"정류소(버스,택시 등)",일반쓰레기,37.5918476,127.0674278,11060720.0,휘경1동,정상 지오코딩
1140,동대문구,망우로 131,버스정류소 06-009,"정류소(버스,택시 등)",일반쓰레기,37.5918476,127.0674278,11060720.0,휘경1동,정상 지오코딩
1141,동대문구,망우로 122-1,버스정류소 06-010,"정류소(버스,택시 등)",일반쓰레기,37.5911559,127.0667596,11060730.0,휘경2동,정상 지오코딩
1142,동대문구,망우로 122-1,버스정류소 06-010,"정류소(버스,택시 등)",일반쓰레기,37.5911559,127.0667596,11060730.0,휘경2동,정상 지오코딩
1143,동대문구, 망우로 118,버스정류소 06-121,"정류소(버스,택시 등)",일반쓰레기,37.5910441,127.0663086,11060730.0,휘경2동,정상 지오코딩
1144,동대문구,한천로 279,버스정류소 06-140,"정류소(버스,택시 등)",일반쓰레기,37.5858125,127.0672266,11060730.0,휘경2동,정상 지오코딩
1145,동대문구,한천로 290,버스정류소 06-141,"정류소(버스,택시 등)",일반쓰레기,37.5863724,127.0689407,11060730.0,휘경2동,정상 지오코딩
1146,동대문구,한천로 248,버스정류소 06-309,"정류소(버스,택시 등)",일반쓰레기,37.583236,127.071898,11060730.0,휘경2동,정상 지오코딩
1147,동대문구,겸재로 21,버스정류소 06-423,"정류소(버스,택시 등)",일반쓰레기,37.585153,127.0694509,11060730.0,휘경2동,정상 지오코딩
1148,동대문구,외대역동로 14,버스정류소 06-256,"정류소(버스,택시 등)",일반쓰레기,37.5909684,127.0686732,11060730.0,휘경2동,정상 지오코딩
1149,동대문구,한천로53길 6,버스정류소 06-136,"정류소(버스,택시 등)",일반쓰레기,37.5873469,127.0669271,11060730.0,휘경2동,정상 지오코딩
1150,동대문구,한천로 300,버스정류소 06-417,"정류소(버스,택시 등)",일반쓰레기,37.5878393,127.0685393,11060730.0,휘경2동,정상 지오코딩
1151,동대문구,장안벚꽃로 323,버스정류소 06-419,"정류소(버스,택시 등)",일반쓰레기,37.5871743,127.069939,11060730.0,휘경2동,정상 지오코딩
1152,동대문구,장안벚꽃로 279,버스정류소 06-308,"정류소(버스,택시 등)",일반쓰레기,37.5838588,127.0726166,11060730.0,휘경2동,정상 지오코딩
1153,동대문구,망우로 29,버스정류소 06-013,"정류소(버스,택시 등)",일반쓰레기,37.588736,127.0568131,11060720.0,휘경1동,정상 지오코딩
1154,동대문구,망우로 78-1,버스정류소 06-012,"정류소(버스,택시 등)",일반쓰레기,37.5898932,127.0620185,11060730.0,휘경2동,정상 지오코딩
1155,동대문구,망우로 67,버스정류소 06-011,"정류소(버스,택시 등)",일반쓰레기,37.5899008,127.0606101,11060720.0,휘경1동,정상 지오코딩
1156,동대문구,고미술로 21,고미술상가2동 주차장 초입,도로변(횡단보도 포함),일반쓰레기,37.5692055,127.0510625,11060910.0,답십리1동,정상 지오코딩
1157,동대문구,전농로 39,버스정류소 06-199,"정류소(버스,택시 등)",일반쓰레기,37.5685604,127.0568082,11060910.0,답십리1동,정상 지오코딩
1158,동대문구,전농로 61,버스정류소 06-197,"정류소(버스,택시 등)",일반쓰레기,37.570396,127.0569956,11060910.0,답십리1동,정상 지오코딩
1159,동대문구,한천로 4,버스정류소 06-154,"정류소(버스,택시 등)",일반쓰레기,37.5632449,127.0585537,11060870.0,장안1동,정상 지오코딩
1160,동대문구,한천로 45,버스정류소 06-153,"정류소(버스,택시 등)",일반쓰레기,37.5662158,127.0612719,11060860.0,답십리2동,정상 지오코딩
1161,동대문구,한천로 42,버스정류소 06-152,"정류소(버스,택시 등)",일반쓰레기,37.565949,127.0617272,11060870.0,장안1동,정상 지오코딩
1162,동대문구,천호대로 263,버스정류소 06-503,"정류소(버스,택시 등)",일반쓰레기,37.5685046,127.0511205,11060910.0,답십리1동,정상 지오코딩
1163,동대문구,천호대로 281,동부시장 빌딩 앞,도로변(횡단보도 포함),일반쓰레기,37.5675757,127.0522092,11060910.0,답십리1동,정상 지오코딩
1164,동대문구,천호대로 289,버스정류소 06-500,"정류소(버스,택시 등)",일반쓰레기,37.5668989,127.0532845,11060910.0,답십리1동,정상 지오코딩
1165,동대문구,고미술로 81,투썸플레이스 앞,도로변(횡단보도 포함),일반쓰레기,37.5656002,127.0557219,11060860.0,답십리2동,정상 지오코딩
1166,동대문구,천호대로 312-1,버스정류소 06-001,"정류소(버스,택시 등)",일반쓰레기,37.5668989,127.0532845,11060910.0,답십리1동,인근 도로명번지 추정(번지차 23)
1167,동대문구,천호대로 312-1,버스정류소 06-001,"정류소(버스,택시 등)",일반쓰레기,37.5668989,127.0532845,11060910.0,답십리1동,인근 도로명번지 추정(번지차 23)
1168,동대문구,고미술로 100,버스정류소 06-157,"정류소(버스,택시 등)",일반쓰레기,37.5638592,127.0573478,11060860.0,답십리2동,정상 지오코딩
1169,동대문구,서울시립대로 14,버스정류소 06-511,"정류소(버스,택시 등)",일반쓰레기,37.5720742,127.0472735,11060910.0,답십리1동,정상 지오코딩
1170,동대문구,답십리로 7-1,공릉동 멸치국수집 앞,도로변(횡단보도 포함),일반쓰레기,37.5787169,127.0430651,11060830.0,전농1동,정상 지오코딩
1171,동대문구,왕산로 200,청량리 환승센터 ,"정류소(버스,택시 등)",일반쓰레기,37.5798902,127.0461612,11060830.0,전농1동,정상 지오코딩
1172,동대문구,왕산로 200,청량리 환승센터 ,"정류소(버스,택시 등)",일반쓰레기,37.5798902,127.0461612,11060830.0,전농1동,정상 지오코딩
1173,동대문구,서울시립대로 14,버스정류소 06-005,"정류소(버스,택시 등)",일반쓰레기,37.5720742,127.0472735,11060910.0,답십리1동,정상 지오코딩
1174,동대문구,서울시립대로 14,버스정류소 06-507,"정류소(버스,택시 등)",일반쓰레기,37.5720742,127.0472735,11060910.0,답십리1동,정상 지오코딩
1175,동대문구,천호대로65길 17,버스정류소 06-583,"정류소(버스,택시 등)",일반쓰레기,37.5709836,127.0490491,11060910.0,답십리1동,정상 지오코딩
1176,동대문구,천호대로 231,강릉항 앞 ,도로변(횡단보도 포함),일반쓰레기,37.5704143,127.0484315,11060910.0,답십리1동,정상 지오코딩
1177,동대문구,천호대로 221,버스정류소 06-159,"정류소(버스,택시 등)",일반쓰레기,37.570839,127.0474473,11060910.0,답십리1동,정상 지오코딩
1178,동대문구,답십리로 56,전농1동 교차로 앞,도로변(횡단보도 포함),일반쓰레기,37.5760527,127.0471707,11060830.0,전농1동,정상 지오코딩
1179,동대문구,서울시립대로 31,103동 앞,도로변(횡단보도 포함),일반쓰레기,37.5753105,127.0458645,11060830.0,전농1동,정상 지오코딩
1180,동대문구,사가정로 31-1,버스정류소 06-202,"정류소(버스,택시 등)",일반쓰레기,37.5723564,127.0508352,11060910.0,답십리1동,정상 지오코딩
1181,동대문구,답십리로 94,버스정류소 06-221,"정류소(버스,택시 등)",일반쓰레기,37.5738652,127.0509696,11060910.0,답십리1동,정상 지오코딩
1182,동대문구,사가정로 65,버스정류소 06-220,"정류소(버스,택시 등)",일반쓰레기,37.575506,127.0496959,11060830.0,전농1동,정상 지오코딩
1183,동대문구,한천로 114,버스정류소 06-149,"정류소(버스,택시 등)",일반쓰레기,37.5712421,127.0656757,11060870.0,장안1동,정상 지오코딩
1184,동대문구,한천로 111,버스정류소 06-779,"정류소(버스,택시 등)",일반쓰레기,37.5711945,127.065112,11060860.0,답십리2동,정상 지오코딩
1185,동대문구,답십리로 223,버스정류소 06-231,"정류소(버스,택시 등)",일반쓰레기,37.5730121,127.0649712,11060860.0,답십리2동,정상 지오코딩
1186,동대문구,장한로 119,버스정류소 06-244,"정류소(버스,택시 등)",일반쓰레기,37.571438,127.0701279,11060870.0,장안1동,정상 지오코딩
1187,동대문구,답십리로 268,버스정류소 06-356,"정류소(버스,택시 등)",일반쓰레기,37.5722518,127.0701547,11060870.0,장안1동,정상 지오코딩
1188,동대문구,답십리로66길 3,버스정류소 06-232,"정류소(버스,택시 등)",일반쓰레기,37.5723433,127.068568,11060870.0,장안1동,정상 지오코딩
1189,동대문구,한천로 84-1,버스정류소 06-151,"정류소(버스,택시 등)",일반쓰레기,37.5689499,127.0640534,11060870.0,장안1동,정상 지오코딩
1190,동대문구,한천로 89,버스정류소 06-150,"정류소(버스,택시 등)",일반쓰레기,37.5695807,127.0639847,11060860.0,답십리2동,정상 지오코딩
1191,동대문구,한천로 14길 87,우리은행 자동화점 앞,도로변(횡단보도 포함),일반쓰레기,37.5663467,127.0675594,11060870.0,장안1동,정상 지오코딩
1192,동대문구,천호대로97길 74,버스정류소 06-263,"정류소(버스,택시 등)",일반쓰레기,37.563672,127.0722257,11060870.0,장안1동,정상 지오코딩
1193,동대문구,장한로 106,장안동 상가,도로변(횡단보도 포함),일반쓰레기,37.5698933,127.070503,11060880.0,장안2동,정상 지오코딩
1194,동대문구,한천로14길 87,버스정류소 06-248,"정류소(버스,택시 등)",일반쓰레기,37.5663467,127.0675594,11060870.0,장안1동,정상 지오코딩
1195,동대문구,장한로 6,농협은행 앞,도로변(횡단보도 포함),일반쓰레기,37.5619049,127.0653816,11060870.0,장안1동,정상 지오코딩
1196,동대문구,천호대로 381,버스정류소 06-002,"정류소(버스,택시 등)",일반쓰레기,37.5623077,127.0613859,11060870.0,장안1동,정상 지오코딩
1197,동대문구,장한로 9,버스정류소 06-251,"정류소(버스,택시 등)",일반쓰레기,37.5624474,127.0648151,11060870.0,장안1동,정상 지오코딩
1198,동대문구,천호대로 367,한국고분자시험연구소 앞,도로변(횡단보도 포함),일반쓰레기,37.5625053,127.0599083,11060870.0,장안1동,정상 지오코딩
1199,동대문구,장한로12길 48,버스정류소 06-314,"정류소(버스,택시 등)",일반쓰레기,37.5649265,127.0701992,11060870.0,장안1동,정상 지오코딩
1200,동대문구,장한로 52,순대실록 장한평역점 앞,도로변(횡단보도 포함),일반쓰레기,37.5655657,127.0676978,11060870.0,장안1동,정상 지오코딩
1201,동대문구,장한로 12,조령약국 앞 ,도로변(횡단보도 포함),일반쓰레기,37.5625047,127.0656755,11060870.0,장안1동,정상 지오코딩
1202,동대문구,천호대로 433,버스정류소 06-003,"정류소(버스,택시 등)",일반쓰레기,37.561454,127.0671114,11060870.0,장안1동,정상 지오코딩
1203,동대문구,장안벚꽃로 67,버스정류소 06-262,"정류소(버스,택시 등)",일반쓰레기,37.566531,127.0734724,11060870.0,장안1동,정상 지오코딩
1204,동대문구,한천로 147,버스정류소 06-147,"정류소(버스,택시 등)",일반쓰레기,37.5742526,127.066808,11060860.0,답십리2동,정상 지오코딩
1205,동대문구,한천로 212,버스정류소 06-144,"정류소(버스,택시 등)",일반쓰레기,37.5796996,127.0685932,11060880.0,장안2동,정상 지오코딩
1206,동대문구,한천로 242,버스정류소 06-524,"정류소(버스,택시 등)",일반쓰레기,37.5825002,127.068606,11060840.0,전농2동,정상 지오코딩
1207,동대문구,한천로 224,버스정류소 06-143,"정류소(버스,택시 등)",일반쓰레기,37.5808263,127.068513,11060880.0,장안2동,정상 지오코딩
1208,동대문구,장한로 191,버스정류소 06-237,"정류소(버스,택시 등)",일반쓰레기,37.5771653,127.0709026,11060880.0,장안2동,정상 지오코딩
1209,동대문구,장한로 200,버스정류소 06-238,"정류소(버스,택시 등)",일반쓰레기,37.5782947,127.072484,11060880.0,장안2동,정상 지오코딩
1210,동대문구,사가정로 272,버스정류소 06-215,"정류소(버스,택시 등)",일반쓰레기,37.5796278,127.0750498,11060880.0,장안2동,정상 지오코딩
1211,동대문구,사가정로 230,버스정류소 06-213,"정류소(버스,택시 등)",일반쓰레기,37.5785768,127.070366,11060880.0,장안2동,정상 지오코딩
1212,동대문구,사가정로 229,버스정류소 06-212,"정류소(버스,택시 등)",일반쓰레기,37.5789469,127.0705533,11060880.0,장안2동,정상 지오코딩
1213,동대문구,장안벚꽃로 167,버스정류소 06-259,"정류소(버스,택시 등)",일반쓰레기,37.5750721,127.0742821,11060880.0,장안2동,정상 지오코딩
1214,동대문구,버스정류소 06-210,버스정류소 06-210,"정류소(버스,택시 등)",일반쓰레기,37.5412216,127.0437999,11040650.0,성수1가1동,API 재시도-키워드검색-핵심지명
1215,동대문구,사가정로 203,버스정류소 06-304,"정류소(버스,택시 등)",일반쓰레기,37.5788395,127.0674937,11060840.0,전농2동,정상 지오코딩
1216,동대문구,한천로 183,버스정류소 06-145,"정류소(버스,택시 등)",일반쓰레기,37.5771818,127.0677254,11060880.0,장안2동,정상 지오코딩
1217,동대문구,장한로 124,버스정류소 06-243,"정류소(버스,택시 등)",일반쓰레기,37.5714031,127.0715164,11060880.0,장안2동,정상 지오코딩
1218,동대문구,답십리로 297,버스정류소 06-235,"정류소(버스,택시 등)",일반쓰레기,37.5724748,127.0735947,11060880.0,장안2동,정상 지오코딩
1219,동대문구,장한로 165,버스정류소 06-239,"정류소(버스,택시 등)",일반쓰레기,37.5751433,127.0716664,11060880.0,장안2동,정상 지오코딩
1220,동대문구,한천로 184,버스정류소 06-146,"정류소(버스,택시 등)",일반쓰레기,37.5772991,127.0682099,11060880.0,장안2동,정상 지오코딩
1221,동대문구,장한로14길 81,장안삼성래미안아파트 앞,도로변(횡단보도 포함),일반쓰레기,37.5668181,127.0721804,11060870.0,장안1동,정상 지오코딩
1222,동대문구,사가정로 148,버스정류소 06-298,"정류소(버스,택시 등)",일반쓰레기,37.576659,127.0615677,11060840.0,전농2동,정상 지오코딩
1223,동대문구,전농로 164,버스정류소 06-190,"정류소(버스,택시 등)",일반쓰레기,37.5793725,127.056811,11060840.0,전농2동,정상 지오코딩
1224,동대문구,사가정로 66,버스정류소 06-205,"정류소(버스,택시 등)",일반쓰레기,37.5746852,127.0543973,11060830.0,전농1동,정상 지오코딩
1225,동대문구,전농로 127-1,버스정류소 06-192,"정류소(버스,택시 등)",일반쓰레기,37.5764029,127.0575086,11060830.0,전농1동,정상 지오코딩
1226,동대문구,사가정로 30,버스정류소 06-203,"정류소(버스,택시 등)",일반쓰레기,37.5718231,127.0512749,11060910.0,답십리1동,정상 지오코딩
1227,동대문구,답십리로45길 4,버스정류소 06-223,"정류소(버스,택시 등)",일반쓰레기,37.5731432,127.0559481,11060910.0,답십리1동,정상 지오코딩
1228,동대문구,전농로 99,버스정류소 06-195,"정류소(버스,택시 등)",일반쓰레기,37.5738999,127.0572666,11060910.0,답십리1동,정상 지오코딩
1229,동대문구,답십리로 187,버스정류소 06-228,"정류소(버스,택시 등)",일반쓰레기,37.5730318,127.0610138,11060860.0,답십리2동,정상 지오코딩
1230,동대문구,전농동 691-3,버스정류소 06-204,"정류소(버스,택시 등)",일반쓰레기,37.5754235,127.0535668,11060830.0,전농1동,정상 지오코딩
1231,동대문구,사가정로 91,버스정류소 06-206,"정류소(버스,택시 등)",일반쓰레기,37.5762451,127.0554241,11060830.0,전농1동,정상 지오코딩
1232,동대문구,전농로 231,버스정류소 06-187,"정류소(버스,택시 등)",일반쓰레기,37.5845547,127.0525705,11060830.0,전농1동,정상 지오코딩
1233,동대문구,전농로 210-1,버스정류소 06-188,"정류소(버스,택시 등)",일반쓰레기,37.5830465,127.0540815,11060840.0,전농2동,정상 지오코딩
1234,동대문구,전농로 205,버스정류소 06-189,"정류소(버스,택시 등)",일반쓰레기,37.5825356,127.0539735,11060830.0,전농1동,정상 지오코딩
1235,동대문구,답십리로23길 30,버스정류소 06-218,"정류소(버스,택시 등)",일반쓰레기,37.5767163,127.0497821,11060830.0,전농1동,정상 지오코딩
1236,동대문구,전농동 675,버스정류소 06-578,"정류소(버스,택시 등)",일반쓰레기,37.5788031,127.0495032,11060830.0,전농1동,정상 지오코딩
1237,동대문구,서울시립대로 145,간데메소주집 앞,도로변(횡단보도 포함),일반쓰레기,37.5830607,127.0529596,11060830.0,전농1동,정상 지오코딩
1238,동대문구,서울시립대로 114,버스정류소 06-530,"정류소(버스,택시 등)",일반쓰레기,37.5805776,127.0515068,11060830.0,전농1동,정상 지오코딩
1239,동대문구,이문로 154,버스정류소 06-129,"정류소(버스,택시 등)",일반쓰레기,37.6002649,127.0622908,11060900.0,이문2동,정상 지오코딩
1240,동대문구,이문로 154,버스정류소 06-129,"정류소(버스,택시 등)",일반쓰레기,37.6002649,127.0622908,11060900.0,이문2동,정상 지오코딩
1241,동대문구,한천로 424,버스정류소 06-133,"정류소(버스,택시 등)",일반쓰레기,37.598262,127.0679971,11060890.0,이문1동,정상 지오코딩
1242,동대문구,한천로 55길 9,이문동삼익아파트 앞,도로변(횡단보도 포함),일반쓰레기,37.5961355,127.0676212,11060890.0,이문1동,정상 지오코딩
1243,동대문구,장한로 144,버스정류소 06-242,"정류소(버스,택시 등)",일반쓰레기,37.5731436,127.0721204,11060880.0,장안2동,정상 지오코딩
1244,동대문구,휘경로 53,정 할인마트 앞,도로변(횡단보도 포함),일반쓰레기,37.5945972,127.0665577,11060720.0,휘경1동,정상 지오코딩
1245,동대문구,한천로58길 107,버스정류소 06-254,"정류소(버스,택시 등)",일반쓰레기,37.6012567,127.0697682,11060900.0,이문2동,정상 지오코딩
1246,동대문구,한천로58길 47 건너편 버스정류장,버스정류소 06-302,"정류소(버스,택시 등)",일반쓰레기,37.6007508,127.0687695,11060900.0,이문2동,정상 지오코딩
1247,동대문구,이문로 186,혜중약국 앞,도로변(횡단보도 포함),일반쓰레기,37.6032482,127.0622223,11060900.0,이문2동,정상 지오코딩
1248,동대문구,이문동 삼거리,소공원 앞,도로변(횡단보도 포함),일반쓰레기,37.6029775,127.062063,11060900.0,이문2동,정상 지오코딩
1249,동대문구,이문로 206,뚜레쥬르 앞,도로변(횡단보도 포함),일반쓰레기,37.6048853,127.0622115,11060900.0,이문2동,정상 지오코딩
1250,동대문구,한천로 479,맞은편,도로변(횡단보도 포함),일반쓰레기,37.6034239,127.0670257,11060900.0,이문2동,정상 지오코딩
1251,동대문구,한천로 504,건재상 앞,도로변(횡단보도 포함),일반쓰레기,37.6054465,127.0670193,11060900.0,이문2동,정상 지오코딩
1252,동대문구,한천로 503,삼원택시 앞,도로변(횡단보도 포함),일반쓰레기,37.6054781,127.0665811,11060900.0,이문2동,정상 지오코딩
1253,동대문구,왕산로32길 7,버스정류소 06-426,"정류소(버스,택시 등)",일반쓰레기,37.5787296,127.0417962,11060810.0,용신동,정상 지오코딩
1254,동대문구,왕산로 155-1,버스정류소 06-022,"정류소(버스,택시 등)",일반쓰레기,37.5789622,127.0406037,11060820.0,제기동,정상 지오코딩
1255,동대문구,약령시로 159,세무서길 앞,도로변(횡단보도 포함),일반쓰레기,37.5832421,127.0478161,11060800.0,청량리동,정상 지오코딩
1256,동대문구,왕산로 312,본부교회 앞,도로변(횡단보도 포함),일반쓰레기,37.5876923,127.0536889,11060720.0,휘경1동,정상 지오코딩
1257,동대문구,왕산로 289,버스정류소 06-014,"정류소(버스,택시 등)",일반쓰레기,37.5846211,127.0509203,11060830.0,전농1동,인근 도로명번지 추정(번지차 19)
1258,동대문구,왕산로 270,버스정류소 06-114,"정류소(버스,택시 등)",일반쓰레기,37.5846211,127.0509203,11060830.0,전농1동,정상 지오코딩
1259,동대문구,제기로 130,버스정류소 06-349,"정류소(버스,택시 등)",일반쓰레기,37.5864274,127.0474901,11060800.0,청량리동,정상 지오코딩
1260,동대문구,제기로 131,한신그린상가 앞,도로변(횡단보도 포함),일반쓰레기,37.5880282,127.0492262,11060800.0,청량리동,정상 지오코딩
1261,동대문구,청량리동 199-7,롯데캐슬하이루체입구 오른쪽,도로변(횡단보도 포함),일반쓰레기,37.5875505,127.0460675,11060800.0,청량리동,정상 지오코딩
1262,동대문구,홍릉로 29,세븐일레븐 앞,도로변(횡단보도 포함),일반쓰레기,37.5829006,127.0441215,11060800.0,청량리동,정상 지오코딩
1263,동대문구,한빛로 40,다리입구,도로변(횡단보도 포함),일반쓰레기,37.5783951,127.0270927,11060810.0,용신동,정상 지오코딩
1264,동대문구,무학로 33길 4,우쭈쭈 앞,도로변(횡단보도 포함),일반쓰레기,37.5764311,127.030276,11060810.0,용신동,정상 지오코딩
1265,동대문구,무학로 111,GS25 용두동아점 앞,도로변(횡단보도 포함),일반쓰레기,37.5742329,127.0304248,11060810.0,용신동,정상 지오코딩
1266,동대문구,무학로 124,동부시립병원 앞,도로변(횡단보도 포함),일반쓰레기,37.575354,127.0315127,11060810.0,용신동,정상 지오코딩
1267,동대문구,무학로35길,여름약국 코너,도로변(횡단보도 포함),일반쓰레기,37.576765,127.0292563,11060810.0,용신동,정상 지오코딩
1268,동대문구,왕산로 61,마루샤브 앞,도로변(횡단보도 포함),일반쓰레기,37.5780204,127.0300389,11060810.0,용신동,정상 지오코딩
1269,동대문구,왕산로 53,준모터스 앞,도로변(횡단보도 포함),일반쓰레기,37.5776803,127.0292008,11060810.0,용신동,정상 지오코딩
1270,동대문구,보문로 16,동대문게스트하우스 앞,도로변(횡단보도 포함),일반쓰레기,37.5770431,127.0234938,11060810.0,용신동,정상 지오코딩
1271,동대문구,천호대로 35,재능교육 앞,도로변(횡단보도 포함),일반쓰레기,37.5741986,127.0272021,11060810.0,용신동,정상 지오코딩
1272,동대문구,왕산로 4,기아자동차 앞,도로변(횡단보도 포함),일반쓰레기,37.5756082,127.0240428,11060810.0,용신동,정상 지오코딩
1273,동대문구,신설동역,4번출구,도로변(횡단보도 포함),일반쓰레기,37.57603,127.0244567,11060810.0,용신동,정상 지오코딩
1274,동대문구,천호대로 64,동아제약 앞,도로변(횡단보도 포함),일반쓰레기,37.5736139,127.0302778,11060810.0,용신동,정상 지오코딩
1275,동대문구,천호대로14길 2,동원교회 앞,도로변(횡단보도 포함),일반쓰레기,37.5737176,127.0296939,11060810.0,용신동,정상 지오코딩
1276,동대문구,천호대로 19,버스정류소 06-008,"정류소(버스,택시 등)",일반쓰레기,37.5747634,127.0257212,11060810.0,용신동,정상 지오코딩
1277,동대문구,제기동역,6번출구,도로변(횡단보도 포함),일반쓰레기,37.5781735,127.0349495,11060820.0,제기동,정상 지오코딩
1278,동대문구,제기동역,6번출구,도로변(횡단보도 포함),일반쓰레기,37.5781735,127.0349495,11060820.0,제기동,정상 지오코딩
1279,동대문구,제기동 1132,버스정류소 06-023,"정류소(버스,택시 등)",일반쓰레기,37.5784467,127.0375395,11060820.0,제기동,정상 지오코딩
1280,동대문구,경희대로 17,크로네 앞,도로변(횡단보도 포함),일반쓰레기,37.5931571,127.0524479,11060710.0,회기동,정상 지오코딩
1281,동대문구,이문로 26,회기역앞 사거리,도로변(횡단보도 포함),일반쓰레기,37.5897787,127.0558878,11060720.0,휘경1동,정상 지오코딩
1282,동대문구,이문로 40,버스정류소 06-123,"정류소(버스,택시 등)",일반쓰레기,37.5908991,127.0567293,11060720.0,휘경1동,정상 지오코딩
1283,동대문구,이문로 43,버스정류소 06-122,"정류소(버스,택시 등)",일반쓰레기,37.5913014,127.0566291,11060710.0,회기동,정상 지오코딩
1284,동대문구,이문로 23-1,회기사거리,도로변(횡단보도 포함),일반쓰레기,37.5899622,127.0553287,11060710.0,회기동,정상 지오코딩
1285,동대문구,회기로 90,홍릉초등학교 앞,도로변(횡단보도 포함),일반쓰레기,37.5906875,127.0477051,11060800.0,청량리동,정상 지오코딩
1286,동대문구,회기로 18길 2,회기파출소 앞,도로변(횡단보도 포함),일반쓰레기,37.5910847,127.0518493,11060710.0,회기동,정상 지오코딩
1287,동대문구,이문로 66,상가부동산중개 앞,도로변(횡단보도 포함),일반쓰레기,37.5930337,127.058135,11060890.0,이문1동,정상 지오코딩
1288,동대문구,이문로 75,남원추어탕 앞,도로변(횡단보도 포함),일반쓰레기,37.5940103,127.0583814,11060890.0,이문1동,정상 지오코딩
1289,동대문구,천호대로 124,버스정류소 06-161,"정류소(버스,택시 등)",일반쓰레기,37.5738364,127.0371316,11060810.0,용신동,정상 지오코딩
1290,동대문구,용두역,5번출구 앞,도로변(횡단보도 포함),일반쓰레기,37.5740621,127.0382757,11060810.0,용신동,정상 지오코딩
1291,동대문구,청계천로 549,용신지구대 앞,도로변(횡단보도 포함),일반쓰레기,37.5728434,127.037209,11060810.0,용신동,정상 지오코딩
1292,동대문구,천호대로 127-1,용두역 1번출구 앞,도로변(횡단보도 포함),일반쓰레기,37.5743046,127.0377346,11060810.0,용신동,정상 지오코딩
1293,동대문구,천호대로 127-1,용두역 1번출구 앞,도로변(횡단보도 포함),재활용 쓰레기,37.5743046,127.0377346,11060810.0,용신동,정상 지오코딩
1294,동대문구,고산자로 399,버스정류소 06-166,"정류소(버스,택시 등)",일반쓰레기,37.5752763,127.0377696,11060810.0,용신동,정상 지오코딩
1295,동대문구,고산자로 402,버스정류소 06-164,"정류소(버스,택시 등)",일반쓰레기,37.5754524,127.0385007,11060810.0,용신동,정상 지오코딩
1296,동대문구,고산자로 402,버스정류소 06-164,"정류소(버스,택시 등)",재활용 쓰레기,37.5754524,127.0385007,11060810.0,용신동,정상 지오코딩
1297,동대문구,무학로 89,1층 용두어울림작은도서관 앞,도로변(횡단보도 포함),일반쓰레기,37.5722901,127.0299169,11060810.0,용신동,정상 지오코딩
1298,동대문구,천호대로 68,버스정류소 06-007,"정류소(버스,택시 등)",일반쓰레기,37.5736747,127.0309759,11060810.0,용신동,정상 지오코딩
1299,동대문구,청계천로 505,삼성소방건설 앞,도로변(횡단보도 포함),일반쓰레기,37.5708389,127.0327305,11060810.0,용신동,정상 지오코딩
1300,동대문구, 천호대로 133,버스정류소 06-006,"정류소(버스,택시 등)",일반쓰레기,37.5745483,127.0387678,11060810.0,용신동,정상 지오코딩
1301,동대문구,천호대로 151,버스정류소 06-017,"정류소(버스,택시 등)",일반쓰레기,37.5737131,127.0402559,11060810.0,용신동,정상 지오코딩
1302,동대문구,천호대로 151,세븐일레븐 앞,도로변(횡단보도 포함),일반쓰레기,37.5737131,127.0402559,11060810.0,용신동,정상 지오코딩
1303,동대문구,청계천로 563,용두공원 지하 차량통로 출구 앞,도로변(횡단보도 포함),일반쓰레기,37.57326,127.0385949,11060810.0,용신동,정상 지오코딩
1304,동대문구,제기로 73,CU 홍릉점 앞,도로변(횡단보도 포함),일반쓰레기,37.5869236,127.0411813,11060800.0,청량리동,정상 지오코딩
1305,동대문구,고산자로 550,차박사 앞,도로변(횡단보도 포함),일반쓰레기,37.5887391,127.0371892,11060820.0,제기동,정상 지오코딩
1306,동대문구,회기로 14,CU 고대어진재점,도로변(횡단보도 포함),일반쓰레기,37.5910089,127.0379097,11060820.0,제기동,정상 지오코딩
1307,동대문구,회기로 40,경희서아당한약국 앞,도로변(횡단보도 포함),일반쓰레기,37.5911109,127.0408409,11060800.0,청량리동,정상 지오코딩
1308,동대문구,회기로 44,맞은편,도로변(횡단보도 포함),일반쓰레기,37.591134,127.0414807,11060800.0,청량리동,정상 지오코딩
1309,동대문구,회기로 85,카이스트 정문 앞,도로변(횡단보도 포함),일반쓰레기,37.5950367,127.0463228,11060800.0,청량리동,정상 지오코딩
1310,동대문구,제기로 9길 2,소문난 고향순대국 앞,도로변(횡단보도 포함),일반쓰레기,37.5866944,127.0369176,11060820.0,제기동,정상 지오코딩
1311,동대문구,안암로 132,대즐링 앞,도로변(횡단보도 포함),일반쓰레기,37.5868432,127.0334932,11060820.0,제기동,정상 지오코딩
1312,동대문구,홍릉로 86,가정식뷔페 앞,도로변(횡단보도 포함),일반쓰레기,37.5878633,127.0432144,11060800.0,청량리동,정상 지오코딩
1313,동대문구,홍릉로 118,수림문화재단 앞,도로변(횡단보도 포함),일반쓰레기,37.5905137,127.0430477,11060800.0,청량리동,정상 지오코딩
1314,동대문구,홍릉로 70,리싸이클 앞,도로변(횡단보도 포함),일반쓰레기,37.5865865,127.0434039,11060800.0,청량리동,정상 지오코딩
1315,동대문구,홍릉로 63-1,버스정류소 06-280,"정류소(버스,택시 등)",일반쓰레기,37.5858705,127.043119,11060800.0,청량리동,정상 지오코딩
1316,동대문구,홍릉로 34-1,혜민약국,도로변(횡단보도 포함),일반쓰레기,37.583369,127.0443821,11060800.0,청량리동,정상 지오코딩
1317,동대문구,고산자로 518,홍파초등학교 후문 앞,도로변(횡단보도 포함),일반쓰레기,37.5861204,127.039415,11060820.0,제기동,정상 지오코딩
1318,동대문구,제기동 695-2,버스정류소 06-170,"정류소(버스,택시 등)",일반쓰레기,37.5855625,127.0387775,11060820.0,제기동,정상 지오코딩
1319,동대문구,제기로 46,홍파빌딩 앞,도로변(횡단보도 포함),일반쓰레기,37.5863579,127.0381644,11060820.0,제기동,정상 지오코딩
1320,동대문구,고산자로 485,티스테이션 앞,도로변(횡단보도 포함),일반쓰레기,37.5830919,127.0383379,11060820.0,제기동,정상 지오코딩
1321,중랑구,면목동 481-6(겸재로),면목역(07-512),도로변(횡단보도 포함),일반쓰레기,37.5883527,127.0871199,11070710.0,면목본동,정상 지오코딩
1322,중랑구,겸재로 119-1,하나은행면목지점(07-225),도로변(횡단보도 포함),일반쓰레기,37.5871353,127.0811138,11070520.0,면목2동,정상 지오코딩
1323,중랑구,겸재로 125,그릴몬스터 앞,도로변(횡단보도 포함),일반쓰레기,37.5872488,127.0816737,11070520.0,면목2동,정상 지오코딩
1324,중랑구,겸재로 188,면목역2번출구(07-228),"정류소(버스,택시 등)",일반쓰레기,37.5883565,127.0886409,11070710.0,면목본동,정상 지오코딩
1325,중랑구,겸재로 90,황금상사 앞,도로변(횡단보도 포함),일반쓰레기,37.5871353,127.0811138,11070520.0,면목2동,인근 도로명번지 추정(번지차 29)
1326,중랑구,동일로 476,늘푸른동아아파트(07-123),"정류소(버스,택시 등)",일반쓰레기,37.573689,127.0803696,11070540.0,면목4동,정상 지오코딩
1327,중랑구,동일로 483,면목119안전센터(07-121),"정류소(버스,택시 등)",일반쓰레기,37.5735628,127.0797524,11070540.0,면목4동,정상 지오코딩
1328,중랑구,동일로 614,아르페지오 앞,도로변(횡단보도 포함),일반쓰레기,37.5850841,127.0801963,11070550.0,면목5동,정상 지오코딩
1329,중랑구,동일로 635,면목2동(07-115),"정류소(버스,택시 등)",일반쓰레기,37.5871711,127.0796618,11070520.0,면목2동,정상 지오코딩
1330,중랑구,동일로 692,커스텀 가라지 앞,도로변(횡단보도 포함),일반쓰레기,37.5922874,127.0804089,11070600.0,상봉2동,정상 지오코딩
1331,중랑구,동일로 810,중화역1-2(07-108),"정류소(버스,택시 등)",일반쓰레기,37.6028392,127.0795399,11070610.0,중화1동,정상 지오코딩
1332,중랑구,동일로 859,한국전력동부지사(07-105),"정류소(버스,택시 등)",일반쓰레기,37.6071001,127.0781084,11070650.0,묵2동,정상 지오코딩
1333,중랑구,동일로 884,먹골역(07-426),"정류소(버스,택시 등)",일반쓰레기,37.6092922,127.0782903,11070640.0,묵1동,정상 지오코딩
1334,중랑구,동일로 919 ,"묵동삼거리,먹골역(07-103)","정류소(버스,택시 등)",일반쓰레기,37.6124705,127.0770659,11070650.0,묵2동,정상 지오코딩
1335,중랑구,망우동 534-1(망우로),"동부제일병원, 망우리공원 (07-013)","정류소(버스,택시 등)",일반쓰레기,37.600448,127.1088162,11070730.0,망우본동,정상 지오코딩
1336,중랑구,망우로 503-91,"동부제일병원, 망우리공원 (07-014)","정류소(버스,택시 등)",일반쓰레기,37.6006607,127.1081519,11070730.0,망우본동,정상 지오코딩
1337,중랑구,망우로 460-91,금란교회 (07-011),"정류소(버스,택시 등)",재활용쓰레기,37.6002093,127.1030431,11070730.0,망우본동,정상 지오코딩
1338,중랑구,망우로 460-91,금란교회 (07-011),"정류소(버스,택시 등)",재활용쓰레기,37.6002093,127.1030431,11070730.0,망우본동,정상 지오코딩
1339,중랑구,망우로 410-91,"우림시장, 망우사거리(07-009)","정류소(버스,택시 등)",일반쓰레기,37.5991358,127.0977261,11070730.0,망우본동,정상 지오코딩
1340,중랑구,망우로 460-91,금란교회 (07-011),"정류소(버스,택시 등)",일반쓰레기,37.6002093,127.1030431,11070730.0,망우본동,정상 지오코딩
1341,중랑구,망우동 534-8(망우로),"망우역, 망우지구대 (07-007)","정류소(버스,택시 등)",일반쓰레기,37.5988878,127.0960273,11070730.0,망우본동,정상 지오코딩
1342,중랑구,망우로 207-91,"중랑역, 동부시장 (07-005)","정류소(버스,택시 등)",일반쓰레기,37.5939643,127.0756323,11070620.0,중화2동,정상 지오코딩
1343,중랑구,상봉동 160-3(망우로),"망우역, 상봉터미널 (07-002)","정류소(버스,택시 등)",일반쓰레기,37.5975162,127.089964,11070600.0,상봉2동,정상 지오코딩
1344,중랑구,망우동 534-8(망우로),"망우역, 망우지구대 (07-007)","정류소(버스,택시 등)",재활용쓰레기,37.5988878,127.0960273,11070730.0,망우본동,정상 지오코딩
1345,중랑구,망우동 534-8(망우로),"망우역, 망우지구대 (07-007)","정류소(버스,택시 등)",일반쓰레기,37.5988878,127.0960273,11070730.0,망우본동,정상 지오코딩
1346,중랑구,망우로 410-91,"우림시장, 망우사거리(07-009)","정류소(버스,택시 등)",재활용쓰레기,37.5991358,127.0977261,11070730.0,망우본동,정상 지오코딩
1347,중랑구,망우로 410-91,"우림시장, 망우사거리(07-009)","정류소(버스,택시 등)",일반쓰레기,37.5991358,127.0977261,11070730.0,망우본동,정상 지오코딩
1348,중랑구,망우로 290-91,"상봉역, 중랑우체국 (07-003)","정류소(버스,택시 등)",일반쓰레기,37.5959706,127.0845611,11070600.0,상봉2동,정상 지오코딩
1349,중랑구,상봉동 160-3(망우로),"망우역, 상봉터미널 (07-002)","정류소(버스,택시 등)",재활용쓰레기,37.5975162,127.089964,11070600.0,상봉2동,정상 지오코딩
1350,중랑구,상봉동 160-3(망우로),"망우역, 상봉터미널 (07-002)","정류소(버스,택시 등)",일반쓰레기,37.5975162,127.089964,11070600.0,상봉2동,정상 지오코딩
1351,중랑구,망우로 207-91,"중랑역, 동부시장 (07-005)","정류소(버스,택시 등)",재활용쓰레기,37.5939643,127.0756323,11070620.0,중화2동,정상 지오코딩
1352,중랑구,망우로 207-91,"중랑역, 동부시장 (07-005)","정류소(버스,택시 등)",일반쓰레기,37.5939643,127.0756323,11070620.0,중화2동,정상 지오코딩
1353,중랑구,상봉동 160-3(망우로),"망우역, 상봉터미널 (07-002)","정류소(버스,택시 등)",일반쓰레기,37.5975162,127.089964,11070600.0,상봉2동,정상 지오코딩
1354,중랑구,망우로 196,스타벅스 앞,도로변(횡단보도 포함),일반쓰레기,37.5934586,127.0747356,11070600.0,상봉2동,인근 도로명번지 추정(번지차 2)
1355,중랑구,망우로 203,중랑역동부시장1(07-124),"정류소(버스,택시 등)",일반쓰레기,37.5939956,127.075009,11070620.0,중화2동,정상 지오코딩
1356,중랑구,망우로 269,한샘교회(07-128),"정류소(버스,택시 등)",일반쓰레기,37.5959694,127.0827062,11070590.0,상봉1동,인근 도로명번지 추정(번지차 2)
1357,중랑구,망우로 271,서울중랑우체국 앞,도로변(횡단보도 포함),일반쓰레기,37.5959694,127.0827062,11070590.0,상봉1동,정상 지오코딩
1358,중랑구,망우로 353 ,"상봉역, 중랑우체국 (07-003)","정류소(버스,택시 등)",일반쓰레기,37.5983328,127.0916241,11070590.0,상봉1동,정상 지오코딩
1359,중랑구,망우로 353 ,"상봉역, 중랑우체국 (07-003)","정류소(버스,택시 등)",일반쓰레기,37.5983328,127.0916241,11070590.0,상봉1동,정상 지오코딩
1360,중랑구,망우로 353 ,"망우역, 상봉터미널 (07-002)","정류소(버스,택시 등)",일반쓰레기,37.5983328,127.0916241,11070590.0,상봉1동,정상 지오코딩
1361,중랑구,망우로 353 ,"망우역, 상봉터미널 (07-002)","정류소(버스,택시 등)",일반쓰레기,37.5983328,127.0916241,11070590.0,상봉1동,정상 지오코딩
1362,중랑구,면목로 418,면목역1번출구(07-171),"정류소(버스,택시 등)",일반쓰레기,37.589243,127.0876287,11070710.0,면목본동,정상 지오코딩
1363,중랑구,면목로 477,상봉역3번출구(07-166),"정류소(버스,택시 등)",일반쓰레기,37.5943482,127.0856869,11070600.0,상봉2동,정상 지오코딩
1364,중랑구,봉우재로 129,면목6거리(07-155),"정류소(버스,택시 등)",일반쓰레기,37.5930561,127.0873054,11070600.0,상봉2동,정상 지오코딩
1365,중랑구,봉화산로 123,쌍용아파트신내테크노타운앞(07-261),"정류소(버스,택시 등)",일반쓰레기,37.6040274,127.0877959,11070590.0,상봉1동,정상 지오코딩
1366,중랑구,봉화산로 174,신현중학교(07266),"정류소(버스,택시 등)",일반쓰레기,37.6051464,127.0929966,11070590.0,상봉1동,정상 지오코딩
1367,중랑구,봉화산로 42,중화역3번출구(07-254),"정류소(버스,택시 등)",일반쓰레기,37.6014557,127.0789136,11070620.0,중화2동,정상 지오코딩
1368,중랑구,봉화산로130,엘지아파트앞(07-263),"정류소(버스,택시 등)",일반쓰레기,37.6031904,127.0884681,11070590.0,상봉1동,정상 지오코딩
1369,중랑구,사가정로 387,사가정역(면목두산아파트2차방면(07-246),"정류소(버스,택시 등)",일반쓰레기,37.5809264,127.0877337,11070720.0,면목3·8동,정상 지오코딩
1370,중랑구,상봉로 117,상봉터미널(07-309),"정류소(버스,택시 등)",일반쓰레기,37.5905081,127.0933353,11070710.0,면목본동,인근 도로명번지 추정(번지차 66)
1371,중랑구,상봉로 51,동원시장(07-313),"정류소(버스,택시 등)",일반쓰레기,37.5905081,127.0933353,11070710.0,면목본동,정상 지오코딩
1372,중랑구,신내로 지하 232,봉화산역2번출구(07-296),"정류소(버스,택시 등)",일반쓰레기,37.6176538,127.0907581,11070690.0,신내1동,정상 지오코딩
1373,중랑구,묵동 29(신내로),지하철6호선화랑대역5번출구(07-295),"정류소(버스,택시 등)",일반쓰레기,37.6195981,127.0870171,11070640.0,묵1동,정상 지오코딩
1374,중랑구,신내로 110,신내동성3차아파트(07-275),"정류소(버스,택시 등)",일반쓰레기,37.6098,127.0962946,11070690.0,신내1동,정상 지오코딩
1375,중랑구,신내로 155,"신내8단지,서울의료원(07-279)","정류소(버스,택시 등)",일반쓰레기,37.613859,127.0943227,11070700.0,신내2동,정상 지오코딩
1376,중랑구,신내로 277,화랑대역6번출구(07-294),"정류소(버스,택시 등)",일반쓰레기,37.6190337,127.0862311,11070640.0,묵1동,정상 지오코딩
1377,중랑구,신내로 50,성원아파트(07-272),"정류소(버스,택시 등)",일반쓰레기,37.6035176,127.095947,11070690.0,신내1동,정상 지오코딩
1378,중랑구,신내로 71,중랑구청사거리(07-273),"정류소(버스,택시 등)",일반쓰레기,37.6055485,127.0951102,11070700.0,신내2동,정상 지오코딩
1379,중랑구,양원역로 37,경남아파트(07-329),"정류소(버스,택시 등)",일반쓰레기,37.6038147,127.1070717,11070730.0,망우본동,정상 지오코딩
1380,중랑구,용마산로 227,용마산역3번출구(07-209),"정류소(버스,택시 등)",일반쓰레기,37.5740302,127.0870381,11070540.0,면목4동,정상 지오코딩
1381,중랑구,용마산로 259,용마폭포공원(07-207),"정류소(버스,택시 등)",일반쓰레기,37.5764103,127.0882473,11070540.0,면목4동,정상 지오코딩
1382,중랑구,용마산로 616,신내새한아파트앞(07-305),"정류소(버스,택시 등)",일반쓰레기,37.6049333,127.1012262,11070690.0,신내1동,정상 지오코딩
1383,중랑구,중랑역로 188,묵2동주민센터(07-386),"정류소(버스,택시 등)",일반쓰레기,37.6101401,127.0763039,11070650.0,묵2동,정상 지오코딩
1384,중랑구,중랑역로 69,태릉시장입구(07-397),"정류소(버스,택시 등)",일반쓰레기,37.5996027,127.0779784,11070620.0,중화2동,정상 지오코딩
1385,중랑구,상봉동 160-3(망우로),망우역.상봉터미널(중)(07-001),"정류소(버스,택시 등)",일반쓰레기,37.5975162,127.089964,11070600.0,상봉2동,정상 지오코딩
1386,중랑구,상봉동 160-3(망우로),망우역.상봉터미널(중)(07-001),"정류소(버스,택시 등)",일반쓰레기,37.5975162,127.089964,11070600.0,상봉2동,정상 지오코딩
1387,중랑구,상봉동 160-3(망우로),망우역.상봉터미널(중)(07-002),"정류소(버스,택시 등)",일반쓰레기,37.5975162,127.089964,11070600.0,상봉2동,정상 지오코딩
1388,중랑구,상봉동 160-3(망우로),망우역.상봉터미널(중)(07-002),"정류소(버스,택시 등)",일반쓰레기,37.5975162,127.089964,11070600.0,상봉2동,정상 지오코딩
1389,중랑구,망우로 290-91,상봉역.중랑우체국(중)(07-003),"정류소(버스,택시 등)",일반쓰레기,37.5959706,127.0845611,11070600.0,상봉2동,정상 지오코딩
1390,중랑구,망우로 290-91,상봉역.중랑우체국(중)(07-004),"정류소(버스,택시 등)",일반쓰레기,37.5959706,127.0845611,11070600.0,상봉2동,정상 지오코딩
1391,중랑구,망우로 207-91,중랑역.동부시장(중)(07-005),"정류소(버스,택시 등)",일반쓰레기,37.5939643,127.0756323,11070620.0,중화2동,정상 지오코딩
1392,중랑구,망우로 198-91,중랑역.동부시장(중)(07-006),"정류소(버스,택시 등)",일반쓰레기,37.5934586,127.0747356,11070600.0,상봉2동,정상 지오코딩
1393,중랑구,망우로 198-91,중랑역.동부시장(중)(07-006),"정류소(버스,택시 등)",재활용쓰레기,37.5934586,127.0747356,11070600.0,상봉2동,정상 지오코딩
1394,중랑구,망우로 290-91,상봉역.중랑우체국(중)(07-004),"정류소(버스,택시 등)",일반쓰레기,37.5959706,127.0845611,11070600.0,상봉2동,정상 지오코딩
1395,중랑구,망우로 290-91,상봉역.중랑우체국(중)(07-004),"정류소(버스,택시 등)",재활용쓰레기,37.5959706,127.0845611,11070600.0,상봉2동,정상 지오코딩
1396,중랑구,망우로 290-91,상봉역.중랑우체국(중)(07-003),"정류소(버스,택시 등)",재활용쓰레기,37.5959706,127.0845611,11070600.0,상봉2동,정상 지오코딩
1397,중랑구,망우동 534-64(망우로),망우역.망우지구대(중)(07-008),"정류소(버스,택시 등)",일반쓰레기,37.5985436,127.0947474,11070730.0,망우본동,정상 지오코딩
1398,중랑구,망우동 534-64(망우로),망우역.망우지구대(중)(07-008),"정류소(버스,택시 등)",재활용쓰레기,37.5985436,127.0947474,11070730.0,망우본동,정상 지오코딩
1399,중랑구,망우로 410-91,우림시장.망우사거리(중)(07-010),"정류소(버스,택시 등)",일반쓰레기,37.5991358,127.0977261,11070730.0,망우본동,정상 지오코딩
1400,중랑구,망우로 410-91,우림시장.망우사거리(중)(07-010),"정류소(버스,택시 등)",재활용쓰레기,37.5991358,127.0977261,11070730.0,망우본동,정상 지오코딩
1401,중랑구,망우로 460-91,금란교회(중)(07-012),"정류소(버스,택시 등)",일반쓰레기,37.6002093,127.1030431,11070730.0,망우본동,정상 지오코딩
1402,중랑구,망우로 460-91,금란교회(중)(07-012),"정류소(버스,택시 등)",재활용쓰레기,37.6002093,127.1030431,11070730.0,망우본동,정상 지오코딩
1403,중랑구,망우로 503-91,동부재일병원.망우리공원(중)(07-014),"정류소(버스,택시 등)",재활용쓰레기,37.6006607,127.1081519,11070730.0,망우본동,정상 지오코딩
1404,중랑구,망우동 534-1(망우로),동부재일병원.망우리공원(중)(07-013),"정류소(버스,택시 등)",재활용쓰레기,37.600448,127.1088162,11070730.0,망우본동,정상 지오코딩
1405,중랑구,상봉동 160-22(면목로),지하철7호선상봉역(07-167),"정류소(버스,택시 등)",일반쓰레기,37.5945454,127.0859925,11070600.0,상봉2동,정상 지오코딩
1406,중랑구,신내로 211,봉화산역3번출구(07-297),"정류소(버스,택시 등)",일반쓰레기,37.6163496,127.0926682,11070700.0,신내2동,정상 지오코딩
1407,중랑구,신내동 561(신내로),중랑구청사거리(07-273),"정류소(버스,택시 등)",일반쓰레기,37.6048916,127.0954057,11070700.0,신내2동,정상 지오코딩
1408,중랑구,신내동 664(봉화산로),중랑구청(07-267),"정류소(버스,택시 등)",일반쓰레기,37.6064001,127.0938681,11070700.0,신내2동,정상 지오코딩
1409,중랑구,신내동 664(봉화산로),중랑구청(07-268),"정류소(버스,택시 등)",일반쓰레기,37.6064001,127.0938681,11070700.0,신내2동,정상 지오코딩
1410,중랑구,동일로 지하 797,지하철7호선중화역3번출구(07-253),"정류소(버스,택시 등)",일반쓰레기,37.6015797,127.0794692,11070620.0,중화2동,정상 지오코딩
1411,중랑구,동일로 지하 797,지하철7호선중화역(07-107),"정류소(버스,택시 등)",일반쓰레기,37.6015797,127.0794692,11070620.0,중화2동,정상 지오코딩
1412,중랑구,동일로 768,중화동한신아파트(07-110),"정류소(버스,택시 등)",일반쓰레기,37.5990753,127.0802644,11070610.0,중화1동,정상 지오코딩
1413,중랑구,중화동 286-48(봉화산로),지하철7호선중화역2번출구(07-255),"정류소(버스,택시 등)",일반쓰레기,37.6017101,127.0806912,11070610.0,중화1동,정상 지오코딩
1414,중랑구,중화동 50-8(동일로),국민은행중화동지점(07-109),"정류소(버스,택시 등)",일반쓰레기,37.5985579,127.0799529,11070620.0,중화2동,정상 지오코딩
1415,중랑구,신내로 4,국민은행망우동지점 (07-131),"정류소(버스,택시 등)",일반쓰레기,37.599633,127.097378,11070730.0,망우본동,정상 지오코딩
1416,중랑구,면목동 49-32(겸재로),지하철7호선면목역(07-229),"정류소(버스,택시 등)",일반쓰레기,37.5889833,127.0899566,11070710.0,면목본동,정상 지오코딩
1417,중랑구,동일로 916-91,묵1동주민센터입구.먹골역(07-214),"정류소(버스,택시 등)",일반쓰레기,37.6121889,127.0775868,11070640.0,묵1동,정상 지오코딩
1418,중랑구,상봉동 493(봉화산로),신현중학교(07-265),"정류소(버스,택시 등)",일반쓰레기,37.604386,127.0903947,11070590.0,상봉1동,정상 지오코딩
1419,중랑구,망우로 403,국민은행망우동지점(07-129),"정류소(버스,택시 등)",일반쓰레기,37.5994577,127.0968745,11070730.0,망우본동,정상 지오코딩
1420,중랑구,묵동 189-6(동일로),먹골역(07-425),"정류소(버스,택시 등)",일반쓰레기,37.6090061,127.0780525,11070640.0,묵1동,정상 지오코딩
1421,중랑구,신내로 92-91,신내동성1.2차아파트(07-276),"정류소(버스,택시 등)",일반쓰레기,37.6072121,127.0953894,11070690.0,신내1동,정상 지오코딩
1422,중랑구,양원역로 50,양원역입구(07-332),"정류소(버스,택시 등)",일반쓰레기,37.6058454,127.1064637,11070730.0,망우본동,정상 지오코딩
1423,중랑구,신내역로 25,중랑공영차고지.신내역(07-418),"정류소(버스,택시 등)",일반쓰레기,37.6144629,127.1051519,11070690.0,신내1동,정상 지오코딩
1424,중랑구,망우로 198-91,중랑역.동부시장(중)(07-006),"정류소(버스,택시 등)",일반쓰레기,37.5934586,127.0747356,11070600.0,상봉2동,정상 지오코딩
1425,중랑구,망우로 198-91,중랑역.동부시장(중)(07-006),"정류소(버스,택시 등)",재활용쓰레기,37.5934586,127.0747356,11070600.0,상봉2동,정상 지오코딩
1426,중랑구,망우로 198-91,중랑역.동부시장(중)(07-005),"정류소(버스,택시 등)",일반쓰레기,37.5934586,127.0747356,11070600.0,상봉2동,정상 지오코딩
1427,중랑구,망우로 198-91,중랑역.동부시장(중)(07-005),"정류소(버스,택시 등)",재활용쓰레기,37.5934586,127.0747356,11070600.0,상봉2동,정상 지오코딩
1428,중랑구,망우로 290-91,상봉역.중랑우체국(중)(07-004),"정류소(버스,택시 등)",일반쓰레기,37.5959706,127.0845611,11070600.0,상봉2동,정상 지오코딩
1429,중랑구,망우로 290-91,상봉역.중랑우체국(중)(07-004),"정류소(버스,택시 등)",재활용쓰레기,37.5959706,127.0845611,11070600.0,상봉2동,정상 지오코딩
1430,중랑구,망우로 290-91,상봉역.중랑우체국(중)(07-003),"정류소(버스,택시 등)",일반쓰레기,37.5959706,127.0845611,11070600.0,상봉2동,정상 지오코딩
1431,중랑구,망우로 290-91,상봉역.중랑우체국(중)(07-003),"정류소(버스,택시 등)",재활용쓰레기,37.5959706,127.0845611,11070600.0,상봉2동,정상 지오코딩
1432,중랑구,상봉동 160-3(망우로),"망우역, 상봉터미널(중) (07-002)","정류소(버스,택시 등)",일반쓰레기,37.5975162,127.089964,11070600.0,상봉2동,정상 지오코딩
1433,중랑구,상봉동 160-3(망우로),"망우역, 상봉터미널(중) (07-002)","정류소(버스,택시 등)",재활용쓰레기,37.5975162,127.089964,11070600.0,상봉2동,정상 지오코딩
1434,중랑구,상봉동 160-3(망우로),"망우역, 상봉터미널(중) (07-001)","정류소(버스,택시 등)",일반쓰레기,37.5975162,127.089964,11070600.0,상봉2동,정상 지오코딩
1435,중랑구,상봉동 160-3(망우로),"망우역, 상봉터미널(중) (07-001)","정류소(버스,택시 등)",재활용쓰레기,37.5975162,127.089964,11070600.0,상봉2동,정상 지오코딩
1436,중랑구,망우동 534-64(망우로),망우역.망우지구대(중)(07-008),"정류소(버스,택시 등)",일반쓰레기,37.5985436,127.0947474,11070730.0,망우본동,정상 지오코딩
1437,중랑구,망우동 534-64(망우로),망우역.망우지구대(중)(07-008),"정류소(버스,택시 등)",재활용쓰레기,37.5985436,127.0947474,11070730.0,망우본동,정상 지오코딩
1438,중랑구,망우동 534-8(망우로),망우역.망우지구대(중)(07-007),"정류소(버스,택시 등)",일반쓰레기,37.5988878,127.0960273,11070730.0,망우본동,정상 지오코딩
1439,중랑구,망우동 534-8(망우로),망우역.망우지구대(중)(07-007),"정류소(버스,택시 등)",재활용쓰레기,37.5988878,127.0960273,11070730.0,망우본동,정상 지오코딩
1440,중랑구,망우로 410-91,우림시장.망우사거리(중)(07-010),"정류소(버스,택시 등)",일반쓰레기,37.5991358,127.0977261,11070730.0,망우본동,정상 지오코딩
1441,중랑구,망우로 410-91,우림시장.망우사거리(중)(07-010),"정류소(버스,택시 등)",재활용쓰레기,37.5991358,127.0977261,11070730.0,망우본동,정상 지오코딩
1442,중랑구,망우로 410-91,우림시장.망우사거리(중)(07-009),"정류소(버스,택시 등)",일반쓰레기,37.5991358,127.0977261,11070730.0,망우본동,정상 지오코딩
1443,중랑구,망우로 410-91,우림시장.망우사거리(중)(07-009),"정류소(버스,택시 등)",재활용쓰레기,37.5991358,127.0977261,11070730.0,망우본동,정상 지오코딩
1444,중랑구,망우로 460-91,금란교회(중)(07-012),"정류소(버스,택시 등)",일반쓰레기,37.6002093,127.1030431,11070730.0,망우본동,정상 지오코딩
1445,중랑구,망우로 460-91,금란교회(중)(07-012),"정류소(버스,택시 등)",재활용쓰레기,37.6002093,127.1030431,11070730.0,망우본동,정상 지오코딩
1446,중랑구,망우로 460-91,금란교회(중)(07-011),"정류소(버스,택시 등)",일반쓰레기,37.6002093,127.1030431,11070730.0,망우본동,정상 지오코딩
1447,중랑구,망우로 460-91,금란교회(중)(07-011),"정류소(버스,택시 등)",재활용쓰레기,37.6002093,127.1030431,11070730.0,망우본동,정상 지오코딩
1448,중랑구,망우로 503-91,동부재일병원.망우리공원(중)(07-014),"정류소(버스,택시 등)",일반쓰레기,37.6006607,127.1081519,11070730.0,망우본동,정상 지오코딩
1449,중랑구,망우로 503-91,동부재일병원.망우리공원(중)(07-014),"정류소(버스,택시 등)",재활용쓰레기,37.6006607,127.1081519,11070730.0,망우본동,정상 지오코딩
1450,중랑구,망우동 534-1(망우로),동부재일병원.망우리공원(중)(07-013),"정류소(버스,택시 등)",일반쓰레기,37.600448,127.1088162,11070730.0,망우본동,정상 지오코딩
1451,중랑구,망우동 534-1(망우로),동부재일병원.망우리공원(중)(07-013),"정류소(버스,택시 등)",재활용쓰레기,37.600448,127.1088162,11070730.0,망우본동,정상 지오코딩
1452,중랑구,신내동 316-4(신내로16길),신내데시앙아파트후문(07-434),"정류소(버스,택시 등)",일반쓰레기,37.6135902,127.0984664,11070690.0,신내1동,정상 지오코딩
1453,중랑구,신내동 316-2(신내로),신내9단지아파트.서울의료원(07-280),"정류소(버스,택시 등)",일반쓰레기,37.6134714,127.0962752,11070690.0,신내1동,정상 지오코딩
1454,성북구,동소문동2가 2-4,성북천 분수광장 평화의소녀상 앞,"광장, 공원",재활용쓰레기,37.5883581,127.0065272,11080820.0,삼선동,정상 지오코딩
1455,성북구,동소문동2가 2-1,삼선교.한성대학교.조소앙활동터 버스정류장(08-010),정류소(버스 중앙차로),일반쓰레기,37.5891301,127.0078715,11080820.0,삼선동,정상 지오코딩
1456,성북구,동소문동2가 2-1,삼선교.한성대학교.조소앙활동터 버스정류장(08-010),정류소(버스 중앙차로),일반쓰레기,37.5891301,127.0078715,11080820.0,삼선동,정상 지오코딩
1457,성북구,동소문동2가 2-3,삼선교.한성대학교.조소앙활동터 버스정류장(08-010),정류소(버스 중앙차로),일반쓰레기,37.5884138,127.0065896,11080820.0,삼선동,정상 지오코딩
1458,성북구,동소문동2가 2-4,삼선교.한성대학교.조소앙활동터 버스정류장(08-010),정류소(버스 중앙차로),재활용쓰레기,37.5883581,127.0065272,11080820.0,삼선동,정상 지오코딩
1459,성북구,동소문동3가 31,삼선교.한성대학교 버스정류장(08-009),정류소(버스 중앙차로),일반쓰레기,37.590014,127.0102307,11080820.0,삼선동,API 재시도-주소검색-원본
1460,성북구,동소문동3가 31,삼선교.한성대학교 버스정류장(08-009),정류소(버스 중앙차로),재활용쓰레기,37.590014,127.0102307,11080820.0,삼선동,API 재시도-주소검색-원본
1461,성북구,동소문동3가 31,삼선교.한성대학교 버스정류장(08-009),정류소(버스 중앙차로),일반쓰레기,37.590014,127.0102307,11080820.0,삼선동,API 재시도-주소검색-원본
1462,성북구,동소문동3가 31,삼선교.한성대학교 버스정류장(08-009),정류소(버스 중앙차로),재활용쓰레기,37.590014,127.0102307,11080820.0,삼선동,API 재시도-주소검색-원본
1463,성북구,성북동1가 35-33,한성대입구역 5번 출구,지하철역 입구,일반쓰레기,37.5886148,127.005528,11080810.0,성북동,정상 지오코딩
1464,성북구,성북동1가 35-33,한성대입구역 5번 출구,지하철역 입구,일반쓰레기,37.5886148,127.005528,11080810.0,성북동,정상 지오코딩
1465,성북구,동선동1가 123-1,돈암사거리.성신여대입구 버스정류장(08-007),정류소(버스 중앙차로),일반쓰레기,37.5940701,127.0185691,11080830.0,동선동,정상 지오코딩
1466,성북구,동선동1가 123-1,돈암사거리.성신여대입구 버스정류장(08-007),정류소(버스 중앙차로),재활용쓰레기,37.5940701,127.0185691,11080830.0,동선동,정상 지오코딩
1467,성북구,동선동1가 123-1,돈암사거리.성신여대입구 버스정류장(08-007),정류소(버스 중앙차로),일반쓰레기,37.5940701,127.0185691,11080830.0,동선동,정상 지오코딩
1468,성북구,동선동1가 123-1,돈암사거리.성신여대입구 버스정류장(08-007),정류소(버스 중앙차로),재활용쓰레기,37.5940701,127.0185691,11080830.0,동선동,정상 지오코딩
1469,성북구,동선동1가 123-1,돈암사거리.성신여대입구 버스정류장(08-007),정류소(버스 중앙차로),일반쓰레기,37.5940701,127.0185691,11080830.0,동선동,정상 지오코딩
1470,성북구,동선동1가 101-1,돈암사거리.성신여대입구 버스정류장(08-008),정류소(버스 중앙차로),일반쓰레기,37.5929848,127.0171979,11080830.0,동선동,정상 지오코딩
1471,성북구,동선동1가 101-1,돈암사거리.성신여대입구 버스정류장(08-008),정류소(버스 중앙차로),재활용쓰레기,37.5929848,127.0171979,11080830.0,동선동,정상 지오코딩
1472,성북구,동선동1가 101-1,돈암사거리.성신여대입구 버스정류장(08-008),정류소(버스 가로변),일반쓰레기,37.5929848,127.0171979,11080830.0,동선동,정상 지오코딩
1473,성북구,동선동1가 101-1,돈암사거리.성신여대입구 버스정류장(08-008),정류소(버스 가로변),재활용쓰레기,37.5929848,127.0171979,11080830.0,동선동,정상 지오코딩
1474,성북구,동선동1가 101-1,돈암사거리.성신여대입구 버스정류장(08-008),정류소(버스 가로변),일반쓰레기,37.5929848,127.0171979,11080830.0,동선동,정상 지오코딩
1475,성북구,동선동4가 26,"성신여대입구역 버스정류장(08-270), 아리랑힐호텔 동대문 앞",정류소(버스 가로변),일반쓰레기,37.5935858,127.0165685,11080830.0,동선동,정상 지오코딩
1476,성북구,동소문동6가 143-2,성신필약국 앞,도로변(횡단보도 포함),일반쓰레기,37.5934669,127.0161276,11080830.0,동선동,정상 지오코딩
1477,성북구,동소문동6가 143-2,성신필약국 앞,도로변(횡단보도 포함),재활용쓰레기,37.5934669,127.0161276,11080830.0,동선동,정상 지오코딩
1478,성북구,돈암동 9-2,돈암동삼성아파트입구 버스정류장(08-123),정류소(버스 가로변),일반쓰레기,37.6019161,127.0245452,11080580.0,돈암1동,정상 지오코딩
1479,성북구,돈암동 9-2,돈암동삼성아파트입구 버스정류장(08-123),정류소(버스 가로변),일반쓰레기,37.6019161,127.0245452,11080580.0,돈암1동,정상 지오코딩
1480,성북구,돈암동 49-1,미아리고개.미아리예술극장 버스정류장(08-005),정류소(버스 중앙차로),일반쓰레기,37.5984494,127.0216339,11080580.0,돈암1동,정상 지오코딩
1481,성북구,돈암동 49-1,미아리고개.미아리예술극장 버스정류장(08-005),정류소(버스 중앙차로),재활용쓰레기,37.5984494,127.0216339,11080580.0,돈암1동,정상 지오코딩
1482,성북구,돈암동 49-1,미아리고개.미아리예술극장 버스정류장(08-005),정류소(버스 중앙차로),일반쓰레기,37.5984494,127.0216339,11080580.0,돈암1동,정상 지오코딩
1483,성북구,돈암동 49-1,미아리고개.미아리예술극장 버스정류장(08-005),정류소(버스 중앙차로),재활용쓰레기,37.5984494,127.0216339,11080580.0,돈암1동,정상 지오코딩
1484,성북구,돈암동 19-309,미아리고개.미아리예술극장 버스정류장(08-006),정류소(버스 중앙차로),일반쓰레기,37.5980787,127.0218485,11080580.0,돈암1동,정상 지오코딩
1485,성북구,돈암동 19-309,미아리고개.미아리예술극장 버스정류장(08-006),정류소(버스 중앙차로),재활용쓰레기,37.5980787,127.0218485,11080580.0,돈암1동,정상 지오코딩
1486,성북구,돈암동 19-309,미아리고개.미아리예술극장 버스정류장(08-006),정류소(버스 중앙차로),일반쓰레기,37.5980787,127.0218485,11080580.0,돈암1동,정상 지오코딩
1487,성북구,돈암동 19-309,미아리고개.미아리예술극장 버스정류장(08-006),정류소(버스 중앙차로),재활용쓰레기,37.5980787,127.0218485,11080580.0,돈암1동,정상 지오코딩
1488,성북구,성북동 227-8,서울다원학교.한용운활동터 버스정류장(08-223),정류소(버스 가로변),일반쓰레기,37.5943836,126.991777,11080810.0,성북동,정상 지오코딩
1489,성북구,성북동 227-8,서울다원학교.한용운활동터 버스정류장(08-223),정류소(버스 가로변),일반쓰레기,37.5943836,126.991777,11080810.0,성북동,정상 지오코딩
1490,성북구,정릉동 966-173,숭덕초교 버스정류장(08-120),정류소(버스 가로변),일반쓰레기,37.6038747,127.0153694,11080620.0,정릉1동,정상 지오코딩
1491,성북구,정릉동 966-112,숭덕초교 버스정류장(08-119),정류소(버스 가로변),일반쓰레기,37.6030626,127.0145106,11080620.0,정릉1동,정상 지오코딩
1492,성북구,정릉동 966-112,숭덕초교 버스정류장(08-119),정류소(버스 가로변),일반쓰레기,37.6030626,127.0145106,11080620.0,정릉1동,정상 지오코딩
1493,성북구,정릉동 966-125,정릉2동주민센터 버스정류장(08-117),정류소(버스 가로변),일반쓰레기,37.6045405,127.011129,11080630.0,정릉2동,정상 지오코딩
1494,성북구,정릉동 966-125,정릉2동주민센터 버스정류장(08-117),정류소(버스 가로변),일반쓰레기,37.6045405,127.011129,11080630.0,정릉2동,정상 지오코딩
1495,성북구,정릉동 415-18,정릉우체국앞 버스정류장(08-169),정류소(버스 가로변),일반쓰레기,37.6052838,127.0113804,11080630.0,정릉2동,정상 지오코딩
1496,성북구,정릉동 653-1,고려대사범대학부속고등학교 버스정류장(08-114),정류소(버스 가로변),일반쓰레기,37.608015,127.0023447,11080640.0,정릉3동,정상 지오코딩
1497,성북구,정릉동 653-1,고려대사범대학부속고등학교 버스정류장(08-114),정류소(버스 가로변),일반쓰레기,37.608015,127.0023447,11080640.0,정릉3동,정상 지오코딩
1498,성북구,정릉동 산 1-200,청덕초교 버스정류장(08-112),정류소(버스 가로변),일반쓰레기,37.6083636,127.0007169,11080640.0,정릉3동,정상 지오코딩
1499,성북구,정릉동 산 1-200,청덕초교 버스정류장(08-112),정류소(버스 가로변),일반쓰레기,37.6083636,127.0007169,11080640.0,정릉3동,정상 지오코딩
1500,성북구,정릉동 산 1-344,국민대앞 버스정류장(08-107),정류소(버스 가로변),일반쓰레기,37.610947,126.9935824,11080640.0,정릉3동,정상 지오코딩
1501,성북구,정릉동 산 1-344,국민대앞 버스정류장(08-107),정류소(버스 가로변),일반쓰레기,37.610947,126.9935824,11080640.0,정릉3동,정상 지오코딩
1502,성북구,정릉동 산 1-213,국민대학교앞 버스정류장(08-110),정류소(버스 가로변),일반쓰레기,37.6109053,126.9943438,11080640.0,정릉3동,정상 지오코딩
1503,성북구,정릉동 산 1-213,국민대학교앞 버스정류장(08-110),정류소(버스 가로변),일반쓰레기,37.6109053,126.9943438,11080640.0,정릉3동,정상 지오코딩
1504,성북구,정릉동 861-1,국민대앞 버스정류장(08-108),정류소(버스 가로변),일반쓰레기,37.6109537,126.9976654,11080640.0,정릉3동,정상 지오코딩
1505,성북구,정릉동649-33,북악중학교 버스정류장(08-113),정류소(버스 가로변),일반쓰레기,37.6073033,127.0030606,11080640.0,정릉3동,정상 지오코딩
1506,성북구,정릉동 239-4,정릉동풍림아파트.청소년문화의집 버스정류장(08-262),정류소(버스 가로변),일반쓰레기,37.6160454,127.0080683,11080650.0,정릉4동,정상 지오코딩
1507,성북구,정릉동 239-4,정릉동풍림아파트.청소년문화의집 버스정류장(08-262),정류소(버스 가로변),일반쓰레기,37.6160454,127.0080683,11080650.0,정릉4동,정상 지오코딩
1508,성북구,정릉동 747-4,정릉4동주민센터.경국사 버스정류장(08-163),정류소(버스 가로변),일반쓰레기,37.6135782,127.0062652,11080650.0,정릉4동,정상 지오코딩
1509,성북구,정릉동 747-4,정릉4동주민센터.경국사 버스정류장(08-163),정류소(버스 가로변),일반쓰레기,37.6135782,127.0062652,11080650.0,정릉4동,정상 지오코딩
1510,성북구,장위동 64-135,돌곶이역 2번출구,지하철역 입구,일반쓰레기,37.6112784,127.0565577,11080770.0,장위2동,정상 지오코딩
1511,성북구,장위동 64-135,돌곶이역 2번출구,지하철역 입구,일반쓰레기,37.6112784,127.0565577,11080770.0,장위2동,정상 지오코딩
1512,성북구,장위동 64-115,돌곶이역 버스정류장(08-142),정류소(버스 가로변),일반쓰레기,37.6106322,127.0560965,11080770.0,장위2동,정상 지오코딩
1513,성북구,상월곡동 35-9,월곡중학교 버스정류장(08-353),정류소(버스 가로변),일반쓰레기,37.605908,127.047443,11080720.0,월곡2동,정상 지오코딩
1514,성북구,상월곡동 55-56,상월곡역 버스정류장(08-136),정류소(버스 가로변),일반쓰레기,37.605882,127.0465923,11080720.0,월곡2동,정상 지오코딩
1515,성북구,하월곡동 35-5,월곡역 버스정류장(08-132),정류소(버스 가로변),일반쓰레기,37.6015622,127.0416019,11080720.0,월곡2동,정상 지오코딩
1516,성북구,길음동 1076-2,길음역 9번출구,지하철역 입구,일반쓰레기,37.6045563,127.025194,11080680.0,길음2동,정상 지오코딩
1517,성북구,길음동 1076-2,길음역 9번출구,지하철역 입구,일반쓰레기,37.6045563,127.025194,11080680.0,길음2동,정상 지오코딩
1518,성북구,종암동 132,서울종암경찰서,도로변(횡단보도 포함),일반쓰레기,37.601964,127.0334891,11080840.0,종암동,정상 지오코딩
1519,성북구,하월곡동 219,월곡동신아파트 버스정류장(08-403),정류소(버스 가로변),일반쓰레기,37.6044079,127.0352784,11080710.0,월곡1동,정상 지오코딩
1520,성북구,하월곡동 174,숭곡초교입구 버스정류장(08-101),정류소(버스 가로변),일반쓰레기,37.6095999,127.0321124,11080710.0,월곡1동,정상 지오코딩
1521,성북구,하월곡동 174,숭곡초교입구 버스정류장(08-101),정류소(버스 가로변),일반쓰레기,37.6095999,127.0321124,11080710.0,월곡1동,정상 지오코딩
1522,성북구,하월곡동 90-117,성가복지병원 버스정류장(08-149),정류소(버스 가로변),일반쓰레기,37.6059607,127.031637,11080710.0,월곡1동,정상 지오코딩
1523,성북구,보문동7가 31,보문동주민센터 버스정류장(08-183),정류소(버스 가로변),일반쓰레기,37.5803922,127.0216806,11080610.0,보문동,정상 지오코딩
1524,성북구,보문동5가 160-1,보문동성당 버스정류장(08-181),정류소(버스 가로변),재활용쓰레기,37.5823616,127.0206983,11080610.0,보문동,정상 지오코딩
1525,성북구,보문동1가 120,보문역 버스정류장(08-326),정류소(버스 가로변),일반쓰레기,37.5861139,127.019199,11080610.0,보문동,정상 지오코딩
1526,성북구,안암동5가 99,안암전철역 버스정류장(08-302),정류소(버스 가로변),일반쓰레기,37.5865459,127.0302378,11080600.0,안암동,정상 지오코딩
1527,성북구,안암동5가 96,안암역 버스정류장(08-301),정류소(버스 가로변),일반쓰레기,37.5861906,127.0304213,11080600.0,안암동,정상 지오코딩
1528,성북구,장위동 238-198,국민은행장위동지점 버스정류장(08-282),정류소(버스 가로변),일반쓰레기,37.6138727,127.0487038,11080760.0,장위1동,정상 지오코딩
1529,성북구,장위동 214-79,영어의 힘 앞,도로변(횡단보도 포함),일반쓰레기,37.6176145,127.0476992,11080760.0,장위1동,정상 지오코딩
1530,성북구,장위동 214-79,영어의 힘 앞,도로변(횡단보도 포함),일반쓰레기,37.6176145,127.0476992,11080760.0,장위1동,정상 지오코딩
1531,성북구,장위동 316-3,장월초교.참누리아파트 버스정류장(08-450),정류소(택시 등 기타),일반쓰레기,37.622936,127.0484608,11080780.0,장위3동,정상 지오코딩
1532,성북구,장위동 316-3,장월초교.참누리아파트 버스정류장(08-450),정류소(택시 등 기타),재활용쓰레기,37.622936,127.0484608,11080780.0,장위3동,정상 지오코딩
1533,성북구,돈암동 538-98,아리랑고개.아리랑시네미디어센터 버스정류장(08-266),정류소(택시 등 기타),일반쓰레기,37.5999264,127.0139243,11080590.0,돈암2동,정상 지오코딩
1534,성북구,돈암동 538-98,아리랑고개.아리랑시네미디어센터 버스정류장(08-266),정류소(택시 등 기타),일반쓰레기,37.5999264,127.0139243,11080590.0,돈암2동,정상 지오코딩
1535,성북구,돈암동 524,아리랑고개.아리랑시네미디어센터 버스정류장(08-265),정류소(택시 등 기타),일반쓰레기,37.6007329,127.0125687,11080590.0,돈암2동,정상 지오코딩
1536,성북구,돈암동 524,아리랑고개.아리랑시네미디어센터 버스정류장(08-265),정류소(택시 등 기타),일반쓰레기,37.6007329,127.0125687,11080590.0,돈암2동,정상 지오코딩
1537,성북구,성북동 170-41,경신중고입구 버스정류장(08-233),정류소(택시 등 기타),일반쓰레기,37.5925117,127.0027964,11080810.0,성북동,정상 지오코딩
1538,성북구,성북동 155-16,홍익대부속중고등학교입구 버스정류장(08-231),정류소(택시 등 기타),일반쓰레기,37.5935357,127.0013924,11080810.0,성북동,정상 지오코딩
1539,성북구,하월곡동 89-4,현대백화점별관주차장 버스정류장(08-874),정류소(택시 등 기타),일반쓰레기,37.6075271,127.0292292,11080680.0,길음2동,정상 지오코딩
1540,성북구,석관동 375-29,우리은행 앞 광장,"광장, 공원",일반쓰레기,37.6143593,127.0652661,11080850.0,석관동,정상 지오코딩
1541,성북구,종암동 29-18,고려대역 1번출구,지하철역 입구,재활용쓰레기,37.5896789,127.0359263,11080600.0,안암동,정상 지오코딩
1542,성북구,종암동 3-1342,종암사거리입구 버스정류장(08-150),정류소(택시 등 기타),일반쓰레기,37.6014408,127.0327207,11080840.0,종암동,정상 지오코딩
1543,성북구,종암동 3-1342,종암사거리입구 버스정류장(08-150),정류소(택시 등 기타),일반쓰레기,37.6014408,127.0327207,11080840.0,종암동,정상 지오코딩
1544,성북구,길음동 1282,길음1동주민센터.길음중앙새마을금고앞 버스정류장(08-786),정류소(택시 등 기타),일반쓰레기,37.6096855,127.0207102,11080660.0,길음1동,정상 지오코딩
1545,성북구,길음동 875-1,길음시장입구 버스정류장(08-662),정류소(택시 등 기타),일반쓰레기,37.6072458,127.0216337,11080660.0,길음1동,정상 지오코딩
1546,성북구,길음동 875-1,현대아파트앞 버스정류장(08-514),정류소(택시 등 기타),일반쓰레기,37.6072458,127.0216337,11080660.0,길음1동,정상 지오코딩
1547,성북구,길음동 607-33,래미안821동앞 버스정류장(08-529),정류소(택시 등 기타),일반쓰레기,37.606513,127.0217471,11080660.0,길음1동,정상 지오코딩
1548,성북구,보문동2가 79,보문역 버스정류장(08-179),정류소(택시 등 기타),일반쓰레기,37.5858696,127.0185863,11080610.0,보문동,정상 지오코딩
1549,성북구,안암동5가 86-10,우신향병원 버스정류장(08-157),정류소(택시 등 기타),일반쓰레기,37.5851073,127.031419,11080600.0,안암동,정상 지오코딩
1550,성북구,종암동 12-33,숭례초등학교 버스정류장(08-155),정류소(택시 등 기타),일반쓰레기,37.5939861,127.0361068,11080840.0,종암동,정상 지오코딩
1551,성북구,정릉동 590-16,청덕초등학교 버스정류장(08-111),정류소(택시 등 기타),일반쓰레기,37.6086973,126.9989744,11080640.0,정릉3동,정상 지오코딩
1552,성북구,하월곡동 77-976,창문여고 버스정류장(08-102),정류소(택시 등 기타),재활용쓰레기,37.6117502,127.0359461,11080710.0,월곡1동,정상 지오코딩
1553,성북구,돈암동 8-165,길음역 버스정류장(08-124),정류소(택시 등 기타),일반쓰레기,37.6021665,127.0241177,11080580.0,돈암1동,정상 지오코딩
1554,성북구,돈암동 8-165,길음역 버스정류장(08-124),정류소(택시 등 기타),일반쓰레기,37.6021665,127.0241177,11080580.0,돈암1동,정상 지오코딩
1555,성북구,돈암동 8-165,길음역 버스정류장(08-336),정류소(택시 등 기타),재활용쓰레기,37.6021665,127.0241177,11080580.0,돈암1동,정상 지오코딩
1556,성북구,돈암동 8-165,길음역 버스정류장(08-336),정류소(택시 등 기타),재활용쓰레기,37.6021665,127.0241177,11080580.0,돈암1동,정상 지오코딩
1557,성북구,하월곡동 88-31,월곡뉴타운 버스정류장(08-002),정류소(택시 등 기타),일반쓰레기,37.6058054,127.0273857,11080680.0,길음2동,정상 지오코딩
1558,성북구,하월곡동 88-31,월곡뉴타운 버스정류장(08-002),정류소(택시 등 기타),재활용쓰레기,37.6058054,127.0273857,11080680.0,길음2동,정상 지오코딩
1559,성북구,하월곡동 88-31,월곡뉴타운 버스정류장(08-002),정류소(택시 등 기타),일반쓰레기,37.6058054,127.0273857,11080680.0,길음2동,정상 지오코딩
1560,성북구,하월곡동 88-31,월곡뉴타운 버스정류장(08-002),정류소(택시 등 기타),재활용쓰레기,37.6058054,127.0273857,11080680.0,길음2동,정상 지오코딩
1561,성북구,길음동 515,월곡뉴타운 버스정류장(08-001),정류소(택시 등 기타),일반쓰레기,37.6069486,127.0282567,11080680.0,길음2동,정상 지오코딩
1562,성북구,길음동 515,월곡뉴타운 버스정류장(08-001),정류소(택시 등 기타),재활용쓰레기,37.6069486,127.0282567,11080680.0,길음2동,정상 지오코딩
1563,성북구,길음동 515,월곡뉴타운 버스정류장(08-001),정류소(택시 등 기타),일반쓰레기,37.6069486,127.0282567,11080680.0,길음2동,정상 지오코딩
1564,성북구,길음동 515,월곡뉴타운 버스정류장(08-001),정류소(택시 등 기타),재활용쓰레기,37.6069486,127.0282567,11080680.0,길음2동,정상 지오코딩
1565,성북구,길음동 515,월곡뉴타운 버스정류장(08-001),정류소(택시 등 기타),일반쓰레기,37.6069486,127.0282567,11080680.0,길음2동,정상 지오코딩
1566,성북구,길음동 532-17,길음뉴타운 버스정류장(08-003),정류소(택시 등 기타),일반쓰레기,37.6037486,127.0241817,11080660.0,길음1동,정상 지오코딩
1567,성북구,길음동 532-17,길음뉴타운 버스정류장(08-003),정류소(택시 등 기타),재활용쓰레기,37.6037486,127.0241817,11080660.0,길음1동,정상 지오코딩
1568,성북구,길음동 532-17,길음뉴타운 버스정류장(08-003),정류소(택시 등 기타),일반쓰레기,37.6037486,127.0241817,11080660.0,길음1동,정상 지오코딩
1569,성북구,길음동 532-17,길음뉴타운 버스정류장(08-003),정류소(택시 등 기타),일반쓰레기,37.6037486,127.0241817,11080660.0,길음1동,정상 지오코딩
1570,성북구,길음동 532-17,길음뉴타운 버스정류장(08-003),정류소(택시 등 기타),재활용쓰레기,37.6037486,127.0241817,11080660.0,길음1동,정상 지오코딩
1571,성북구,길음동 534-9,길음뉴타운 버스정류장(08-004),정류소(택시 등 기타),일반쓰레기,37.6032617,127.0237268,11080660.0,길음1동,정상 지오코딩
1572,성북구,길음동 534-9,길음뉴타운 버스정류장(08-004),정류소(택시 등 기타),재활용쓰레기,37.6032617,127.0237268,11080660.0,길음1동,정상 지오코딩
1573,성북구,길음동 534-9,길음뉴타운 버스정류장(08-004),정류소(택시 등 기타),일반쓰레기,37.6032617,127.0237268,11080660.0,길음1동,정상 지오코딩
1574,성북구,길음동 534-9,길음뉴타운 버스정류장(08-004),정류소(택시 등 기타),일반쓰레기,37.6032617,127.0237268,11080660.0,길음1동,정상 지오코딩
1575,성북구,길음동 534-9,길음뉴타운 버스정류장(08-004),정류소(택시 등 기타),재활용쓰레기,37.6032617,127.0237268,11080660.0,길음1동,정상 지오코딩
1576,성북구,하월곡동 27-118,월곡역 2번출구,지하철역 입구,일반쓰레기,37.6024959,127.0412687,11080720.0,월곡2동,정상 지오코딩
1577,성북구,정릉동 16-170,정릉길음시장 버스정류장(08-121),정류소(버스 가로변),일반쓰레기,37.6021238,127.0191517,11080620.0,정릉1동,정상 지오코딩
1578,성북구,종암동 87-6,종암동주민센터 버스정류장(08-152),정류소(택시 등 기타),일반쓰레기,37.5993391,127.0340484,11080840.0,종암동,정상 지오코딩
1579,성북구,종암동 10-178,청진동해장국 앞,도로변(횡단보도 포함),일반쓰레기,37.5950275,127.0362086,11080840.0,종암동,정상 지오코딩
1580,성북구,성북동1가 50-4,삼선교.성북문화원 버스정류장(08-237),정류소(택시 등 기타),일반쓰레기,37.5890988,127.0056112,11080810.0,성북동,정상 지오코딩
1581,성북구,정릉동 967-20,정릉입구 버스정류장(08-263),정류소(택시 등 기타),일반쓰레기,37.6024414,127.0134197,11080630.0,정릉2동,정상 지오코딩
1582,성북구,정릉동 139-56,정릉입구 버스정류장(08-264),정류소(택시 등 기타),일반쓰레기,37.6029185,127.0137052,11080620.0,정릉1동,정상 지오코딩
1583,성북구,하월곡동 62-4,생명의전화 버스정류장(08-290),정류소(택시 등 기타),일반쓰레기,37.6042191,127.0377435,11080720.0,월곡2동,정상 지오코딩
1584,성북구,하월곡동 88-5,성가복지병원 버스정류장(08-148),정류소(택시 등 기타),일반쓰레기,37.6049355,127.0316201,11080680.0,길음2동,정상 지오코딩
1585,성북구,석관동 375-14,석계역 버스정류장(08-147),정류소(택시 등 기타),일반쓰레기,37.6150663,127.0666388,11080850.0,석관동,정상 지오코딩
1586,성북구,동선동5가 141-6,돈암2동주민센터입구.흥천사 버스정류장(08-268),정류소(택시 등 기타),일반쓰레기,37.5964069,127.0157496,11080830.0,동선동,정상 지오코딩
1587,성북구,하월곡동 1-12,한국과학기술연구원입구 버스정류장(08-135),정류소(택시 등 기타),일반쓰레기,37.6055446,127.0473202,11080720.0,월곡2동,정상 지오코딩
1588,성북구,동선동5가 26,명쭈3 앞,도로변(횡단보도 포함),일반쓰레기,37.5950796,127.0161622,11080830.0,동선동,정상 지오코딩
1589,성북구,보문동2가 134,배스킨라빈스 앞,도로변(횡단보도 포함),일반쓰레기,37.5850435,127.0192991,11080610.0,보문동,정상 지오코딩
1590,성북구,종암동 115-152,종암SK아파트 버스정류장(08-130),정류소(택시 등 기타),일반쓰레기,37.6020648,127.0374629,11080840.0,종암동,정상 지오코딩
1591,성북구,석관동 43-1,석관동코오롱아파트 버스정류장(08-197),정류소(택시 등 기타),재활용쓰레기,37.6062443,127.0663975,11080850.0,석관동,정상 지오코딩
1592,성북구,종암동 90-21,KT월곡지사 버스정류장(08-128),정류소(택시 등 기타),일반쓰레기,37.6024437,127.0347584,11080840.0,종암동,정상 지오코딩
1593,성북구,정릉동 295-11,솔샘사거리 버스정류장(08-324),정류소(택시 등 기타),일반쓰레기,37.6128949,127.0070579,11080650.0,정릉4동,정상 지오코딩
1594,성북구,석관동 375-46,석계역 4번 출구,지하철역 입구,일반쓰레기,37.6148488,127.0668471,11080850.0,석관동,정상 지오코딩
1595,성북구,종암동 22-1,숭례초교 버스정류장(08-154),정류소(택시 등 기타),일반쓰레기,37.5948973,127.0349461,11080840.0,종암동,정상 지오코딩
1596,성북구,정릉동 160-1,숭덕초교 버스정류장(08-257),정류소(택시 등 기타),일반쓰레기,37.6039423,127.0133068,11080630.0,정릉2동,정상 지오코딩
1597,성북구,장위동 206-3,장곡초교사거리 버스정류장(08-222),정류소(택시 등 기타),일반쓰레기,37.6177237,127.0498019,11080760.0,장위1동,정상 지오코딩
1598,성북구,삼선동5가 411,성북구청 바람마당,"광장, 공원",일반쓰레기,37.5894489,127.0168289,11080820.0,삼선동,정상 지오코딩
1599,성북구,길음동 1286-8,서울·성북 미디어문화마루 앞,도로변(횡단보도 포함),일반쓰레기,37.6037509,127.0221532,11080660.0,길음1동,정상 지오코딩
1600,성북구,정릉동 164-51,정릉2동주민센터 버스정류장(08-118),정류소(택시 등 기타),일반쓰레기,37.6050398,127.0113563,11080630.0,정릉2동,정상 지오코딩
1601,성북구,종암동 65-13,문화공간 이육사 앞 공원,"광장, 공원",일반쓰레기,37.5981405,127.0326198,11080840.0,종암동,정상 지오코딩
1602,성북구,하월곡동 35-1,월곡역 교통섬,도로변(횡단보도 포함),일반쓰레기,37.6017497,127.0414156,11080720.0,월곡2동,정상 지오코딩
1603,성북구,석관동 375-29,우리은행 앞 광장,"광장, 공원",일반쓰레기,37.6143593,127.0652661,11080850.0,석관동,정상 지오코딩
1604,성북구,종암동 134,래미안라센트아파트 103동 외부 서울자전거 따릉이 대여소,도로변(횡단보도 포함),일반쓰레기,37.5992883,127.0385955,11080840.0,종암동,정상 지오코딩
1605,성북구,정릉동 289-38,북한산보국문역 1번출구,지하철역 입구,재활용쓰레기,37.6121127,127.0085917,11080650.0,정릉4동,정상 지오코딩
1606,성북구,장위동 323,"꿈의숲아이파크아파트 702동, 703동 사이 외부 인도",도로변(횡단보도 포함),일반쓰레기,37.6186616,127.0489598,11080760.0,장위1동,정상 지오코딩
1607,성북구,장위동 323,"꿈의숲아이파크아파트 702동, 703동 사이 외부 인도",도로변(횡단보도 포함),재활용쓰레기,37.6186616,127.0489598,11080760.0,장위1동,정상 지오코딩
1608,성북구,장위동 322,래미안장위포레카운티아파트 110동 외부 쉼터,도로변(횡단보도 포함),일반쓰레기,37.6180019,127.0533087,11080780.0,장위3동,정상 지오코딩
1609,성북구,장위동 320,장위래미안퍼스트하이 상가 앞,도로변(횡단보도 포함),일반쓰레기,37.6200557,127.0514349,11080780.0,장위3동,정상 지오코딩
1610,성북구,장위동 320,장위래미안퍼스트하이 상가 앞,도로변(횡단보도 포함),재활용쓰레기,37.6200557,127.0514349,11080780.0,장위3동,정상 지오코딩
1611,성북구,석관동 92-2,시온아트빌 앞,정류소(택시 등 기타),일반쓰레기,37.6066879,127.0666045,11080850.0,석관동,정상 지오코딩
1612,성북구,정릉동 704-23,삼덕단지 버스정류장 앞,정류소(택시 등 기타),일반쓰레기,37.6104007,127.0053073,11080640.0,정릉3동,정상 지오코딩
1613,성북구,정릉동 704-23,삼덕단지 버스정류장 앞,정류소(택시 등 기타),일반쓰레기,37.6104007,127.0053073,11080640.0,정릉3동,정상 지오코딩
1614,성북구,정릉동 192-152,롯데캐슬 아파트 건너편 버스정류장,정류소(택시 등 기타),일반쓰레기,37.6090577,127.0153655,11080630.0,정릉2동,정상 지오코딩
1615,성북구,장위동 310-25,코오롱 하늘채 아파트 앞 버스정류장(08200),정류소(택시 등 기타),일반쓰레기,37.619034,127.0456149,11080780.0,장위3동,정상 지오코딩
1616,성북구,길음동 1284,길음뉴타운 8단지 앞,정류소(택시 등 기타),일반쓰레기,37.6075575,127.0179488,11080660.0,길음1동,정상 지오코딩
1617,성북구,길음동 559-1,길음뉴타운 우리은행 앞 버스정류장(08545),정류소(택시 등 기타),일반쓰레기,37.6054301,127.0222201,11080660.0,길음1동,정상 지오코딩
1618,성북구,동선동4가 38,아리랑호텔 동대문 앞 버스정류장(08270),정류소(택시 등 기타),일반쓰레기,37.5937735,127.0164516,11080830.0,동선동,정상 지오코딩
1619,성북구,하월곡동 88-485,힐스테이트 입구 버스 정류장,정류소(택시 등 기타),일반쓰레기,37.6065064,127.0282192,11080680.0,길음2동,정상 지오코딩
1620,성북구,삼선동5가 411,성북구청 바람마당,"광장, 공원",일반쓰레기,37.5894489,127.0168289,11080820.0,삼선동,정상 지오코딩
1621,성북구,삼선동5가 411,성북구청 바람마당,"광장, 공원",재활용쓰레기,37.5894489,127.0168289,11080820.0,삼선동,정상 지오코딩
1622,성북구,하월곡동 88-3,성북 우체국 앞 인도,도로변(횡단보도 포함),일반쓰레기,37.6073076,127.0293237,11080680.0,길음2동,정상 지오코딩
1623,성북구,안암동5가 126-1,고대병원 버스정류장,정류소(택시 등 기타),일반쓰레기,37.5871449,127.0269852,11080600.0,안암동,정상 지오코딩
1624,성북구,안암동5가 126-1,고대병원 버스정류장,정류소(택시 등 기타),재활용쓰레기,37.5871449,127.0269852,11080600.0,안암동,정상 지오코딩
1625,성북구,보문동1가 109-3,보문역 버스정류장(08296),정류소(택시 등 기타),일반쓰레기,37.5856381,127.0200081,11080610.0,보문동,정상 지오코딩
1626,성북구,보문동1가 109-3,보문역 버스정류장(08296),정류소(택시 등 기타),재활용쓰레기,37.5856381,127.0200081,11080610.0,보문동,정상 지오코딩
1627,성북구,보문동1가 178-1,보문역 버스정류장(08295),정류소(택시 등 기타),일반쓰레기,37.5855048,127.0201945,11080610.0,보문동,정상 지오코딩
1628,성북구,보문동1가 178-1,보문역 버스정류장(08295),정류소(택시 등 기타),재활용쓰레기,37.5855048,127.0201945,11080610.0,보문동,정상 지오코딩
1629,성북구,삼선동5가 326,성북구청 버스정류장(08178),정류소(택시 등 기타),일반쓰레기,37.5886988,127.0173142,11080820.0,삼선동,정상 지오코딩
1630,성북구,삼선동5가 326,성북구청 버스정류장(08178),정류소(택시 등 기타),재활용쓰레기,37.5886988,127.0173142,11080820.0,삼선동,정상 지오코딩
1631,성북구,삼선동5가 297,성북구청 버스정류장(08177),정류소(택시 등 기타),일반쓰레기,37.5881661,127.0173025,11080820.0,삼선동,정상 지오코딩
1632,성북구,삼선동5가 297,성북구청 버스정류장(08177),정류소(택시 등 기타),재활용쓰레기,37.5881661,127.0173025,11080820.0,삼선동,정상 지오코딩
1633,성북구,삼선동2가 105,삼선시장 버스정류장(08535),정류소(택시 등 기타),일반쓰레기,37.5882284,127.009219,11080820.0,삼선동,정상 지오코딩
1634,성북구,삼선동2가 105,삼선시장 버스정류장(08535),정류소(택시 등 기타),재활용쓰레기,37.5882284,127.009219,11080820.0,삼선동,정상 지오코딩
1635,성북구,동선동2가 154,보문로34길 88 앞 인도,도로변(횡단보도 포함),일반쓰레기,37.5912559,127.0201519,11080830.0,동선동,정상 지오코딩
1636,성북구,동선동2가 154,보문로34길 88 앞 인도,도로변(횡단보도 포함),재활용쓰레기,37.5912559,127.0201519,11080830.0,동선동,정상 지오코딩
1637,성북구,동선동1가 46-2,동소문로20길 43 앞 인도,도로변(횡단보도 포함),일반쓰레기,37.590653,127.0170301,11080830.0,동선동,정상 지오코딩
1638,성북구,동선동1가 46-2,동소문로20길 43 앞 인도,도로변(횡단보도 포함),재활용쓰레기,37.590653,127.0170301,11080830.0,동선동,정상 지오코딩
1639,성북구,성북동 118-2,성북역사문화공원 앞,도로변(횡단보도 포함),일반쓰레기,37.5924993,126.9977894,11080810.0,성북동,정상 지오코딩
1640,성북구,보문동7가 104,보문동주민센터 버스정류장(08-184),정류소(택시 등 기타),일반쓰레기,37.5801891,127.0225286,11080610.0,보문동,정상 지오코딩
1641,성북구,보문동4가 77-2,보문동성당 버스정류장(08-182),정류소(택시 등 기타),일반쓰레기,37.5823337,127.021284,11080610.0,보문동,정상 지오코딩
1642,성북구,삼선동4가 349-1,삼선동주민센터 버스정류장(08-176),정류소(택시 등 기타),일반쓰레기,37.5909341,127.0146012,11080820.0,삼선동,정상 지오코딩
1643,성북구,삼선동4가 349-1,삼선동주민센터 버스정류장(08-997),정류소(택시 등 기타),일반쓰레기,37.5909341,127.0146012,11080820.0,삼선동,정상 지오코딩
1644,성북구,동소문동3가 82,돈암시장 버스정류장(08-934),정류소(택시 등 기타),일반쓰레기,37.5914251,127.0132448,11080820.0,삼선동,정상 지오코딩
1645,성북구,길음동 1282,국수나무 길음점 앞,도로변(횡단보도 포함),재활용쓰레기,37.6096855,127.0207102,11080660.0,길음1동,정상 지오코딩
1646,성북구,동소문로 305-1,주신공인중개사사무소,도로변(횡단보도 포함),일반쓰레기,37.6074332,127.0283524,11080680.0,길음2동,정상 지오코딩
1647,성북구,하월곡동 22-13,진각종 앞 달빛공원,"광장, 공원",일반쓰레기,37.6041834,127.0423252,11080720.0,월곡2동,정상 지오코딩
1648,성북구,하월곡동 22-13,진각종 앞 달빛공원,"광장, 공원",재활용쓰레기,37.6041834,127.0423252,11080720.0,월곡2동,정상 지오코딩
1649,성북구,솔샘로6길 55,-,도로변(횡단보도 포함),담배꽁초 수거함,37.6091616,127.0080393,11080640.0,정릉3동,정상 지오코딩
1650,성북구,솔샘로6길 46-6,-,정류소(버스 가로변),담배꽁초 수거함,37.6092551,127.0075387,11080640.0,정릉3동,정상 지오코딩
1651,성북구,솔샘로6길 46-16,-,정류소(버스 가로변),담배꽁초 수거함,37.6087998,127.0075,11080640.0,정릉3동,정상 지오코딩
1652,성북구,동소문로20길 37-21,-,정류소(버스 가로변),담배꽁초 수거함,37.5912818,127.0178803,11080830.0,동선동,정상 지오코딩
1653,성북구,동소문로20길 29-12,-,정류소(버스 가로변),담배꽁초 수거함,37.5912929,127.0174334,11080830.0,동선동,정상 지오코딩
1654,성북구,아리랑로119,-,정류소(버스 가로변),담배꽁초 수거함,37.6025334,127.0133381,11080630.0,정릉2동,정상 지오코딩
1655,성북구,동소문로22길 79 1층 ,-,도로변(횡단보도 포함),담배꽁초 수거함,37.5896894,127.0191246,11080830.0,동선동,정상 지오코딩
1656,성북구,보문로30라길 15,-,도로변(횡단보도 포함),담배꽁초 수거함,37.5897325,127.01888,11080830.0,동선동,정상 지오코딩
1657,성북구,동소문로22길 64,-,도로변(횡단보도 포함),담배꽁초 수거함,37.5902712,127.0185161,11080830.0,동선동,정상 지오코딩
1658,성북구,고려대로7길 84-9 ,-,도로변(횡단보도 포함),담배꽁초 수거함,37.5894974,127.0189892,11080830.0,동선동,정상 지오코딩
1659,성북구,보문로30라길 16,-,도로변(횡단보도 포함),담배꽁초 수거함,37.5898953,127.0187704,11080830.0,동선동,정상 지오코딩
1660,성북구,보문로30길 39 마장동고깃집,-,도로변(횡단보도 포함),담배꽁초 수거함,37.5893607,127.0194172,11080830.0,동선동,정상 지오코딩
1661,성북구,보문로34길 52,-,도로변(횡단보도 포함),담배꽁초 수거함,37.5907027,127.0182671,11080830.0,동선동,정상 지오코딩
1662,성북구,동소문로20길 41,-,도로변(횡단보도 포함),담배꽁초 수거함,37.5907632,127.0170419,11080830.0,동선동,정상 지오코딩
1663,성북구,동소문로20다길 30-9 ,-,"광장, 공원",담배꽁초 수거함,37.5918257,127.0184993,11080830.0,동선동,정상 지오코딩
1664,성북구,보문로30라길 23,-,도로변(횡단보도 포함),담배꽁초 수거함,37.5896486,127.01851,11080830.0,동선동,정상 지오코딩
1665,성북구,서울특별시 성북구 보문로 190,-,도로변(횡단보도 포함),담배꽁초 수거함,37.5908457,127.0146418,11080820.0,삼선동,API 재시도-주소검색-원본
1666,성북구,보문로30라길 5-10,-,도로변(횡단보도 포함),담배꽁초 수거함,37.58957,127.0192043,11080830.0,동선동,정상 지오코딩
1667,성북구,동소문로22길 72,-,도로변(횡단보도 포함),담배꽁초 수거함,37.5899659,127.01875,11080830.0,동선동,정상 지오코딩
1668,성북구,동소문로20다길 16,-,도로변(횡단보도 포함),담배꽁초 수거함,37.591743,127.0176351,11080830.0,동선동,정상 지오코딩
1669,성북구,동선동1가 2-6,-,도로변(횡단보도 포함),담배꽁초 수거함,37.5921624,127.0172458,11080830.0,동선동,정상 지오코딩
1670,성북구,동소문로20가길 14,-,도로변(횡단보도 포함),담배꽁초 수거함,37.5923496,127.0173127,11080830.0,동선동,정상 지오코딩
1671,성북구,동소문로24길 31,-,도로변(횡단보도 포함),담배꽁초 수거함,37.5922616,127.0189355,11080830.0,동선동,정상 지오코딩
1672,성북구,아리랑로54 ,-,"광장, 공원",담배꽁초 수거함,37.5975515,127.0148832,11080830.0,동선동,정상 지오코딩
1673,성북구,보국문로9-3,-,"광장, 공원",담배꽁초 수거함,37.6055206,127.0110647,11080630.0,정릉2동,정상 지오코딩
1674,성북구,보국문로19,-,"광장, 공원",담배꽁초 수거함,37.6067567,127.0096945,11080630.0,정릉2동,정상 지오코딩
1675,성북구,보문로 168,-,정류소(버스 가로변),담배꽁초 수거함,37.5894551,127.01669,11080820.0,삼선동,정상 지오코딩
1676,성북구,동소문로2,-,정류소(버스 가로변),담배꽁초 수거함,37.5884211,127.0067839,11080820.0,삼선동,정상 지오코딩
1677,성북구,동소문로24길 9 ,-,정류소(버스 가로변),담배꽁초 수거함,37.5932717,127.0186412,11080830.0,동선동,정상 지오코딩
1678,성북구,보국문로11길 27,-,정류소(버스 가로변),담배꽁초 수거함,37.6085879,127.0085473,11080640.0,정릉3동,정상 지오코딩
1679,성북구,보국문로11길 23,-,정류소(버스 가로변),담배꽁초 수거함,37.6085637,127.0087713,11080640.0,정릉3동,정상 지오코딩
1680,성북구,보국문로11길 28-4,-,정류소(버스 가로변),담배꽁초 수거함,37.608883,127.0084975,11080640.0,정릉3동,정상 지오코딩
1681,성북구,보국문로11길 24,-,정류소(버스 가로변),담배꽁초 수거함,37.6088381,127.0087474,11080640.0,정릉3동,정상 지오코딩
1682,성북구,정릉로44길 7,-,정류소(버스 가로변),담배꽁초 수거함,37.6014275,127.0248007,11080580.0,돈암1동,정상 지오코딩
1683,성북구,동소문로248-1 ,-,지하철역 입구,담배꽁초 수거함,37.6030898,127.0247002,11080660.0,길음1동,정상 지오코딩
1684,성북구,길음동 1286-12,-,지하철역 입구,담배꽁초 수거함,37.6024767,127.0203727,11080660.0,길음1동,정상 지오코딩
1685,성북구,오패산로10길 30,-,지하철역 입구,담배꽁초 수거함,37.6050975,127.0385119,11080720.0,월곡2동,정상 지오코딩
1686,성북구,오패산로10길 30,-,지하철역 입구,담배꽁초 수거함,37.6050975,127.0385119,11080720.0,월곡2동,정상 지오코딩
1687,성북구,오패산로3길 95,-,지하철역 입구,담배꽁초 수거함,37.6072568,127.0339355,11080710.0,월곡1동,정상 지오코딩
1688,성북구,고려대로26길 42-1,-,지하철역 입구,담배꽁초 수거함,37.584256,127.0299235,11080600.0,안암동,정상 지오코딩
1689,성북구,고려대로26길 42-1,-,지하철역 입구,담배꽁초 수거함,37.584256,127.0299235,11080600.0,안암동,정상 지오코딩
1690,성북구,한천로66길 221-1,-,지하철역 입구,담배꽁초 수거함,37.6141653,127.0649259,11080850.0,석관동,정상 지오코딩
1691,성북구,안암동5가 134-1,-,상가지역,담배꽁초 수거함,37.5826937,127.0289884,11080600.0,안암동,정상 지오코딩
1692,성북구,고려대로26길 42-1,-,상가지역,담배꽁초 수거함,37.584256,127.0299235,11080600.0,안암동,정상 지오코딩
1693,성북구,삼선교로24길 43,-,상가지역,담배꽁초 수거함,37.5883865,127.0167373,11080820.0,삼선동,정상 지오코딩
1694,성북구,솔샘로 41,-,도로변(횡단보도 포함),담배꽁초 수거함,37.6113138,127.0050477,11080640.0,정릉3동,정상 지오코딩
1695,강북구,삼양로 372 ,원헤어샵 앞,도로변(횡단보도 포함),일반쓰레기,37.6366206,127.0174012,11090750.0,인수동,정상 지오코딩
1696,강북구,삼양로 335 ,수유보건지소,도로변(횡단보도 포함),일반쓰레기,37.6333353,127.017384,11090630.0,수유1동,정상 지오코딩
1697,강북구,삼양로 293 ,빨래골입구. 수유1동 주민센터 버스정류장(09-158),정류소(버스 가로변),일반쓰레기,37.6297232,127.0177006,11090630.0,수유1동,정상 지오코딩
1698,강북구,솔샘로 264 ,버스정류장(09-171),정류소(버스 가로변),일반쓰레기,37.6190759,127.0216458,11090720.0,송천동,정상 지오코딩
1699,강북구,인수봉로 289 ,사브리나 애견샵 앞 인수동백운교회입구 버스정류장(09-114) ,정류소(버스 가로변),일반쓰레기,37.6445861,127.0105193,11090750.0,인수동,정상 지오코딩
1700,강북구,인수봉로 75길 10,버스정류장(09-566),정류소(버스 가로변),일반쓰레기,37.6437719,127.0096671,11090750.0,인수동,정상 지오코딩
1701,강북구,인수봉로 255,인수동주민센터 앞,도로변(횡단보도 포함),일반쓰레기,37.6414869,127.0105968,11090750.0,인수동,정상 지오코딩
1702,강북구,인수봉로 239,버스정류장(09-118),정류소(버스 가로변),일반쓰레기,37.6402049,127.0115731,11090750.0,인수동,정상 지오코딩
1703,강북구,삼양로99길 36,버스정류장(09-131),정류소(버스 가로변),일반쓰레기,37.6386058,127.0142405,11090750.0,인수동,정상 지오코딩
1704,강북구,삼양로99길 36,버스정류장(09-131),정류소(버스 가로변),일반쓰레기,37.6386058,127.0142405,11090750.0,인수동,정상 지오코딩
1705,강북구,인수봉로 139 ,수유중학교 혜화여고 버스정류장(09-211),정류소(버스 가로변),일반쓰레기,37.6322087,127.013395,11090630.0,수유1동,정상 지오코딩
1706,강북구,인수봉로 139 ,수유중학교 혜화여고 버스정류장(09-211),정류소(버스 가로변),재활용쓰레기,37.6322087,127.013395,11090630.0,수유1동,정상 지오코딩
1707,강북구,미아동 137,"중앙버스정류소 도봉세무서,성북시장(09-010)",정류소(버스 중앙차로),일반쓰레기,37.6189124,127.0293957,11090710.0,송중동,정상 지오코딩
1708,강북구,미아동 137,"중앙버스정류소 도봉세무서,성북시장(09-010)",정류소(버스 중앙차로),재활용쓰레기,37.6189124,127.0293957,11090710.0,송중동,정상 지오코딩
1709,강북구,도봉로 352,중앙 안경 앞(효성네오인텔리안),도로변(횡단보도 포함),일반쓰레기,37.6386748,127.027033,11090600.0,번1동,정상 지오코딩
1710,강북구,도봉로 352,중앙 안경 앞(효성네오인텔리안),도로변(횡단보도 포함),재활용쓰레기,37.6386748,127.027033,11090600.0,번1동,정상 지오코딩
1711,강북구,도봉로 364 ,신한은행 강북금융센터 앞,도로변(횡단보도 포함),일반쓰레기,37.6396137,127.0278494,11090600.0,번1동,정상 지오코딩
1712,강북구,도봉로 364 ,신한은행 강북금융센터 앞,도로변(횡단보도 포함),재활용쓰레기,37.6396137,127.0278494,11090600.0,번1동,정상 지오코딩
1713,강북구,도봉로 363 ,kt 일등통신 수유점 앞,도로변(횡단보도 포함),일반쓰레기,37.6399397,127.0272526,11090650.0,수유3동,정상 지오코딩
1714,강북구,도봉로 363 ,kt 일등통신 수유점 앞,도로변(횡단보도 포함),재활용쓰레기,37.6399397,127.0272526,11090650.0,수유3동,정상 지오코딩
1715,강북구,한천로 1044,강북구청 버스정류장(09-147),정류소(버스 가로변),일반쓰레기,37.6405472,127.0264033,11090650.0,수유3동,정상 지오코딩
1716,강북구,한천로 1044,강북구청 버스정류장(09-147),정류소(버스 가로변),재활용쓰레기,37.6405472,127.0264033,11090650.0,수유3동,정상 지오코딩
1717,강북구,한천로 1093 ,서울우유농협 수유동지점,도로변(횡단보도 포함),일반쓰레기,37.6432302,127.0218392,11090640.0,수유2동,정상 지오코딩
1718,강북구,한천로 1093 ,서울우유농협 수유동지점,도로변(횡단보도 포함),재활용쓰레기,37.6432302,127.0218392,11090640.0,수유2동,정상 지오코딩
1719,강북구,한천로 1151 ,강북청년창업마루 버스정류장(09-125),정류소(버스 가로변),일반쓰레기,37.6466118,127.0170991,11090640.0,수유2동,정상 지오코딩
1720,강북구,한천로 1151 ,강북청년창업마루 버스정류장(09-125),정류소(버스 가로변),재활용쓰레기,37.6466118,127.0170991,11090640.0,수유2동,정상 지오코딩
1721,강북구,한천로 935,북부수도사업소 버스정류장(09-154),정류소(버스 가로변),일반쓰레기,37.6339681,127.0362914,11090610.0,번2동,정상 지오코딩
1722,강북구,한천로 935,북부수도사업소 버스정류장(09-154),정류소(버스 가로변),재활용쓰레기,37.6339681,127.0362914,11090610.0,번2동,정상 지오코딩
1723,강북구,한천로 911 건너편,강북소방서 건너편,도로변(횡단보도 포함),일반쓰레기,37.6330513,127.0381809,11090610.0,번2동,정상 지오코딩
1724,강북구,한천로 911 건너편,강북소방서 건너편,도로변(횡단보도 포함),재활용쓰레기,37.6330513,127.0381809,11090610.0,번2동,정상 지오코딩
1725,강북구,한천로 911,강북소방서 앞,도로변(횡단보도 포함),일반쓰레기,37.6330513,127.0381809,11090610.0,번2동,정상 지오코딩
1726,강북구,한천로 897,번2동 주민센터 앞,도로변(횡단보도 포함),일반쓰레기,37.6318813,127.0390622,11090610.0,번2동,정상 지오코딩
1727,강북구,한천로 897,강북보건소 앞,도로변(횡단보도 포함),일반쓰레기,37.6318813,127.0390622,11090610.0,번2동,정상 지오코딩
1728,강북구,한천로 897 건너편,강북보건소 버스정류장(09-179),정류소(버스 가로변),일반쓰레기,37.6318813,127.0390622,11090610.0,번2동,정상 지오코딩
1729,강북구,한천로 897 건너편,강북보건소 버스정류장(09-179),정류소(버스 가로변),재활용쓰레기,37.6318813,127.0390622,11090610.0,번2동,정상 지오코딩
1730,강북구,월계로 17 ,이웃사랑치과 앞 숭곡초등학교입구 버스정류장(09-190) ,정류소(버스 가로변),일반쓰레기,37.6101539,127.0318843,11090710.0,송중동,정상 지오코딩
1731,강북구,월계로 17 ,이웃사랑치과 앞 숭곡초등학교입구 버스정류장(09-190) ,정류소(버스 가로변),재활용쓰레기,37.6101539,127.0318843,11090710.0,송중동,정상 지오코딩
1732,강북구,월계로 225,오현초등학교 버스정류장(09-186),정류소(버스 가로변),일반쓰레기,37.6234772,127.0479301,11090620.0,번3동,정상 지오코딩
1733,강북구,월계로 225,오현초등학교 버스정류장(09-186),정류소(버스 가로변),재활용쓰레기,37.6234772,127.0479301,11090620.0,번3동,정상 지오코딩
1734,강북구,한천로105길 23,번동 주공1단지 108동 앞 버스정류장(09-184),정류소(버스 가로변),일반쓰레기,37.6245323,127.0465984,11090620.0,번3동,정상 지오코딩
1735,강북구,한천로109길 10,강북유니온빌딩 앞 번동주공3단지아파트 버스정류장(09-182),정류소(버스 가로변),일반쓰레기,37.6288059,127.0433125,11090620.0,번3동,정상 지오코딩
1736,강북구,오현로 9,송중초 앞 버스정류장(09-245),정류소(버스 가로변),일반쓰레기,37.6174691,127.0319965,11090710.0,송중동,정상 지오코딩
1737,강북구,도봉로 62,롯데백화점 미아점 버스정류장(09-277),정류소(버스 가로변),일반쓰레기,37.614593,127.0305177,11090710.0,송중동,정상 지오코딩
1738,강북구,도봉로 62,롯데백화점 미아점 버스정류장(09-277),정류소(버스 가로변),재활용쓰레기,37.614593,127.0305177,11090710.0,송중동,정상 지오코딩
1739,강북구,덕릉로 45,강북노인종합복지관 버스정류장(09-142),정류소(버스 가로변),일반쓰레기,37.6346223,127.0188744,11090750.0,인수동,정상 지오코딩
1740,강북구,덕릉로 28 ,화계사입구사거리 버스정류장(09-141),정류소(버스 가로변),일반쓰레기,37.6339916,127.0167431,11090630.0,수유1동,정상 지오코딩
1741,강북구,덕릉로 28 ,화계사입구사거리 버스정류장(09-141),정류소(버스 가로변),재활용쓰레기,37.6339916,127.0167431,11090630.0,수유1동,정상 지오코딩
1742,강북구,도봉로 337 ,파리바게트카페 앞,도로변(횡단보도 포함),일반쓰레기,37.6380261,127.025269,11090650.0,수유3동,정상 지오코딩
1743,강북구,도봉로 337 ,파리바게트카페 앞,도로변(횡단보도 포함),재활용쓰레기,37.6380261,127.025269,11090650.0,수유3동,정상 지오코딩
1744,강북구,한천로 1043,강북구청 버스정류장(09-146),정류소(버스 가로변),일반쓰레기,37.6402978,127.0260372,11090650.0,수유3동,정상 지오코딩
1745,강북구,한천로 1043,강북구청 버스정류장(09-146),정류소(버스 가로변),재활용쓰레기,37.6402978,127.0260372,11090650.0,수유3동,정상 지오코딩
1746,강북구,도봉로 117 ,도봉세무서 앞,도로변(횡단보도 포함),일반쓰레기,37.6197532,127.0282467,11090720.0,송천동,정상 지오코딩
1747,강북구,도봉로 117 ,도봉세무서 앞,도로변(횡단보도 포함),재활용쓰레기,37.6197532,127.0282467,11090720.0,송천동,정상 지오코딩
1748,강북구,한천로 1042 ,강북구청 버스정류장(09-147),정류소(버스 가로변),일반쓰레기,37.6404651,127.0265127,11090650.0,수유3동,정상 지오코딩
1749,강북구,한천로 1042 ,강북구청 버스정류장(09-147),정류소(버스 가로변),재활용쓰레기,37.6404651,127.0265127,11090650.0,수유3동,정상 지오코딩
1750,강북구,도봉로 313 ,효성인텔리안 앞,도로변(횡단보도 포함),일반쓰레기,37.6364405,127.0234619,11090650.0,수유3동,정상 지오코딩
1751,강북구,노해로 50 ,성실교회 앞,도로변(횡단보도 포함),일반쓰레기,37.6398408,127.0229591,11090650.0,수유3동,정상 지오코딩
1752,강북구,노해로 50 ,성실교회 앞,도로변(횡단보도 포함),재활용쓰레기,37.6398408,127.0229591,11090650.0,수유3동,정상 지오코딩
1753,강북구,덕릉로 96 ,수유사거리 버스정류장(09-266) ,정류소(버스 가로변),일반쓰레기,37.6345841,127.0243997,11090700.0,미아동,정상 지오코딩
1754,강북구,도봉로 317,도로변,도로변(횡단보도 포함),일반쓰레기,37.6368218,127.0239099,11090650.0,수유3동,정상 지오코딩
1755,강북구,오현로 4 건너편 ,삼양입구사거리 분수대 앞,도로변(횡단보도 포함),일반쓰레기,37.6163095,127.0304008,11090710.0,송중동,정상 지오코딩
1756,강북구,도봉로 178 ,파리바게트 미아역점 앞,도로변(횡단보도 포함),재활용쓰레기,37.6247186,127.0271564,11090700.0,미아동,정상 지오코딩
1757,강북구,도봉로 178 ,파리바게트 미아역점 앞,도로변(횡단보도 포함),일반쓰레기,37.6247186,127.0271564,11090700.0,미아동,정상 지오코딩
1758,강북구,도봉로 314 ,삼성화재 앞,도로변(횡단보도 포함),재활용쓰레기,37.6361179,127.0241726,11090600.0,번1동,정상 지오코딩
1759,강북구,도봉로 314 ,삼성화재 앞,도로변(횡단보도 포함),일반쓰레기,37.6361179,127.0241726,11090600.0,번1동,정상 지오코딩
1760,강북구,도봉로 352,효성인텔리안 앞,도로변(횡단보도 포함),일반쓰레기,37.6386748,127.027033,11090600.0,번1동,정상 지오코딩
1761,강북구,도봉로89길 13,강북구청 앞,도로변(횡단보도 포함),일반쓰레기,37.6391856,127.0254495,11090650.0,수유3동,정상 지오코딩
1762,강북구,한천로 1019 ,솥뚜껑식당 앞,도로변(횡단보도 포함),일반쓰레기,37.6388675,127.0281581,11090600.0,번1동,정상 지오코딩
1763,강북구,한천로 1160 ,거목노인요양원 앞,도로변(횡단보도 포함),일반쓰레기,37.647561,127.0165871,11090640.0,수유2동,정상 지오코딩
1764,강북구,한천로 1160 ,거목노인요양원 앞,도로변(횡단보도 포함),재활용쓰레기,37.647561,127.0165871,11090640.0,수유2동,정상 지오코딩
1765,강북구,한천로 1071 ,더타이어샵 수유점 앞,도로변(횡단보도 포함),일반쓰레기,37.6419029,127.023771,11090650.0,수유3동,정상 지오코딩
1766,강북구,한천로 1071 ,더타이어샵 수유점 앞,도로변(횡단보도 포함),재활용쓰레기,37.6419029,127.023771,11090650.0,수유3동,정상 지오코딩
1767,강북구,월계로 191-40 ,재활용품선별처리시설장 앞,도로변(횡단보도 포함),일반쓰레기,37.6226743,127.0434671,11090620.0,번3동,정상 지오코딩
1768,강북구,월계로 191-40 ,재활용품선별처리시설장 앞,도로변(횡단보도 포함),재활용쓰레기,37.6226743,127.0434671,11090620.0,번3동,정상 지오코딩
1769,강북구,노해로 121 ,청기와 보신탕 앞,도로변(횡단보도 포함),일반쓰레기,37.6460585,127.0244208,11090640.0,수유2동,정상 지오코딩
1770,강북구,노해로 121 ,청기와 보신탕 앞,도로변(횡단보도 포함),재활용쓰레기,37.6460585,127.0244208,11090640.0,수유2동,정상 지오코딩
1771,강북구,솔샘로 327 ,테마빌딩 앞 삼양동사거리입구 버스정류장(09-174) ,정류소(버스 가로변),일반쓰레기,37.6174394,127.0284555,11090720.0,송천동,정상 지오코딩
1772,강북구,솔샘로 327 ,테마빌딩 앞 삼양동사거리입구 버스정류장(09-174) ,정류소(버스 가로변),재활용쓰레기,37.6174394,127.0284555,11090720.0,송천동,정상 지오코딩
1773,강북구,한천로 1056,리움헤어앞 버스정류장(09-804),정류소(버스 가로변),일반쓰레기,37.6412554,127.0254852,11090650.0,수유3동,정상 지오코딩
1774,강북구,도봉로 48 ,마아사거리 맥도날도 뒤,정류소(버스 가로변),일반쓰레기,37.6132087,127.0304052,11090710.0,송중동,정상 지오코딩
1775,강북구,도봉로 48 ,마아사거리 맥도날도 뒤,정류소(버스 가로변),재활용쓰레기,37.6132087,127.0304052,11090710.0,송중동,정상 지오코딩
1776,강북구,노해로 105 ,삼화패인트 앞,도로변(횡단보도 포함),일반쓰레기,37.6448947,127.0234789,11090640.0,수유2동,정상 지오코딩
1777,강북구,노해로 105 ,삼화패인트 앞,도로변(횡단보도 포함),재활용쓰레기,37.6448947,127.0234789,11090640.0,수유2동,정상 지오코딩
1778,강북구,덕릉로 66,준 스튜디오(LPG 충전소 옆) 앞 신일병원 버스정류장(09-145) ,정류소(버스 가로변),일반쓰레기,37.6343486,127.0210517,11090630.0,수유1동,정상 지오코딩
1779,강북구,덕릉로 66,준 스튜디오(LPG 충전소 옆) 앞 신일병원 버스정류장(09-145) ,정류소(버스 가로변),재활용쓰레기,37.6343486,127.0210517,11090630.0,수유1동,정상 지오코딩
1780,강북구,월계로 57 ,부영문방구 앞,도로변(횡단보도 포함),일반쓰레기,37.6122076,127.0357702,11090710.0,송중동,정상 지오코딩
1781,강북구,삼양로 161 ,버스정류장(09-166),정류소(버스 가로변),일반쓰레기,37.61839,127.0211235,11090730.0,삼각산동,정상 지오코딩
1782,강북구,삼양로 161 ,버스정류장(09-166),정류소(버스 가로변),재활용쓰레기,37.61839,127.0211235,11090730.0,삼각산동,정상 지오코딩
1783,강북구,삼양로 186 ,CU 강북삼양점 앞,도로변(횡단보도 포함),일반쓰레기,37.6205112,127.021083,11090720.0,송천동,정상 지오코딩
1784,강북구,삼양로 186 ,CU 강북삼양점 앞,도로변(횡단보도 포함),재활용쓰레기,37.6205112,127.021083,11090720.0,송천동,정상 지오코딩
1785,강북구,삼양로 464 ,씨채널안경 수유점 앞,도로변(횡단보도 포함),일반쓰레기,37.6446328,127.0160158,11090640.0,수유2동,정상 지오코딩
1786,강북구,삼양로 647 ,뼈다귀전문점 앞 버스정류장(09-103),정류소(버스 가로변),일반쓰레기,37.6607316,127.013338,11090740.0,우이동,정상 지오코딩
1787,강북구,노해로 90  ,참숯바베큐 앞 버스정류장(09-895),정류소(버스 가로변),일반쓰레기,37.6434615,127.0231775,11090650.0,수유3동,정상 지오코딩
1788,강북구,노해로 90  ,참숯바베큐 앞 버스정류장(09-895),정류소(버스 가로변),재활용쓰레기,37.6434615,127.0231775,11090650.0,수유3동,정상 지오코딩
1789,강북구,삼양로 543 ,버스정류장(09-107),정류소(버스 가로변),일반쓰레기,37.6514037,127.0123947,11090740.0,우이동,정상 지오코딩
1790,강북구,삼양로 543 ,버스정류장(09-107),정류소(버스 가로변),재활용쓰레기,37.6514037,127.0123947,11090740.0,우이동,정상 지오코딩
1791,강북구,노해로 36 ,수유3동주민센터 횡단보도 앞,도로변(횡단보도 포함),일반쓰레기,37.6387147,127.0231464,11090650.0,수유3동,정상 지오코딩
1792,강북구,노해로 36 ,수유3동주민센터 횡단보도 앞,도로변(횡단보도 포함),재활용쓰레기,37.6387147,127.0231464,11090650.0,수유3동,정상 지오코딩
1793,강북구,삼양로 420,배용표 내과  앞,도로변(횡단보도 포함),일반쓰레기,37.6410177,127.017111,11090640.0,수유2동,정상 지오코딩
1794,강북구,삼양로 420,배용표 내과  앞,도로변(횡단보도 포함),재활용쓰레기,37.6410177,127.017111,11090640.0,수유2동,정상 지오코딩
1795,강북구,수유동 553-3(인수봉로),극동아파트 버스정류장(09-117),정류소(버스 가로변),일반쓰레기,37.6423318,127.011161,11090750.0,인수동,정상 지오코딩
1796,강북구,인수봉로 160,버스정류장(09-814),정류소(버스 가로변),일반쓰레기,37.6341349,127.0136005,11090750.0,인수동,정상 지오코딩
1797,강북구,도봉로 332,수유역3번출구 마을버스정류장(09-595),정류소(버스 가로변),일반쓰레기,37.6373516,127.0255813,11090600.0,번1동,정상 지오코딩
1798,강북구,도봉로 332,수유역3번출구 마을버스정류장(09-595),정류소(버스 가로변),재활용쓰레기,37.6373516,127.0255813,11090600.0,번1동,정상 지오코딩
1799,강북구,도봉로 343,중앙버스정류소 수유(강북구청)역(09-013),정류소(버스 중앙차로),일반쓰레기,37.6385068,127.0257263,11090650.0,수유3동,정상 지오코딩
1800,강북구,도봉로 348 ,교보빌딩 앞,도로변(횡단보도 포함),일반쓰레기,37.6383189,127.0265481,11090600.0,번1동,정상 지오코딩
1801,강북구,도봉로 348 ,교보빌딩 앞,도로변(횡단보도 포함),재활용쓰레기,37.6383189,127.0265481,11090600.0,번1동,정상 지오코딩
1802,강북구,한천로 1098,광산사거리 버스정류장(09-129),정류소(버스 가로변),일반쓰레기,37.6437479,127.0218452,11090640.0,수유2동,정상 지오코딩
1803,강북구,한천로 1098,광산사거리 버스정류장(09-129),정류소(버스 가로변),재활용쓰레기,37.6437479,127.0218452,11090640.0,수유2동,정상 지오코딩
1804,강북구,한천로 1152,강북청년창업마루 버스정류장(09-124),정류소(버스 가로변),일반쓰레기,37.646948,127.0174289,11090640.0,수유2동,정상 지오코딩
1805,강북구,한천로 1152,강북청년창업마루 버스정류장(09-124),정류소(버스 가로변),재활용쓰레기,37.646948,127.0174289,11090640.0,수유2동,정상 지오코딩
1806,강북구,삼각산로 165,버스정류장(09-811),정류소(버스 가로변),일반쓰레기,37.6424411,127.021776,11090640.0,수유2동,정상 지오코딩
1807,강북구,삼각산로 165,버스정류장(09-811),정류소(버스 가로변),재활용쓰레기,37.6424411,127.021776,11090640.0,수유2동,정상 지오코딩
1808,강북구,인수봉로 276,횡단보도,도로변(횡단보도 포함),일반쓰레기,37.6433583,127.0111137,11090750.0,인수동,정상 지오코딩
1809,강북구,인수봉로 207,우이초교 후문 버스정류장(09-130),정류소(버스 가로변),일반쓰레기,37.6382668,127.0135255,11090750.0,인수동,정상 지오코딩
1810,강북구,인수봉로 309,버스정류장(09-112),정류소(버스 가로변),일반쓰레기,37.64636,127.0103606,11090740.0,우이동,정상 지오코딩
1811,강북구,인수봉로 310,윤극영가옥 버스정류장(09-113),정류소(버스 가로변),일반쓰레기,37.6464317,127.010724,11090740.0,우이동,정상 지오코딩
1812,강북구,도봉로 343,중앙버스정류소 수유(강북구청)역(09-013),정류소(버스 중앙차로),재활용쓰레기,37.6385068,127.0257263,11090650.0,수유3동,정상 지오코딩
1813,강북구,한천로 983,수송초등학교 버스정류장(09-209),정류소(버스 가로변),일반쓰레기,37.6367794,127.0313527,11090600.0,번1동,정상 지오코딩
1814,강북구,노해로 57 ,수유중앙시장 옆 버스정류장(09-313),정류소(버스 가로변),일반쓰레기,37.6407709,127.0222332,11090650.0,수유3동,정상 지오코딩
1815,강북구,노해로 57 ,수유중앙시장 옆 버스정류장(09-313),정류소(버스 가로변),재활용쓰레기,37.6407709,127.0222332,11090650.0,수유3동,정상 지오코딩
1816,강북구,덕릉로41길 12,북부시장입구 버스정류장(09-150),정류소(버스 가로변),일반쓰레기,37.635641,127.0320773,11090600.0,번1동,정상 지오코딩
1817,강북구,덕릉로 32-1,화계역 2번출구 앞,지하철역 입구,일반쓰레기,37.6340183,127.0171674,11090630.0,수유1동,정상 지오코딩
1818,강북구,삼양로 678,북한산우이역 1번출구 앞,지하철역 입구,일반쓰레기,37.6633208,127.0135359,11090740.0,우이동,정상 지오코딩
1819,강북구,인수봉로 269 ,인수초등학교 앞 버스정류장(09-116),정류소(버스 가로변),일반쓰레기,37.6430505,127.0091358,11090750.0,인수동,정상 지오코딩
1820,강북구,인수봉로 269 ,인수초등학교 앞 버스정류장(09-116),정류소(버스 가로변),일반쓰레기,37.6430505,127.0091358,11090750.0,인수동,정상 지오코딩
1821,강북구,도봉로 328 ,수유역 4번 출구 앞,지하철역 입구,일반쓰레기,37.6371277,127.0251913,11090600.0,번1동,정상 지오코딩
1822,강북구,도봉로 328 ,수유역 4번 출구 앞,지하철역 입구,재활용쓰레기,37.6371277,127.0251913,11090600.0,번1동,정상 지오코딩
1823,강북구,한천로 939 ,한성운수종점 버스정류장(09-290),정류소(버스 가로변),일반쓰레기,37.6343588,127.0342182,11090610.0,번2동,정상 지오코딩
1824,강북구,오현로 207 ,402동 앞 번동주공아파트4단지 앞 버스정류장(09-180),정류소(버스 가로변),일반쓰레기,37.6308936,127.0386803,11090610.0,번2동,정상 지오코딩
1825,강북구,오현로 207 ,402동 앞 번동주공아파트4단지 앞 버스정류장(09-180),정류소(버스 가로변),재활용쓰레기,37.6308936,127.0386803,11090610.0,번2동,정상 지오코딩
1826,강북구,오현로 207 ,번동4단지 맞은편 초안교 앞 버스정류장(09-181),정류소(버스 가로변),일반쓰레기,37.6308936,127.0386803,11090610.0,번2동,정상 지오코딩
1827,강북구,오현로 207 ,번동4단지 맞은편 초안교 앞 버스정류장(09-181),정류소(버스 가로변),재활용쓰레기,37.6308936,127.0386803,11090610.0,번2동,정상 지오코딩
1828,강북구,월계로 173,북서울꿈의숲 버스정류장(09-271),정류소(버스 가로변),일반쓰레기,37.6202545,127.0443247,11090620.0,번3동,정상 지오코딩
1829,강북구,월계로 173,북서울꿈의숲 버스정류장(09-271),정류소(버스 가로변),재활용쓰레기,37.6202545,127.0443247,11090620.0,번3동,정상 지오코딩
1830,강북구,오현로 117 ,오동골프공원 북서울꿈의숲 버스정류장(09-239),정류소(버스 가로변),일반쓰레기,37.6226365,127.0363441,11090610.0,번2동,정상 지오코딩
1831,강북구,월계로 173(번동 산 28-6),북서울꿈의숲 동문 버스정류장(09-187),정류소(버스 가로변),일반쓰레기,37.6202545,127.0443247,11090620.0,번3동,정상 지오코딩
1832,강북구,한천로105길 24,번동주공아파트1단지 버스정류장(09-185),정류소(버스 가로변),일반쓰레기,37.6276084,127.0448051,11090620.0,번3동,정상 지오코딩
1833,강북구,한천로105길 24,번동주공아파트1단지 버스정류장(09-185),정류소(버스 가로변),재활용쓰레기,37.6276084,127.0448051,11090620.0,번3동,정상 지오코딩
1834,강북구,한천로 833 건너편,번동주공아파트3단지 앞 버스정류장(09-183),정류소(버스 가로변),일반쓰레기,37.6282835,127.044007,11090620.0,번3동,정상 지오코딩
1835,강북구,한천로 833 건너편,번동주공아파트3단지 앞 버스정류장(09-183),정류소(버스 가로변),재활용쓰레기,37.6282835,127.044007,11090620.0,번3동,정상 지오코딩
1836,강북구,오현로 9,송중초 앞 버스정류장(09-245),정류소(버스 가로변),재활용쓰레기,37.6174691,127.0319965,11090710.0,송중동,정상 지오코딩
1837,강북구,도봉로 341,수유역 7번 출구 앞,지하철역 입구,일반쓰레기,37.6383381,127.0255886,11090650.0,수유3동,정상 지오코딩
1838,강북구,삼각산로 16,(인수동 환경미화원 후생관) 앞,도로변(횡단보도 포함),일반쓰레기,37.6384118,127.0064897,11090750.0,인수동,정상 지오코딩
1839,강북구,삼각산로 16,(인수동 환경미화원 후생관) 앞,도로변(횡단보도 포함),재활용쓰레기,37.6384118,127.0064897,11090750.0,인수동,정상 지오코딩
1840,강북구,도봉로89길 13,강북구청 앞,도로변(횡단보도 포함),일반쓰레기,37.6391856,127.0254495,11090650.0,수유3동,정상 지오코딩
1841,강북구,삼양로 247,롯데마트 삼양점 버스정류장(09-160),정류소(버스 가로변),일반쓰레기,37.6255183,127.017747,11090690.0,삼양동,정상 지오코딩
1842,강북구,삼양로 247,롯데마트 삼양점 버스정류장(09-160),정류소(버스 가로변),재활용쓰레기,37.6255183,127.017747,11090690.0,삼양동,정상 지오코딩
1843,강북구,삼양로 371,우이초교 버스정류장(09-134),정류소(버스 가로변),일반쓰레기,37.6365386,127.0170547,11090750.0,인수동,정상 지오코딩
1844,강북구,인수봉로 39,솔샘중고등학교 버스정류장(09-847),정류소(버스 가로변),일반쓰레기,37.6237648,127.0120689,11090690.0,삼양동,정상 지오코딩
1845,강북구,인수봉로 39,솔샘중고등학교 버스정류장(09-847),정류소(버스 가로변),재활용쓰레기,37.6237648,127.0120689,11090690.0,삼양동,정상 지오코딩
1846,강북구,인수봉로8길 35-4,"솔샘중고등학교, 팔팔미송경로당 버스정류장(09-217)",정류소(버스 가로변),일반쓰레기,37.6233322,127.0133257,11090690.0,삼양동,정상 지오코딩
1847,강북구,인수봉로8길 35-4,"솔샘중고등학교, 팔팔미송경로당 버스정류장(09-217)",정류소(버스 가로변),재활용쓰레기,37.6233322,127.0133257,11090690.0,삼양동,정상 지오코딩
1848,강북구,인수봉로 39,"솔샘중고등학교, 팔팔미송경로당 버스정류장(09-218)",정류소(버스 가로변),일반쓰레기,37.6237648,127.0120689,11090690.0,삼양동,정상 지오코딩
1849,강북구,인수봉로 39,"솔샘중고등학교, 팔팔미송경로당 버스정류장(09-218)",정류소(버스 가로변),재활용쓰레기,37.6237648,127.0120689,11090690.0,삼양동,정상 지오코딩
1850,강북구,도봉로 71,송천우체국 앞,도로변(횡단보도 포함),일반쓰레기,37.6154956,127.0295676,11090720.0,송천동,정상 지오코딩
1851,강북구,도봉로 71,송천우체국 앞,도로변(횡단보도 포함),재활용쓰레기,37.6154956,127.0295676,11090720.0,송천동,정상 지오코딩
1852,강북구,오현로 204,번동초등학교 앞 횡단보도,도로변(횡단보도 포함),일반쓰레기,37.6290239,127.0400394,11090620.0,번3동,정상 지오코딩
1853,강북구,오현로 204,번동초등학교 앞 횡단보도,도로변(횡단보도 포함),재활용쓰레기,37.6290239,127.0400394,11090620.0,번3동,정상 지오코딩
1854,강북구,오현로 207,벌말어린이공원 앞 버스정류장(09-228),정류소(버스 가로변),일반쓰레기,37.6308936,127.0386803,11090610.0,번2동,정상 지오코딩
1855,강북구,오현로 207,벌말어린이공원 앞 버스정류장(09-228),정류소(버스 가로변),재활용쓰레기,37.6308936,127.0386803,11090610.0,번2동,정상 지오코딩
1856,강북구,오현로 156,해모로아파트 상가 앞 버스정류장(09-233),정류소(버스 가로변),일반쓰레기,37.6262741,127.0369032,11090620.0,번3동,정상 지오코딩
1857,강북구,오현로 156,해모로아파트 상가 앞 버스정류장(09-233),정류소(버스 가로변),재활용쓰레기,37.6262741,127.0369032,11090620.0,번3동,정상 지오코딩
1858,강북구,월계로 83,cu미아창문점 앞버스정류장(09-188) ,정류소(버스 가로변),일반쓰레기,37.6138227,127.0378822,11090710.0,송중동,정상 지오코딩
1859,강북구,월계로 83,cu미아창문점 앞버스정류장(09-188) ,정류소(버스 가로변),재활용쓰레기,37.6138227,127.0378822,11090710.0,송중동,정상 지오코딩
1860,강북구,덕릉로 79,신일병원 버스정류장(09-144),정류소(버스 가로변),일반쓰레기,37.6347982,127.0226026,11090750.0,인수동,정상 지오코딩
1861,강북구,4.19로 88-1,백련사 앞 버스정류장(09-875),정류소(버스 가로변),일반쓰레기,37.644916,127.0051936,11090740.0,우이동,정상 지오코딩
1862,강북구,삼각산로 16,(인수동 환경미화원 후생관) 앞,도로변(횡단보도 포함),일반쓰레기,37.6384118,127.0064897,11090750.0,인수동,정상 지오코딩
1863,강북구,인수봉로 239 ,국립재활원 버스정류장(09-583),정류소(버스 가로변),일반쓰레기,37.6402049,127.0115731,11090750.0,인수동,정상 지오코딩
1864,강북구,인수봉로 239 ,국립재활원 버스정류장(09-583),정류소(버스 가로변),재활용쓰레기,37.6402049,127.0115731,11090750.0,인수동,정상 지오코딩
1865,강북구,인수봉로14길 4,미송경로당 버스정류장(09-501),정류소(버스 가로변),일반쓰레기,37.6241415,127.0128641,11090690.0,삼양동,정상 지오코딩
1866,강북구,인수봉로14길 4,미송경로당 버스정류장(09-501),정류소(버스 가로변),재활용쓰레기,37.6241415,127.0128641,11090690.0,삼양동,정상 지오코딩
1867,강북구,삼각산로 16,도로변,도로변(횡단보도 포함),일반쓰레기,37.6384118,127.0064897,11090750.0,인수동,정상 지오코딩
1868,강북구,삼각산로 16,도로변,도로변(횡단보도 포함),재활용쓰레기,37.6384118,127.0064897,11090750.0,인수동,정상 지오코딩
1869,강북구,삼양로 685,투썸플레이스 북한산우이역점 앞,도로변(횡단보도 포함),일반쓰레기,37.6636902,127.0118563,11090740.0,우이동,정상 지오코딩
1870,강북구,도봉로 55,중앙버스정류소 미아사거리역(09-011),정류소(버스 중앙차로),일반쓰레기,37.6140235,127.0296244,11090720.0,송천동,정상 지오코딩
1871,강북구,도봉로 55,중앙버스정류소 미아사거리역(09-011),정류소(버스 중앙차로),재활용쓰레기,37.6140235,127.0296244,11090720.0,송천동,정상 지오코딩
1872,강북구,도봉로 117,중앙버스정류소 도봉세무서 (09-009),정류소(버스 중앙차로),일반쓰레기,37.6197532,127.0282467,11090720.0,송천동,정상 지오코딩
1873,강북구,도봉로 117,중앙버스정류소 도봉세무서(09-009),정류소(버스 중앙차로),재활용쓰레기,37.6197532,127.0282467,11090720.0,송천동,정상 지오코딩
1874,강북구,도봉로 172,중앙버스정류소 미아역(09-008),정류소(버스 중앙차로),일반쓰레기,37.6242206,127.027362,11090710.0,송중동,정상 지오코딩
1875,강북구,도봉로 172,중앙버스정류소 미아역(09-008),정류소(버스 중앙차로),재활용쓰레기,37.6242206,127.027362,11090710.0,송중동,정상 지오코딩
1876,강북구,도봉로 181,중앙버스정류소 미아역(09-007),정류소(버스 중앙차로),일반쓰레기,37.624856,127.0262395,11090700.0,미아동,정상 지오코딩
1877,강북구,도봉로 181,중앙버스정류소 미아역(09-007),정류소(버스 중앙차로),재활용쓰레기,37.624856,127.0262395,11090700.0,미아동,정상 지오코딩
1878,강북구,도봉로 181,중앙버스정류소 미아역(09-007),정류소(버스 중앙차로),일반쓰레기,37.624856,127.0262395,11090700.0,미아동,정상 지오코딩
1879,강북구,도봉로 181,중앙버스정류소 미아역(09-007),정류소(버스 중앙차로),재활용쓰레기,37.624856,127.0262395,11090700.0,미아동,정상 지오코딩
1880,강북구,도봉로 242,중앙버스정류소 수유시장(09-006),정류소(버스 중앙차로),일반쓰레기,37.6305848,127.0248864,11090700.0,미아동,정상 지오코딩
1881,강북구,도봉로 242,중앙버스정류소 수유시장(09-006),정류소(버스 중앙차로),재활용쓰레기,37.6305848,127.0248864,11090700.0,미아동,정상 지오코딩
1882,강북구,도봉로 242,중앙버스정류소 수유시장(09-006),정류소(버스 중앙차로),일반쓰레기,37.6305848,127.0248864,11090700.0,미아동,정상 지오코딩
1883,강북구,도봉로 242,중앙버스정류소 수유시장(09-006),정류소(버스 중앙차로),재활용쓰레기,37.6305848,127.0248864,11090700.0,미아동,정상 지오코딩
1884,강북구,도봉로 255,중앙버스정류소 수유시장(09-005),정류소(버스 중앙차로),일반쓰레기,37.6311425,127.0239043,11090630.0,수유1동,정상 지오코딩
1885,강북구,도봉로 255,중앙버스정류소 수유시장(09-005),정류소(버스 중앙차로),재활용쓰레기,37.6311425,127.0239043,11090630.0,수유1동,정상 지오코딩
1886,강북구,도봉로 255,중앙버스정류소 수유시장(09-005),정류소(버스 중앙차로),일반쓰레기,37.6311425,127.0239043,11090630.0,수유1동,정상 지오코딩
1887,강북구,도봉로 255,중앙버스정류소 수유시장(09-005),정류소(버스 중앙차로),재활용쓰레기,37.6311425,127.0239043,11090630.0,수유1동,정상 지오코딩
1888,강북구,도봉로 317,중앙버스정류소 수유역(09-003),정류소(버스 중앙차로),일반쓰레기,37.6368218,127.0239099,11090650.0,수유3동,정상 지오코딩
1889,강북구,도봉로 317,중앙버스정류소 수유역(09-003),정류소(버스 중앙차로),재활용쓰레기,37.6368218,127.0239099,11090650.0,수유3동,정상 지오코딩
1890,강북구,덕릉로 186,도로변,도로변(횡단보도 포함),일반쓰레기,37.6354563,127.0346737,11090600.0,번1동,정상 지오코딩
1891,강북구,도봉로 384,중앙버스정류소 수유3동우체국(09-002),정류소(버스 중앙차로),일반쓰레기,37.6408716,127.0291354,11090600.0,번1동,정상 지오코딩
1892,강북구,도봉로 384,중앙버스정류소 수유3동우체국(09-002),정류소(버스 중앙차로),재활용쓰레기,37.6408716,127.0291354,11090600.0,번1동,정상 지오코딩
1893,강북구,도봉로 387,중앙버스정류소 수유3동우체국(09-001),정류소(버스 중앙차로),일반쓰레기,37.6415059,127.0289574,11090650.0,수유3동,정상 지오코딩
1894,강북구,도봉로 387,중앙버스정류소 수유3동우체국(09-001),정류소(버스 중앙차로),재활용쓰레기,37.6415059,127.0289574,11090650.0,수유3동,정상 지오코딩
1895,강북구,도봉로 334,중앙버스정류소 수유역(09-004),정류소(버스 중앙차로),일반쓰레기,37.637549,127.0255424,11090600.0,번1동,정상 지오코딩
1896,강북구,도봉로 334,중앙버스정류소 수유역(09-004),정류소(버스 중앙차로),재활용쓰레기,37.637549,127.0255424,11090600.0,번1동,정상 지오코딩
1897,강북구,도봉로 40,중앙버스정류소 미아사거리역(09-012),정류소(버스 중앙차로),일반쓰레기,37.6125921,127.0304337,11090710.0,송중동,정상 지오코딩
1898,강북구,도봉로 40,중앙버스정류소 미아사거리역(09-012),정류소(버스 중앙차로),재활용쓰레기,37.6125921,127.0304337,11090710.0,송중동,정상 지오코딩
1899,강북구,도봉로 317,도로변,도로변(횡단보도 포함),일반쓰레기,37.6368218,127.0239099,11090650.0,수유3동,정상 지오코딩
1900,강북구,도봉로 329,수유역 6번 출구 앞,지하철역 입구,일반쓰레기,37.6375532,127.0247016,11090650.0,수유3동,정상 지오코딩
1901,강북구,삼양로 421,남양당한의원 앞,도로변(횡단보도 포함),일반쓰레기,37.6410822,127.0166002,11090750.0,인수동,정상 지오코딩
1902,강북구,삼양로 421,남양당한의원 앞,도로변(횡단보도 포함),재활용쓰레기,37.6410822,127.0166002,11090750.0,인수동,정상 지오코딩
1903,강북구,오현로 156,번동해모로아파트 버스정류장(09-233),정류소(버스 가로변),일반쓰레기,37.6262741,127.0369032,11090620.0,번3동,정상 지오코딩
1904,강북구,오현로 156,번동해모로아파트 버스정류장(09-233),정류소(버스 가로변),재활용쓰레기,37.6262741,127.0369032,11090620.0,번3동,정상 지오코딩
1905,강북구,서울 강북구 삼양로 421,가오리역 2번 출구 앞,지하철역 입구,일반쓰레기,37.6410822,127.0166002,11090750.0,인수동,API 재시도-주소검색-원본
1906,강북구,도봉로 399,CGV 앞,도로변(횡단보도 포함),일반쓰레기,37.6424075,127.0298062,11090650.0,수유3동,정상 지오코딩
1907,강북구,솔샘로 195,솔샘역 2번출구 앞,지하철역 입구,일반쓰레기,37.6215324,127.0141334,11090690.0,삼양동,정상 지오코딩
1908,강북구,솔샘로 195,솔샘역 2번출구 앞,지하철역 입구,재활용쓰레기,37.6215324,127.0141334,11090690.0,삼양동,정상 지오코딩
1909,강북구,월계로 53,창문여고앞 버스정류장(09-994),정류소(버스 가로변),일반쓰레기,37.6120233,127.0355367,11090710.0,송중동,정상 지오코딩
1910,강북구,삼양로 651,GS편의점 앞,도로변(횡단보도 포함),일반쓰레기,37.6610486,127.0132887,11090740.0,우이동,정상 지오코딩
1911,강북구,오패산로 414,더벤티 수유역점 앞,도로변(횡단보도 포함),일반쓰레기,37.6377261,127.0264898,11090600.0,번1동,정상 지오코딩
1912,강북구,오패산로 414,더벤티 수유역점 앞,도로변(횡단보도 포함),재활용쓰레기,37.6377261,127.0264898,11090600.0,번1동,정상 지오코딩
1913,강북구,도봉로 213,선한의원 미아점 앞,도로변(횡단보도 포함),일반쓰레기,37.6276013,127.0252627,11090700.0,미아동,정상 지오코딩
1914,강북구,도봉로 213,선한의원 미아점 앞,도로변(횡단보도 포함),재활용쓰레기,37.6276013,127.0252627,11090700.0,미아동,정상 지오코딩
1915,도봉구,해등로4길,초안산생태공원,상가지역,일반쓰레기,37.6489758,127.0454685,11100590.0,창1동,정상 지오코딩
1916,도봉구,해등로3길 41,삼환빌라 앞 횡단보도,도로변(횡단보도 포함),일반쓰레기,37.6457125,127.0420824,11100590.0,창1동,정상 지오코딩
1917,도봉구,해등로16길 12,현대아파트 앞,도로변(횡단보도 포함),일반쓰레기,37.6562348,127.0405729,11100630.0,창5동,정상 지오코딩
1918,도봉구,해등로 50,창동주공 306동 앞,도로변(횡단보도 포함),일반쓰레기,37.6499981,127.0433017,11100590.0,창1동,정상 지오코딩
1919,도봉구,해등로 50,창동주공 317동 앞 ,상가지역,일반쓰레기,37.6499981,127.0433017,11100590.0,창1동,정상 지오코딩
1920,도봉구,해등로 48,창1동주민센터 앞,도로변(횡단보도 포함),일반쓰레기,37.6486119,127.0437111,11100590.0,창1동,정상 지오코딩
1921,도봉구,해등로 373,청한빌라 2동옆,도로변(횡단보도 포함),일반쓰레기,37.6565578,127.0148504,11100510.0,쌍문1동,정상 지오코딩
1922,도봉구,해등로 32,창1동 서울가든아파트 버스정류장(10269),정류소(버스 가로변),일반쓰레기,37.648217,127.0443649,11100590.0,창1동,정상 지오코딩
1923,도봉구,해등로 305,우성2차아파트 201동 앞 4거리,도로변(횡단보도 포함),일반쓰레기,37.6572641,127.0226867,11100570.0,방학3동,정상 지오코딩
1924,도봉구,해등로 305,우성2차아파트 202동 앞,도로변(횡단보도 포함),일반쓰레기,37.6572641,127.0226867,11100570.0,방학3동,정상 지오코딩
1925,도봉구,해등로 286-5,초당초교 사거리 ,도로변(횡단보도 포함),일반쓰레기,37.6577297,127.0241592,11100570.0,방학3동,정상 지오코딩
1926,도봉구,해등로 255,김가네김밥 앞,도로변(횡단보도 포함),일반쓰레기,37.6573749,127.0281918,11100540.0,쌍문4동,정상 지오코딩
1927,도봉구,해등로 242-12,쌍문동현대1차 108동 앞,도로변(횡단보도 포함),일반쓰레기,37.6586683,127.0307242,11100540.0,쌍문4동,정상 지오코딩
1928,도봉구,해등로 242-12,쌍문동현대1차 106동 앞,도로변(횡단보도 포함),일반쓰레기,37.6586683,127.0307242,11100540.0,쌍문4동,정상 지오코딩
1929,도봉구,해등로 242-11,성원아파트 105동 앞,도로변(횡단보도 포함),일반쓰레기,37.6589615,127.0293445,11100540.0,쌍문4동,정상 지오코딩
1930,도봉구,해등로 241-14,금호2차 201동 앞,도로변(횡단보도 포함),일반쓰레기,37.6568965,127.0296836,11100540.0,쌍문4동,정상 지오코딩
1931,도봉구,해등로 229,"한양2,3,4차 상가 앞",정류소(버스 가로변),일반쓰레기,37.6576302,127.0312714,11100540.0,쌍문4동,정상 지오코딩
1932,도봉구,해등로 229,"국민은행 건너편(한양2,3,4차 1동 앞)",도로변(횡단보도 포함),일반쓰레기,37.6576302,127.0312714,11100540.0,쌍문4동,정상 지오코딩
1933,도봉구,해등로 218,국민은행 앞,도로변(횡단보도 포함),일반쓰레기,37.6581564,127.032521,11100540.0,쌍문4동,정상 지오코딩
1934,도봉구,해등로 195,삼익아파트 109동 앞,정류소(버스 가로변),일반쓰레기,37.6578378,127.0337873,11100520.0,쌍문2동,정상 지오코딩
1935,도봉구,해등로 190,신원프라자 앞,도로변(횡단보도 포함),일반쓰레기,37.6582167,127.0357594,11100520.0,쌍문2동,정상 지오코딩
1936,도봉구,해등로 172,트라이 매장 앞,도로변(횡단보도 포함),일반쓰레기,37.6574782,127.0376943,11100520.0,쌍문2동,정상 지오코딩
1937,도봉구,해등로 195,삼익세라믹아파트 103동 앞,정류소(버스 가로변),일반쓰레기,37.6578378,127.0337873,11100520.0,쌍문2동,정상 지오코딩
1938,도봉구,해등로 165,연수빌딩 앞,도로변(횡단보도 포함),일반쓰레기,37.6569733,127.0380877,11100520.0,쌍문2동,정상 지오코딩
1939,도봉구,해등로 139,미소애아파트 앞 버스정류장,지하철역 입구,일반쓰레기,37.6558432,127.0402362,11100630.0,창5동,정상 지오코딩
1940,도봉구,해등로 103,창원초교 교차로,도로변(횡단보도 포함),일반쓰레기,37.6526441,127.0399799,11100630.0,창5동,정상 지오코딩
1941,도봉구,해등로 103 ,창원초등학교 앞 횡단보도,도로변(횡단보도 포함),일반쓰레기,37.6526441,127.0399799,11100630.0,창5동,정상 지오코딩
1942,도봉구,서울 도봉구 노해로 256,소피아4거리 의정부 방향,도로변(횡단보도 포함),일반쓰레기,37.6510238,127.0370159,11100590.0,창1동,API 재시도-주소검색-원본
1943,도봉구,창동 347,창1동주민센터 버스정류장,정류소(버스 가로변),일반쓰레기,37.6500632,127.0442011,11100590.0,창1동,정상 지오코딩
1944,도봉구,창동 330,공영주차장 앞,도로변(횡단보도 포함),일반쓰레기,37.6523245,127.0456717,11100630.0,창5동,정상 지오코딩
1945,도봉구,창동 1-9,"창동문화산업단지 앞, 물류센터 맞은편",정류소(버스 가로변),일반쓰레기,37.6544774,127.0490888,11100620.0,창4동,정상 지오코딩
1946,도봉구,창동 1-9,"창동문화산업단지 앞, 창동역 부근",정류소(버스 가로변),일반쓰레기,37.6544774,127.0490888,11100620.0,창4동,정상 지오코딩
1947,도봉구,창동 135-26,창동지하차도 이마트 건너편 횡단보도,정류소(버스 가로변),일반쓰레기,37.652161,127.0472851,11100630.0,창5동,정상 지오코딩
1948,도봉구,창동 1-15,창동농협물류센터(창동역동측 노원방면),정류소(버스 가로변),일반쓰레기,37.6549254,127.051456,11100620.0,창4동,정상 지오코딩
1949,도봉구,창동 1-15,창동농협물류센터(창동동아청솔아파트방면),정류소(버스 가로변),일반쓰레기,37.6549254,127.051456,11100620.0,창4동,정상 지오코딩
1950,도봉구,우이천로20길 7,상가 건너편,정류소(버스 가로변),일반쓰레기,37.6417332,127.0347716,11100600.0,창2동,정상 지오코딩
1951,도봉구,우이천로20길 7,상가 앞,도로변(횡단보도 포함),일반쓰레기,37.6417332,127.0347716,11100600.0,창2동,정상 지오코딩
1952,도봉구,우이천로20길,창동태영 111동,정류소(버스 가로변),일반쓰레기,37.6412362,127.034513,11100600.0,창2동,정상 지오코딩
1953,도봉구,우이천로20길,태영아파트 104동 앞,도로변(횡단보도 포함),일반쓰레기,37.6412362,127.034513,11100600.0,창2동,정상 지오코딩
1954,도봉구,우이천로 493,청한빌라 3동 앞,도로변(횡단보도 포함),일반쓰레기,37.6570756,127.0151968,11100510.0,쌍문1동,정상 지오코딩
1955,도봉구,우이천로 463 건너편,"약초원,  동아슈퍼 정류장",정류소(버스 가로변),일반쓰레기,37.6545627,127.0158874,11100510.0,쌍문1동,정상 지오코딩
1956,도봉구,우이천로 446-3,덕성여대 후문 건너편,정류소(버스 가로변),일반쓰레기,37.6531964,127.0171202,11100510.0,쌍문1동,정상 지오코딩
1957,도봉구,우이천로 432,"친환경나눔텃밭, 효문중학교 앞",도로변(횡단보도 포함),일반쓰레기,37.6526987,127.0184005,11100510.0,쌍문1동,정상 지오코딩
1958,도봉구,도봉로 413 건너편,우이교 앞 사거리 교각 시작부,도로변(횡단보도 포함),일반쓰레기,37.6433959,127.030984,11100530.0,쌍문3동,정상 지오코딩
1959,도봉구,우이천로 401,쌍문1동치안센터 앞,도로변(횡단보도 포함),일반쓰레기,37.6500858,127.0201694,11100510.0,쌍문1동,정상 지오코딩
1960,도봉구,우이천로 381,덕성여대 기숙사 앞,정류소(버스 가로변),일반쓰레기,37.6491644,127.0224016,11100510.0,쌍문1동,정상 지오코딩
1961,도봉구,우이천로 308,한일병원 정문 앞,"광장, 공원",일반쓰레기,37.6466848,127.0290583,11100530.0,쌍문3동,정상 지오코딩
1962,도봉구,우이천로 218,동방공업사 건너편,정류소(버스 가로변),일반쓰레기,37.6386621,127.0346748,11100600.0,창2동,정상 지오코딩
1963,도봉구,우이천로 196-11,금용아파트 앞,정류소(버스 가로변),일반쓰레기,37.6378439,127.0361511,11100600.0,창2동,정상 지오코딩
1964,도봉구,노해로45길 26,쌍문동 극동아파트 101동 앞 ,도로변(횡단보도 포함),일반쓰레기,37.6509017,127.0268558,11100510.0,쌍문1동,정상 지오코딩
1965,도봉구,시루봉로1길 6,둘리뮤지엄 길 건너편,정류소(버스 가로변),일반쓰레기,37.6524299,127.0276385,11100510.0,쌍문1동,정상 지오코딩
1966,도봉구,시루봉로15길 5,휴대폰 매장 앞,정류소(버스 가로변),일반쓰레기,37.6675352,127.0329718,11100560.0,방학2동,정상 지오코딩
1967,도봉구,시루봉로15길 40,드림교회 앞,지하철역 입구,일반쓰레기,37.6688331,127.0319179,11100560.0,방학2동,정상 지오코딩
1968,도봉구,시루봉로 94,방학3동주민센터 앞,지하철역 입구,일반쓰레기,37.6591758,127.0280107,11100570.0,방학3동,정상 지오코딩
1969,도봉구,시루봉로 64,261 사우나 앞,정류소(버스 가로변),일반쓰레기,37.6564817,127.0281106,11100540.0,쌍문4동,정상 지오코딩
1970,도봉구,시루봉로 57,세븐일레븐 앞,정류소(버스 가로변),일반쓰레기,37.6559312,127.0275217,11100540.0,쌍문4동,정상 지오코딩
1971,도봉구,시루봉로 302,여수밤바다 횟집 앞,정류소(버스 가로변),일반쓰레기,37.6711595,127.0426297,11100640.0,도봉1동,정상 지오코딩
1972,도봉구,시루봉로 301,벽운빌딩 앞,도로변(횡단보도 포함),일반쓰레기,37.6713765,127.0426565,11100640.0,도봉1동,정상 지오코딩
1973,도봉구,시루봉로 286,홍천강민물매운탕 가게 앞,도로변(횡단보도 포함),일반쓰레기,37.6710408,127.040814,11100640.0,도봉1동,정상 지오코딩
1974,도봉구,시루봉로 270,신화주택 앞,도로변(횡단보도 포함),일반쓰레기,37.6704786,127.0391773,11100560.0,방학2동,정상 지오코딩
1975,도봉구,시루봉로 243,CU 편의점 앞,정류소(버스 가로변),일반쓰레기,37.6695892,127.0365262,11100560.0,방학2동,정상 지오코딩
1976,도봉구,시루봉로 221,곰돌이 빵집(방학2동주민센터 건너편),도로변(횡단보도 포함),일반쓰레기,37.6682638,127.0345185,11100560.0,방학2동,정상 지오코딩
1977,도봉구,시루봉로 205,신풍천마트 앞 사거리,정류소(버스 가로변),일반쓰레기,37.667396,127.0331458,11100560.0,방학2동,정상 지오코딩
1978,도봉구,시루봉로 2,쌍문그린스테이트 아파트 앞 사거리,도로변(횡단보도 포함),일반쓰레기,37.6511705,127.0287765,11100540.0,쌍문4동,정상 지오코딩
1979,도봉구,시루봉로 173,신방학초등학교 앞,정류소(버스 가로변),일반쓰레기,37.6666843,127.0289181,11100570.0,방학3동,정상 지오코딩
1980,도봉구,시루봉로 156,신방학중학교 앞,정류소(버스 가로변),일반쓰레기,37.6641404,127.028899,11100570.0,방학3동,정상 지오코딩
1981,도봉구,시루봉로 148,GS편의점 앞,도로변(횡단보도 포함),일반쓰레기,37.6637243,127.0284883,11100570.0,방학3동,정상 지오코딩
1982,도봉구,시루봉로 145,방학동성당 앞,정류소(버스 가로변),일반쓰레기,37.6638684,127.0277923,11100570.0,방학3동,정상 지오코딩
1983,도봉구,시루봉로 145,방학동 성당 건너편,정류소(버스 가로변),일반쓰레기,37.6638684,127.0277923,11100570.0,방학3동,정상 지오코딩
1984,도봉구,시루봉로 128,학마을도서관 건너편(노점방향),도로변(횡단보도 포함),일반쓰레기,37.6621598,127.0278315,11100570.0,방학3동,정상 지오코딩
1985,도봉구,창동 315,창동주공1단지아파트 서울북부지방법원등기국 방면,정류소(버스 가로변),일반쓰레기,37.6527634,127.0412661,11100630.0,창5동,정상 지오코딩
1986,도봉구,삼양로144길 33,덕성여대 후문,정류소(버스 가로변),일반쓰레기,37.6524704,127.0158349,11100510.0,쌍문1동,정상 지오코딩
1987,도봉구,삼양로144길 33,덕성여대 뒷길 효문중학교 건너편,도로변(횡단보도 포함),일반쓰레기,37.6524704,127.0158349,11100510.0,쌍문1동,정상 지오코딩
1988,도봉구,삼양로 610,베이직 병원 앞,정류소(버스 가로변),일반쓰레기,37.6574508,127.0139106,11100510.0,쌍문1동,정상 지오코딩
1989,도봉구,삼양로 592,솔밭공원역 앞,지하철역 입구,일반쓰레기,37.6558908,127.0135632,11100510.0,쌍문1동,정상 지오코딩
1990,도봉구,삼양로 582,파리바게트 앞,정류소(버스 가로변),일반쓰레기,37.6550474,127.0133167,11100510.0,쌍문1동,정상 지오코딩
1991,도봉구,삼양로 538,덕성여대 입구 버스정류장,정류소(버스 가로변),일반쓰레기,37.6510615,127.0131745,11100510.0,쌍문1동,정상 지오코딩
1992,도봉구,방학로3길 6,푸디스 힐 앞,정류소(버스 가로변),일반쓰레기,37.6625507,127.0405685,11100550.0,방학1동,정상 지오코딩
1993,도봉구,방학로35 건너편,문화고 창동중 횡단보도,도로변(횡단보도 포함),일반쓰레기,37.6621899,127.0483768,11100550.0,방학1동,정상 지오코딩
1994,도봉구,방학로 56,365동물병원 앞,정류소(버스 가로변),일반쓰레기,37.6629651,127.0461752,11100550.0,방학1동,정상 지오코딩
1995,도봉구,쌍문동 83-8,쌍문 SK 주유소 앞,도로변(횡단보도 포함),일반쓰레기,37.6451071,127.0324778,11100530.0,쌍문3동,정상 지오코딩
1996,도봉구,방학로 37,금호타이어 앞,정류소(버스 가로변),일반쓰레기,37.6622344,127.0481409,11100550.0,방학1동,정상 지오코딩
1997,도봉구,방학로 32-28,창도초등학교 후문앞,정류소(버스 가로변),일반쓰레기,37.6641349,127.048784,11100550.0,방학1동,정상 지오코딩
1998,도봉구,방학로 210,신동아타워상가 앞,정류소(버스 가로변),일반쓰레기,37.6621723,127.0288312,11100570.0,방학3동,정상 지오코딩
1999,도봉구,방학로 210,우리은행 앞,도로변(횡단보도 포함),일반쓰레기,37.6621723,127.0288312,11100570.0,방학3동,정상 지오코딩
2000,도봉구,방학로 187,홍콩안경,정류소(버스 가로변),일반쓰레기,37.6619352,127.0313756,11100570.0,방학3동,정상 지오코딩
2001,도봉구,방학로 180,방학2동구립어린이집 앞,도로변(횡단보도 포함),일반쓰레기,37.6624622,127.0322739,11100560.0,방학2동,정상 지오코딩
2002,도봉구,방학로 172,Tworld 앞,정류소(버스 가로변),일반쓰레기,37.6625747,127.033208,11100560.0,방학2동,정상 지오코딩
2003,도봉구,방학로 161,한국SGI 앞,정류소(버스 가로변),일반쓰레기,37.6620866,127.0342938,11100570.0,방학3동,정상 지오코딩
2004,도봉구,방학로 160,가나동물병원 앞,정류소(버스 가로변),일반쓰레기,37.6626907,127.0342802,11100560.0,방학2동,정상 지오코딩
2005,도봉구,방학로 137,앗싸노래연습장 앞,정류소(버스 가로변),일반쓰레기,37.6626052,127.037014,11100550.0,방학1동,정상 지오코딩
2006,도봉구,방학로 136,신한은행방학동지점 버스정류장 옆,정류소(버스 가로변),일반쓰레기,37.6631716,127.0370827,11100550.0,방학1동,정상 지오코딩
2007,도봉구,방학로 116,동부상가 앞,도로변(횡단보도 포함),일반쓰레기,37.663065,127.0395142,11100550.0,방학1동,정상 지오코딩
2008,도봉구,방학로 108,청진동해장국집앞,정류소(버스 가로변),일반쓰레기,37.6630303,127.0402774,11100550.0,방학1동,정상 지오코딩
2009,도봉구,시루봉로 67,청구아파트 107동 앞,정류소(버스 가로변),일반쓰레기,37.6568376,127.0275781,11100570.0,방학3동,정상 지오코딩
2010,도봉구,마들로 657,도봉구청 정류장 옆(탐앤탐스 앞),정류소(버스 가로변),일반쓰레기,37.6683299,127.0453374,11100550.0,방학1동,정상 지오코딩
2011,도봉구,도봉로150길 42,삼성래미안 201동 앞 ,정류소(버스 가로변),일반쓰레기,37.6657263,127.0458918,11100550.0,방학1동,정상 지오코딩
2012,도봉구,방학동 709,여름마당 공원 앞,도로변(횡단보도 포함),일반쓰레기,37.6633593,127.0428599,11100550.0,방학1동,정상 지오코딩
2013,도봉구,방학동 710,평화도봉공원 앞,도로변(횡단보도 포함),일반쓰레기,37.6623174,127.0429126,11100550.0,방학1동,정상 지오코딩
2014,도봉구,방학동 678,가을마당 공원 앞,정류소(버스 가로변),일반쓰레기,37.662139,127.0419577,11100550.0,방학1동,정상 지오코딩
2015,도봉구,방학동 600-13,방학2동 공영주차장 앞,정류소(버스 가로변),일반쓰레기,37.6700855,127.0372295,11100560.0,방학2동,정상 지오코딩
2016,도봉구,해등로32길 11,초당스포츠센터 앞,정류소(버스 가로변),일반쓰레기,37.6586278,127.0219562,11100570.0,방학3동,정상 지오코딩
2017,도봉구,시루봉로5길 10,신방학파출소 앞,정류소(버스 가로변),일반쓰레기,37.65851,127.0271851,11100570.0,방학3동,정상 지오코딩
2018,도봉구,마들로11길 61 건너편,창동역동측(도봉방면),정류소(버스 가로변),일반쓰레기,37.6537388,127.0511953,11100620.0,창4동,인근 도로명번지 추정(번지차 24)
2019,도봉구,마들로11길 61 ,SUBWAY 매장 앞,기타,일반쓰레기,37.6537388,127.0511953,11100620.0,창4동,인근 도로명번지 추정(번지차 24)
2020,도봉구,마들로11길 37,론스타호텔 앞,정류소(버스 가로변),일반쓰레기,37.6537388,127.0511953,11100620.0,창4동,정상 지오코딩
2021,도봉구,마들로 916,도봉산역2번출구(창포원 입구 앞),"광장, 공원",일반쓰레기,37.6895392,127.0471623,11100650.0,도봉2동,정상 지오코딩
2022,도봉구,노해로70길 19,창동동아아파트 창동농협물류센터 방면(버스정류장),정류소(버스 가로변),일반쓰레기,37.6507902,127.0528256,11100620.0,창4동,정상 지오코딩
2023,도봉구,마들로 849,누원고사거리,정류소(버스 가로변),일반쓰레기,37.685569,127.0499327,11100650.0,도봉2동,정상 지오코딩
2024,도봉구,마들로 835,파크빌2단지 앞,정류소(버스 가로변),일반쓰레기,37.6842447,127.0504626,11100650.0,도봉2동,정상 지오코딩
2025,도봉구,마들로 797,기적의 도서관 앞,도로변(횡단보도 포함),일반쓰레기,37.680803,127.0501327,11100650.0,도봉2동,정상 지오코딩
2026,도봉구,마들로 776 건너편,성대야구장 앞,정류소(버스 가로변),일반쓰레기,37.6790148,127.0497507,11100650.0,도봉2동,정상 지오코딩
2027,도봉구,마들로 760,한밭법조타운 앞,정류소(버스 가로변),일반쓰레기,37.6776178,127.0493276,11100650.0,도봉2동,정상 지오코딩
2028,도봉구,마들로 760,서광아파트 앞,정류소(버스 가로변),일반쓰레기,37.6776178,127.0493276,11100650.0,도봉2동,정상 지오코딩
2029,도봉구,마들로 749,서울북부지방법원검찰청 ,상가지역,일반쓰레기,37.6773703,127.0472618,11100650.0,도봉2동,정상 지오코딩
2030,도봉구,마들로 749,서울북부지방법원 앞,정류소(버스 가로변),일반쓰레기,37.6773703,127.0472618,11100650.0,도봉2동,정상 지오코딩
2031,도봉구,마들로 749,서울북부지방법원 앞 횡단보도,도로변(횡단보도 포함),일반쓰레기,37.6773703,127.0472618,11100650.0,도봉2동,정상 지오코딩
2032,도봉구,마들로 744,둥지노래방 앞,정류소(버스 가로변),일반쓰레기,37.6761138,127.0483722,11100650.0,도봉2동,정상 지오코딩
2033,도봉구,마들로 735-8,성우사우나 상가 앞,도로변(횡단보도 포함),일반쓰레기,37.6761802,127.0478175,11100650.0,도봉2동,정상 지오코딩
2034,도봉구,마들로 724,한양수자인아파트 상가 앞,정류소(버스 가로변),일반쓰레기,37.6745441,127.0476623,11100650.0,도봉2동,정상 지오코딩
2035,도봉구,마들로 721,햇빛산 상가 앞,도로변(횡단보도 포함),일반쓰레기,37.6747612,127.0467596,11100650.0,도봉2동,정상 지오코딩
2036,도봉구,마들로 707-1,새살림그릇 매장 앞,정류소(버스 가로변),일반쓰레기,37.6733638,127.0465121,11100650.0,도봉2동,정상 지오코딩
2037,도봉구,마들로 700,성운사 금은보석 앞,도로변(횡단보도 포함),일반쓰레기,37.672506,127.0463663,11100650.0,도봉2동,인근 도로명번지 추정(번지차 3)
2038,도봉구,마들로 697,하나약국 앞,정류소(버스 가로변),일반쓰레기,37.672506,127.0463663,11100650.0,도봉2동,정상 지오코딩
2039,도봉구,마들로 690,빙그레 앞,도로변(횡단보도 포함),일반쓰레기,37.6716971,127.0467241,11100650.0,도봉2동,정상 지오코딩
2040,도봉구,마들로 685,피자애 앞,도로변(횡단보도 포함),일반쓰레기,37.6714754,127.0462916,11100650.0,도봉2동,정상 지오코딩
2041,도봉구,마들로 671,도봉중학교 앞,정류소(버스 가로변),일반쓰레기,37.6708838,127.0458717,11100650.0,도봉2동,정상 지오코딩
2042,도봉구,마들로 667,륜경 앞,정류소(버스 가로변),일반쓰레기,37.6696579,127.0460668,11100650.0,도봉2동,정상 지오코딩
2043,도봉구,마들로 664,유경약국 앞,정류소(버스 가로변),일반쓰레기,37.6694286,127.0464593,11100650.0,도봉2동,정상 지오코딩
2044,도봉구,마들로 657,홍능갈비 건너편,정류소(버스 가로변),일반쓰레기,37.6683299,127.0453374,11100550.0,방학1동,정상 지오코딩
2045,도봉구,마들로 656,도봉구의회 앞,정류소(버스 가로변),일반쓰레기,37.6687161,127.0471314,11100550.0,방학1동,정상 지오코딩
2046,도봉구,마들로 646,삼성래미안 108동 앞,정류소(버스 가로변),일반쓰레기,37.6676199,127.0468178,11100550.0,방학1동,정상 지오코딩
2047,도봉구,마들로 646,삼성래미안 103동 앞,정류소(버스 가로변),일반쓰레기,37.6676199,127.0468178,11100550.0,방학1동,정상 지오코딩
2048,도봉구,창동 33-3,창동동아아파트 1901동 앞 GS25 횡단보도 앞,도로변(횡단보도 포함),일반쓰레기,37.6488486,127.052569,11100620.0,창4동,정상 지오코딩
2049,도봉구,마들로 645,빅마켓 앞,도로변(횡단보도 포함),일반쓰레기,37.6676199,127.0468178,11100550.0,방학1동,인근 도로명번지 추정(번지차 1)
2050,도봉구,마들로 624,대상현대아파트 상가 앞,도로변(횡단보도 포함),일반쓰레기,37.6657842,127.0466806,11100550.0,방학1동,정상 지오코딩
2051,도봉구,마들로 605,도봉청소년독서실 앞,정류소(버스 가로변),일반쓰레기,37.6640415,127.0461268,11100550.0,방학1동,정상 지오코딩
2052,도봉구,마들로 598,문화고 사거리 삼천리 자전거 건너편,도로변(횡단보도 포함),일반쓰레기,37.6641314,127.0472858,11100550.0,방학1동,정상 지오코딩
2053,도봉구,마들로 598,문화고등학교 앞,정류소(버스 가로변),일반쓰레기,37.6641314,127.0472858,11100550.0,방학1동,정상 지오코딩
2054,도봉구,마들로 574,대안카크리닉 앞,정류소(버스 가로변),일반쓰레기,37.6615143,127.0474997,11100620.0,창4동,정상 지오코딩
2055,도봉구,마들로 573,창동현대아이파크 상가 CU앞,도로변(횡단보도 포함),일반쓰레기,37.6612345,127.0471272,11100620.0,창4동,정상 지오코딩
2056,도봉구,마들로 567,마들유치원 앞,정류소(버스 가로변),일반쓰레기,37.6608821,127.0475233,11100620.0,창4동,정상 지오코딩
2057,도봉구,마들로 555,쌍용아파트102동 앞 상가,정류소(버스 가로변),일반쓰레기,37.6603293,127.0486525,11100620.0,창4동,정상 지오코딩
2058,도봉구,마들로 550,밀방떡 가게 앞,정류소(버스 가로변),일반쓰레기,37.6604602,127.0496422,11100620.0,창4동,정상 지오코딩
2059,도봉구,도봉산길 43,CU편의점 앞,정류소(버스 가로변),일반쓰레기,37.6869667,127.0406424,11100640.0,도봉1동,정상 지오코딩
2060,도봉구,도봉산길 27,도봉고등학교 앞 ,도로변(횡단보도 포함),일반쓰레기,37.686755,127.0425784,11100640.0,도봉1동,정상 지오코딩
2061,도봉구,도봉산길 27,도봉고등학교 건너편 횡단보도,정류소(버스 가로변),일반쓰레기,37.686755,127.0425784,11100640.0,도봉1동,정상 지오코딩
2062,도봉구,도봉산길 18,이디야커피숍 앞,정류소(버스 가로변),일반쓰레기,37.6875597,127.0437494,11100640.0,도봉1동,정상 지오코딩
2063,도봉구,도봉산길 15,요거프레소 앞,정류소(버스 가로변),일반쓰레기,37.6871902,127.0439657,11100640.0,도봉1동,정상 지오코딩
2064,도봉구,도봉로180길 9,한신포차 앞,도로변(횡단보도 포함),일반쓰레기,37.6838907,127.046906,11100650.0,도봉2동,정상 지오코딩
2065,도봉구,도봉로170길 14,도봉래미안아파트 앞,도로변(횡단보도 포함),일반쓰레기,37.6803326,127.0463629,11100650.0,도봉2동,정상 지오코딩
2066,도봉구,도봉로170길,노원교 앞(도봉산 방향),정류소(버스 가로변),일반쓰레기,37.6799964,127.0479986,11100650.0,도봉2동,정상 지오코딩
2067,도봉구,도봉로170길,노원교 앞(성대야구장 앞),정류소(버스 가로변),일반쓰레기,37.6799964,127.0479986,11100650.0,도봉2동,정상 지오코딩
2068,도봉구,도봉로170길,신도봉교 옆,정류소(버스 가로변),일반쓰레기,37.6799964,127.0479986,11100650.0,도봉2동,정상 지오코딩
2069,도봉구,도봉로150다길 3,방학역2번출구앞,지하철역 입구,일반쓰레기,37.666349,127.0444247,11100550.0,방학1동,정상 지오코딩
2070,도봉구,도봉로150다길 3,방학역3번출구앞,지하철역 입구,일반쓰레기,37.666349,127.0444247,11100550.0,방학1동,정상 지오코딩
2071,도봉구,도봉로136길 7,신한은행 앞,도로변(횡단보도 포함),일반쓰레기,37.6593162,127.0416521,11100630.0,창5동,정상 지오코딩
2072,도봉구,도봉로136길 111,CU편의점 앞,정류소(버스 가로변),일반쓰레기,37.6616435,127.0463803,11100620.0,창4동,정상 지오코딩
2073,도봉구,도봉로110길 25,KT전화국 앞,도로변(횡단보도 포함),일반쓰레기,37.6463888,127.0350095,11100590.0,창1동,정상 지오코딩
2074,도봉구,도봉로 955,도봉산 환승센터 앞,도로변(횡단보도 포함),일반쓰레기,37.6897507,127.0449195,11100640.0,도봉1동,정상 지오코딩
2075,도봉구,도봉로 948,도봉산역1번출구 앞,정류소(버스 가로변),일반쓰레기,37.6888614,127.0461401,11100650.0,도봉2동,정상 지오코딩
2076,도봉구,도봉로 927 건너편,도봉산삼거리 횡단보도,도로변(횡단보도 포함),일반쓰레기,37.6871854,127.0455014,11100640.0,도봉1동,정상 지오코딩
2077,도봉구,도봉로 925,휠스토리 앞,도로변(횡단보도 포함),일반쓰레기,37.6870536,127.0455778,11100640.0,도봉1동,정상 지오코딩
2078,도봉구,도봉로 891,파리바게트 앞,정류소(버스 가로변),일반쓰레기,37.684024,127.0457391,11100640.0,도봉1동,정상 지오코딩
2079,도봉구,방학동 산 87-19,쌍문동우이빌라 정류장 옆(초당초등학교 방면),정류소(버스 가로변),일반쓰레기,37.6572798,127.01898,11100570.0,방학3동,정상 지오코딩
2080,도봉구,도봉로 869 건너편,동아에코빌 101동 앞,정류소(버스 가로변),일반쓰레기,37.682019,127.0454023,11100640.0,도봉1동,정상 지오코딩
2081,도봉구,도봉로 859 건너편,도봉삼환 버스정류장 앞,정류소(버스 가로변),일반쓰레기,37.6812217,127.0452233,11100640.0,도봉1동,정상 지오코딩
2082,도봉구,도봉로 851,농협앞,정류소(버스 가로변),일반쓰레기,37.6803991,127.0450044,11100640.0,도봉1동,정상 지오코딩
2083,도봉구,도봉로 819,KT휴대폰 가게 앞,정류소(버스 가로변),일반쓰레기,37.6774881,127.0447056,11100640.0,도봉1동,정상 지오코딩
2084,도봉구,도봉로 813,유외과 앞,정류소(버스 가로변),일반쓰레기,37.6770822,127.0445683,11100640.0,도봉1동,정상 지오코딩
2085,도봉구,도봉로 785,타이어 365앞,정류소(버스 가로변),일반쓰레기,37.6745932,127.0441491,11100640.0,도봉1동,정상 지오코딩
2086,도봉구,도봉로 767,가판점 옆,도로변(횡단보도 포함),일반쓰레기,37.6729336,127.0438624,11100640.0,도봉1동,정상 지오코딩
2087,도봉구,도봉로 749,해밀칼국수 앞,도로변(횡단보도 포함),일반쓰레기,37.6714187,127.0435241,11100640.0,도봉1동,정상 지오코딩
2088,도봉구,도봉로 730,방학약국 건너편 횡단보도,도로변(횡단보도 포함),일반쓰레기,37.669443,127.0438724,11100550.0,방학1동,정상 지오코딩
2089,도봉구,도봉로 727-1,연세튼튼척병원,도로변(횡단보도 포함),일반쓰레기,37.6694684,127.0431607,11100550.0,방학1동,정상 지오코딩
2090,도봉구,도봉로 726,노보스 병원앞,정류소(버스 가로변),일반쓰레기,37.6690624,127.0438518,11100550.0,방학1동,정상 지오코딩
2091,도봉구,도봉로 703,웰메이드 앞,도로변(횡단보도 포함),일반쓰레기,37.6672682,127.0428244,11100550.0,방학1동,정상 지오코딩
2092,도봉구,도봉로 686,방학동 우체국 앞,정류소(버스 가로변),일반쓰레기,37.6656462,127.0433355,11100550.0,방학1동,정상 지오코딩
2093,도봉구,도봉로 678,홈플러스 앞,도로변(횡단보도 포함),일반쓰레기,37.6648109,127.0436865,11100550.0,방학1동,정상 지오코딩
2094,도봉구,도봉로 675,웰치과 앞,도로변(횡단보도 포함),일반쓰레기,37.6647154,127.0423791,11100550.0,방학1동,정상 지오코딩
2095,도봉구,도봉로 642,삼화식당 앞,정류소(버스 가로변),일반쓰레기,37.6616172,127.0425216,11100630.0,창5동,정상 지오코딩
2096,도봉구,도봉로 639,정병원 버스정류장 앞,정류소(버스 가로변),일반쓰레기,37.6615683,127.0418278,11100520.0,쌍문2동,정상 지오코딩
2097,도봉구,도봉동 639,도봉차량견인보관소,도로변(횡단보도 포함),일반쓰레기,37.674757,127.0448087,11100650.0,도봉2동,정상 지오코딩
2098,도봉구,도봉동 637-28,도봉역 1번출구 앞,지하철역 입구,일반쓰레기,37.6799746,127.0453863,11100640.0,도봉1동,정상 지오코딩
2099,도봉구,도봉로 636,제일모직아울렛 앞,정류소(버스 가로변),일반쓰레기,37.6610852,127.0424452,11100630.0,창5동,정상 지오코딩
2100,도봉구,도봉로 622,라르플레이스 1단지 앞,정류소(버스 가로변),일반쓰레기,37.6600422,127.0419353,11100630.0,창5동,정상 지오코딩
2101,도봉구,도봉로 613,쌍문2동 제5공영주차장 앞 횡단보도,정류소(버스 가로변),일반쓰레기,37.659482,127.0407301,11100520.0,쌍문2동,정상 지오코딩
2102,도봉구,도봉로 604,에이치큐브 병원앞,도로변(횡단보도 포함),일반쓰레기,37.6583143,127.0410344,11100630.0,창5동,정상 지오코딩
2103,도봉구,도봉로 603-1,쿠쿠서비스센터 앞,정류소(버스 가로변),일반쓰레기,37.6587647,127.0402299,11100520.0,쌍문2동,정상 지오코딩
2104,도봉구,도봉로 593,송월타월 앞,정류소(버스 가로변),일반쓰레기,37.6578626,127.0398997,11100520.0,쌍문2동,정상 지오코딩
2105,도봉구,도봉로 592,전설의 짬뽕앞 버스 정류장,정류소(버스 가로변),일반쓰레기,37.657458,127.0402989,11100630.0,창5동,정상 지오코딩
2106,도봉구,도봉로 581,수유리우동 앞,정류소(버스 가로변),일반쓰레기,37.6570121,127.0393237,11100520.0,쌍문2동,정상 지오코딩
2107,도봉구,도봉로 578,미화볼링장 앞,도로변(횡단보도 포함),일반쓰레기,37.6562941,127.0397032,11100630.0,창5동,정상 지오코딩
2108,도봉구,도봉로 552,구민회관 앞 ,정류소(버스 가로변),일반쓰레기,37.6541993,127.0388705,11100630.0,창5동,정상 지오코딩
2109,도봉구,도봉로 551,아름다운 약국 앞,정류소(버스 가로변),일반쓰레기,37.6544885,127.0377589,11100520.0,쌍문2동,정상 지오코딩
2110,도봉구,도봉로 534,영창피아노 앞,정류소(버스 가로변),일반쓰레기,37.6527599,127.0374938,11100630.0,창5동,정상 지오코딩
2111,도봉구,도봉로 523,위니아 앞,정류소(버스 가로변),일반쓰레기,37.6521185,127.036449,11100520.0,쌍문2동,정상 지오코딩
2112,도봉구,도봉로 511,소피아호텔 앞,정류소(버스 가로변),일반쓰레기,37.6510954,127.0357092,11100530.0,쌍문3동,정상 지오코딩
2113,도봉구,도봉로 484,쌍문역1번출구 앞,정류소(버스 가로변),일반쓰레기,37.6486185,127.0350693,11100590.0,창1동,정상 지오코딩
2114,도봉구,도봉로 483,쌍문역4번출구 앞,정류소(버스 가로변),일반쓰레기,37.6489392,127.0345353,11100530.0,쌍문3동,정상 지오코딩
2115,도봉구,도봉로 479,창동한의원 앞,정류소(버스 가로변),일반쓰레기,37.6486448,127.0343505,11100530.0,쌍문3동,정상 지오코딩
2116,도봉구,도봉로 476,쌍문역2번출구 앞,정류소(버스 가로변),일반쓰레기,37.6478767,127.0347625,11100590.0,창1동,정상 지오코딩
2117,도봉구,도봉로 473,쌍문역3번출구 앞,정류소(버스 가로변),일반쓰레기,37.6480008,127.0339951,11100530.0,쌍문3동,정상 지오코딩
2118,도봉구,도봉로 468,SUBWAY앞,정류소(버스 가로변),일반쓰레기,37.6473862,127.0343726,11100590.0,창1동,정상 지오코딩
2119,도봉구,도봉로 460,탐나어시장 앞,정류소(버스 가로변),일반쓰레기,37.6467008,127.0339457,11100590.0,창1동,정상 지오코딩
2120,도봉구,도봉로 457,안경매니저 앞,도로변(횡단보도 포함),일반쓰레기,37.6467757,127.0332546,11100530.0,쌍문3동,정상 지오코딩
2121,도봉구,도봉로 438,창일택시 앞,도로변(횡단보도 포함),일반쓰레기,37.6448807,127.0328025,11100600.0,창2동,정상 지오코딩
2122,도봉구,도봉로 438,SK 창동 셀프주유소 앞,정류소(버스 가로변),일반쓰레기,37.6448807,127.0328025,11100600.0,창2동,정상 지오코딩
2123,도봉구,도봉로 428,우이1교 버스정류장 앞,정류소(버스 가로변),일반쓰레기,37.6439531,127.0324048,11100600.0,창2동,정상 지오코딩
2124,도봉구,도봉동 81-1,도봉동 극동아파트 후문,정류소(버스 가로변),일반쓰레기,37.6824505,127.0496312,11100650.0,도봉2동,정상 지오코딩
2125,도봉구,도봉동 637-37,도봉역2번출구앞 버스정류장,도로변(횡단보도 포함),일반쓰레기,37.6772721,127.0449219,11100640.0,도봉1동,정상 지오코딩
2126,도봉구,도봉동 637-37,도봉역2번출구앞 ,도로변(횡단보도 포함),일반쓰레기,37.6772721,127.0449219,11100640.0,도봉1동,정상 지오코딩
2127,도봉구,도봉동 637-37,"서울북부지방법원.검찰청.도봉역성황당
(도봉동한신아파트 방면)",정류소(버스 가로변),일반쓰레기,37.6772721,127.0449219,11100640.0,도봉1동,정상 지오코딩
2128,도봉구,도봉동 620-23,신도봉사거리 도봉중학교방향 횡단보도,정류소(버스 가로변),일반쓰레기,37.6709797,127.0434395,11100640.0,도봉1동,정상 지오코딩
2129,도봉구,도봉동 288-20,도봉산역 만남의광장 앞,정류소(버스 가로변),일반쓰레기,37.6890501,127.0447902,11100640.0,도봉1동,정상 지오코딩
2130,도봉구,도봉동 262-26,아진교통 차고지 앞,정류소(버스 가로변),일반쓰레기,37.6880254,127.0401164,11100640.0,도봉1동,API 재시도-키워드검색-핵심지명
2131,도봉구,도당로 106-1,"거성학마을아파트 도봉새마을금고본점 방면 
정류장 앞",정류소(버스 가로변),일반쓰레기,37.6663505,127.0384096,11100550.0,방학1동,정상 지오코딩
2132,도봉구,도당로 76,농협상가 앞,도로변(횡단보도 포함),일반쓰레기,37.664572,127.0359669,11100550.0,방학1동,정상 지오코딩
2133,도봉구,도당로 32,발바닥공원 입구,도로변(횡단보도 포함),일반쓰레기,37.6608617,127.0352315,11100550.0,방학1동,정상 지오코딩
2134,도봉구,도당로 2,신원상가 행복한 닭강정 가게 앞,도로변(횡단보도 포함),일반쓰레기,37.658418,127.0352897,11100520.0,쌍문2동,정상 지오코딩
2135,도봉구,도당로 18,대웅아파트 4동 앞 ,정류소(버스 가로변),일반쓰레기,37.6594895,127.0359779,11100520.0,쌍문2동,정상 지오코딩
2136,도봉구,도당로 134,MG새마을금고 앞,정류소(버스 가로변),일반쓰레기,37.6670167,127.0411507,11100550.0,방학1동,정상 지오코딩
2137,도봉구,덕릉로66길 17,녹천역3번출구 앞,지하철역 입구,일반쓰레기,37.6437121,127.0539524,11100620.0,창4동,정상 지오코딩
2138,도봉구,덕릉로 398,주공17단지 상가 앞,"광장, 공원",일반쓰레기,37.6457766,127.0531319,11100620.0,창4동,정상 지오코딩
2139,도봉구,덕릉로 350,창동주공4단지 401동 앞,정류소(버스 가로변),일반쓰레기,37.6446272,127.0470777,11100590.0,창1동,정상 지오코딩
2140,도봉구,덕릉로 350,창동주공4단지 408동 앞,정류소(버스 가로변),일반쓰레기,37.6446272,127.0470777,11100590.0,창1동,정상 지오코딩
2141,도봉구,덕릉로 315,도봉정보문화도서관 건너편,정류소(버스 가로변),일반쓰레기,37.6446909,127.0437683,11100590.0,창1동,정상 지오코딩
2142,도봉구,덕릉로 315,도봉정보문화도서관 앞,정류소(버스 가로변),일반쓰레기,37.6446909,127.0437683,11100590.0,창1동,정상 지오코딩
2143,도봉구,덕릉로 276,파크힐아파트 앞,정류소(버스 가로변),일반쓰레기,37.6415991,127.0411924,11100610.0,창3동,정상 지오코딩
2144,도봉구,덕릉로 275,경화빌라 앞,도로변(횡단보도 포함),일반쓰레기,37.6418472,127.0408156,11100600.0,창2동,정상 지오코딩
2145,도봉구,덕릉로 253,수정다방 앞,정류소(버스 가로변),일반쓰레기,37.6402973,127.0393961,11100600.0,창2동,정상 지오코딩
2146,도봉구,덕릉로 248-1,GS편의점 앞,정류소(버스 가로변),일반쓰레기,37.6396165,127.039325,11100610.0,창3동,정상 지오코딩
2147,도봉구,덕릉로 239,신창시장 입구 뚜레쥬르 앞,정류소(버스 가로변),일반쓰레기,37.6392117,127.0382405,11100600.0,창2동,정상 지오코딩
2148,도봉구,덕릉로 238,창동골목시장 입구 앞,정류소(버스 가로변),일반쓰레기,37.6389796,127.0386627,11100610.0,창3동,정상 지오코딩
2149,도봉구,덕릉로 236,지명약국 앞,정류소(버스 가로변),일반쓰레기,37.638746,127.038511,11100610.0,창3동,정상 지오코딩
2150,도봉구,덕릉로 219,양조장 앞,도로변(횡단보도 포함),일반쓰레기,37.6379296,127.0370231,11100600.0,창2동,정상 지오코딩
2151,도봉구,덕릉로 218-1,연세빌딩 앞,정류소(버스 가로변),일반쓰레기,37.6374755,127.0373003,11100610.0,창3동,정상 지오코딩
2152,도봉구,창동 57-5,녹천역1번출구 앞 ,정류소(버스 가로변),일반쓰레기,37.6458917,127.0507052,11100590.0,창1동,정상 지오코딩
2153,도봉구,노해로70길 96,월천초 건너편,정류소(버스 가로변),일반쓰레기,37.6479137,127.0514258,11100620.0,창4동,정상 지오코딩
2154,도봉구,노해로70길 46,주공19단지 종합상가 앞,정류소(버스 가로변),일반쓰레기,37.650282,127.0513778,11100620.0,창4동,정상 지오코딩
2155,도봉구,노해로70길 19,창동주공 1907동 앞,정류소(버스 가로변),일반쓰레기,37.6507902,127.0528256,11100620.0,창4동,정상 지오코딩
2156,도봉구,노해로70길 119,창동주공1806동앞,정류소(버스 가로변),일반쓰레기,37.6473912,127.053376,11100620.0,창4동,정상 지오코딩
2157,도봉구,노해로70길 112,창동주공 1809동 앞,도로변(횡단보도 포함),일반쓰레기,37.647381,127.0526373,11100620.0,창4동,정상 지오코딩
2158,도봉구,노해로69길 97,동아청솔상가 앞,정류소(버스 가로변),일반쓰레기,37.6568264,127.0493344,11100620.0,창4동,정상 지오코딩
2159,도봉구,노해로69길 25,강북민물장어 앞,정류소(버스 가로변),일반쓰레기,37.6536867,127.0509361,11100620.0,창4동,정상 지오코딩
2160,도봉구,노해로69길 151,도봉아이나라도서관 앞,정류소(버스 가로변),일반쓰레기,37.6590468,127.049507,11100620.0,창4동,정상 지오코딩
2161,도봉구,노해로69길 150,자운고 앞,정류소(버스 가로변),일반쓰레기,37.6590464,127.0506907,11100620.0,창4동,정상 지오코딩
2162,도봉구,노해로69길 15,백제갈비촌 앞,지하철역 입구,일반쓰레기,37.6529808,127.0506431,11100620.0,창4동,정상 지오코딩
2163,도봉구,노해로69길 132,창동운동장 앞,정류소(버스 가로변),일반쓰레기,37.6581174,127.0507053,11100620.0,창4동,정상 지오코딩
2164,도봉구,노해로69가길 11,청아어린이집 앞,정류소(버스 가로변),일반쓰레기,37.658889,127.0490878,11100620.0,창4동,정상 지오코딩
2165,도봉구,노해로66길 60,창일중학교 앞,정류소(버스 가로변),일반쓰레기,37.6489886,127.0464446,11100590.0,창1동,정상 지오코딩
2166,도봉구,노해로66길 59,"삼성아파트, 창일중학교 건너편",도로변(횡단보도 포함),일반쓰레기,37.6487288,127.0480293,11100590.0,창1동,정상 지오코딩
2167,도봉구,노해로63길 84-8,창동역2번출구 이마트방향 도로 횡단보도,도로변(횡단보도 포함),일반쓰레기,37.6526044,127.0466832,11100630.0,창5동,정상 지오코딩
2168,도봉구,노해로63길 84-8,창동역2번출구 이마트방향 도로,정류소(버스 가로변),일반쓰레기,37.6526044,127.0466832,11100630.0,창5동,정상 지오코딩
2169,도봉구,노해로63길 78,신원빌딩 앞,정류소(버스 가로변),일반쓰레기,37.6525859,127.0463322,11100630.0,창5동,정상 지오코딩
2170,도봉구,노해로63가길 6,"상아프라자, 하나은행 앞",도로변(횡단보도 포함),일반쓰레기,37.652971,127.0452214,11100630.0,창5동,정상 지오코딩
2171,도봉구,노해로62길 7,창동고 정문 앞,정류소(버스 가로변),일반쓰레기,37.6510358,127.0388191,11100590.0,창1동,정상 지오코딩
2172,도봉구,노해로62길 36,창북중학교 앞 횡단보도,정류소(버스 가로변),일반쓰레기,37.6496534,127.0377562,11100590.0,창1동,정상 지오코딩
2173,도봉구,노해로41가길 16,e편한세상 102동 앞 둘리 버스정류장,정류소(버스 가로변),일반쓰레기,37.6499815,127.0274308,11100510.0,쌍문1동,정상 지오코딩
2174,도봉구,노해로 395,하이마트 앞,정류소(버스 가로변),일반쓰레기,37.6528788,127.0518533,11100620.0,창4동,정상 지오코딩
2175,도봉구,노해로 392,창동지구대 앞,정류소(버스 가로변),일반쓰레기,37.6522872,127.051715,11100620.0,창4동,정상 지오코딩
2176,도봉구,노해로 390,창4동주민센터 앞,정류소(버스 가로변),일반쓰레기,37.6522381,127.0515393,11100620.0,창4동,정상 지오코딩
2177,도봉구,노해로 384,동아아파트 상가,정류소(버스 가로변),일반쓰레기,37.6519427,127.0510028,11100620.0,창4동,정상 지오코딩
2178,도봉구,노해로 384,동아아파트 3동 놀이터 앞,정류소(버스 가로변),일반쓰레기,37.6519427,127.0510028,11100620.0,창4동,정상 지오코딩
2179,도봉구,노해로 383,국민은행 앞,정류소(버스 가로변),일반쓰레기,37.6525838,127.0507311,11100620.0,창4동,정상 지오코딩
2180,도봉구,노해로 341,신원오피스텔상가 고봉민김밥 앞,도로변(횡단보도 포함),일반쓰레기,37.6514452,127.045913,11100630.0,창5동,정상 지오코딩
2181,도봉구,노해로 327 건너편,창동주공 315동 앞,정류소(버스 가로변),일반쓰레기,37.6515059,127.0448062,11100630.0,창5동,정상 지오코딩
2182,도봉구,노해로 325,등기소 앞,정류소(버스 가로변),일반쓰레기,37.6515961,127.044343,11100630.0,창5동,정상 지오코딩
2183,도봉구,노해로 259,전자랜드 앞,도로변(횡단보도 포함),일반쓰레기,37.6516644,127.0369684,11100630.0,창5동,정상 지오코딩
2184,도봉구,노해로 237,반석교회 앞,정류소(버스 가로변),일반쓰레기,37.651382,127.0345257,11100520.0,쌍문2동,정상 지오코딩
2185,도봉구,노해로 224,쌍문3동 어린이집 앞,정류소(버스 가로변),일반쓰레기,37.6509181,127.032948,11100530.0,쌍문3동,정상 지오코딩
2186,도봉구,노해로 213,둥지인테리어 매장 옆,도로변(횡단보도 포함),일반쓰레기,37.651158,127.0317023,11100540.0,쌍문4동,정상 지오코딩
2187,도봉구,노해로 199,한샘리하우스 앞,도로변(횡단보도 포함),일반쓰레기,37.6510707,127.0301464,11100540.0,쌍문4동,정상 지오코딩
2188,도봉구,노해로 184-9,신일라이프아파트 앞,정류소(버스 가로변),일반쓰레기,37.6506172,127.0294269,11100530.0,쌍문3동,정상 지오코딩
2189,도봉구,노해로 170,금용아파트 101동 앞,정류소(버스 가로변),일반쓰레기,37.6494534,127.0278754,11100530.0,쌍문3동,정상 지오코딩
2190,도봉구,노해로 152,쌍문1동주민센터 건너편,도로변(횡단보도 포함),일반쓰레기,37.6481984,127.026816,11100530.0,쌍문3동,정상 지오코딩
2191,도봉구,노해로 147,쌍문1동주민센터 앞,도로변(횡단보도 포함),일반쓰레기,37.6480378,127.0260513,11100510.0,쌍문1동,정상 지오코딩
2192,도봉구,노해로 137,진암빌딩 앞,정류소(버스 가로변),일반쓰레기,37.6472418,127.0253561,11100510.0,쌍문1동,정상 지오코딩
2193,도봉구,도봉동 637-1,도봉산역I(10-001),정류소(버스 중앙차로),일반쓰레기,37.6894349,127.0455166,11100640.0,도봉1동,정상 지오코딩
2194,도봉구,도봉동 637-1,도봉산역O(10-002),정류소(버스 중앙차로),일반쓰레기,37.6894349,127.0455166,11100640.0,도봉1동,정상 지오코딩
2195,도봉구,도봉동 599,도봉한신아파트 I(10-003),정류소(버스 가로변),일반쓰레기,37.6765585,127.0434219,11100640.0,도봉1동,정상 지오코딩
2196,도봉구,도봉동 599,도봉한신아파트 I(10-003),정류소(버스 가로변),일반쓰레기,37.6765585,127.0434219,11100640.0,도봉1동,정상 지오코딩
2197,도봉구,도봉로170길 2,"서울북부지방법원, 검찰청, 도봉역성황동I(10-005)",정류소(버스 중앙차로),일반쓰레기,37.6803629,127.045764,11100650.0,도봉2동,정상 지오코딩
2198,도봉구,도봉로170길 2,"서울북부지방법원, 검찰청, 도봉역성황동O(10-006)",정류소(버스 중앙차로),일반쓰레기,37.6803629,127.045764,11100650.0,도봉2동,정상 지오코딩
2199,도봉구,도봉로 733-1,신도봉사거리 I1(10-007),정류소(버스 가로변),일반쓰레기,37.6698807,127.0434684,11100640.0,도봉1동,정상 지오코딩
2200,도봉구,방학동 726-17,신도봉사거리 O1(10-008),정류소(버스 중앙차로),일반쓰레기,37.6691401,127.0435248,11100550.0,방학1동,정상 지오코딩
2201,도봉구,방학동 704,"도봉소방서, 방학남부역 I2(10-009)",정류소(버스 가로변),일반쓰레기,37.667028,127.0418724,11100550.0,방학1동,정상 지오코딩
2202,도봉구,방학동 707,"도봉소방서, 방학남부역 O2(10-010)",정류소(버스 가로변),일반쓰레기,37.6656982,127.0436771,11100550.0,방학1동,정상 지오코딩
2203,도봉구,쌍문동 694,도봉보건소I(10-011),정류소(버스 중앙차로),일반쓰레기,37.6545459,127.0376217,11100520.0,쌍문2동,정상 지오코딩
2204,도봉구,창동 303,도봉보건소O(10-012),정류소(버스 중앙차로),일반쓰레기,37.6541028,127.0386267,11100630.0,창5동,정상 지오코딩
2205,도봉구,쌍문동 694,도봉구민회관 I2(10-013),정류소(버스 가로변),일반쓰레기,37.6545459,127.0376217,11100520.0,쌍문2동,정상 지오코딩
2206,도봉구,창동 303,도봉구민회관 O2(10-014),정류소(버스 가로변),일반쓰레기,37.6541028,127.0386267,11100630.0,창5동,정상 지오코딩
2207,도봉구,도봉로 473-2,쌍문역 I2(10-015),정류소(버스 가로변),일반쓰레기,37.6481113,127.0342165,11100530.0,쌍문3동,정상 지오코딩
2208,도봉구,도봉로 474-2,쌍문역 O2(10-016),정류소(버스 중앙차로),일반쓰레기,37.6479513,127.0345147,11100590.0,창1동,정상 지오코딩
2209,도봉구,쌍문동 83-8,우이1교앞I(10-017),정류소(버스 중앙차로),일반쓰레기,37.6451071,127.0324778,11100530.0,쌍문3동,정상 지오코딩
2210,도봉구,창동 703-9,우이1교앞O(10-018),정류소(버스 중앙차로),일반쓰레기,37.6450675,127.0327022,11100600.0,창2동,정상 지오코딩
2211,도봉구,방학동 705-2,"신도봉시장, 도봉구청, 방학북부역 O(10-020)",정류소(버스 가로변),일반쓰레기,37.6691582,127.0438453,11100550.0,방학1동,정상 지오코딩
2212,도봉구,방학동 705-2,"신도봉시장, 도봉구청, 방학북부역 O(10-020)",정류소(버스 가로변),일반쓰레기,37.6691582,127.0438453,11100550.0,방학1동,정상 지오코딩
2213,도봉구,창동 516-2,신화초등학교 마을버스 정류장(10514),정류소(버스 가로변),일반쓰레기,37.6333346,127.0391124,11100610.0,창3동,정상 지오코딩
2214,도봉구,마들로 11길,창동역 1번 출구 앞(정원),지하철역 입구,일반쓰레기,37.6540088,127.0510564,11100620.0,창4동,정상 지오코딩
2215,노원구,화랑로 510,화랑대역 1번출구 버스정류장,"정류소(버스,택시 등)",일반쓰레기,37.6198944,127.0837446,11110560.0,공릉2동,정상 지오코딩
2216,노원구,공릉로46길 18,공릉한보아파트 앞 버스정류장,"정류소(버스,택시 등)",일반쓰레기,37.627173,127.0799936,11110560.0,공릉2동,정상 지오코딩
2217,노원구,노원로16길 15,노원경찰서 앞 버스정류장,"정류소(버스,택시 등)",일반쓰레기,37.6434451,127.0733372,11110580.0,하계1동,정상 지오코딩
2218,노원구,섬밭로 196,장미아파트 버스정류장(602동 앞),"정류소(버스,택시 등)",일반쓰레기,37.6339976,127.0672779,11110590.0,하계2동,정상 지오코딩
2219,노원구,동일로 1081,공릉역 4번출구 버스정류장,"정류소(버스,택시 등)",일반쓰레기,37.6263773,127.0722704,11110790.0,공릉1동,정상 지오코딩
2220,노원구,동일로 1041,동일로 1041(은성빌딩) 앞 버스정류장,"정류소(버스,택시 등)",일반쓰레기,37.623103,127.0735029,11110790.0,공릉1동,정상 지오코딩
2221,노원구,동일로173길 12,태릉입구역 3번출구 버스정류장,"정류소(버스,택시 등)",일반쓰레기,37.618612,127.0746143,11110790.0,공릉1동,정상 지오코딩
2222,노원구,동일로 996,태릉입구역 4번출구 버스정류장,"정류소(버스,택시 등)",일반쓰레기,37.6191956,127.0754877,11110790.0,공릉1동,정상 지오코딩
2223,노원구,동일로 192길 20,동일로 192길 20 앞 버스정류장,"정류소(버스,택시 등)",일반쓰레기,37.625901,127.0742578,11110790.0,공릉1동,정상 지오코딩
2224,노원구,화랑로 421,태릉입구역 1번출구 버스정류장,"정류소(버스,택시 등)",일반쓰레기,37.6174996,127.0743294,11110790.0,공릉1동,정상 지오코딩
2225,노원구,화랑로 440-2,태릉입구역 7번출구 버스정류장,"정류소(버스,택시 등)",일반쓰레기,37.6176812,127.076266,11110790.0,공릉1동,정상 지오코딩
2226,노원구,노원로 31-2,예수사랑교회 앞 버스정류장,"정류소(버스,택시 등)",일반쓰레기,37.6244485,127.0862158,11110560.0,공릉2동,정상 지오코딩
2227,노원구,공릉동 90-2,화랑대역 2번출구 버스정류장,"정류소(버스,택시 등)",일반쓰레기,37.6209942,127.084971,11110560.0,공릉2동,정상 지오코딩
2228,노원구,동일로 1456,상계주공7단지(704동 앞) 버스정류장,"정류소(버스,택시 등)",일반쓰레기,37.6606769,127.0614956,11110740.0,상계10동,정상 지오코딩
2229,노원구,동일로 1456,상계주공7단지(714동 앞) 버스정류장,"정류소(버스,택시 등)",일반쓰레기,37.6606769,127.0614956,11110740.0,상계10동,정상 지오코딩
2230,노원구,노원로 532,상계주공9단지(914동 앞) 버스정류장,"정류소(버스,택시 등)",일반쓰레기,37.6646207,127.0598242,11110740.0,상계10동,정상 지오코딩
2231,노원구,동일로221길 22,대림종합상가(대림아파트 2동 앞) 버스정류장,"정류소(버스,택시 등)",일반쓰레기,37.6599719,127.0573759,11110740.0,상계10동,정상 지오코딩
2232,노원구,동일로 1629-2,맥도날드 앞 버스정류장,"정류소(버스,택시 등)",일반쓰레기,37.6738605,127.0552343,11110650.0,상계1동,정상 지오코딩
2233,노원구,동일로 1625,노일초등학교 앞 버스정류장,"정류소(버스,택시 등)",일반쓰레기,37.6735135,127.0551376,11110650.0,상계1동,정상 지오코딩
2234,노원구,노해로75길 14-2,노원구청 건너편(상계동 704 건물 앞) 버스정류장,"정류소(버스,택시 등)",일반쓰레기,37.6542961,127.0576013,11110770.0,상계6·7동,정상 지오코딩
2235,노원구,노해로 449,상계동 705-1 버스정류장,"정류소(버스,택시 등)",일반쓰레기,37.6540536,127.0579974,11110770.0,상계6·7동,정상 지오코딩
2236,노원구,동일로 1328-1,당현천 근린공원(동일로 1328-1) 버스정류장,"정류소(버스,택시 등)",일반쓰레기,37.6474103,127.0636403,11110770.0,상계6·7동,정상 지오코딩
2237,노원구,동일로 1355,상계주공 2단지(201동 앞) 버스정류장,"정류소(버스,택시 등)",일반쓰레기,37.6497008,127.0613593,11110770.0,상계6·7동,정상 지오코딩
2238,노원구,동일로 1368,상계주공4단지(상계동 749-3 앞) 버스정류장,"정류소(버스,택시 등)",일반쓰레기,37.6507431,127.0619264,11110770.0,상계6·7동,정상 지오코딩
2239,노원구,동일로227길 26,상계주공15단지(1508동 앞) 버스정류장,"정류소(버스,택시 등)",일반쓰레기,37.670188,127.0546776,11110720.0,상계8동,정상 지오코딩
2240,노원구,노원로 564,상계주공10단지(1001동 앞) 버스정류장,"정류소(버스,택시 등)",일반쓰레기,37.6616521,127.0561247,11110720.0,상계8동,정상 지오코딩
2241,노원구,초안산로1길 15,월계주공 1단지(103동) 버스정류장,"정류소(버스,택시 등)",일반쓰레기,37.6272712,127.0534245,11110520.0,월계2동,정상 지오코딩
2242,노원구,초안산로1길 15,월계주공 1단지(108동) 버스정류장,"정류소(버스,택시 등)",일반쓰레기,37.6272712,127.0534245,11110520.0,월계2동,정상 지오코딩
2243,노원구,월계로 378,월계헬스케어센터(월계로 378) 앞 버스정류장,"정류소(버스,택시 등)",일반쓰레기,37.63145,127.0615911,11110530.0,월계3동,정상 지오코딩
2244,노원구,덕릉로 483,어린이교통공원(중계동 500) 버스정류장,"정류소(버스,택시 등)",일반쓰레기,37.6456022,127.062743,11110780.0,중계2·3동,정상 지오코딩
2245,노원구,동일로 1231-2,중계역 4번출구 버스정류장,"정류소(버스,택시 등)",일반쓰레기,37.6391448,127.0666039,11110780.0,중계2·3동,정상 지오코딩
2246,노원구,동일로 1231-2,노원구민의전당(동일로 1229) 앞 버스정류장,"정류소(버스,택시 등)",일반쓰레기,37.6391448,127.0666039,11110780.0,중계2·3동,정상 지오코딩
2247,노원구,동일로 1231-2,서울시립북서울미술관(동일로 1238) 버스정류장,"정류소(버스,택시 등)",일반쓰레기,37.6391448,127.0666039,11110780.0,중계2·3동,정상 지오코딩
2248,노원구,동일로 1231-2,중계역 1번출구 버스정류장,"정류소(버스,택시 등)",일반쓰레기,37.6391448,127.0666039,11110780.0,중계2·3동,정상 지오코딩
2249,노원구,섬밭로 232,하계역 6번출구 버스정류장,"정류소(버스,택시 등)",일반쓰레기,37.6366152,127.0656682,11110590.0,하계2동,정상 지오코딩
2250,노원구,공릉로59길 28,하계역 미성아파트(6동 앞) 버스정류장,"정류소(버스,택시 등)",일반쓰레기,37.6342326,127.0696602,11110580.0,하계1동,정상 지오코딩
2251,노원구,섬밭로 210-2,하계역 5번출구 버스정류장,"정류소(버스,택시 등)",일반쓰레기,37.6348872,127.0662096,11110590.0,하계2동,정상 지오코딩
2252,노원구,한글비석로 57,하계역 세이브존 앞 버스정류장,"정류소(버스,택시 등)",일반쓰레기,37.6366236,127.0689153,11110580.0,하계1동,정상 지오코딩
2253,노원구,동일로 1104,동일로 1104 앞 버스정류장,"정류소(버스,택시 등)",일반쓰레기,37.6284989,127.0718707,11110790.0,공릉1동,정상 지오코딩
2254,노원구,동일로 1101,동일로 1101(KB국민은행) 앞 버스정류장,"정류소(버스,택시 등)",일반쓰레기,37.6282543,127.0710099,11110790.0,공릉1동,정상 지오코딩
2255,노원구,동일로 1082,동일로 1082(대우직업능력개발원) 앞 버스정류장,"정류소(버스,택시 등)",일반쓰레기,37.6263773,127.0722704,11110790.0,공릉1동,인근 도로명번지 추정(번지차 1)
2256,노원구,동일로 1038,동일로 1038 앞 버스정류장,"정류소(버스,택시 등)",일반쓰레기,37.6227912,127.0742399,11110790.0,공릉1동,정상 지오코딩
2257,노원구,화랑로 457,공릉동 661-7 앞 버스정류장,"정류소(버스,택시 등)",일반쓰레기,37.618752,127.0778767,11110790.0,공릉1동,정상 지오코딩
2258,노원구,동일로 1449,상계동 820(서울교통공사창동차량사업소) 앞 버스정류장,"정류소(버스,택시 등)",일반쓰레기,37.6574857,127.0588513,11110740.0,상계10동,정상 지오코딩
2259,노원구,동일로 1426-3,도봉운전면허시험장 앞 버스정류장,"정류소(버스,택시 등)",일반쓰레기,37.6559592,127.0603291,11110740.0,상계10동,정상 지오코딩
2260,노원구,동일로 1669,수락산역 4번출구(동일로 1669 앞) 버스정류장,"정류소(버스,택시 등)",일반쓰레기,37.6774585,127.054894,11110650.0,상계1동,정상 지오코딩
2261,노원구,동일로 1668,수락산역 3번출구(동일로 1668 앞) 버스정류장,"정류소(버스,택시 등)",일반쓰레기,37.6771377,127.0555972,11110650.0,상계1동,정상 지오코딩
2262,노원구,서울 노원구 상계로 305,당고개역(상계동 111-484 앞) 버스정류장,"정류소(버스,택시 등)",일반쓰레기,37.6702926,127.0790112,11110760.0,상계3.4동,API 재시도-주소검색-원본
2263,노원구,상계로 312-1,당고개역(상계로 312-1 앞) 버스정류장,"정류소(버스,택시 등)",일반쓰레기,37.67042,127.080059,11110760.0,상계3·4동,정상 지오코딩
2264,노원구,한글비석로 463,한글비석로 463 앞 버스정류장,"정류소(버스,택시 등)",일반쓰레기,37.6642163,127.0664373,11110690.0,상계5동,정상 지오코딩
2265,노원구,노해로 456,노해로 456 앞 버스정류장,"정류소(버스,택시 등)",일반쓰레기,37.6535873,127.0587983,11110770.0,상계6·7동,정상 지오코딩
2266,노원구,덕릉로 460,노원에코센터(상계동 770-2) 앞 버스정류장,"정류소(버스,택시 등)",일반쓰레기,37.6443825,127.059922,11110770.0,상계6·7동,정상 지오코딩
2267,노원구,노원로 564,상계동 666(1005동) 앞 버스정류장,"정류소(버스,택시 등)",일반쓰레기,37.6616521,127.0561247,11110720.0,상계8동,정상 지오코딩
2268,노원구,광운로 20,광운대학교(광운로 20 앞) 버스정류장,"정류소(버스,택시 등)",일반쓰레기,37.6193791,127.0582634,11110510.0,월계1동,정상 지오코딩
2269,노원구,석계로 98-2,광운대역 3번출구 앞 버스정류장,"정류소(버스,택시 등)",일반쓰레기,37.6230336,127.0617635,11110510.0,월계1동,정상 지오코딩
2270,노원구,석계로15길 25,월계한일1차아파트 앞 버스정류장,"정류소(버스,택시 등)",일반쓰레기,37.6220625,127.0613424,11110510.0,월계1동,정상 지오코딩
2271,노원구,월계로 55길 16,월계로 55길 16(월계사슴2단지 205동 앞) 버스정류장,"정류소(버스,택시 등)",일반쓰레기,37.632964,127.060509,11110530.0,월계3동,정상 지오코딩
2272,노원구,한글비석로 269,한글비석로 269 앞 버스정류장,"정류소(버스,택시 등)",일반쓰레기,37.6517182,127.0767882,11110610.0,중계1동,정상 지오코딩
2273,노원구,한글비석로 245,한글비석로 245 앞 버스정류장,"정류소(버스,택시 등)",일반쓰레기,37.6492608,127.0763611,11110610.0,중계1동,정상 지오코딩
2274,노원구,한글비석로 384,중계동 591 앞 버스정류장,"정류소(버스,택시 등)",일반쓰레기,37.6598085,127.07324,11110640.0,중계4동,정상 지오코딩
2275,노원구,한글비석로 383,한글비석로 383 앞 버스정류장,"정류소(버스,택시 등)",일반쓰레기,37.659112,127.073075,11110640.0,중계4동,정상 지오코딩
2276,노원구,한글비석로 250,한글비석로 250 앞 버스정류장,"정류소(버스,택시 등)",일반쓰레기,37.6500289,127.077012,11110600.0,중계본동,정상 지오코딩
2277,노원구,한글비석로 276,한글비석로 276 앞 버스정류장,"정류소(버스,택시 등)",일반쓰레기,37.6518971,127.0777654,11110600.0,중계본동,정상 지오코딩
2278,노원구,노원로 75,공릉동 산 208-1 앞 버스정류장,"정류소(버스,택시 등)",일반쓰레기,37.6286068,127.0830177,11110560.0,공릉2동,정상 지오코딩
2279,노원구,노원로 58,우방아파트 앞 버스정류장(502동 앞),"정류소(버스,택시 등)",일반쓰레기,37.6269205,127.0883803,11110560.0,공릉2동,정상 지오코딩
2280,노원구,화랑로 653,태릉(화랑로 653) 버스정류장,"정류소(버스,택시 등)",일반쓰레기,37.6296127,127.0950867,11110560.0,공릉2동,정상 지오코딩
2281,노원구,노원로16길 15,중계주공 9단지(주공905동 앞) 버스정류장,"정류소(버스,택시 등)",일반쓰레기,37.6434451,127.0733372,11110580.0,하계1동,정상 지오코딩
2282,노원구,동일로 1461,용화여고 앞 택시정류장,"정류소(버스,택시 등)",일반쓰레기,37.6591314,127.0582807,11110740.0,상계10동,정상 지오코딩
2283,노원구,동일로221길 22,임광아파트 2동 앞 버스정류장,"정류소(버스,택시 등)",일반쓰레기,37.6599719,127.0573759,11110740.0,상계10동,정상 지오코딩
2284,노원구,노원로 510,상계10동 우체국 앞 버스정류장,"정류소(버스,택시 등)",일반쓰레기,37.6609357,127.0625889,11110740.0,상계10동,정상 지오코딩
2285,노원구,동일로242길 11,수락홈마트 앞 버스정류장,"정류소(버스,택시 등)",일반쓰레기,37.675847,127.0562724,11110650.0,상계1동,정상 지오코딩
2286,노원구,월계로 334,그랑디오피스텔 앞 버스정류장,"정류소(버스,택시 등)",일반쓰레기,37.6290173,127.0576125,11110510.0,월계1동,정상 지오코딩
2287,노원구,초안산로 12,청백아파트 103동 앞 버스정류장,"정류소(버스,택시 등)",일반쓰레기,37.6302514,127.0544486,11110520.0,월계2동,정상 지오코딩
2288,노원구,한글비석로41가길 24,계상초등학교 앞 버스정류장,"정류소(버스,택시 등)",일반쓰레기,37.6624464,127.0688803,11110690.0,상계5동,정상 지오코딩
2289,노원구,한글비석로 434,상계5동주민센터 앞 버스정류장,"정류소(버스,택시 등)",일반쓰레기,37.6629159,127.0693433,11110690.0,상계5동,정상 지오코딩
2290,노원구,상계로 182,상계벽산아파트 앞 버스정류장,"정류소(버스,택시 등)",일반쓰레기,37.6609039,127.0735754,11110690.0,상계5동,정상 지오코딩
2291,노원구,상계로 118,상계2동주민센터 앞 버스정류장,"정류소(버스,택시 등)",일반쓰레기,37.6574831,127.0678641,11110660.0,상계2동,정상 지오코딩
2292,노원구,마들로 86,한내지혜의숲 앞 버스정류장,"정류소(버스,택시 등)",일반쓰레기,37.6235895,127.0687995,11110530.0,월계3동,정상 지오코딩
2293,노원구,마들로 86,한내근린공원 앞 버스정류장,"정류소(버스,택시 등)",일반쓰레기,37.6235895,127.0687995,11110530.0,월계3동,정상 지오코딩
2294,노원구,동일로 1690-2,오피앙오피스텔 앞 버스정류장,"정류소(버스,택시 등)",일반쓰레기,37.6792821,127.0555505,11110650.0,상계1동,정상 지오코딩
2295,노원구,동일로 1690-2,파르코오피스텔 앞 버스정류장,"정류소(버스,택시 등)",일반쓰레기,37.6792821,127.0555505,11110650.0,상계1동,정상 지오코딩
2296,노원구,중계로 169,중계동 364-4 정담공원 내부,"정류소(버스,택시 등)",일반쓰레기,37.6501723,127.0808863,11110600.0,중계본동,정상 지오코딩
2297,노원구,공릉로 232,서울과학기술대학교 맞은편 버스정류장,"정류소(버스,택시 등)",일반쓰레기,37.6330789,127.0767947,11110580.0,하계1동,정상 지오코딩
2298,노원구,동일로203가길 29,브라운스톤 앞 버스정류장,"정류소(버스,택시 등)",일반쓰레기,37.639876,127.0642838,11110780.0,중계2·3동,정상 지오코딩
2299,노원구,노원로16길 15,하계1동주민센터 앞 버스정류장,"정류소(버스,택시 등)",일반쓰레기,37.6434451,127.0733372,11110580.0,하계1동,정상 지오코딩
2300,노원구,동일로 1456,온곡중학교 앞 버스정류장,"정류소(버스,택시 등)",일반쓰레기,37.6606769,127.0614956,11110740.0,상계10동,정상 지오코딩
2301,노원구,동일로228길 23,상계주공14단지(1403동) 앞 버스정류장,"정류소(버스,택시 등)",일반쓰레기,37.6698697,127.0587381,11110730.0,상계9동,정상 지오코딩
2302,노원구,동일로 1378-2,상계주공3단지(301동) 앞 버스정류장,"정류소(버스,택시 등)",일반쓰레기,37.6517358,127.0614564,11110770.0,상계6·7동,정상 지오코딩
2303,노원구,노해로 437,노원구청 앞 버스정류장,"정류소(버스,택시 등)",일반쓰레기,37.6545228,127.0562683,11110770.0,상계6·7동,정상 지오코딩
2304,노원구,동일로 1324-2,대한적십자사 앞 버스정류장,"정류소(버스,택시 등)",일반쓰레기,37.6470094,127.0633425,11110770.0,상계6·7동,정상 지오코딩
2305,노원구,동일로250길 17,수락중고등학교 버스정류장(11205),"정류소(버스,택시 등)",일반쓰레기,37.6824623,127.0567709,11110650.0,상계1동,정상 지오코딩
2306,노원구,동일로 1729,수락중고등학교 버스정류장(11204),"정류소(버스,택시 등)",일반쓰레기,37.6831447,127.0548083,11110650.0,상계1동,정상 지오코딩
2307,노원구,동일로215길 81,상계주공2단지 상가 버스정류장(11463),"정류소(버스,택시 등)",일반쓰레기,37.6502261,127.0568651,11110770.0,상계6·7동,정상 지오코딩
2308,노원구,동일로215길 23,상계주공2단지 버스정류장(11254),"정류소(버스,택시 등)",일반쓰레기,37.6504273,127.059109,11110770.0,상계6·7동,정상 지오코딩
2309,노원구,노원로 532,상계주공9단지 버스정류장(11191),"정류소(버스,택시 등)",일반쓰레기,37.6646207,127.0598242,11110740.0,상계10동,정상 지오코딩
2310,노원구,노원로38길 76,청원고등학교 버스정류장(11190),"정류소(버스,택시 등)",일반쓰레기,37.6648844,127.0619727,11110740.0,상계10동,정상 지오코딩
2311,노원구,노해로 502,KT플라자 노원점 버스정류장(11601),"정류소(버스,택시 등)",일반쓰레기,37.65445,127.0636923,11110770.0,상계6·7동,정상 지오코딩
2312,노원구,노해로 508,순복음교회 버스정류장(11680),"정류소(버스,택시 등)",일반쓰레기,37.6547036,127.066191,11110770.0,상계6·7동,정상 지오코딩
2313,노원구,노원로 428,상계중앙하이츠2단지 버스정류장(11430),"정류소(버스,택시 등)",일반쓰레기,37.6544946,127.0681033,11110660.0,상계2동,정상 지오코딩
2314,노원구,동일로216길 92,상계중학교정문 버스정류장(11261),"정류소(버스,택시 등)",일반쓰레기,37.6505208,127.0673497,11110770.0,상계6·7동,정상 지오코딩
2315,노원구,섬밭로 265,건영옴니백화점 버스정류장(11368),"정류소(버스,택시 등)",일반쓰레기,37.6382878,127.0627161,11110780.0,중계2·3동,정상 지오코딩
2316,노원구,동일로204가길 12,노원평생학습관 버스정류장(11387),"정류소(버스,택시 등)",일반쓰레기,37.6398581,127.068668,11110780.0,중계2·3동,정상 지오코딩
2317,노원구,공릉로 351,하계한신청구아파트 버스정류장(11444),"정류소(버스,택시 등)",일반쓰레기,37.6381251,127.06791,11110580.0,하계1동,정상 지오코딩
2318,노원구,덕릉로 753,노원롯데캐슬시그니처아파트 버스정류장(11229),"정류소(버스,택시 등)",일반쓰레기,37.6658516,127.0763205,11110760.0,상계3·4동,정상 지오코딩
2319,노원구,덕릉로 753,노원롯데캐슬시그니처아파트 버스정류장(11230),"정류소(버스,택시 등)",일반쓰레기,37.6658516,127.0763205,11110760.0,상계3·4동,정상 지오코딩
2320,노원구,덕릉로 872,"상계3,4동주민센터 버스정류장(11994)","정류소(버스,택시 등)",일반쓰레기,37.6735034,127.0843883,11110760.0,상계3·4동,정상 지오코딩
2321,노원구,중계로 230,원광초등학교 버스정류장(11365),"정류소(버스,택시 등)",일반쓰레기,37.6510359,127.075055,11110610.0,중계1동,정상 지오코딩
2322,노원구,덕릉로76길 18,청암중고등학교 버스정류장(11361),"정류소(버스,택시 등)",일반쓰레기,37.6542909,127.0753043,11110610.0,중계1동,정상 지오코딩
2323,노원구,덕릉로 541,상명초등학교 버스정류장(11377),"정류소(버스,택시 등)",일반쓰레기,37.6487276,127.0669845,11110780.0,중계2·3동,정상 지오코딩
2324,노원구,노원로 331,중계3단지목련아파트 버스정류장(11378),"정류소(버스,택시 등)",일반쓰레기,37.6461707,127.0695215,11110780.0,중계2·3동,정상 지오코딩
2325,노원구,노원로15길 51-10,홈플러스중계점 버스정류장(11443),"정류소(버스,택시 등)",일반쓰레기,37.6397314,127.070034,11110580.0,하계1동,정상 지오코딩
2326,노원구,공릉로 431,청계초등학교 버스정류장(11389),"정류소(버스,택시 등)",일반쓰레기,37.6449804,127.0658175,11110780.0,중계2·3동,정상 지오코딩
2327,노원구,중계로 230,중계주공5단지514동 버스정류장(11364),"정류소(버스,택시 등)",일반쓰레기,37.6510359,127.075055,11110610.0,중계1동,정상 지오코딩
2328,노원구,중계로 167,노원문화예술회관.불암초등학교 버스정류장(11403),"정류소(버스,택시 등)",일반쓰레기,37.6500541,127.0807307,11110600.0,중계본동,정상 지오코딩
2329,노원구,노원로 330,중계구민체육센터 버스정류장(11356),"정류소(버스,택시 등)",일반쓰레기,37.6467905,127.0709409,11110610.0,중계1동,정상 지오코딩
2330,노원구,노원로22길 1,중계구민체육센터 버스정류장(11357),"정류소(버스,택시 등)",일반쓰레기,37.6478862,127.0745603,11110610.0,중계1동,정상 지오코딩
2331,노원구,중계로12길 24,중계본동주민센터 버스정류장(11406),"정류소(버스,택시 등)",일반쓰레기,37.6468185,127.0818703,11110600.0,중계본동,정상 지오코딩
2332,노원구,중계로 120,노원우체국 버스정류장(11408),"정류소(버스,택시 등)",일반쓰레기,37.6463348,127.0817898,11110600.0,중계본동,정상 지오코딩
2333,노원구,동일로 1238,서울시립북서울미술관후문 버스정류장(11385),"정류소(버스,택시 등)",일반쓰레기,37.6406605,127.0668656,11110780.0,중계2·3동,정상 지오코딩
2334,노원구,한글비석로1길 81-11,용동초등학교 버스정류장(11383),"정류소(버스,택시 등)",일반쓰레기,37.6410576,127.0691148,11110780.0,중계2·3동,정상 지오코딩
2335,노원구,노원로18길 41,동천학교 버스정류장(11440),"정류소(버스,택시 등)",일반쓰레기,37.6445124,127.0729257,11110580.0,하계1동,정상 지오코딩
2336,노원구,노원로16길 15,동천학교 버스정류장(11439),"정류소(버스,택시 등)",일반쓰레기,37.6434451,127.0733372,11110580.0,하계1동,정상 지오코딩
2337,노원구,한글비석로 151,한신동성아파트.시립과학관(11422),"정류소(버스,택시 등)",일반쓰레기,37.6413291,127.0756184,11110580.0,하계1동,정상 지오코딩
2338,노원구,공릉로58길 176,대진고등학교.하계우방아파트 버스정류장(11424),"정류소(버스,택시 등)",일반쓰레기,37.6376987,127.0769631,11110580.0,하계1동,정상 지오코딩
2339,노원구,공릉로62길 41,한성여객종점 버스정류장(11429),"정류소(버스,택시 등)",일반쓰레기,37.6374745,127.071637,11110580.0,하계1동,정상 지오코딩
2340,노원구,한글비석로 98,대진고등학교 버스정류장(11433),"정류소(버스,택시 등)",일반쓰레기,37.6366236,127.0689153,11110580.0,하계1동,인근 도로명번지 추정(번지차 41)
2341,노원구,섬밭로 201,하계시영아파트 버스정류장(11453),"정류소(버스,택시 등)",일반쓰레기,37.63388,127.0659142,11110590.0,하계2동,정상 지오코딩
2342,노원구,월계로49길 5,인덕대학교 버스정류장(11309),"정류소(버스,택시 등)",일반쓰레기,37.6293441,127.0561897,11110520.0,월계2동,정상 지오코딩
2343,노원구,광운로 21,광운대학교 버스정류장(11335),"정류소(버스,택시 등)",일반쓰레기,37.6197647,127.0574883,11110510.0,월계1동,정상 지오코딩
2344,노원구,마들로 127,월계삼호4차아파트 버스정류장(11322),"정류소(버스,택시 등)",일반쓰레기,37.6267863,127.0652715,11110530.0,월계3동,정상 지오코딩
2345,노원구,마들로 111,월계삼호아파트 버스정류장(11320),"정류소(버스,택시 등)",일반쓰레기,37.6238342,127.0647775,11110530.0,월계3동,정상 지오코딩
2346,노원구,노원로 240,서울온천 버스정류장(11435),"정류소(버스,택시 등)",일반쓰레기,37.639372,127.0745259,11110580.0,하계1동,정상 지오코딩
2347,노원구,노원로1가길 10,청솔아파트 버스정류장(11138),"정류소(버스,택시 등)",일반쓰레기,37.6236505,127.0859584,11110560.0,공릉2동,정상 지오코딩
2348,노원구,공릉로 232,서울과학기술대앞 버스정류장(11418),"정류소(버스,택시 등)",일반쓰레기,37.6330789,127.0767947,11110580.0,하계1동,정상 지오코딩
2349,노원구,공릉로 130,두산힐스빌아파트 버스정류장(11131),"정류소(버스,택시 등)",일반쓰레기,37.6215942,127.0792751,11110560.0,공릉2동,정상 지오코딩
2350,노원구,동일로191가길 59,노원문화원 버스정류장(11166),"정류소(버스,택시 등)",일반쓰레기,37.6276628,127.0696059,11110790.0,공릉1동,정상 지오코딩
2351,노원구,동일로197길 24,노원문화원 버스정류장(11167),"정류소(버스,택시 등)",일반쓰레기,37.628799,127.0698009,11110790.0,공릉1동,정상 지오코딩
2352,노원구,동일로191가길 37,공릉대동2차아파트 버스정류장(11165),"정류소(버스,택시 등)",일반쓰레기,37.6267234,127.0707244,11110790.0,공릉1동,정상 지오코딩
2353,노원구,동일로183길 34,공릉대아2차아파트 버스정류장(11111),"정류소(버스,택시 등)",일반쓰레기,37.6233089,127.0713089,11110790.0,공릉1동,정상 지오코딩
2354,노원구,섬밭로 17,공릉초등학교 버스정류장(11901),"정류소(버스,택시 등)",일반쓰레기,37.6184301,127.0723471,11110790.0,공릉1동,정상 지오코딩
2355,노원구,화랑로51길 17,화랑대사거리 버스정류장(11141),"정류소(버스,택시 등)",일반쓰레기,37.6230768,127.0893509,11110560.0,공릉2동,정상 지오코딩
2356,노원구,화랑로 556,화랑대사거리 버스정류장(11140),"정류소(버스,택시 등)",일반쓰레기,37.6212875,127.0877534,11110560.0,공릉2동,정상 지오코딩
2357,노원구,화랑로 621,서울여대.육군사관학교행정안내소 버스정류장(11144),"정류소(버스,택시 등)",일반쓰레기,37.6273816,127.0916212,11110560.0,공릉2동,정상 지오코딩
2358,노원구,화랑로 621,서울여대.육군사관학교행정안내소 버스정류장(11145),"정류소(버스,택시 등)",일반쓰레기,37.6273816,127.0916212,11110560.0,공릉2동,정상 지오코딩
2359,노원구,화랑로 653,태릉국제사격장 버스정류장(11147),"정류소(버스,택시 등)",일반쓰레기,37.6296127,127.0950867,11110560.0,공릉2동,정상 지오코딩
2360,노원구,화랑로 682,태릉국제사격장 버스정류장(11146),"정류소(버스,택시 등)",일반쓰레기,37.6303828,127.1090328,11110560.0,공릉2동,정상 지오코딩
2361,노원구,화랑로 682,태릉 버스정류장(11148),"정류소(버스,택시 등)",일반쓰레기,37.6303828,127.1090328,11110560.0,공릉2동,정상 지오코딩
2362,노원구,화랑로 653,태릉선수촌 버스정류장(11150),"정류소(버스,택시 등)",일반쓰레기,37.6296127,127.0950867,11110560.0,공릉2동,정상 지오코딩
2363,노원구,화랑로 768,한국스포츠정책과학원 버스정류장(11152),"정류소(버스,택시 등)",일반쓰레기,37.6347624,127.1055581,11110560.0,공릉2동,정상 지오코딩
2364,노원구,화랑로 815,삼육대앞 버스정류장(11155),"정류소(버스,택시 등)",일반쓰레기,37.6433574,127.1088503,11110560.0,공릉2동,정상 지오코딩
2365,노원구,화랑로 815,삼육대앞 버스정류장(11154),"정류소(버스,택시 등)",일반쓰레기,37.6433574,127.1088503,11110560.0,공릉2동,정상 지오코딩
2366,노원구,노해로 437,노원구청 앞 버스정류장,"정류소(버스,택시 등)",재활용쓰레기,37.6545228,127.0562683,11110770.0,상계6·7동,정상 지오코딩
2367,노원구,노해로75길 14-2,노원구청 건너편(상계동 704 건물 앞) 버스정류장,"정류소(버스,택시 등)",재활용쓰레기,37.6542961,127.0576013,11110770.0,상계6·7동,정상 지오코딩
2368,노원구,노해로 449,상계동 705-1 버스정류장,"정류소(버스,택시 등)",재활용쓰레기,37.6540536,127.0579974,11110770.0,상계6·7동,정상 지오코딩
2369,노원구,노해로 456,노해로 456 앞 버스정류장,"정류소(버스,택시 등)",재활용쓰레기,37.6535873,127.0587983,11110770.0,상계6·7동,정상 지오코딩
2370,노원구,공릉로 232,서울과학기술대앞 버스정류장(11418),"정류소(버스,택시 등)",재활용쓰레기,37.6330789,127.0767947,11110580.0,하계1동,정상 지오코딩
2371,은평구,가좌로 206,가좌로206 버스정류장,"정류소(버스,택시 등)",일반쓰레기,37.5905872,126.9169378,11120730.0,응암3동,인근 도로명번지 추정(번지차 26)
2372,은평구,가좌로 206,가좌로206 버스정류장,"정류소(버스,택시 등)",재활용쓰레기,37.5905872,126.9169378,11120730.0,응암3동,인근 도로명번지 추정(번지차 26)
2373,은평구,가좌로 274,가좌로 274 버스정류장,"정류소(버스,택시 등)",일반쓰레기,37.5933944,126.9135662,11120650.0,신사1동,정상 지오코딩
2374,은평구,가좌로 274,가좌로 274 버스정류장,"정류소(버스,택시 등)",재활용쓰레기,37.5933944,126.9135662,11120650.0,신사1동,정상 지오코딩
2375,은평구,가좌로 294,가좌로 294 정명 네스트 아파트 앞,도로변(횡단보도 포함),일반쓰레기,37.5946878,126.9119047,11120650.0,신사1동,정상 지오코딩
2376,은평구,가좌로 294,가좌로 294 정명 네스트 아파트 앞,도로변(횡단보도 포함),재활용쓰레기,37.5946878,126.9119047,11120650.0,신사1동,정상 지오코딩
2377,은평구,가좌로 312,가좌로 312 버스정류장,"정류소(버스,택시 등)",일반쓰레기,37.5957126,126.9104689,11120650.0,신사1동,정상 지오코딩
2378,은평구,가좌로 312,가좌로 312 버스정류장,"정류소(버스,택시 등)",재활용쓰레기,37.5957126,126.9104689,11120650.0,신사1동,정상 지오코딩
2379,은평구,가좌로 390,가좌로 덕산중학교 버스정류장,"정류소(버스,택시 등)",일반쓰레기,37.6005506,126.9047364,11120650.0,신사1동,정상 지오코딩
2380,은평구,가좌로 390,가좌로 덕산중학교 버스정류장,"정류소(버스,택시 등)",재활용쓰레기,37.6005506,126.9047364,11120650.0,신사1동,정상 지오코딩
2381,은평구,가좌로 387,가좌로 387 버스정류장,"정류소(버스,택시 등)",일반쓰레기,37.6005506,126.9047364,11120650.0,신사1동,인근 도로명번지 추정(번지차 3)
2382,은평구,가좌로 387,가좌로 387 버스정류장,"정류소(버스,택시 등)",재활용쓰레기,37.6005506,126.9047364,11120650.0,신사1동,인근 도로명번지 추정(번지차 3)
2383,은평구,가좌로 325,가좌로 325 노브랜드 버거,상가지역,일반쓰레기,37.5962305,126.9089694,11120660.0,신사2동,정상 지오코딩
2384,은평구,가좌로 325,가좌로 325 노브랜드 버거,상가지역,재활용쓰레기,37.5962305,126.9089694,11120660.0,신사2동,정상 지오코딩
2385,은평구,가좌로 313,가좌로 313 신사동고개 사거리 버스정류장,"정류소(버스,택시 등)",일반쓰레기,37.5955239,126.9100608,11120660.0,신사2동,정상 지오코딩
2386,은평구,가좌로 313,가좌로 313 신사동고개 사거리 버스정류장,"정류소(버스,택시 등)",재활용쓰레기,37.5955239,126.9100608,11120660.0,신사2동,정상 지오코딩
2387,은평구,가좌로 279,가좌로 279 신사초등학교 버스정류장,"정류소(버스,택시 등)",일반쓰레기,37.5932689,126.9128766,11120660.0,신사2동,정상 지오코딩
2388,은평구,가좌로 279,가좌로 279 신사초등학교 버스정류장,"정류소(버스,택시 등)",재활용쓰레기,37.5932689,126.9128766,11120660.0,신사2동,정상 지오코딩
2389,은평구,갈현로 34,갈현로 34 앞,도로변(횡단보도 포함),일반쓰레기,37.600901,126.9105046,11120650.0,신사1동,정상 지오코딩
2390,은평구,갈현로 34,갈현로 34 앞,도로변(횡단보도 포함),재활용쓰레기,37.600901,126.9105046,11120650.0,신사1동,정상 지오코딩
2391,은평구,갈현로 60,갈현로 60 앞,도로변(횡단보도 포함),일반쓰레기,37.6030979,126.9105345,11120740.0,역촌동,정상 지오코딩
2392,은평구,갈현로 60,갈현로 60 앞,도로변(횡단보도 포함),재활용쓰레기,37.6030979,126.9105345,11120740.0,역촌동,정상 지오코딩
2393,은평구,갈현로 82,갈현로 82 앞,도로변(횡단보도 포함),일반쓰레기,37.6052664,126.9106856,11120740.0,역촌동,정상 지오코딩
2394,은평구,갈현로 82,갈현로 82 앞,도로변(횡단보도 포함),재활용쓰레기,37.6052664,126.9106856,11120740.0,역촌동,정상 지오코딩
2395,은평구,갈현로 154,갈현로 154 스마트부동산 앞,상가지역,일반쓰레기,37.6115527,126.9114639,11120570.0,구산동,정상 지오코딩
2396,은평구,갈현로 154,갈현로 154 스마트부동산 앞,상가지역,재활용쓰레기,37.6115527,126.9114639,11120570.0,구산동,정상 지오코딩
2397,은평구,갈현로 206,갈현로 206 한솔아파트입구 선정중학교 후문 버스정류장,"정류소(버스,택시 등)",일반쓰레기,37.6158033,126.9137636,11120560.0,갈현2동,정상 지오코딩
2398,은평구,갈현로 206,갈현로 206 한솔아파트입구 선정중학교 후문 버스정류장,"정류소(버스,택시 등)",재활용쓰레기,37.6158033,126.9137636,11120560.0,갈현2동,정상 지오코딩
2399,은평구,갈현로 268,갈현로 268 갈현동성당앞 버스정류장,"정류소(버스,택시 등)",일반쓰레기,37.620632,126.9166588,11120550.0,갈현1동,정상 지오코딩
2400,은평구,갈현로 268,갈현로 268 갈현동성당앞 버스정류장,"정류소(버스,택시 등)",재활용쓰레기,37.620632,126.9166588,11120550.0,갈현1동,정상 지오코딩
2401,은평구,갈현로 300,갈현로 300 앞,도로변(횡단보도 포함),일반쓰레기,37.623609,126.9174194,11120550.0,갈현1동,정상 지오코딩
2402,은평구,갈현로 300,갈현로 300 앞,도로변(횡단보도 포함),재활용쓰레기,37.623609,126.9174194,11120550.0,갈현1동,정상 지오코딩
2403,은평구,갈현로 265,갈현로 265 갈현동성당앞 버스정류장,"정류소(버스,택시 등)",일반쓰레기,37.6206416,126.9161846,11120550.0,갈현1동,정상 지오코딩
2404,은평구,갈현로 265,갈현로 265 갈현동성당앞 버스정류장,"정류소(버스,택시 등)",재활용쓰레기,37.6206416,126.9161846,11120550.0,갈현1동,정상 지오코딩
2405,은평구,역말로 16,역말로 16 역촌동성당 버스정류장,"정류소(버스,택시 등)",일반쓰레기,37.6086483,126.9200258,11120740.0,역촌동,정상 지오코딩
2406,은평구,역말로 16,역말로 16 역촌동성당 버스정류장,"정류소(버스,택시 등)",재활용쓰레기,37.6086483,126.9200258,11120740.0,역촌동,정상 지오코딩
2407,은평구,백련산로 67,백련산로 67 파크자이 105동 앞 마을버스 정류장,"정류소(버스,택시 등)",일반쓰레기,37.5927972,126.9216198,11120600.0,응암2동,정상 지오코딩
2408,은평구,백련산로 67,백련산로 67 파크자이 105동 앞 마을버스 정류장,"정류소(버스,택시 등)",재활용쓰레기,37.5927972,126.9216198,11120600.0,응암2동,정상 지오코딩
2409,은평구,백련산로 121,백련산로 121 백련산해모로 아파트 앞 응암2동주민센터 버스정류장,"정류소(버스,택시 등)",일반쓰레기,37.5964183,126.9234954,11120600.0,응암2동,정상 지오코딩
2410,은평구,백련산로 121,백련산로 121 백련산해모로 아파트 앞 응암2동주민센터 버스정류장,"정류소(버스,택시 등)",재활용쓰레기,37.5964183,126.9234954,11120600.0,응암2동,정상 지오코딩
2411,은평구,백련산로 6 ,백련산로 6 충암고교 앞 대주피오레 아파트,도로변(횡단보도 포함),일반쓰레기,37.5861456,126.9232295,11120600.0,응암2동,정상 지오코딩
2412,은평구,백련산로 6 ,백련산로 6 충암고교 앞 대주피오레 아파트,도로변(횡단보도 포함),재활용쓰레기,37.5861456,126.9232295,11120600.0,응암2동,정상 지오코딩
2413,은평구,백련산로 56,백련산로 56 백련산 힐스테이트 버스정류장,"정류소(버스,택시 등)",일반쓰레기,37.5927972,126.9216198,11120600.0,응암2동,인근 도로명번지 추정(번지차 11)
2414,은평구,백련산로 56,백련산로 56 백련산 힐스테이트 버스정류장,"정류소(버스,택시 등)",재활용쓰레기,37.5927972,126.9216198,11120600.0,응암2동,인근 도로명번지 추정(번지차 11)
2415,은평구,백련산로 86,백련산로 86,도로변(횡단보도 포함),일반쓰레기,37.5927972,126.9216198,11120600.0,응암2동,인근 도로명번지 추정(번지차 19)
2416,은평구,백련산로 86,백련산로 86,도로변(횡단보도 포함),재활용쓰레기,37.5927972,126.9216198,11120600.0,응암2동,인근 도로명번지 추정(번지차 19)
2417,은평구,불광로 27,불광로 27 불광역 7번출구 (다이소 앞),지하철역 입구,일반쓰레기,37.6107726,126.9288153,11120580.0,대조동,정상 지오코딩
2418,은평구,불광로 27,불광로 27 불광역 7번출구 (다이소 앞),지하철역 입구,재활용쓰레기,37.6107726,126.9288153,11120580.0,대조동,정상 지오코딩
2419,은평구,불광로 45,불광로 45 불광초등학교 버스정류장(LG 전자앞),"정류소(버스,택시 등)",일반쓰레기,37.6111031,126.9303459,11120520.0,불광1동,인근 도로명번지 추정(번지차 5)
2420,은평구,불광로 45,불광로 45 불광초등학교 버스정류장(LG 전자앞),"정류소(버스,택시 등)",재활용쓰레기,37.6111031,126.9303459,11120520.0,불광1동,인근 도로명번지 추정(번지차 5)
2421,은평구,서오릉로 273,"서오릉로 273 현대상사, 서울경찰청86.87기동대.우남아파트 버스정류장","정류소(버스,택시 등)",일반쓰레기,37.6184038,126.9057855,11120570.0,구산동,정상 지오코딩
2422,은평구,서오릉로 273,"서오릉로 273 현대상사, 서울경찰청86.87기동대.우남아파트 버스정류장","정류소(버스,택시 등)",재활용쓰레기,37.6184038,126.9057855,11120570.0,구산동,정상 지오코딩
2423,은평구,서오릉로 253,서오릉로 253 서해그랑블 앞 버스정류장,"정류소(버스,택시 등)",일반쓰레기,37.6169708,126.9063905,11120570.0,구산동,정상 지오코딩
2424,은평구,서오릉로 253,서오릉로 253 서해그랑블 앞 버스정류장,"정류소(버스,택시 등)",재활용쓰레기,37.6169708,126.9063905,11120570.0,구산동,정상 지오코딩
2425,은평구,서오릉로 203,서오릉로 203 선진운수 종점 버스정류장,"정류소(버스,택시 등)",일반쓰레기,37.6137968,126.910878,11120570.0,구산동,정상 지오코딩
2426,은평구,서오릉로 203,서오릉로 203 선진운수 종점 버스정류장,"정류소(버스,택시 등)",재활용쓰레기,37.6137968,126.910878,11120570.0,구산동,정상 지오코딩
2427,은평구,서오릉로 187,서오릉로 187 구산사거리 버스정류장,"정류소(버스,택시 등)",일반쓰레기,37.6131769,126.9125158,11120570.0,구산동,정상 지오코딩
2428,은평구,서오릉로 187,서오릉로 187 구산사거리 버스정류장,"정류소(버스,택시 등)",재활용쓰레기,37.6131769,126.9125158,11120570.0,구산동,정상 지오코딩
2429,은평구,서오릉로 173,서오릉로 173 앞,도로변(횡단보도 포함),일반쓰레기,37.6125814,126.9141238,11120570.0,구산동,정상 지오코딩
2430,은평구,서오릉로 173,서오릉로 173 앞,도로변(횡단보도 포함),재활용쓰레기,37.6125814,126.9141238,11120570.0,구산동,정상 지오코딩
2431,은평구,서오릉로 123,역촌동 1-12,도로변(횡단보도 포함),일반쓰레기,37.6101551,126.9186579,11120740.0,역촌동,정상 지오코딩
2432,은평구,서오릉로 123,역촌동 1-12,도로변(횡단보도 포함),재활용쓰레기,37.6101551,126.9186579,11120740.0,역촌동,정상 지오코딩
2433,은평구,서오릉로105 ,서오릉로105 하나은행 역촌동지점 버스정류장,"정류소(버스,택시 등)",일반쓰레기,37.6091324,126.920049,11120740.0,역촌동,정상 지오코딩
2434,은평구,서오릉로105 ,서오릉로105 하나은행 역촌동지점 버스정류장,"정류소(버스,택시 등)",재활용쓰레기,37.6091324,126.920049,11120740.0,역촌동,정상 지오코딩
2435,은평구,서오릉로 71,서오릉로 71 은성자동차공업사 앞 (새마을금고 앞),도로변(횡단보도 포함),일반쓰레기,37.6070076,126.9219528,11120740.0,역촌동,정상 지오코딩
2436,은평구,서오릉로 71,서오릉로 71 은성자동차공업사 앞 (새마을금고 앞),도로변(횡단보도 포함),재활용쓰레기,37.6070076,126.9219528,11120740.0,역촌동,정상 지오코딩
2437,은평구,서오릉로 31,"서오릉로 31 녹번초등학교, 은평세무서 버스정류장","정류소(버스,택시 등)",일반쓰레기,37.603758,126.9248231,11120510.0,녹번동,정상 지오코딩
2438,은평구,서오릉로 31,"서오릉로 31 녹번초등학교, 은평세무서 버스정류장","정류소(버스,택시 등)",재활용쓰레기,37.603758,126.9248231,11120510.0,녹번동,정상 지오코딩
2439,은평구,서오릉로 24,서오릉로 24 앞,도로변(횡단보도 포함),일반쓰레기,37.6032694,126.9259639,11120510.0,녹번동,정상 지오코딩
2440,은평구,서오릉로 24,서오릉로 24 앞,도로변(횡단보도 포함),재활용쓰레기,37.6032694,126.9259639,11120510.0,녹번동,정상 지오코딩
2441,은평구,서오릉로 72,서오릉로 72 역촌역 2번 출구,지하철역 입구,일반쓰레기,37.6068527,126.9226733,11120580.0,대조동,정상 지오코딩
2442,은평구,서오릉로 72,서오릉로 72 역촌역 2번 출구,지하철역 입구,재활용쓰레기,37.6068527,126.9226733,11120580.0,대조동,정상 지오코딩
2443,은평구,서오릉로 90,서오릉로 90,도로변(횡단보도 포함),일반쓰레기,37.6081961,126.9214767,11120580.0,대조동,정상 지오코딩
2444,은평구,서오릉로 90,서오릉로 90,도로변(횡단보도 포함),재활용쓰레기,37.6081961,126.9214767,11120580.0,대조동,정상 지오코딩
2445,은평구,서오릉로 134,"서오릉로 134 구산역1번출구,예일여고 앞 버스정류장","정류소(버스,택시 등)",일반쓰레기,37.6110126,126.9181212,11120580.0,대조동,정상 지오코딩
2446,은평구,서오릉로 134,"서오릉로 134 구산역1번출구,예일여고 앞 버스정류장","정류소(버스,택시 등)",재활용쓰레기,37.6110126,126.9181212,11120580.0,대조동,정상 지오코딩
2447,은평구,서오릉로 150,서오릉로 150 LG전자 앞,상가지역,일반쓰레기,37.6119485,126.9165694,11120560.0,갈현2동,정상 지오코딩
2448,은평구,서오릉로 150,서오릉로 150 LG전자 앞,상가지역,재활용쓰레기,37.6119485,126.9165694,11120560.0,갈현2동,정상 지오코딩
2449,은평구,서오릉로 266,서오릉로 266 우남아파트 앞 버스 정류장,"정류소(버스,택시 등)",일반쓰레기,37.6184038,126.9057855,11120570.0,구산동,인근 도로명번지 추정(번지차 7)
2450,은평구,서오릉로 266,서오릉로 266 우남아파트 앞 버스 정류장,"정류소(버스,택시 등)",재활용쓰레기,37.6184038,126.9057855,11120570.0,구산동,인근 도로명번지 추정(번지차 7)
2451,은평구,수색로 389,"수색로 389 덕은교, 은평차고지앞(중앙차로)(서울시 방면)(12-315)","정류소(버스,택시 등)",일반쓰레기,37.5830469,126.8934029,11120680.0,수색동,인근 도로명번지 추정(번지차 110)
2452,은평구,수색로 389,"수색로 389 덕은교, 은평차고지앞(중앙차로)(서울시 방면)(12-315)","정류소(버스,택시 등)",재활용쓰레기,37.5830469,126.8934029,11120680.0,수색동,인근 도로명번지 추정(번지차 110)
2453,은평구,수색로 331,수색로 331 수색교(중앙차로)(서울시 방면)(12-316),"정류소(버스,택시 등)",일반쓰레기,37.5830469,126.8934029,11120680.0,수색동,인근 도로명번지 추정(번지차 52)
2454,은평구,수색로 331,수색로 331 수색교(중앙차로)(서울시 방면)(12-316),"정류소(버스,택시 등)",재활용쓰레기,37.5830469,126.8934029,11120680.0,수색동,인근 도로명번지 추정(번지차 52)
2455,은평구,수색로 279,수색로 279 수색역 앞(중앙차로)(서울시 방면)(12-005),"정류소(버스,택시 등)",일반쓰레기,37.5830469,126.8934029,11120680.0,수색동,정상 지오코딩
2456,은평구,수색로 279,수색로 279 수색역 앞(중앙차로)(서울시 방면)(12-005),"정류소(버스,택시 등)",재활용쓰레기,37.5830469,126.8934029,11120680.0,수색동,정상 지오코딩
2457,은평구,수색로 261,수색로 261 수색역 앞,지하철역 입구,일반쓰레기,37.5819719,126.8949551,11120680.0,수색동,정상 지오코딩
2458,은평구,수색로 261,수색로 261 수색역 앞,지하철역 입구,재활용쓰레기,37.5819719,126.8949551,11120680.0,수색동,정상 지오코딩
2459,은평구,수색로 201,수색로 201 디지털미디어시티역(중앙차로)(서울시 방면)(12-319),"정류소(버스,택시 등)",일반쓰레기,37.5800867,126.8996478,11120680.0,수색동,정상 지오코딩
2460,은평구,수색로 201,수색로 201 디지털미디어시티역(중앙차로)(서울시 방면)(12-319),"정류소(버스,택시 등)",재활용쓰레기,37.5800867,126.8996478,11120680.0,수색동,정상 지오코딩
2461,은평구,수색로 191,수색로 191 디지털미디어시티역(중앙차로)(고양시 방면)(12-310),"정류소(버스,택시 등)",일반쓰레기,37.5782509,126.9010724,11120670.0,증산동,정상 지오코딩
2462,은평구,수색로 191,수색로 191 디지털미디어시티역(중앙차로)(고양시 방면)(12-310),"정류소(버스,택시 등)",재활용쓰레기,37.5782509,126.9010724,11120670.0,증산동,정상 지오코딩
2463,은평구,수색로 240,수색로 240,도로변(횡단보도 포함),일반쓰레기,37.5813352,126.8972738,11120680.0,수색동,정상 지오코딩
2464,은평구,수색로 240,수색로 240,도로변(횡단보도 포함),재활용쓰레기,37.5813352,126.8972738,11120680.0,수색동,정상 지오코딩
2465,은평구,수색로 274,수색로 274 수색옆 앞(중앙차로)(고양시 방면)(12-006),"정류소(버스,택시 등)",일반쓰레기,37.5830842,126.8942554,11120680.0,수색동,정상 지오코딩
2466,은평구,수색로 274,수색로 274 수색옆 앞(중앙차로)(고양시 방면)(12-006),"정류소(버스,택시 등)",재활용쓰레기,37.5830842,126.8942554,11120680.0,수색동,정상 지오코딩
2467,은평구,수색로 324,수색로 324 수색교(중앙차로)(고양시 방면)(14-341),"정류소(버스,택시 등)",일반쓰레기,37.5830469,126.8934029,11120680.0,수색동,인근 도로명번지 추정(번지차 45)
2468,은평구,수색로 324,수색로 324 수색교(중앙차로)(고양시 방면)(14-341),"정류소(버스,택시 등)",재활용쓰레기,37.5830469,126.8934029,11120680.0,수색동,인근 도로명번지 추정(번지차 45)
2469,은평구,수색로 382,"수색로 382 덕은교, 은평차고지앞(중앙차로)(고양시 방면)(12-314)","정류소(버스,택시 등)",일반쓰레기,37.5830469,126.8934029,11120680.0,수색동,인근 도로명번지 추정(번지차 103)
2470,은평구,수색로 382,"수색로 382 덕은교, 은평차고지앞(중앙차로)(고양시 방면)(12-314)","정류소(버스,택시 등)",재활용쓰레기,37.5830469,126.8934029,11120680.0,수색동,인근 도로명번지 추정(번지차 103)
2471,은평구,연서로 10,연서로 10 응암 소공원(리드힐병원 맞은편),"광장, 공원",일반쓰레기,37.5999864,126.9164557,11120740.0,역촌동,정상 지오코딩
2472,은평구,연서로 10,연서로 10 응암 소공원(리드힐병원 맞은편),"광장, 공원",재활용쓰레기,37.5999864,126.9164557,11120740.0,역촌동,정상 지오코딩
2473,은평구,연서로 36,연서로 36 버스정류장,"정류소(버스,택시 등)",일반쓰레기,37.6022566,126.9161165,11120740.0,역촌동,정상 지오코딩
2474,은평구,연서로 36,연서로 36 버스정류장,"정류소(버스,택시 등)",재활용쓰레기,37.6022566,126.9161165,11120740.0,역촌동,정상 지오코딩
2475,은평구,통일로 610,통일로 610 대로변,도로변(횡단보도 포함),일반쓰레기,37.6019824,126.9359478,11120510.0,녹번동,정상 지오코딩
2476,은평구,통일로 610,통일로 610 대로변,도로변(횡단보도 포함),재활용쓰레기,37.6019824,126.9359478,11120510.0,녹번동,정상 지오코딩
2477,은평구,연서로 172,연서로 172 대조동주민센터 버스정류장,"정류소(버스,택시 등)",일반쓰레기,37.6141109,126.918025,11120580.0,대조동,정상 지오코딩
2478,은평구,연서로 172,연서로 172 대조동주민센터 버스정류장,"정류소(버스,택시 등)",재활용쓰레기,37.6141109,126.918025,11120580.0,대조동,정상 지오코딩
2479,은평구,연서로 218,연서로 218 연신내역.물빛공원 버스정류장,"정류소(버스,택시 등)",일반쓰레기,37.6179073,126.9194844,11120560.0,갈현2동,인근 도로명번지 추정(번지차 3)
2480,은평구,연서로 218,연서로 218 연신내역.물빛공원 버스정류장,"정류소(버스,택시 등)",재활용쓰레기,37.6179073,126.9194844,11120560.0,갈현2동,인근 도로명번지 추정(번지차 3)
2481,은평구,은평로 240,은평로 240 녹번역 3번출구 앞,도로변(횡단보도 포함),일반쓰레기,37.6004215,126.9349481,11120590.0,응암1동,정상 지오코딩
2482,은평구,은평로 240,은평로 240 녹번역 3번출구 앞,도로변(횡단보도 포함),재활용쓰레기,37.6004215,126.9349481,11120590.0,응암1동,정상 지오코딩
2483,은평구,연서로 344,연서로 344 연신초등학교 버스정류장,"정류소(버스,택시 등)",일반쓰레기,37.6248336,126.928983,11120720.0,불광2동,인근 도로명번지 추정(번지차 12)
2484,은평구,연서로 344,연서로 344 연신초등학교 버스정류장,"정류소(버스,택시 등)",재활용쓰레기,37.6248336,126.928983,11120720.0,불광2동,인근 도로명번지 추정(번지차 12)
2485,은평구,연서로 422,"연서로 422 은평노인종합복지관, 신도중학교 버스정류장","정류소(버스,택시 등)",일반쓰레기,37.6284763,126.9328656,11120710.0,진관동,정상 지오코딩
2486,은평구,연서로 422,"연서로 422 은평노인종합복지관, 신도중학교 버스정류장","정류소(버스,택시 등)",재활용쓰레기,37.6284763,126.9328656,11120710.0,진관동,정상 지오코딩
2487,은평구,연서로 498,연서로 498 제각말 5단지 버스정류장,"정류소(버스,택시 등)",일반쓰레기,37.6408206,126.9377883,11120710.0,진관동,인근 도로명번지 추정(번지차 32)
2488,은평구,연서로 498,연서로 498 제각말 5단지 버스정류장,"정류소(버스,택시 등)",재활용쓰레기,37.6408206,126.9377883,11120710.0,진관동,인근 도로명번지 추정(번지차 32)
2489,은평구,통일로 642,통일로 642 대로변 앞,"정류소(버스,택시 등)",일반쓰레기,37.6040033,126.9352075,11120510.0,녹번동,정상 지오코딩
2490,은평구,통일로 642,통일로 642 대로변 앞,"정류소(버스,택시 등)",재활용쓰레기,37.6040033,126.9352075,11120510.0,녹번동,정상 지오코딩
2491,은평구,연서로 429,연서로 429 기자촌11단지앞 버스정류장,"정류소(버스,택시 등)",일반쓰레기,37.6284763,126.9328656,11120710.0,진관동,인근 도로명번지 추정(번지차 7)
2492,은평구,연서로 429,연서로 429 기자촌11단지앞 버스정류장,"정류소(버스,택시 등)",재활용쓰레기,37.6284763,126.9328656,11120710.0,진관동,인근 도로명번지 추정(번지차 7)
2493,은평구,연서로 477,연서로 477 제각말 5단지 버스정류장,"정류소(버스,택시 등)",일반쓰레기,37.6408206,126.9377883,11120710.0,진관동,인근 도로명번지 추정(번지차 53)
2494,은평구,연서로 477,연서로 477 제각말 5단지 버스정류장,"정류소(버스,택시 등)",재활용쓰레기,37.6408206,126.9377883,11120710.0,진관동,인근 도로명번지 추정(번지차 53)
2495,은평구,연서로 409,"연서로 409 폭포동,은평노인종합복지관 버스정류장","정류소(버스,택시 등)",일반쓰레기,37.6310038,126.9317554,11120710.0,진관동,정상 지오코딩
2496,은평구,연서로 409,"연서로 409 폭포동,은평노인종합복지관 버스정류장","정류소(버스,택시 등)",재활용쓰레기,37.6310038,126.9317554,11120710.0,진관동,정상 지오코딩
2497,은평구,연서로 215-1,연서로 215-1 연신내역.물빛공원 버스정류장,"정류소(버스,택시 등)",일반쓰레기,37.6179073,126.9194844,11120560.0,갈현2동,정상 지오코딩
2498,은평구,연서로 215-1,연서로 215-1 연신내역.물빛공원 버스정류장,"정류소(버스,택시 등)",재활용쓰레기,37.6179073,126.9194844,11120560.0,갈현2동,정상 지오코딩
2499,은평구,연서로 177,연서로 177 연세병원 버스정류장,"정류소(버스,택시 등)",일반쓰레기,37.6146922,126.9174722,11120560.0,갈현2동,정상 지오코딩
2500,은평구,연서로 177,연서로 177 연세병원 버스정류장,"정류소(버스,택시 등)",재활용쓰레기,37.6146922,126.9174722,11120560.0,갈현2동,정상 지오코딩
2501,은평구,연서로 149,연서로 145 구산역 4번출구 버스정류장(LG전자앞),"정류소(버스,택시 등)",일반쓰레기,37.6122113,126.916914,11120560.0,갈현2동,정상 지오코딩
2502,은평구,연서로 149,연서로 145 구산역 4번출구 버스정류장(LG전자앞),"정류소(버스,택시 등)",재활용쓰레기,37.6122113,126.916914,11120560.0,갈현2동,정상 지오코딩
2503,은평구,연서로 129,연서로 129 구산역 3번출구.예일여고 버스정류장,"정류소(버스,택시 등)",일반쓰레기,37.6104812,126.9166869,11120570.0,구산동,정상 지오코딩
2504,은평구,연서로 129,연서로 129 구산역 3번출구.예일여고 버스정류장,"정류소(버스,택시 등)",재활용쓰레기,37.6104812,126.9166869,11120570.0,구산동,정상 지오코딩
2505,은평구,연서로 41,연서로 41 역촌초등학교 버스정류장,"정류소(버스,택시 등)",일반쓰레기,37.6028496,126.9154783,11120740.0,역촌동,정상 지오코딩
2506,은평구,연서로 41,연서로 41 역촌초등학교 버스정류장,"정류소(버스,택시 등)",재활용쓰레기,37.6028496,126.9154783,11120740.0,역촌동,정상 지오코딩
2507,은평구,서오릉로 32,서오릉로 32 유니클로 앞,도로변(횡단보도 포함),일반쓰레기,37.603758,126.9248231,11120510.0,녹번동,인근 도로명번지 추정(번지차 1)
2508,은평구,서오릉로 32,서오릉로 32 유니클로 앞,도로변(횡단보도 포함),재활용쓰레기,37.603758,126.9248231,11120510.0,녹번동,인근 도로명번지 추정(번지차 1)
2509,은평구,서오릉로 106,서오릉로 106 대로변,"정류소(버스,택시 등)",일반쓰레기,37.6095021,126.9204213,11120580.0,대조동,정상 지오코딩
2510,은평구,서오릉로 106,서오릉로 106 대로변,"정류소(버스,택시 등)",재활용쓰레기,37.6095021,126.9204213,11120580.0,대조동,정상 지오코딩
2511,은평구,은평로 142,은평로 142 본서부병원 버스정류장,"정류소(버스,택시 등)",일반쓰레기,37.6004944,126.9234946,11120590.0,응암1동,정상 지오코딩
2512,은평구,은평로 142,은평로 142 본서부병원 버스정류장,"정류소(버스,택시 등)",재활용쓰레기,37.6004944,126.9234946,11120590.0,응암1동,정상 지오코딩
2513,은평구,은평로 170,은평로 170 응암1동 우체국 앞,도로변(횡단보도 포함),일반쓰레기,37.6010894,126.9266624,11120590.0,응암1동,정상 지오코딩
2514,은평구,은평로 170,은평로 170 응암1동 우체국 앞,도로변(횡단보도 포함),재활용쓰레기,37.6010894,126.9266624,11120590.0,응암1동,정상 지오코딩
2515,은평구,은평로 204,은평로 204 은평구청 버스정류장,"정류소(버스,택시 등)",일반쓰레기,37.6011062,126.930385,11120590.0,응암1동,정상 지오코딩
2516,은평구,은평로 204,은평로 204 은평구청 버스정류장,"정류소(버스,택시 등)",재활용쓰레기,37.6011062,126.930385,11120590.0,응암1동,정상 지오코딩
2517,은평구,은평로 240,은평로 240 올리브영 앞,상가지역,일반쓰레기,37.6004215,126.9349481,11120590.0,응암1동,정상 지오코딩
2518,은평구,은평로 240,은평로 240 올리브영 앞,상가지역,재활용쓰레기,37.6004215,126.9349481,11120590.0,응암1동,정상 지오코딩
2519,은평구,은평로 245,녹번119 안전센터 앞,도로변(횡단보도 포함),일반쓰레기,37.601105,126.9351461,11120510.0,녹번동,정상 지오코딩
2520,은평구,은평로 245,녹번119 안전센터 앞,도로변(횡단보도 포함),재활용쓰레기,37.601105,126.9351461,11120510.0,녹번동,정상 지오코딩
2521,은평구,은평로 219,은평로 219 앞,도로변(횡단보도 포함),일반쓰레기,37.6014151,126.9320742,11120510.0,녹번동,정상 지오코딩
2522,은평구,은평로 219,은평로 219 앞,도로변(횡단보도 포함),재활용쓰레기,37.6014151,126.9320742,11120510.0,녹번동,정상 지오코딩
2523,은평구,서오릉로 35,서오릉로 35 대로변,도로변(횡단보도 포함),일반쓰레기,37.6039068,126.9246701,11120510.0,녹번동,정상 지오코딩
2524,은평구,서오릉로 35,서오릉로 35 대로변,도로변(횡단보도 포함),재활용쓰레기,37.6039068,126.9246701,11120510.0,녹번동,정상 지오코딩
2525,은평구,은평로 173,은평로 173 앞,도로변(횡단보도 포함),일반쓰레기,37.6016102,126.9268188,11120590.0,응암1동,정상 지오코딩
2526,은평구,은평로 173,은평로 173 앞,도로변(횡단보도 포함),재활용쓰레기,37.6016102,126.9268188,11120590.0,응암1동,정상 지오코딩
2527,은평구,은평로 147,은평로 147 국민은행 앞,상가지역,일반쓰레기,37.6010773,126.9240942,11120590.0,응암1동,정상 지오코딩
2528,은평구,은평로 147,은평로 147 국민은행 앞,상가지역,재활용쓰레기,37.6010773,126.9240942,11120590.0,응암1동,정상 지오코딩
2529,은평구,은평로 107,은평로 107 새마을금고 앞,상가지역,일반쓰레기,37.6002303,126.9194962,11120590.0,응암1동,정상 지오코딩
2530,은평구,은평로 107,은평로 107 새마을금고 앞,상가지역,재활용쓰레기,37.6002303,126.9194962,11120590.0,응암1동,정상 지오코딩
2531,은평구,은평로 91,은평로 91,도로변(횡단보도 포함),일반쓰레기,37.5997087,126.917822,11120590.0,응암1동,정상 지오코딩
2532,은평구,은평로 91,은평로 91,도로변(횡단보도 포함),재활용쓰레기,37.5997087,126.917822,11120590.0,응암1동,정상 지오코딩
2533,은평구,은평로 17,은평로 17,도로변(횡단보도 포함),일반쓰레기,37.599896,126.9253688,11120590.0,응암1동,정상 지오코딩
2534,은평구,은평로 17,은평로 17,도로변(횡단보도 포함),재활용쓰레기,37.599896,126.9253688,11120590.0,응암1동,정상 지오코딩
2535,은평구,연서로 164,연서로 164 대로변,"정류소(버스,택시 등)",일반쓰레기,37.6134109,126.9179679,11120580.0,대조동,정상 지오코딩
2536,은평구,연서로 164,연서로 164 대로변,"정류소(버스,택시 등)",재활용쓰레기,37.6134109,126.9179679,11120580.0,대조동,정상 지오코딩
2537,은평구,은평터널로 146,은평터널로 146,도로변(횡단보도 포함),일반쓰레기,37.5919157,126.9059638,11120660.0,신사2동,인근 도로명번지 추정(번지차 3)
2538,은평구,은평터널로 146,은평터널로 146,도로변(횡단보도 포함),재활용쓰레기,37.5919157,126.9059638,11120660.0,신사2동,인근 도로명번지 추정(번지차 3)
2539,은평구,은평터널로 170,은평터널로 170,도로변(횡단보도 포함),일반쓰레기,37.5925418,126.9065893,11120660.0,신사2동,인근 도로명번지 추정(번지차 21)
2540,은평구,은평터널로 170,은평터널로 170,도로변(횡단보도 포함),재활용쓰레기,37.5925418,126.9065893,11120660.0,신사2동,인근 도로명번지 추정(번지차 21)
2541,은평구,은평터널로 143,은평터널로 143 카맨샾 앞,상가지역,일반쓰레기,37.5919157,126.9059638,11120660.0,신사2동,정상 지오코딩
2542,은평구,은평터널로 143,은평터널로 143 카맨샾 앞,상가지역,재활용쓰레기,37.5919157,126.9059638,11120660.0,신사2동,정상 지오코딩
2543,은평구,은평터널로 31,은평터널로 31,도로변(횡단보도 포함),일반쓰레기,37.5919157,126.9059638,11120660.0,신사2동,인근 도로명번지 추정(번지차 112)
2544,은평구,은평터널로 31,은평터널로 31,도로변(횡단보도 포함),재활용쓰레기,37.5919157,126.9059638,11120660.0,신사2동,인근 도로명번지 추정(번지차 112)
2545,은평구,연서로 165,연서로 165 대로변,도로변(횡단보도 포함),일반쓰레기,37.6136298,126.9173201,11120560.0,갈현2동,정상 지오코딩
2546,은평구,연서로 165,연서로 165 대로변,도로변(횡단보도 포함),재활용쓰레기,37.6136298,126.9173201,11120560.0,갈현2동,정상 지오코딩
2547,은평구,응암로 214,응암로 214 응암우체국 앞,상가지역,일반쓰레기,37.590998,126.9176619,11120600.0,응암2동,정상 지오코딩
2548,은평구,응암로 214,응암로 214 응암우체국 앞,상가지역,재활용쓰레기,37.590998,126.9176619,11120600.0,응암2동,정상 지오코딩
2549,은평구,응암로 242,응암로 242 서서울농협 버스정류장,"정류소(버스,택시 등)",일반쓰레기,37.5941416,126.9183944,11120600.0,응암2동,인근 도로명번지 추정(번지차 8)
2550,은평구,응암로 242,응암로 242 서서울농협 버스정류장,"정류소(버스,택시 등)",재활용쓰레기,37.5941416,126.9183944,11120600.0,응암2동,인근 도로명번지 추정(번지차 8)
2551,은평구,응암로 281,프롬하츠커피응암점 앞,상가지역,일반쓰레기,37.5969805,126.9195725,11120590.0,응암1동,인근 도로명번지 추정(번지차 2)
2552,은평구,응암로 281,프롬하츠커피응암점 앞,상가지역,재활용쓰레기,37.5969805,126.9195725,11120590.0,응암1동,인근 도로명번지 추정(번지차 2)
2553,은평구,불광로 146,불광로 146 독바위역 앞,지하철역 입구,일반쓰레기,37.620391,126.9325265,11120520.0,불광1동,정상 지오코딩
2554,은평구,불광로 146,불광로 146 독바위역 앞,지하철역 입구,재활용쓰레기,37.620391,126.9325265,11120520.0,불광1동,정상 지오코딩
2555,은평구,응암로 366,하동 추어탕집 앞,상가지역,일반쓰레기,37.6040535,126.9229193,11120510.0,녹번동,정상 지오코딩
2556,은평구,응암로 366,하동 추어탕집 앞,상가지역,재활용쓰레기,37.6040535,126.9229193,11120510.0,녹번동,정상 지오코딩
2557,은평구,응암로 376,은평평화의 공원,상가지역,일반쓰레기,37.604531,126.9232012,11120510.0,녹번동,정상 지오코딩
2558,은평구,응암로 376,은평평화의 공원,상가지역,재활용쓰레기,37.604531,126.9232012,11120510.0,녹번동,정상 지오코딩
2559,은평구,불광로 139,불광로 139 독바위역 맞은편,지하철역 입구,일반쓰레기,37.619107,126.9323587,11120520.0,불광1동,정상 지오코딩
2560,은평구,불광로 139,불광로 139 독바위역 맞은편,지하철역 입구,재활용쓰레기,37.619107,126.9323587,11120520.0,불광1동,정상 지오코딩
2561,은평구,응암로 251,응암로 251 응암시장 버스정류장,"정류소(버스,택시 등)",일반쓰레기,37.5945767,126.9179557,11120730.0,응암3동,정상 지오코딩
2562,은평구,응암로 251,응암로 251 응암시장 버스정류장,"정류소(버스,택시 등)",재활용쓰레기,37.5945767,126.9179557,11120730.0,응암3동,정상 지오코딩
2563,은평구,응암로 215,응암로 215 응암3동주민센터 버스정류장,"정류소(버스,택시 등)",일반쓰레기,37.5912237,126.9170558,11120730.0,응암3동,정상 지오코딩
2564,은평구,응암로 215,응암로 215 응암3동주민센터 버스정류장,"정류소(버스,택시 등)",재활용쓰레기,37.5912237,126.9170558,11120730.0,응암3동,정상 지오코딩
2565,은평구,응암로 181,응암로 181,도로변(횡단보도 포함),일반쓰레기,37.5882094,126.9165173,11120730.0,응암3동,정상 지오코딩
2566,은평구,응암로 181,응암로 181,도로변(횡단보도 포함),재활용쓰레기,37.5882094,126.9165173,11120730.0,응암3동,정상 지오코딩
2567,은평구,증산로 395,증산로 395 서울낚시 앞,도로변(횡단보도 포함),일반쓰레기,37.5915694,126.9134279,11120660.0,신사2동,정상 지오코딩
2568,은평구,증산로 395,증산로 395 서울낚시 앞,도로변(횡단보도 포함),재활용쓰레기,37.5915694,126.9134279,11120660.0,신사2동,정상 지오코딩
2569,은평구,증산로 305,증산역 4번출구,지하철역 입구,일반쓰레기,37.5843704,126.9098151,11120670.0,증산동,정상 지오코딩
2570,은평구,증산로 305,증산역 4번출구,지하철역 입구,재활용쓰레기,37.5843704,126.9098151,11120670.0,증산동,정상 지오코딩
2571,은평구,증산로 361,증산로 361 대로변,"정류소(버스,택시 등)",일반쓰레기,37.5885731,126.912723,11120670.0,증산동,정상 지오코딩
2572,은평구,증산로 361,증산로 361 대로변,"정류소(버스,택시 등)",재활용쓰레기,37.5885731,126.912723,11120670.0,증산동,정상 지오코딩
2573,은평구,증산로 255,"증산로 255 증산종합시장, 증산중입구 버스정류장","정류소(버스,택시 등)",일반쓰레기,37.5810095,126.9062552,11120670.0,증산동,정상 지오코딩
2574,은평구,증산로 255,"증산로 255 증산종합시장, 증산중입구 버스정류장","정류소(버스,택시 등)",재활용쓰레기,37.5810095,126.9062552,11120670.0,증산동,정상 지오코딩
2575,은평구,증산로 256,"증산로 256 증산종합시장, 증산중입구 버스정류장","정류소(버스,택시 등)",일반쓰레기,37.5810095,126.9062552,11120670.0,증산동,인근 도로명번지 추정(번지차 1)
2576,은평구,증산로 256,"증산로 256 증산종합시장, 증산중입구 버스정류장","정류소(버스,택시 등)",재활용쓰레기,37.5810095,126.9062552,11120670.0,증산동,인근 도로명번지 추정(번지차 1)
2577,은평구,증산로 302,증산역 엘리베이터 앞,지하철역 입구,일반쓰레기,37.5843704,126.9098151,11120670.0,증산동,인근 도로명번지 추정(번지차 3)
2578,은평구,증산로 302,증산역 엘리베이터 앞,지하철역 입구,재활용쓰레기,37.5843704,126.9098151,11120670.0,증산동,인근 도로명번지 추정(번지차 3)
2579,은평구,증산로 383,증산로 383 대로변,"정류소(버스,택시 등)",일반쓰레기,37.590536,126.913188,11120660.0,신사2동,정상 지오코딩
2580,은평구,증산로 383,증산로 383 대로변,"정류소(버스,택시 등)",재활용쓰레기,37.590536,126.913188,11120660.0,신사2동,정상 지오코딩
2581,은평구,증산로 396,새절역.숭실고 입구 버스정류장(12-335),"정류소(버스,택시 등)",일반쓰레기,37.5915694,126.9134279,11120660.0,신사2동,인근 도로명번지 추정(번지차 1)
2582,은평구,증산로 396,새절역.숭실고 입구 버스정류장(12-335),"정류소(버스,택시 등)",재활용쓰레기,37.5915694,126.9134279,11120660.0,신사2동,인근 도로명번지 추정(번지차 1)
2583,은평구,증산로 414,증산로 414 은평춘당 앞,도로변(횡단보도 포함),일반쓰레기,37.5933586,126.9144225,11120730.0,응암3동,정상 지오코딩
2584,은평구,증산로 414,증산로 414 은평춘당 앞,도로변(횡단보도 포함),재활용쓰레기,37.5933586,126.9144225,11120730.0,응암3동,정상 지오코딩
2585,은평구,증산로 470,응암역 신사오거리역 버스정류장,"정류소(버스,택시 등)",일반쓰레기,37.5933586,126.9144225,11120730.0,응암3동,인근 도로명번지 추정(번지차 56)
2586,은평구,증산로 470,응암역 신사오거리역 버스정류장,"정류소(버스,택시 등)",재활용쓰레기,37.5933586,126.9144225,11120730.0,응암3동,인근 도로명번지 추정(번지차 56)
2587,은평구,수색로 262,수색로 262 앞,상가지역,일반쓰레기,37.5824978,126.895313,11120680.0,수색동,정상 지오코딩
2588,은평구,수색로 262,수색로 262 앞,상가지역,재활용쓰레기,37.5824978,126.895313,11120680.0,수색동,정상 지오코딩
2589,은평구,통일로 1061,구파발역 입구 버스정류장(중앙차로)(서울시 방면)(12-011),"정류소(버스,택시 등)",일반쓰레기,37.635912,126.9158224,11120710.0,진관동,인근 도로명번지 추정(번지차 8)
2590,은평구,통일로 1061,구파발역 입구 버스정류장(중앙차로)(서울시 방면)(12-011),"정류소(버스,택시 등)",재활용쓰레기,37.635912,126.9158224,11120710.0,진관동,인근 도로명번지 추정(번지차 8)
2591,은평구,서오릉로 169,서오릉로 169 버스정류장,"정류소(버스,택시 등)",일반쓰레기,37.6124771,126.9144591,11120570.0,구산동,정상 지오코딩
2592,은평구,서오릉로 169,서오릉로 169 버스정류장,"정류소(버스,택시 등)",재활용쓰레기,37.6124771,126.9144591,11120570.0,구산동,정상 지오코딩
2593,은평구,통일로 921,버스정류장(중앙차로)(서울시 방면),"정류소(버스,택시 등)",일반쓰레기,37.6251807,126.9197316,11120550.0,갈현1동,정상 지오코딩
2594,은평구,통일로 921,버스정류장(중앙차로)(서울시 방면),"정류소(버스,택시 등)",재활용쓰레기,37.6251807,126.9197316,11120550.0,갈현1동,정상 지오코딩
2595,은평구,통일로 905,통일로 905 앞,도로변(횡단보도 포함),일반쓰레기,37.6237703,126.9196023,11120550.0,갈현1동,정상 지오코딩
2596,은평구,통일로 905,통일로 905 앞,도로변(횡단보도 포함),재활용쓰레기,37.6237703,126.9196023,11120550.0,갈현1동,정상 지오코딩
2597,은평구,통일로 869,통일로 869 스타벅스 앞,상가지역,일반쓰레기,37.6203692,126.919809,11120550.0,갈현1동,정상 지오코딩
2598,은평구,통일로 869,통일로 869 스타벅스 앞,상가지역,재활용쓰레기,37.6203692,126.919809,11120550.0,갈현1동,정상 지오코딩
2599,은평구,통일로 1045,통일로 1045 앞,상가지역,일반쓰레기,37.6358222,126.9164471,11120710.0,진관동,정상 지오코딩
2600,은평구,통일로 1045,통일로 1045 앞,상가지역,재활용쓰레기,37.6358222,126.9164471,11120710.0,진관동,정상 지오코딩
2601,은평구,통일로 821,통일로 821 다비치안경 앞,상가지역,일반쓰레기,37.6167964,126.9228736,11120580.0,대조동,정상 지오코딩
2602,은평구,통일로 821,통일로 821 다비치안경 앞,상가지역,재활용쓰레기,37.6167964,126.9228736,11120580.0,대조동,정상 지오코딩
2603,은평구,통일로 813,통일로 813 타이어뱅크 앞,상가지역,일반쓰레기,37.6162494,126.9234403,11120580.0,대조동,정상 지오코딩
2604,은평구,통일로 813,통일로 813 타이어뱅크 앞,상가지역,재활용쓰레기,37.6162494,126.9234403,11120580.0,대조동,정상 지오코딩
2605,은평구,통일로 809,동명여고 천주교 불광성당 정류장(중앙차로)(서울시 방면)(12-020),"정류소(버스,택시 등)",일반쓰레기,37.6160707,126.9238501,11120580.0,대조동,정상 지오코딩
2606,은평구,통일로 809,동명여고 천주교 불광성당 정류장(중앙차로)(서울시 방면)(12-020),"정류소(버스,택시 등)",재활용쓰레기,37.6160707,126.9238501,11120580.0,대조동,정상 지오코딩
2607,은평구,통일로 753,"불광역 3,6호선 정류장(중앙차로)(서울시 방면)(12-022)","정류소(버스,택시 등)",일반쓰레기,37.6121883,126.9278747,11120580.0,대조동,정상 지오코딩
2608,은평구,통일로 753,"불광역 3,6호선 정류장(중앙차로)(서울시 방면)(12-022)","정류소(버스,택시 등)",재활용쓰레기,37.6121883,126.9278747,11120580.0,대조동,정상 지오코딩
2609,은평구,서오릉로 174,서오릉로 174 버스정류장,상가지역,일반쓰레기,37.6130699,126.9144643,11120560.0,갈현2동,정상 지오코딩
2610,은평구,서오릉로 174,서오릉로 174 버스정류장,상가지역,재활용쓰레기,37.6130699,126.9144643,11120560.0,갈현2동,정상 지오코딩
2611,은평구,통일로 659,통일로 659 한전 앞,도로변(횡단보도 포함),일반쓰레기,37.6053533,126.9333817,11120510.0,녹번동,정상 지오코딩
2612,은평구,통일로 659,통일로 659 한전 앞,도로변(횡단보도 포함),재활용쓰레기,37.6053533,126.9333817,11120510.0,녹번동,정상 지오코딩
2613,은평구,통일로 615,녹번역 5번 출구,지하철역 입구,일반쓰레기,37.6019824,126.9359478,11120510.0,녹번동,인근 도로명번지 추정(번지차 5)
2614,은평구,통일로 615,녹번역 5번 출구,지하철역 입구,재활용쓰레기,37.6019824,126.9359478,11120510.0,녹번동,인근 도로명번지 추정(번지차 5)
2615,은평구,통일로 584,녹번동 대림JR아파트 앞 버스정류장,"정류소(버스,택시 등)",일반쓰레기,37.6019824,126.9359478,11120510.0,녹번동,인근 도로명번지 추정(번지차 26)
2616,은평구,통일로 584,녹번동 대림JR아파트 앞 버스정류장,"정류소(버스,택시 등)",재활용쓰레기,37.6019824,126.9359478,11120510.0,녹번동,인근 도로명번지 추정(번지차 26)
2617,은평구,통일로 636,통일로 636,도로변(횡단보도 포함),일반쓰레기,37.6035171,126.9353113,11120510.0,녹번동,정상 지오코딩
2618,은평구,통일로 636,통일로 636,도로변(횡단보도 포함),재활용쓰레기,37.6035171,126.9353113,11120510.0,녹번동,정상 지오코딩
2619,은평구,통일로 666,통일로 666 앞,도로변(횡단보도 포함),일반쓰레기,37.6053533,126.9333817,11120510.0,녹번동,인근 도로명번지 추정(번지차 7)
2620,은평구,통일로 666,통일로 666 앞,도로변(횡단보도 포함),재활용쓰레기,37.6053533,126.9333817,11120510.0,녹번동,인근 도로명번지 추정(번지차 7)
2621,은평구,통일로 700,"불광역 3호선, 서울혁신파크 정류장(중앙차로)(고양시 방면)(12-023)","정류소(버스,택시 등)",일반쓰레기,37.6097376,126.9296653,11120580.0,대조동,인근 도로명번지 추정(번지차 15)
2622,은평구,통일로 700,"불광역 3호선, 서울혁신파크 정류장(중앙차로)(고양시 방면)(12-023)","정류소(버스,택시 등)",재활용쓰레기,37.6097376,126.9296653,11120580.0,대조동,인근 도로명번지 추정(번지차 15)
2623,은평구,통일로 716,통일로 716 블랙야크 앞,상가지역,일반쓰레기,37.6098323,126.9307965,11120520.0,불광1동,정상 지오코딩
2624,은평구,통일로 716,통일로 716 블랙야크 앞,상가지역,재활용쓰레기,37.6098323,126.9307965,11120520.0,불광1동,정상 지오코딩
2625,은평구,연서로 535,연서로 535 하나고등학교 앞,도로변(횡단보도 포함),일반쓰레기,37.6416376,126.9369302,11120710.0,진관동,정상 지오코딩
2626,은평구,연서로 535,연서로 535 하나고등학교 앞,도로변(횡단보도 포함),재활용쓰레기,37.6416376,126.9369302,11120710.0,진관동,정상 지오코딩
2627,은평구,통일로 760,르노 코리아 자동차 앞,상가지역,일반쓰레기,37.6130757,126.9281251,11120520.0,불광1동,정상 지오코딩
2628,은평구,통일로 760,르노 코리아 자동차 앞,상가지역,재활용쓰레기,37.6130757,126.9281251,11120520.0,불광1동,정상 지오코딩
2629,은평구,통일로 796,동명여고 천주교 불광성당 정류장(중앙차로)(고양시 방면)(12-019),"정류소(버스,택시 등)",일반쓰레기,37.6163432,126.9257576,11120520.0,불광1동,정상 지오코딩
2630,은평구,통일로 796,동명여고 천주교 불광성당 정류장(중앙차로)(고양시 방면)(12-019),"정류소(버스,택시 등)",재활용쓰레기,37.6163432,126.9257576,11120520.0,불광1동,정상 지오코딩
2631,은평구,통일로 826,통일로 826 앞,도로변(횡단보도 포함),일반쓰레기,37.6167964,126.9228736,11120580.0,대조동,인근 도로명번지 추정(번지차 5)
2632,은평구,통일로 826,통일로 826 앞,도로변(횡단보도 포함),재활용쓰레기,37.6167964,126.9228736,11120580.0,대조동,인근 도로명번지 추정(번지차 5)
2633,은평구,통일로 840,연신내역(중앙차로)(고양시 방면)(12-017),"정류소(버스,택시 등)",일반쓰레기,37.6183931,126.9221022,11120520.0,불광1동,정상 지오코딩
2634,은평구,통일로 840,연신내역(중앙차로)(고양시 방면)(12-017),"정류소(버스,택시 등)",재활용쓰레기,37.6183931,126.9221022,11120520.0,불광1동,정상 지오코딩
2635,은평구,통일로 860,통일로 860 연신내역 1번출구,지하철역 입구,일반쓰레기,37.6198344,126.9209237,11120720.0,불광2동,정상 지오코딩
2636,은평구,통일로 860,통일로 860 연신내역 1번출구,지하철역 입구,재활용쓰레기,37.6198344,126.9209237,11120720.0,불광2동,정상 지오코딩
2637,은평구,통일로 894,통일로 894 선일하이츠빌라 버스정류장,"정류소(버스,택시 등)",일반쓰레기,37.6227286,126.9201098,11120720.0,불광2동,정상 지오코딩
2638,은평구,통일로 894,통일로 894 선일하이츠빌라 버스정류장,"정류소(버스,택시 등)",재활용쓰레기,37.6227286,126.9201098,11120720.0,불광2동,정상 지오코딩
2639,은평구,통일로 910,버스 정류장(중앙차로)(고양시 방면),"정류소(버스,택시 등)",일반쓰레기,37.6237703,126.9196023,11120550.0,갈현1동,인근 도로명번지 추정(번지차 5)
2640,은평구,통일로 910,버스 정류장(중앙차로)(고양시 방면),"정류소(버스,택시 등)",재활용쓰레기,37.6237703,126.9196023,11120550.0,갈현1동,인근 도로명번지 추정(번지차 5)
2641,은평구,통일로 976,박석고개 신도고등학교 정류장(중앙차로)(고양시 방면)(12-013),"정류소(버스,택시 등)",일반쓰레기,37.6251807,126.9197316,11120550.0,갈현1동,인근 도로명번지 추정(번지차 55)
2642,은평구,통일로 976,박석고개 신도고등학교 정류장(중앙차로)(고양시 방면)(12-013),"정류소(버스,택시 등)",재활용쓰레기,37.6251807,126.9197316,11120550.0,갈현1동,인근 도로명번지 추정(번지차 55)
2643,은평구,통일로 1048,구파발역 입구 정류장(중앙차로)(고양시 방면)(12-011),"정류소(버스,택시 등)",일반쓰레기,37.6358222,126.9164471,11120710.0,진관동,인근 도로명번지 추정(번지차 3)
2644,은평구,통일로 1048,구파발역 입구 정류장(중앙차로)(고양시 방면)(12-011),"정류소(버스,택시 등)",재활용쓰레기,37.6358222,126.9164471,11120710.0,진관동,인근 도로명번지 추정(번지차 3)
2645,은평구,연서로 530,연서로 530 하나고등학교 맞은편,상가지역,일반쓰레기,37.6408206,126.9377883,11120710.0,진관동,정상 지오코딩
2646,은평구,연서로 530,연서로 530 하나고등학교 맞은편,상가지역,재활용쓰레기,37.6408206,126.9377883,11120710.0,진관동,정상 지오코딩
2647,은평구,서울 은평구 연서로 535,북한산로 52 지축교앞 버스정류장,"정류소(버스,택시 등)",일반쓰레기,37.6416376,126.9369302,11120710.0,진관동,API 재시도-주소검색-원본
2648,은평구,서울 은평구 연서로 535,북한산로 52 지축교앞 버스정류장,"정류소(버스,택시 등)",재활용쓰레기,37.6416376,126.9369302,11120710.0,진관동,API 재시도-주소검색-원본
2649,은평구,북한산로 114,북한산로 114 진관초교입구 버스정류장,"정류소(버스,택시 등)",일반쓰레기,37.654774,126.9389615,11120710.0,진관동,인근 도로명번지 추정(번지차 157)
2650,은평구,북한산로 114,북한산로 114 진관초교입구 버스정류장,"정류소(버스,택시 등)",재활용쓰레기,37.654774,126.9389615,11120710.0,진관동,인근 도로명번지 추정(번지차 157)
2651,은평구,연서로 310,연서로 310 대로변,도로변(횡단보도 포함),일반쓰레기,37.6230063,126.9276787,11120720.0,불광2동,정상 지오코딩
2652,은평구,연서로 310,연서로 310 대로변,도로변(횡단보도 포함),재활용쓰레기,37.6230063,126.9276787,11120720.0,불광2동,정상 지오코딩
2653,은평구,북한산로 127,북한산로 127 진관초교 관음사 입구 버스정류장,"정류소(버스,택시 등)",일반쓰레기,37.654774,126.9389615,11120710.0,진관동,인근 도로명번지 추정(번지차 144)
2654,은평구,북한산로 127,북한산로 127 진관초교 관음사 입구 버스정류장,"정류소(버스,택시 등)",재활용쓰레기,37.654774,126.9389615,11120710.0,진관동,인근 도로명번지 추정(번지차 144)
2655,은평구,북한산로 157,북한산로 157 버스정류장,"정류소(버스,택시 등)",일반쓰레기,37.654774,126.9389615,11120710.0,진관동,인근 도로명번지 추정(번지차 114)
2656,은평구,북한산로 157,북한산로 157 버스정류장,"정류소(버스,택시 등)",재활용쓰레기,37.654774,126.9389615,11120710.0,진관동,인근 도로명번지 추정(번지차 114)
2657,은평구,진관2로 29-21,구파발역 2번출구 앞,지하철역 입구,일반쓰레기,37.6357417,126.9193416,11120710.0,진관동,정상 지오코딩
2658,은평구,진관2로 29-21,구파발역 2번출구 앞,지하철역 입구,재활용쓰레기,37.6357417,126.9193416,11120710.0,진관동,정상 지오코딩
2659,은평구,진관3로 64,진관3로 64 롯데캐슬 8단지 앞,도로변(횡단보도 포함),일반쓰레기,37.6442916,126.9161712,11120710.0,진관동,인근 도로명번지 추정(번지차 49)
2660,은평구,진관3로 64,진관3로 64 롯데캐슬 8단지 앞,도로변(횡단보도 포함),재활용쓰레기,37.6442916,126.9161712,11120710.0,진관동,인근 도로명번지 추정(번지차 49)
2661,은평구,진관3로 51,진관3로 51 래미안 909동 앞,도로변(횡단보도 포함),일반쓰레기,37.6442916,126.9161712,11120710.0,진관동,인근 도로명번지 추정(번지차 36)
2662,은평구,진관3로 51,진관3로 51 래미안 909동 앞,도로변(횡단보도 포함),재활용쓰레기,37.6442916,126.9161712,11120710.0,진관동,인근 도로명번지 추정(번지차 36)
2663,은평구,진흥로 116,진흥로 116 앞 역촌역. 역촌오거리 버스정류장,"정류소(버스,택시 등)",일반쓰레기,37.606812,126.9235137,11120510.0,녹번동,정상 지오코딩
2664,은평구,진흥로 116,진흥로 116 앞 역촌역. 역촌오거리 버스정류장,"정류소(버스,택시 등)",재활용쓰레기,37.606812,126.9235137,11120510.0,녹번동,정상 지오코딩
2665,은평구,진흥로 150 ,진흥로 150 ,도로변(횡단보도 포함),일반쓰레기,37.6086444,126.9266425,11120510.0,녹번동,정상 지오코딩
2666,은평구,진흥로 150 ,진흥로 150 ,도로변(횡단보도 포함),재활용쓰레기,37.6086444,126.9266425,11120510.0,녹번동,정상 지오코딩
2667,은평구,진흥로 206,진흥로 206 버스정류장,"정류소(버스,택시 등)",일반쓰레기,37.6091539,126.9313998,11120520.0,불광1동,인근 도로명번지 추정(번지차 9)
2668,은평구,진흥로 206,진흥로 206 버스정류장,"정류소(버스,택시 등)",재활용쓰레기,37.6091539,126.9313998,11120520.0,불광1동,인근 도로명번지 추정(번지차 9)
2669,은평구,진흥로 207,진흥로 207 버스정류장,"정류소(버스,택시 등)",일반쓰레기,37.6091539,126.9313998,11120520.0,불광1동,인근 도로명번지 추정(번지차 10)
2670,은평구,진흥로 207,진흥로 207 버스정류장,"정류소(버스,택시 등)",재활용쓰레기,37.6091539,126.9313998,11120520.0,불광1동,인근 도로명번지 추정(번지차 10)
2671,은평구,진흥로 197,진흥로 197 LG U+  앞,상가지역,일반쓰레기,37.6091539,126.9313998,11120520.0,불광1동,정상 지오코딩
2672,은평구,진흥로 197,진흥로 197 LG U+  앞,상가지역,재활용쓰레기,37.6091539,126.9313998,11120520.0,불광1동,정상 지오코딩
2673,은평구,진흥로 143,진흥로 143 곱창주택 앞,상가지역,일반쓰레기,37.60851,126.9255896,11120580.0,대조동,정상 지오코딩
2674,은평구,진흥로 143,진흥로 143 곱창주택 앞,상가지역,재활용쓰레기,37.60851,126.9255896,11120580.0,대조동,정상 지오코딩
2675,은평구,진흥로 69,진흥로 69 앞,도로변(횡단보도 포함),일반쓰레기,37.6032485,126.9210298,11120740.0,역촌동,정상 지오코딩
2676,은평구,진흥로 69,진흥로 69 앞,도로변(횡단보도 포함),재활용쓰레기,37.6032485,126.9210298,11120740.0,역촌동,정상 지오코딩
2677,은평구,진흥로 26,진흥로 26 이마트.은평점 버스정류장,"정류소(버스,택시 등)",일반쓰레기,37.6004819,126.9184347,11120740.0,역촌동,인근 도로명번지 추정(번지차 1)
2678,은평구,진흥로 26,진흥로 26 이마트.은평점 버스정류장,"정류소(버스,택시 등)",재활용쓰레기,37.6004819,126.9184347,11120740.0,역촌동,인근 도로명번지 추정(번지차 1)
2679,은평구,진흥로 58,진흥로 58 서부경찰서 앞,도로변(횡단보도 포함),일반쓰레기,37.6020967,126.9215466,11120510.0,녹번동,정상 지오코딩
2680,은평구,진흥로 58,진흥로 58 서부경찰서 앞,도로변(횡단보도 포함),재활용쓰레기,37.6020967,126.9215466,11120510.0,녹번동,정상 지오코딩
2681,은평구,서울특별시 은평구 진관동 44-15,북한산로 35 버스정류장,"정류소(버스,택시 등)",일반쓰레기,37.6501513,126.937823,11120710.0,진관동,API 재시도-키워드검색-핵심지명
2682,은평구,서울특별시 은평구 진관동 44-15,북한산로 35 버스정류장,"정류소(버스,택시 등)",재활용쓰레기,37.6501513,126.937823,11120710.0,진관동,API 재시도-키워드검색-핵심지명
2683,은평구,응암로 363,응암로 363 예수그리스도후기성도교회,도로변(횡단보도 포함),일반쓰레기,37.603719,126.9222603,11120510.0,녹번동,정상 지오코딩
2684,은평구,응암로 363,응암로 363 예수그리스도후기성도교회,도로변(횡단보도 포함),재활용쓰레기,37.603719,126.9222603,11120510.0,녹번동,정상 지오코딩
2685,은평구,은평로 25,은평로 25 신사동고개 버스정류장,"정류소(버스,택시 등)",일반쓰레기,37.5982003,126.9107003,11120650.0,신사1동,정상 지오코딩
2686,은평구,은평로 25,은평로 25 신사동고개 버스정류장,"정류소(버스,택시 등)",재활용쓰레기,37.5982003,126.9107003,11120650.0,신사1동,정상 지오코딩
2687,은평구,은평로 201,은평로 201 앞,도로변(횡단보도 포함),일반쓰레기,37.6016158,126.9300285,11120510.0,녹번동,정상 지오코딩
2688,은평구,은평로 201,은평로 201 앞,도로변(횡단보도 포함),재활용쓰레기,37.6016158,126.9300285,11120510.0,녹번동,정상 지오코딩
2689,은평구,연서로 19,연서로 19 응암역 2번출구 버스정류장,"정류소(버스,택시 등)",일반쓰레기,37.6008757,126.9157458,11120740.0,역촌동,정상 지오코딩
2690,은평구,연서로 19,연서로 19 응암역 2번출구 버스정류장,"정류소(버스,택시 등)",재활용쓰레기,37.6008757,126.9157458,11120740.0,역촌동,정상 지오코딩
2691,은평구,연서로 448,연서로 448 신도중학교 버스정류장,"정류소(버스,택시 등)",일반쓰레기,37.6284763,126.9328656,11120710.0,진관동,인근 도로명번지 추정(번지차 26)
2692,은평구,연서로 448,연서로 448 신도중학교 버스정류장,"정류소(버스,택시 등)",재활용쓰레기,37.6284763,126.9328656,11120710.0,진관동,인근 도로명번지 추정(번지차 26)
2693,은평구,응암로 294,응암로 294 피자헛 앞,상가지역,일반쓰레기,37.5976796,126.9206222,11120590.0,응암1동,정상 지오코딩
2694,은평구,응암로 294,응암로 294 피자헛 앞,상가지역,재활용쓰레기,37.5976796,126.9206222,11120590.0,응암1동,정상 지오코딩
2695,은평구,연서로 332,연서로 332,도로변(횡단보도 포함),일반쓰레기,37.6248336,126.928983,11120720.0,불광2동,정상 지오코딩
2696,은평구,연서로 332,연서로 332,도로변(횡단보도 포함),재활용쓰레기,37.6248336,126.928983,11120720.0,불광2동,정상 지오코딩
2697,은평구,연서로 126,연서로 126 구산역2번출구.예일여고 버스정류장,"정류소(버스,택시 등)",일반쓰레기,37.6099795,126.9170206,11120740.0,역촌동,정상 지오코딩
2698,은평구,연서로 126,연서로 126 구산역2번출구.예일여고 버스정류장,"정류소(버스,택시 등)",재활용쓰레기,37.6099795,126.9170206,11120740.0,역촌동,정상 지오코딩
2699,은평구,통일로 1128,은평뉴타운 10단지 정류장(중앙차로)(고양시 방면)(12-009),"정류소(버스,택시 등)",일반쓰레기,37.635912,126.9158224,11120710.0,진관동,인근 도로명번지 추정(번지차 75)
2700,은평구,통일로 1128,은평뉴타운 10단지 정류장(중앙차로)(고양시 방면)(12-009),"정류소(버스,택시 등)",재활용쓰레기,37.635912,126.9158224,11120710.0,진관동,인근 도로명번지 추정(번지차 75)
2701,은평구,통일로 746,"불광역 3,6호선 정류장(중앙차로)(고양시 방면)(12-021)","정류소(버스,택시 등)",일반쓰레기,37.6120151,126.9290039,11120520.0,불광1동,정상 지오코딩
2702,은평구,통일로 746,"불광역 3,6호선 정류장(중앙차로)(고양시 방면)(12-021)","정류소(버스,택시 등)",재활용쓰레기,37.6120151,126.9290039,11120520.0,불광1동,정상 지오코딩
2703,은평구,통일로(진흥로 193),불광역 3번출구 앞,지하철역 입구,일반쓰레기,37.6215119,126.9198777,11120720.0,불광2동,정상 지오코딩
2704,은평구,통일로(진흥로 193),불광역 3번출구 앞,지하철역 입구,재활용쓰레기,37.6215119,126.9198777,11120720.0,불광2동,정상 지오코딩
2705,은평구,통일로 1143,은평뉴타운 10단지 버스정류장(중앙차로)(서울시 방면)(12-010),"정류소(버스,택시 등)",일반쓰레기,37.635912,126.9158224,11120710.0,진관동,인근 도로명번지 추정(번지차 90)
2706,은평구,통일로 1143,은평뉴타운 10단지 버스정류장(중앙차로)(서울시 방면)(12-010),"정류소(버스,택시 등)",재활용쓰레기,37.635912,126.9158224,11120710.0,진관동,인근 도로명번지 추정(번지차 90)
2707,은평구,은평터널로 26,은평터널로 26,도로변(횡단보도 포함),일반쓰레기,37.5919157,126.9059638,11120660.0,신사2동,인근 도로명번지 추정(번지차 117)
2708,은평구,은평터널로 26,은평터널로 26,도로변(횡단보도 포함),재활용쓰레기,37.5919157,126.9059638,11120660.0,신사2동,인근 도로명번지 추정(번지차 117)
2709,은평구,증산로 358,증산로 358 와산교 버스정류장(12-175),"정류소(버스,택시 등)",일반쓰레기,37.5885731,126.912723,11120670.0,증산동,인근 도로명번지 추정(번지차 3)
2710,은평구,증산로 358,증산로 358 와산교 버스정류장(12-175),"정류소(버스,택시 등)",재활용쓰레기,37.5885731,126.912723,11120670.0,증산동,인근 도로명번지 추정(번지차 3)
2711,은평구,은평로 98,은평로 98 신진과학기술고교.이마트은평점 버스정류장,"정류소(버스,택시 등)",일반쓰레기,37.5995053,126.9188164,11120590.0,응암1동,정상 지오코딩
2712,은평구,은평로 98,은평로 98 신진과학기술고교.이마트은평점 버스정류장,"정류소(버스,택시 등)",재활용쓰레기,37.5995053,126.9188164,11120590.0,응암1동,정상 지오코딩
2713,은평구,증산로 297,증산로 297 증산역 버스정류장(파리바게뜨 앞),"정류소(버스,택시 등)",일반쓰레기,37.5838223,126.9092374,11120670.0,증산동,정상 지오코딩
2714,은평구,증산로 297,증산로 297 증산역 버스정류장(파리바게뜨 앞),"정류소(버스,택시 등)",재활용쓰레기,37.5838223,126.9092374,11120670.0,증산동,정상 지오코딩
2715,은평구,통일로 835,통일로 835 우리은행 앞 (WELLMADE 앞),상가지역,일반쓰레기,37.6179058,126.9217236,11120580.0,대조동,정상 지오코딩
2716,은평구,통일로 835,통일로 835 우리은행 앞 (WELLMADE 앞),상가지역,재활용쓰레기,37.6179058,126.9217236,11120580.0,대조동,정상 지오코딩
2717,은평구,통일로 985,박석고개 신도고 버스정류장(중앙차로)(서울시 방면)(12-014),"정류소(버스,택시 등)",일반쓰레기,37.6358222,126.9164471,11120710.0,진관동,인근 도로명번지 추정(번지차 60)
2718,은평구,통일로 985,박석고개 신도고 버스정류장(중앙차로)(서울시 방면)(12-014),"정류소(버스,택시 등)",재활용쓰레기,37.6358222,126.9164471,11120710.0,진관동,인근 도로명번지 추정(번지차 60)
2719,은평구,증산로5길 35-27,증산체육공원 개방화장실 옆,공공시설,일반쓰레기,37.5841267,126.9028646,11120670.0,증산동,정상 지오코딩
2720,은평구,증산로5길 35-27,증산체육공원 개방화장실 옆,공공시설,재활용쓰레기,37.5841267,126.9028646,11120670.0,증산동,정상 지오코딩
2721,은평구,증산로5길 35-27,증산체육공원 축구장,공공시설,일반쓰레기,37.5841267,126.9028646,11120670.0,증산동,정상 지오코딩
2722,은평구,증산로5길 35-27,증산체육공원 축구장,공공시설,재활용쓰레기,37.5841267,126.9028646,11120670.0,증산동,정상 지오코딩
2723,은평구,증산로5길 35-27,증산체육공원 관리소,공공시설,일반쓰레기,37.5841267,126.9028646,11120670.0,증산동,정상 지오코딩
2724,은평구,증산로5길 35-27,증산체육공원 관리소,공공시설,재활용쓰레기,37.5841267,126.9028646,11120670.0,증산동,정상 지오코딩
2725,은평구,진관동 404-17,광역자원순환센터 체육시설,공공시설,일반쓰레기,37.6473065,126.9072623,11120710.0,진관동,정상 지오코딩
2726,은평구,진관동 404-17,광역자원순환센터 체육시설,공공시설,재활용쓰레기,37.6473065,126.9072623,11120710.0,진관동,정상 지오코딩
2727,은평구,진관동 404-17,광역자원순환센터 체육시설,공공시설,일반쓰레기,37.6473065,126.9072623,11120710.0,진관동,정상 지오코딩
2728,은평구,진관동 404-17,광역자원순환센터 체육시설,공공시설,재활용쓰레기,37.6473065,126.9072623,11120710.0,진관동,정상 지오코딩
2729,은평구,응암동 전통주 거리,꼬치야,상가지역,담배꽁초 수거함,37.5887116,126.9140859,11120730.0,응암3동,정상 지오코딩
2730,은평구,응암동 전통주 거리,온달집,상가지역,담배꽁초 수거함,37.5887116,126.9140859,11120730.0,응암3동,정상 지오코딩
2731,은평구,응암동 전통주 거리,짝태.노가리,상가지역,담배꽁초 수거함,37.5887116,126.9140859,11120730.0,응암3동,정상 지오코딩
2732,은평구,응암동 전통주 거리,알콜회관,상가지역,담배꽁초 수거함,37.5887116,126.9140859,11120730.0,응암3동,정상 지오코딩
2733,은평구,응암동 전통주 거리,냉삼창꼬,상가지역,담배꽁초 수거함,37.5887116,126.9140859,11120730.0,응암3동,정상 지오코딩
2734,은평구,응암동 전통주 거리,수빈네 새참,상가지역,담배꽁초 수거함,37.5887116,126.9140859,11120730.0,응암3동,정상 지오코딩
2735,은평구,응암동 전통주 거리,강화통통 생고기,상가지역,담배꽁초 수거함,37.5887116,126.9140859,11120730.0,응암3동,정상 지오코딩
2736,은평구,응암동 전통주 거리,하우돈곱창,상가지역,담배꽁초 수거함,37.5887116,126.9140859,11120730.0,응암3동,정상 지오코딩
2737,은평구,응암동 전통주 거리,가장맛있는족발 응암점,상가지역,담배꽁초 수거함,37.5887116,126.9140859,11120730.0,응암3동,정상 지오코딩
2738,은평구,응암동 전통주 거리,삼거리포차,상가지역,담배꽁초 수거함,37.5887116,126.9140859,11120730.0,응암3동,정상 지오코딩
2739,은평구,응암동 전통주 거리,금별맥주,상가지역,담배꽁초 수거함,37.5887116,126.9140859,11120730.0,응암3동,정상 지오코딩
2740,은평구,응암동 전통주 거리,호우양꼬치,상가지역,담배꽁초 수거함,37.5887116,126.9140859,11120730.0,응암3동,정상 지오코딩
2741,은평구,불광동 먹자골목,암사쪽갈비,상가지역,담배꽁초 수거함,37.6105347,126.9309587,11120520.0,불광1동,정상 지오코딩
2742,은평구,불광동 먹자골목,대호,상가지역,담배꽁초 수거함,37.6105347,126.9309587,11120520.0,불광1동,정상 지오코딩
2743,은평구,불광동 먹자골목,장충당 불광점,상가지역,담배꽁초 수거함,37.6105347,126.9309587,11120520.0,불광1동,정상 지오코딩
2744,은평구,불광동 먹자골목,한우리,상가지역,담배꽁초 수거함,37.6105347,126.9309587,11120520.0,불광1동,정상 지오코딩
2745,은평구,불광동 먹자골목,명가쌈밥,상가지역,담배꽁초 수거함,37.6105347,126.9309587,11120520.0,불광1동,정상 지오코딩
2746,은평구,불광동 먹자골목,형제갈비,상가지역,담배꽁초 수거함,37.6105347,126.9309587,11120520.0,불광1동,정상 지오코딩
2747,은평구,불광동 먹자골목,삼각산 도토리마을,상가지역,담배꽁초 수거함,37.6105347,126.9309587,11120520.0,불광1동,정상 지오코딩
2748,은평구,불광동 먹자골목,원조불광 순대국,상가지역,담배꽁초 수거함,37.6105347,126.9309587,11120520.0,불광1동,정상 지오코딩
2749,은평구,불광동 먹자골목,등촌샤브칼국수,상가지역,담배꽁초 수거함,37.6105347,126.9309587,11120520.0,불광1동,정상 지오코딩
2750,은평구,불광동 먹자골목,은하식당,상가지역,담배꽁초 수거함,37.6105347,126.9309587,11120520.0,불광1동,정상 지오코딩
2751,은평구,불광동 먹자골목,남극회관,상가지역,담배꽁초 수거함,37.6105347,126.9309587,11120520.0,불광1동,정상 지오코딩
2752,은평구,불광동 먹자골목,불광황소곱창구이,상가지역,담배꽁초 수거함,37.6105347,126.9309587,11120520.0,불광1동,정상 지오코딩
2753,은평구,불광동 먹자골목,목포세발낙지,상가지역,담배꽁초 수거함,37.6105347,126.9309587,11120520.0,불광1동,정상 지오코딩
2754,은평구,불광동 먹자골목,막걸리나 한사발,상가지역,담배꽁초 수거함,37.6105347,126.9309587,11120520.0,불광1동,정상 지오코딩
2755,은평구,불광동 먹자골목,박사아구,상가지역,담배꽁초 수거함,37.6105347,126.9309587,11120520.0,불광1동,정상 지오코딩
2756,은평구,불광동 먹자골목,고향삼합,상가지역,담배꽁초 수거함,37.6105347,126.9309587,11120520.0,불광1동,정상 지오코딩
2757,은평구,불광동 먹자골목,제일해장국,상가지역,담배꽁초 수거함,37.6105347,126.9309587,11120520.0,불광1동,정상 지오코딩
2758,은평구,불광동 먹자골목,해피오피스,상가지역,담배꽁초 수거함,37.6105347,126.9309587,11120520.0,불광1동,정상 지오코딩
2759,은평구,불광동 먹자골목,강남부대,상가지역,담배꽁초 수거함,37.6105347,126.9309587,11120520.0,불광1동,정상 지오코딩
2760,은평구,불광동 먹자골목,교동전선생,상가지역,담배꽁초 수거함,37.6105347,126.9309587,11120520.0,불광1동,정상 지오코딩
2761,은평구,불광동 먹자골목,족발야시장,상가지역,담배꽁초 수거함,37.6105347,126.9309587,11120520.0,불광1동,정상 지오코딩
2762,은평구,불광동 먹자골목,킹왕짱,상가지역,담배꽁초 수거함,37.6105347,126.9309587,11120520.0,불광1동,정상 지오코딩
2763,은평구,불광동 먹자골목,펀비어킹,상가지역,담배꽁초 수거함,37.6105347,126.9309587,11120520.0,불광1동,정상 지오코딩
2764,은평구,불광동 먹자골목,횟집 산이네,상가지역,담배꽁초 수거함,37.6105347,126.9309587,11120520.0,불광1동,정상 지오코딩
2765,은평구,불광동 먹자골목,매하,상가지역,담배꽁초 수거함,37.6105347,126.9309587,11120520.0,불광1동,정상 지오코딩
2766,은평구,불광동 먹자골목,골목라이브,상가지역,담배꽁초 수거함,37.6105347,126.9309587,11120520.0,불광1동,정상 지오코딩
2767,은평구,불광동 먹자골목,짝태노가리야,상가지역,담배꽁초 수거함,37.6105347,126.9309587,11120520.0,불광1동,정상 지오코딩
2768,은평구,불광동 먹자골목,쌩쌩라이브,상가지역,담배꽁초 수거함,37.6105347,126.9309587,11120520.0,불광1동,정상 지오코딩
2769,은평구,불광동 먹자골목,광동생태대구뽈찜,상가지역,담배꽁초 수거함,37.6105347,126.9309587,11120520.0,불광1동,정상 지오코딩
2770,은평구,불광동 먹자골목,설참치,상가지역,담배꽁초 수거함,37.6105347,126.9309587,11120520.0,불광1동,정상 지오코딩
2771,은평구,불광동 먹자골목,영심이네 오리불고기,상가지역,담배꽁초 수거함,37.6105347,126.9309587,11120520.0,불광1동,정상 지오코딩
2772,은평구,불광동 먹자골목,77년 곱도리식당,상가지역,담배꽁초 수거함,37.6105347,126.9309587,11120520.0,불광1동,정상 지오코딩
2773,은평구,불광동 먹자골목,풍년갈비,상가지역,담배꽁초 수거함,37.6105347,126.9309587,11120520.0,불광1동,정상 지오코딩
2774,은평구,불광동 먹자골목,대송,상가지역,담배꽁초 수거함,37.6105347,126.9309587,11120520.0,불광1동,정상 지오코딩
2775,은평구,불광동 먹자골목,발리다포차,상가지역,담배꽁초 수거함,37.6105347,126.9309587,11120520.0,불광1동,정상 지오코딩
2776,은평구,불광동 먹자골목,굿닭,상가지역,담배꽁초 수거함,37.6105347,126.9309587,11120520.0,불광1동,정상 지오코딩
2777,은평구,불광동 먹자골목,불광샌선구이찜,상가지역,담배꽁초 수거함,37.6105347,126.9309587,11120520.0,불광1동,정상 지오코딩
2778,은평구,불광동 먹자골목,묻지마관광,상가지역,담배꽁초 수거함,37.6105347,126.9309587,11120520.0,불광1동,정상 지오코딩
2779,은평구,진관3로 15-45,은평구 체육회,상가지역,담배꽁초 수거함,37.6442916,126.9161712,11120710.0,진관동,정상 지오코딩
2780,은평구,진관3로 15-45,은평구 체육회,상가지역,담배꽁초 수거함,37.6442916,126.9161712,11120710.0,진관동,정상 지오코딩
2781,은평구,진관3로 15-45,은평구 체육회,상가지역,담배꽁초 수거함,37.6442916,126.9161712,11120710.0,진관동,정상 지오코딩
2782,은평구,진관3로 15-45,은평구 체육회,상가지역,담배꽁초 수거함,37.6442916,126.9161712,11120710.0,진관동,정상 지오코딩
2783,은평구,진관3로 15-45,은평구 체육회,상가지역,담배꽁초 수거함,37.6442916,126.9161712,11120710.0,진관동,정상 지오코딩
2784,은평구,진관3로 15-45,은평구 체육회,상가지역,담배꽁초 수거함,37.6442916,126.9161712,11120710.0,진관동,정상 지오코딩
2785,은평구,진관3로 15-45,은평구 체육회,상가지역,담배꽁초 수거함,37.6442916,126.9161712,11120710.0,진관동,정상 지오코딩
2786,은평구,진관3로 15-45,은평구 체육회,상가지역,담배꽁초 수거함,37.6442916,126.9161712,11120710.0,진관동,정상 지오코딩
2787,은평구,진관3로 15-45,은평구 체육회,상가지역,담배꽁초 수거함,37.6442916,126.9161712,11120710.0,진관동,정상 지오코딩
2788,은평구,진관3로 15-45,은평구 체육회,상가지역,담배꽁초 수거함,37.6442916,126.9161712,11120710.0,진관동,정상 지오코딩
2789,은평구,서오릉로 185-1,은평구시설관리공단,상가지역,담배꽁초 수거함,37.6131769,126.9125158,11120570.0,구산동,인근 도로명번지 추정(번지차 2)
2790,은평구,진흥로 130,이가네 설렁탕,상가지역,담배꽁초 수거함,37.6075121,126.9246559,11120510.0,녹번동,정상 지오코딩
2791,은평구,증산동 238-4,증산 빗물펌프장 ,상가지역,담배꽁초 수거함,37.5780581,126.9029242,11120670.0,증산동,정상 지오코딩
2792,은평구,증산동 238-4,증산 빗물펌프장 ,상가지역,담배꽁초 수거함,37.5780581,126.9029242,11120670.0,증산동,정상 지오코딩
2793,은평구,응암로 288,자금성,상가지역,담배꽁초 수거함,37.5971742,126.9202346,11120600.0,응암2동,정상 지오코딩
2794,은평구,통일로 1053,은평환경플랜트,상가지역,담배꽁초 수거함,37.635912,126.9158224,11120710.0,진관동,정상 지오코딩
2795,은평구,통일로 1053,은평환경플랜트,상가지역,담배꽁초 수거함,37.635912,126.9158224,11120710.0,진관동,정상 지오코딩
2796,은평구,통일로 1053,은평환경플랜트,상가지역,담배꽁초 수거함,37.635912,126.9158224,11120710.0,진관동,정상 지오코딩
2797,은평구,통일로 1053,은평환경플랜트,상가지역,담배꽁초 수거함,37.635912,126.9158224,11120710.0,진관동,정상 지오코딩
2798,은평구,진관동 309-14,   카페309,상가지역,담배꽁초 수거함,37.6517304,126.9439814,11120710.0,진관동,정상 지오코딩
2799,은평구,연서로29길 20-25 1층,마장동고기집,상가지역,담배꽁초 수거함,37.6200957,126.9192558,11120550.0,갈현1동,정상 지오코딩
2800,은평구,연서로29길 14-15 ,북경양꼬치,상가지역,담배꽁초 수거함,37.6196875,126.9193866,11120550.0,갈현1동,정상 지오코딩
2801,은평구,연서로29길 11-11 1층,솥뚜껑삽겹살,상가지역,담배꽁초 수거함,37.6184416,126.9187172,11120560.0,갈현2동,정상 지오코딩
2802,은평구,연서로29길 20-15 1층,화포식당,상가지역,담배꽁초 수거함,37.6198673,126.9187019,11120550.0,갈현1동,정상 지오코딩
2803,은평구,연서로29길 20-18,자갈치물회,상가지역,담배꽁초 수거함,37.6197673,126.9190924,11120550.0,갈현1동,정상 지오코딩
2804,은평구,연서로29길 14-6 1층,금별맥주,상가지역,담배꽁초 수거함,37.6192293,126.9189777,11120550.0,갈현1동,정상 지오코딩
2805,은평구,연서로29길 14-12 1층,아우성황소곱창,상가지역,담배꽁초 수거함,37.6193281,126.9192272,11120550.0,갈현1동,정상 지오코딩
2806,은평구,연서로29길 14-16 1층,일미양꼬치,상가지역,담배꽁초 수거함,37.6194943,126.9194244,11120550.0,갈현1동,정상 지오코딩
2807,은평구,연서로29길 14-13,낭만양꼬치,상가지역,담배꽁초 수거함,37.6195826,126.9191676,11120550.0,갈현1동,정상 지오코딩
2808,은평구,연서로29길 14-14,이모네포차,상가지역,담배꽁초 수거함,37.6194362,126.9193005,11120550.0,갈현1동,정상 지오코딩
2809,은평구,연서로29길 14-18,삼대족발,상가지역,담배꽁초 수거함,37.6195716,126.9195504,11120550.0,갈현1동,정상 지오코딩
2810,은평구,연서로29길 10-2 1층,연서대패,상가지역,담배꽁초 수거함,37.6191639,126.9189106,11120550.0,갈현1동,정상 지오코딩
2811,은평구,연서로29길 7-13,우리소황소곱창,상가지역,담배꽁초 수거함,37.6183346,126.9191989,11120560.0,갈현2동,정상 지오코딩
2812,은평구,연서로29길 7-23,안동유진찜닭,상가지역,담배꽁초 수거함,37.6182003,126.9190871,11120560.0,갈현2동,정상 지오코딩
2813,은평구, 통일로 863-14 1층,단토리 연신내,상가지역,담배꽁초 수거함,37.6201065,126.919549,11120550.0,갈현1동,정상 지오코딩
2814,은평구,통일로 863-18,돌다리식당,상가지역,담배꽁초 수거함,37.6201993,126.9194989,11120550.0,갈현1동,정상 지오코딩
2815,은평구,연서로29길 20-11 1층,제일곱창,상가지역,담배꽁초 수거함,37.6197626,126.9185399,11120550.0,갈현1동,정상 지오코딩
2816,은평구,연서로29길 14-16 지하 1층,모찌,상가지역,담배꽁초 수거함,37.6194943,126.9194244,11120550.0,갈현1동,정상 지오코딩
2817,은평구,연서로29길 20-14 1층,귀한족발 연신내,상가지역,담배꽁초 수거함,37.6196444,126.9188985,11120550.0,갈현1동,정상 지오코딩
2818,은평구,통일로83길 6-10 우진빌딩,엉터리생고기 연신내점,상가지역,담배꽁초 수거함,37.621091,126.9193458,11120550.0,갈현1동,정상 지오코딩
2819,은평구,통일로83길 17-5 1층,구석집,상가지역,담배꽁초 수거함,37.6205216,126.9178943,11120550.0,갈현1동,정상 지오코딩
2820,은평구,통일로83길 6-8,감자탕형제들,상가지역,담배꽁초 수거함,37.6214029,126.919299,11120550.0,갈현1동,정상 지오코딩
2821,은평구,통일로83길 6 1층,부산아지매,상가지역,담배꽁초 수거함,37.621091,126.9193458,11120550.0,갈현1동,정상 지오코딩
2822,은평구,통일로83길 5-21 1층,양구손두부,상가지역,담배꽁초 수거함,37.6204265,126.9187189,11120550.0,갈현1동,정상 지오코딩
2823,은평구,통일로83길 6-29 유진빌딩 지하1층,연신내스크린골프,상가지역,담배꽁초 수거함,37.6214583,126.9188102,11120550.0,갈현1동,정상 지오코딩
2824,은평구,통일로83길 6-4 1층,석봉국수,상가지역,담배꽁초 수거함,37.6212506,126.9192545,11120550.0,갈현1동,정상 지오코딩
2825,은평구,통일로83길 5-11 1층,전주대감,상가지역,담배꽁초 수거함,37.6204463,126.9190351,11120550.0,갈현1동,정상 지오코딩
2826,은평구,통일로83길 6-16 1층,서울돈,상가지역,담배꽁초 수거함,37.6217718,126.9191303,11120550.0,갈현1동,정상 지오코딩
2827,은평구,통일로85길 5-1,하이오비,상가지역,담배꽁초 수거함,37.6219097,126.9191088,11120550.0,갈현1동,정상 지오코딩
2828,은평구,통일로83길 6-6,머거보까,상가지역,담배꽁초 수거함,37.621306,126.9193702,11120550.0,갈현1동,정상 지오코딩
2829,은평구,통일로83길 6-5 삼양빌딩,연신내회수산(삼양빌딩),상가지역,담배꽁초 수거함,37.621091,126.9193458,11120550.0,갈현1동,정상 지오코딩
2830,은평구,통일로85길 7-1 1층,와가야,상가지역,담배꽁초 수거함,37.6219523,126.9188144,11120550.0,갈현1동,정상 지오코딩
2831,은평구,통일로85길 6-6 1층,숯불민물장어,상가지역,담배꽁초 수거함,37.6223862,126.9190843,11120550.0,갈현1동,정상 지오코딩
2832,은평구,통일로 863-13,가장맛있는족발,상가지역,담배꽁초 수거함,37.6199482,126.9193184,11120550.0,갈현1동,정상 지오코딩
2833,은평구,갈현로36길 18-1,갈현갈비,상가지역,담배꽁초 수거함,37.6216288,126.9187855,11120550.0,갈현1동,정상 지오코딩
2834,은평구,통일로85길 6-5,숯돌삼겹,상가지역,담배꽁초 수거함,37.6224383,126.9188416,11120550.0,갈현1동,정상 지오코딩
2835,은평구,연서로29길 16,춘천명가닭갈비,상가지역,담배꽁초 수거함,37.6192594,126.9185435,11120550.0,갈현1동,정상 지오코딩
2836,은평구,연서로29길 20-23 2층,오름집,상가지역,담배꽁초 수거함,37.6200765,126.9191394,11120550.0,갈현1동,정상 지오코딩
2837,은평구,갈현로36길 20 승주빌딩,와우꼼장어,상가지역,담배꽁초 수거함,37.621655,126.9189126,11120550.0,갈현1동,정상 지오코딩
2838,은평구,갈현로36길 20 승주빌딩 2층,오광참치,상가지역,담배꽁초 수거함,37.621655,126.9189126,11120550.0,갈현1동,정상 지오코딩
2839,은평구,서울 은평구 통일로 915,금강산감자탕,상가지역,담배꽁초 수거함,37.6247627,126.9196982,11120550.0,갈현1동,정상 지오코딩
2840,은평구,통일로 83길 5-14,탐나도다 카페,상가지역,담배꽁초 수거함,37.6206386,126.9187564,11120550.0,갈현1동,정상 지오코딩
2841,은평구,연서로29길 22,수내닭꼬치,상가지역,담배꽁초 수거함,37.6195812,126.918066,11120550.0,갈현1동,정상 지오코딩
2842,은평구,연서로29길 20-13 1층,한신우동 연신내점,상가지역,담배꽁초 수거함,37.6197941,126.9186722,11120550.0,갈현1동,정상 지오코딩
2843,은평구,연서로29길 20-5 1층,김복남맥주,상가지역,담배꽁초 수거함,37.6196565,126.9182776,11120550.0,갈현1동,정상 지오코딩
2844,은평구,연서로27길 12-9 1층,골목집갈비살,상가지역,담배꽁초 수거함,37.6184234,126.9184628,11120560.0,갈현2동,정상 지오코딩
2845,은평구,연서로29길 8-3,보드람치킨,상가지역,담배꽁초 수거함,37.6190535,126.9194122,11120550.0,갈현1동,정상 지오코딩
2846,은평구,통일로85길 6,포촤로와(양푼이),상가지역,담배꽁초 수거함,37.6222304,126.9190667,11120550.0,갈현1동,정상 지오코딩
2847,은평구,통일로82길 15,홍가네사골곰탕,상가지역,담배꽁초 수거함,37.6213248,126.9202648,11120720.0,불광2동,정상 지오코딩
2848,은평구,갈현로36길 20,찌니네 마약통닭,상가지역,담배꽁초 수거함,37.621655,126.9189126,11120550.0,갈현1동,정상 지오코딩
2849,은평구,연서로17길 33 1층,제주흑돼지집,상가지역,담배꽁초 수거함,37.6135218,126.913829,11120560.0,갈현2동,정상 지오코딩
2850,은평구,연서로27길 8-8 1층,연어가게,상가지역,담배꽁초 수거함,37.6180938,126.9190226,11120560.0,갈현2동,정상 지오코딩
2851,은평구,연서로27길 20-17,로타리곱창타운,상가지역,담배꽁초 수거함,37.6189676,126.9176275,11120560.0,갈현2동,정상 지오코딩
2852,은평구,통일로83길 9 1층,꿀백,상가지역,담배꽁초 수거함,37.6208654,126.9189052,11120550.0,갈현1동,정상 지오코딩
2853,은평구,응암로13길 25-1,시카고,상가지역,담배꽁초 수거함,37.5887227,126.9145366,11120730.0,응암3동,정상 지오코딩
2854,은평구,응암로13길 22-1,펀비어킹,상가지역,담배꽁초 수거함,37.5890642,126.9147769,11120730.0,응암3동,정상 지오코딩
2855,은평구,응암로13길 7 1층,흥수갈비,상가지역,담배꽁초 수거함,37.589449,126.9164131,11120730.0,응암3동,정상 지오코딩
2856,은평구,"응암로11길 3, 2호",유화전,상가지역,담배꽁초 수거함,37.5882568,126.916272,11120730.0,응암3동,정상 지오코딩
2857,은평구,응암로11길 3,오비호프,상가지역,담배꽁초 수거함,37.5882568,126.916272,11120730.0,응암3동,정상 지오코딩
2858,은평구,응암로11길 16 1층1호,골든카츠,상가지역,담배꽁초 수거함,37.5889845,126.9153073,11120730.0,응암3동,정상 지오코딩
2859,은평구,응암로11길 16,상구네 솥뚜껑삽결살,상가지역,담배꽁초 수거함,37.5889845,126.9153073,11120730.0,응암3동,정상 지오코딩
2860,은평구,응암로 599-32,귀한족발,상가지역,담배꽁초 수거함,37.6196666,126.9188756,11120550.0,갈현1동,API 재시도-키워드검색-세부위치
2861,은평구,응암로 11-8,김제매운탕(안창토시살),상가지역,담배꽁초 수거함,37.5882094,126.9165173,11120730.0,응암3동,인근 도로명번지 추정(번지차 170)
2862,은평구,응암로9길 6 1층 101호,빈티지비어,상가지역,담배꽁초 수거함,37.5876704,126.9158589,11120730.0,응암3동,정상 지오코딩
2863,은평구,응암로11길 11,응암식당(백빨삼촌),상가지역,담배꽁초 수거함,37.5885739,126.9153957,11120730.0,응암3동,정상 지오코딩
2864,은평구,가좌로9길 15 1층,교동짬뽕,상가지역,담배꽁초 수거함,37.5897184,126.9152703,11120730.0,응암3동,정상 지오코딩
2865,은평구,응암로9길 3,김영희아구찜,상가지역,담배꽁초 수거함,37.5873224,126.9159982,11120730.0,응암3동,정상 지오코딩
2866,은평구,응암로11길 5,누나홀닭 응암오거리점,상가지역,담배꽁초 수거함,37.588312,126.9159961,11120730.0,응암3동,정상 지오코딩
2867,은평구,응암로9길 22,금순이,상가지역,담배꽁초 수거함,37.5878466,126.9140608,11120730.0,응암3동,정상 지오코딩
2868,은평구,응암로9길 20,응암뚱돼지,상가지역,담배꽁초 수거함,37.5878164,126.9142677,11120730.0,응암3동,정상 지오코딩
2869,은평구,응암로11길 3,광장포차,상가지역,담배꽁초 수거함,37.5882568,126.916272,11120730.0,응암3동,정상 지오코딩
2870,은평구,가좌로 247,장충왕족발,상가지역,담배꽁초 수거함,37.5912681,126.9154137,11120730.0,응암3동,정상 지오코딩
2871,은평구,응암로11길 3,장군노래방,상가지역,담배꽁초 수거함,37.5882568,126.916272,11120730.0,응암3동,정상 지오코딩
2872,은평구,가좌로255(응암동 585-50),축산정육식당,상가지역,담배꽁초 수거함,37.5917427,126.9147426,11120730.0,응암3동,정상 지오코딩
2873,은평구,응암로13길 18 1층,인생감성술집,상가지역,담배꽁초 수거함,37.589257,126.9152502,11120730.0,응암3동,정상 지오코딩
2874,은평구,불광천길 304,오대감명품갈비,상가지역,담배꽁초 수거함,37.5876443,126.9138223,11120730.0,응암3동,정상 지오코딩
2875,은평구,가좌로 232 1층,이조숯불갈비,상가지역,담배꽁초 수거함,37.5905872,126.9169378,11120730.0,응암3동,정상 지오코딩
2876,은평구,응암로21길 22 1층,아우내순대,상가지역,담배꽁초 수거함,37.59441,126.9157262,11120730.0,응암3동,정상 지오코딩
2877,은평구,응암로21길 13,행운오리,상가지역,담배꽁초 수거함,37.59402,126.916465,11120730.0,응암3동,정상 지오코딩
2878,은평구,응암로21길 5-1,응암생고기,상가지역,담배꽁초 수거함,37.5938856,126.9171722,11120730.0,응암3동,정상 지오코딩
2879,은평구,응암로21길 8,윤사부치킨,상가지역,담배꽁초 수거함,37.594154,126.9171737,11120730.0,응암3동,정상 지오코딩
2880,은평구,응암로21길 5-1,백련냉삼집,상가지역,담배꽁초 수거함,37.5938856,126.9171722,11120730.0,응암3동,정상 지오코딩
2881,은평구,응암로21길 18-1,응암칼국수,상가지역,담배꽁초 수거함,37.5943508,126.9158775,11120730.0,응암3동,정상 지오코딩
2882,은평구,응암로352 1층,몽뵈르,상가지역,담배꽁초 수거함,37.6025112,126.9227449,11120510.0,녹번동,정상 지오코딩
2883,은평구,진흥로 50-8,BHC은평이마트점,상가지역,담배꽁초 수거함,37.6010886,126.9206381,11120590.0,응암1동,정상 지오코딩
2884,은평구,갈현로 39-1,화로상회 응암점,상가지역,담배꽁초 수거함,37.6014595,126.9101144,11120650.0,신사1동,정상 지오코딩
2885,은평구,은평로13길 11-9,스시소부,상가지역,담배꽁초 수거함,37.6020325,126.925052,11120590.0,응암1동,정상 지오코딩
2886,은평구,응암로9길 18,맛지고 응암,상가지역,담배꽁초 수거함,37.5877437,126.9146136,11120730.0,응암3동,정상 지오코딩
2887,은평구,응암로 269,벙구갈비,상가지역,담배꽁초 수거함,37.5960088,126.9187711,11120730.0,응암3동,정상 지오코딩
2888,은평구,응암로 283,큰맘할매순대국,상가지역,담배꽁초 수거함,37.5969805,126.9195725,11120590.0,응암1동,정상 지오코딩
2889,은평구,응암로 307-1,만진루,상가지역,담배꽁초 수거함,37.5990995,126.9208831,11120590.0,응암1동,정상 지오코딩
2890,은평구,응암로 311,태성골뱅이,상가지역,담배꽁초 수거함,37.5992011,126.9211585,11120590.0,응암1동,정상 지오코딩
2891,은평구,응암로 319 1층,고기싸롱 응암점,상가지역,담배꽁초 수거함,37.5997109,126.9214509,11120590.0,응암1동,정상 지오코딩
2892,은평구,응암로 230,명품코다리조림,상가지역,담배꽁초 수거함,37.5924469,126.9179784,11120600.0,응암2동,정상 지오코딩
2893,은평구,응암로 250,제주하루방,상가지역,담배꽁초 수거함,37.5941416,126.9183944,11120600.0,응암2동,정상 지오코딩
2894,은평구,응암로 286,황금숯불구이,상가지역,담배꽁초 수거함,37.5969833,126.9200633,11120600.0,응암2동,정상 지오코딩
2895,은평구,응암로 310,이복례아구찜,상가지역,담배꽁초 수거함,37.5988873,126.9215031,11120590.0,응암1동,정상 지오코딩
2896,은평구,응암로 347,로하스텔,상가지역,담배꽁초 수거함,37.6022056,126.9221947,11120510.0,녹번동,정상 지오코딩
2897,은평구,응암로9길 24 1층,알키미스타,상가지역,담배꽁초 수거함,37.5878531,126.9138939,11120730.0,응암3동,정상 지오코딩
2898,은평구,역말로 133 1층 좌1호,60계 치킨 서울대조점,상가지역,담배꽁초 수거함,37.6109326,126.9215801,11120580.0,대조동,정상 지오코딩
2899,은평구,진흥로 167,홍어마을,상가지역,담배꽁초 수거함,37.6088402,126.9283121,11120580.0,대조동,정상 지오코딩
2900,은평구,서오릉로 110,우시장정육식당 은평직영점,상가지역,담배꽁초 수거함,37.6098111,126.9201075,11120580.0,대조동,정상 지오코딩
2901,은평구,연서로 154,망향비빔국수 구산역점,상가지역,담배꽁초 수거함,37.6126519,126.9178311,11120580.0,대조동,정상 지오코딩
2902,은평구,서오릉로 106,역말리 순대국밥,상가지역,담배꽁초 수거함,37.6095021,126.9204213,11120580.0,대조동,정상 지오코딩
2903,은평구,통일로65길 26 1층 101호,대박집,상가지역,담배꽁초 수거함,37.6090353,126.9281991,11120580.0,대조동,정상 지오코딩
2904,은평구,통일로65길 17-1,라왕푸마라탕,상가지역,담배꽁초 수거함,37.6088944,126.9288113,11120580.0,대조동,정상 지오코딩
2905,은평구,통일로65길 20-2,불타는고기,상가지역,담배꽁초 수거함,37.6090558,126.9286168,11120580.0,대조동,정상 지오코딩
2906,은평구,통일로65길 20,진뚝도리,상가지역,담배꽁초 수거함,37.609067,126.9287572,11120580.0,대조동,정상 지오코딩
2907,은평구,통일로65길 24,티파니모텔,상가지역,담배꽁초 수거함,37.6090227,126.9283607,11120580.0,대조동,정상 지오코딩
2908,은평구,통일로65길 10-1,치킨영토,상가지역,담배꽁초 수거함,37.6091158,126.9297398,11120580.0,대조동,정상 지오코딩
2909,은평구,통일로65길 12,대박삼겹살,상가지역,담배꽁초 수거함,37.609099,126.9296268,11120580.0,대조동,정상 지오코딩
2910,은평구,통일로65길 11 1층,이마트24 불광역점,상가지역,담배꽁초 수거함,37.6089317,126.9297005,11120580.0,대조동,정상 지오코딩
2911,은평구,통일로65길 17-1,A.M.O,상가지역,담배꽁초 수거함,37.6088944,126.9288113,11120580.0,대조동,정상 지오코딩
2912,은평구,통일로65길 18,짱호프,상가지역,담배꽁초 수거함,37.6090758,126.9289136,11120580.0,대조동,정상 지오코딩
2913,은평구,통일로65길 3 1층,줌마비어포차,상가지역,담배꽁초 수거함,37.6089535,126.9305364,11120580.0,대조동,정상 지오코딩
2914,은평구,통일로 715-9,엉터리숯불꼼장어,상가지역,담배꽁초 수거함,37.6097376,126.9296653,11120580.0,대조동,정상 지오코딩
2915,은평구,통일로 715-10 1층,투다리 불광점,상가지역,담배꽁초 수거함,37.6099324,126.9297048,11120580.0,대조동,정상 지오코딩
2916,은평구,통일로 715-12 1층,불광식껍,상가지역,담배꽁초 수거함,37.609964,126.9295594,11120580.0,대조동,정상 지오코딩
2917,은평구,연서로 198-1,평화슈퍼,상가지역,담배꽁초 수거함,37.6163039,126.9190145,11120580.0,대조동,정상 지오코딩
2918,은평구,연서로24길 1 1층,삼대전집,상가지역,담배꽁초 수거함,37.6164131,126.9192222,11120580.0,대조동,정상 지오코딩
2919,은평구,연서로 200,하남돼지집 연신내점,상가지역,담배꽁초 수거함,37.6164594,126.9191551,11120580.0,대조동,정상 지오코딩
2920,은평구,통일로65길 12-2,삼일해물찜아구찜,상가지역,담배꽁초 수거함,37.6092415,126.9296705,11120580.0,대조동,정상 지오코딩
2921,은평구,통일로65길 10-8,삼정족발,상가지역,담배꽁초 수거함,37.6096873,126.9298988,11120580.0,대조동,정상 지오코딩
2922,은평구,통일로 715-10,소문,상가지역,담배꽁초 수거함,37.6099324,126.9297048,11120580.0,대조동,정상 지오코딩
2923,은평구,진흥로161-1,불광대박곱창,상가지역,담배꽁초 수거함,37.6090539,126.927743,11120580.0,대조동,정상 지오코딩
2924,은평구,진흥로 153 1층,신의주찹쌀순대 불광점,상가지역,담배꽁초 수거함,37.6091118,126.9264355,11120580.0,대조동,정상 지오코딩
2925,은평구,진흥로 153-4,대조골목집,상가지역,담배꽁초 수거함,37.6093207,126.9266692,11120580.0,대조동,정상 지오코딩
2926,은평구,진흥로 145 1층,불광맛집,상가지역,담배꽁초 수거함,37.6086321,126.9257561,11120580.0,대조동,정상 지오코딩
2927,은평구,진흥로 113,황부자순대국,상가지역,담배꽁초 수거함,37.6069592,126.9229891,11120580.0,대조동,정상 지오코딩
2928,은평구,진흥로 111,고기로와,상가지역,담배꽁초 수거함,37.6067427,126.9228583,11120580.0,대조동,정상 지오코딩
2929,은평구,진흥로 27,역전할머니맥주,상가지역,담배꽁초 수거함,37.6004819,126.9184347,11120740.0,역촌동,정상 지오코딩
2930,은평구,통일로65길 6,3S 호텔,상가지역,담배꽁초 수거함,37.6091753,126.930199,11120580.0,대조동,정상 지오코딩
2931,은평구,불광로 40,약속커피숍,상가지역,담배꽁초 수거함,37.6111031,126.9303459,11120520.0,불광1동,정상 지오코딩
2932,은평구,연서로34길 18,뻥구식당,상가지역,담배꽁초 수거함,37.6211308,126.9283605,11120520.0,불광1동,정상 지오코딩
2933,은평구,진관2로 12 메이플카운티2차 101호,선조네우렁쌈밥,상가지역,담배꽁초 수거함,37.6342576,126.918551,11120710.0,진관동,정상 지오코딩
2934,은평구,서울특별시 은평구 진관1로 21-35,한라맥주 구파발점,상가지역,담배꽁초 수거함,37.6335642,126.91864,11120710.0,진관동,API 재시도-주소검색-원본
2935,은평구,북한산로 271-3 1층,다담에뜰,상가지역,담배꽁초 수거함,37.654774,126.9389615,11120710.0,진관동,정상 지오코딩
2936,은평구,북한산로 271-3 1층,㈜더불어숲[북한산 큰 숲 제빵소],상가지역,담배꽁초 수거함,37.654774,126.9389615,11120710.0,진관동,정상 지오코딩
2937,은평구,갈현로 39-1,영암식당,상가지역,담배꽁초 수거함,37.6014595,126.9101144,11120650.0,신사1동,정상 지오코딩
2938,은평구,은평로 22,킹콩부대찌개 은평신사,상가지역,담배꽁초 수거함,37.5977485,126.9105508,11120650.0,신사1동,정상 지오코딩
2939,은평구,은평로 39,소고집,상가지역,담배꽁초 수거함,37.598558,126.9123687,11120650.0,신사1동,정상 지오코딩
2940,은평구,은평로 37,늘콩,상가지역,담배꽁초 수거함,37.5985003,126.9121151,11120650.0,신사1동,정상 지오코딩
2941,은평구,은평로 37,가마치통닭 응암점,상가지역,담배꽁초 수거함,37.5985003,126.9121151,11120650.0,신사1동,정상 지오코딩
2942,은평구,은평로 22 1층,교촌치킨 신사1동,상가지역,담배꽁초 수거함,37.5977485,126.9105508,11120650.0,신사1동,정상 지오코딩
2943,은평구,서울특별시 은평구 수색로 282,엘지수색전자,상가지역,담배꽁초 수거함,37.5836461,126.8934338,11120680.0,수색동,API 재시도-주소검색-원본
2944,은평구,가좌로319 1층,신사통닭,상가지역,담배꽁초 수거함,37.5958774,126.9094825,11120660.0,신사2동,정상 지오코딩
2945,은평구,가좌로319 1층 103호,착한양,상가지역,담배꽁초 수거함,37.5958774,126.9094825,11120660.0,신사2동,정상 지오코딩
2946,은평구,가좌로 271 1층,요거프레소 새절역점,상가지역,담배꽁초 수거함,37.5928478,126.9134169,11120660.0,신사2동,정상 지오코딩
2947,은평구,은평터널로 149,베베또,상가지역,담배꽁초 수거함,37.5925418,126.9065893,11120660.0,신사2동,정상 지오코딩
2948,은평구,진흥로 120,무지개식당,상가지역,담배꽁초 수거함,37.6070588,126.9237241,11120510.0,녹번동,정상 지오코딩
2949,은평구,진흥로 130,이가네설렁탕,상가지역,담배꽁초 수거함,37.6075121,126.9246559,11120510.0,녹번동,정상 지오코딩
2950,은평구,응암로 366,대희마트,상가지역,담배꽁초 수거함,37.6040535,126.9229193,11120510.0,녹번동,정상 지오코딩
2951,은평구,응암로 343,서부청기와감자탕,상가지역,담배꽁초 수거함,37.6017364,126.9221949,11120510.0,녹번동,정상 지오코딩
2952,은평구,은평로9길 30,옛날옛적에,상가지역,담배꽁초 수거함,37.6028407,126.9220287,11120510.0,녹번동,정상 지오코딩
2953,은평구,응암로 369-1,장수순대국,상가지역,담배꽁초 수거함,37.6042771,126.9223683,11120510.0,녹번동,정상 지오코딩
2954,은평구,진흥로 75,역촌기사식당,상가지역,담배꽁초 수거함,37.6036689,126.9212492,11120740.0,역촌동,정상 지오코딩
2955,은평구,진흥로 33,장충당 역촌점,상가지역,담배꽁초 수거함,37.6006453,126.9191021,11120740.0,역촌동,정상 지오코딩
2956,은평구,진흥로 17,새마을식당,상가지역,담배꽁초 수거함,37.6001306,126.9174173,11120740.0,역촌동,정상 지오코딩
2957,은평구,연서로 124,화닭,상가지역,담배꽁초 수거함,37.6097712,126.9168284,11120740.0,역촌동,정상 지오코딩
2958,은평구,서오릉로 127 1층,은평정육식당,상가지역,담배꽁초 수거함,37.6103657,126.9183085,11120740.0,역촌동,정상 지오코딩
2959,은평구,갈현로 73,역촌삼겹,상가지역,담배꽁초 수거함,37.60437,126.9102771,11120740.0,역촌동,정상 지오코딩
2960,은평구,역말로6길 2 ,육미집,상가지역,담배꽁초 수거함,37.6055168,126.914368,11120740.0,역촌동,정상 지오코딩
2961,은평구,역말로 34,한라똥돼지,상가지역,담배꽁초 수거함,37.6056262,126.9140111,11120740.0,역촌동,정상 지오코딩
2962,은평구,역말로 32,맛지고 역촌,상가지역,담배꽁초 수거함,37.6055485,126.9138378,11120740.0,역촌동,정상 지오코딩
2963,은평구,진흥로 51 1층,호우동,상가지역,담배꽁초 수거함,37.6017655,126.9202785,11120740.0,역촌동,정상 지오코딩
2964,은평구,진흥로1길 58 1층 물닭갈비,기가막힌 물닭갈비,상가지역,담배꽁초 수거함,37.6055725,126.9183368,11120740.0,역촌동,정상 지오코딩
2965,은평구,진흥로 73,프로방스,상가지역,담배꽁초 수거함,37.6035468,126.9211716,11120740.0,역촌동,정상 지오코딩
2966,서대문구,서울특별시 서대문구 통일로 544,통일로 버스정류장(13-122),정류소(버스 가로변),일반쓰레기,37.596252,126.9395563,11130660.0,홍은1동,API 재시도-주소검색-원본
2967,서대문구,통일로357,통일로357 (무악재역4번출구),지하철역 입구,일반쓰레기,37.5819852,126.9498212,11130620.0,홍제1동,정상 지오코딩
2968,서대문구,통일로279,통일로279 (대한노인회),도로변(횡단보도 포함),재활용쓰레기,37.58208,126.9507583,11130650.0,홍제2동,인근 도로명번지 추정(번지차 75)
2969,서대문구,통일로)현저동 101,통일로 버스정류장(13-250),정류소(버스 가로변),재활용쓰레기,37.5750638,126.9511948,11130520.0,천연동,정상 지오코딩
2970,서대문구,통일로 81,충현동 통일로81,도로변(횡단보도 포함),일반쓰레기,37.5623619,126.9686005,11130730.0,충현동,정상 지오코딩
2971,서대문구,통일로81,통일로81 동북아역사재단,도로변(횡단보도 포함),일반쓰레기,37.5623619,126.9686005,11130730.0,충현동,정상 지오코딩
2972,서대문구,통일로81,통일로81 동북아역사재단,도로변(횡단보도 포함),재활용쓰레기,37.5623619,126.9686005,11130730.0,충현동,정상 지오코딩
2973,서대문구,통일로354,홍제2동 통일로354 (무악재역 2번출구),지하철역 입구,재활용쓰레기,37.58208,126.9507583,11130650.0,홍제2동,정상 지오코딩
2974,서대문구,통일로 478,홍제3동 통일로 478,도로변(횡단보도 포함),일반쓰레기,37.5908933,126.9422932,11130640.0,홍제3동,정상 지오코딩
2975,서대문구,통일로 127,통일로127(충정로2가),도로변(횡단보도 포함),일반쓰레기,37.5658567,126.9659989,11130730.0,충현동,정상 지오코딩
2976,서대문구,통일로 139,통일로139(냉천동),도로변(횡단보도 포함),일반쓰레기,37.566776,126.965374,11130520.0,천연동,정상 지오코딩
2977,서대문구,통일로 423-1,통일로423-1(홍제동),도로변(횡단보도 포함),일반쓰레기,37.5870055,126.945868,11130620.0,홍제1동,정상 지오코딩
2978,서대문구,세검정로,세검정로 버스정류장(13-164),정류소(버스 가로변),일반쓰레기,37.5966431,126.9494287,11130640.0,홍제3동,정상 지오코딩
2979,서대문구,세검정로 134,세검정로134 유원하나아파트,도로변(횡단보도 포함),일반쓰레기,37.5946785,126.951912,11130640.0,홍제3동,정상 지오코딩
2980,서대문구,세검정로 71,홍은사회복지관별관(13-541),정류소(버스 가로변),일반쓰레기,37.5941583,126.9478899,11130640.0,홍제3동,API 재시도-주소검색-원본 (동이름 기준 재매핑)
2981,서대문구,서울특별시 서대문구 세검정로 134,유원하나아파트(13-170),정류소(버스 가로변),일반쓰레기,37.5946785,126.951912,11130640.0,홍제3동,API 재시도-주소검색-원본 (동이름 기준 재매핑)
2982,서대문구,서울특별시 서대문구 세검정로 134,유원하나아파트(13-171),정류소(버스 가로변),일반쓰레기,37.5946785,126.951912,11130640.0,홍제3동,API 재시도-주소검색-원본 (동이름 기준 재매핑)
2983,서대문구,서울특별시 종로구 세검정로 212,홍지문(13-173),정류소(버스 가로변),일반쓰레기,37.5987944,126.9566408,11130640.0,홍제3동,API 재시도-키워드검색-세부위치 (동이름 기준 재매핑)
2984,서대문구,서울특별시 서대문구 간호대로 38 서울여자간호대학,서울여자간호대학교.홍은초등학교(13-168),정류소(버스 가로변),일반쓰레기,37.5976777,126.9475934,11130640.0,홍제3동,API 재시도-주소검색-원본 (동이름 기준 재매핑)
2985,서대문구,서울특별시 서대문구 간호대로 38 서울여자간호대학,서울여자간호대학교.홍은초등학교(13-169),정류소(버스 가로변),일반쓰레기,37.5976777,126.9475934,11130640.0,홍제3동,API 재시도-주소검색-원본 (동이름 기준 재매핑)
2986,서대문구,서울특별시 서대문구 문화촌길 6-24,문화촌현대아파트(13-167),정류소(버스 가로변),일반쓰레기,37.5914268,126.9494609,11130640.0,홍제3동,API 재시도-주소검색-원본 (동이름 기준 재매핑)
2987,서대문구,서울특별시 서대문구 통일로 484,유진상가(13-165),정류소(버스 가로변),일반쓰레기,37.5915743,126.943076,11130660.0,홍은1동,API 재시도-주소검색-원본
2988,서대문구,서울특별시 서대문구 연희로 377,홍은현대아파트(13-163),정류소(버스 가로변),일반쓰레기,37.5910066,126.9393203,11130680.0,홍은2동,API 재시도-주소검색-원본
2989,서대문구,서울특별시 서대문구 연희로 271,홍은2동 연희로271-1,도로변(횡단보도 포함),일반쓰레기,37.5791546,126.9367592,11130760.0,연희동,인근 도로명번지 추정(번지차 23)
2990,서대문구,서울특별시 서대문구 연희로 272,동신병원.홍제폭포(13-158),정류소(버스 가로변),재활용쓰레기,37.5811061,126.9365833,11130680.0,홍은2동,API 재시도-주소검색-원본
2991,서대문구,연희로247,연희동 연희로247,도로변(횡단보도 포함),일반쓰레기,37.5791549,126.9358159,11130760.0,연희동,정상 지오코딩
2992,서대문구,서울 서대문구 연희로 176,한성화교중고교.서대문소방서(13-153),정류소(버스 가로변),일반쓰레기,37.5715036,126.9383783,11130760.0,연희동,API 재시도-주소검색-원본
2993,서대문구,연희로125,연희동 연희로125,도로변(횡단보도 포함),일반쓰레기,37.568995,126.9322974,11130760.0,연희동,정상 지오코딩
2994,서대문구,연희로113,연희3거리(13-151),"정류소(버스,택시 등)",일반쓰레기,37.5680426,126.9315423,11130760.0,연희동,정상 지오코딩
2995,서대문구,연희동 78-31(연희로),연희교차로(13-149),정류소(버스 가로변),일반쓰레기,37.5729079,126.935433,11130760.0,연희동,정상 지오코딩
2996,서대문구,연희동226-32(연희로),연희동대우아파트(13-147),정류소(버스 가로변),일반쓰레기,37.5624435,126.9277432,11140710.0,연남동,정상 지오코딩
2997,서대문구,연희동79-24(연희로),한성화교중고교.서대문소방서(13-152),정류소(버스 가로변),일반쓰레기,37.572369,126.9355848,11130760.0,연희동,정상 지오코딩
2998,서대문구,연희동700(연희로),서대문자연사박물관입구(13-154),정류소(버스 가로변),일반쓰레기,37.5754418,126.9362964,11130760.0,연희동,정상 지오코딩
2999,서대문구,연희동169-1(연희로),서대문구청.보건소.구의회(13-156),정류소(버스 가로변),일반쓰레기,37.5784812,126.9359574,11130760.0,연희동,정상 지오코딩
3000,서대문구,연희로248,연희동 연희로248 서대문구청,도로변(횡단보도 포함),일반쓰레기,37.5791546,126.9367592,11130760.0,연희동,정상 지오코딩
3001,서대문구,서울특별시 서대문구 연희로 262-37,서대문보건소별관.홍제폭포(13-159),정류소(버스 가로변),일반쓰레기,37.5818438,126.9367669,11130680.0,홍은2동,API 재시도-주소검색-원본
3002,서대문구,홍은동 산 11-76(연희로),정원여중(13-160),정류소(버스 가로변),일반쓰레기,37.5841566,126.9356746,11130680.0,홍은2동,정상 지오코딩
3003,서대문구,홍은동 산 11-71(연희로),정원여중.스위트그랜드호텔(13-161),정류소(버스 가로변),일반쓰레기,37.5879073,126.9354606,11130680.0,홍은2동,정상 지오코딩
3004,서대문구,홍은동 202-6(연희로),홍은현대아파트.스위트그랜드호텔(13-162),정류소(버스 가로변),일반쓰레기,37.5888584,126.936654,11130680.0,홍은2동,정상 지오코딩
3005,서대문구,충정로2가191,충정로2가191(국민은행),도로변(횡단보도 포함),일반쓰레기,37.5636851,126.9645876,11130730.0,충현동,정상 지오코딩
3006,서대문구,충정로77,충정로77,도로변(횡단보도 포함),일반쓰레기,37.5655104,126.965979,11130730.0,충현동,정상 지오코딩
3007,서대문구,충정로3가 189,미동초등학교(13-240),"정류소(버스,택시 등)",일반쓰레기,37.5631895,126.9643782,11130730.0,충현동,정상 지오코딩
3008,서대문구,북아현동 221-7(신촌로),웨딩타운(13-617),정류소(버스 가로변),일반쓰레기,37.5574488,126.951459,11130740.0,북아현동,정상 지오코딩
3009,서대문구,창천동 516(신촌로),동교동삼거리(13-019),정류소(버스 중앙차로),재활용쓰레기,37.5587949,126.9269674,11130750.0,신촌동,정상 지오코딩
3010,서대문구,창천동 30-16(신촌로),신촌오거리.2호선신촌역(13-023),정류소(버스 중앙차로),일반쓰레기,37.5561804,126.9398968,11130750.0,신촌동,정상 지오코딩
3011,서대문구,창천동 30-16(신촌로),신촌오거리.2호선신촌역(13-023),정류소(버스 중앙차로),재활용쓰레기,37.5561804,126.9398968,11130750.0,신촌동,정상 지오코딩
3012,서대문구, 신촌로 123(신촌로),신촌역2호선(13-142),"정류소(버스,택시 등)",재활용쓰레기,37.5562126,126.9396405,11130750.0,신촌동,정상 지오코딩
3013,서대문구, 신촌로 123(신촌로),신촌역2호선(13-142),"정류소(버스,택시 등)",재활용쓰레기,37.5562126,126.9396405,11130750.0,신촌동,정상 지오코딩
3014,서대문구,창천동 29-78(신촌로),CGV신촌아트레온(13-793),정류소(버스 가로변),재활용쓰레기,37.5558988,126.9386353,11130750.0,신촌동,정상 지오코딩
3015,서대문구,창천동 29-78(신촌로),CGV신촌아트레온(13-793),정류소(버스 가로변),재활용쓰레기,37.5558988,126.9386353,11130750.0,신촌동,정상 지오코딩
3016,서대문구,신촌로129-2,신촌동 신촌로129-2 거리노점 부근,도로변(횡단보도 포함),일반쓰레기,37.5563466,126.9403026,11130750.0,신촌동,정상 지오코딩
3017,서대문구,신촌로129-2,신촌동 신촌로129-2 거리노점 부근,도로변(횡단보도 포함),재활용쓰레기,37.5563466,126.9403026,11130750.0,신촌동,정상 지오코딩
3018,서대문구,신촌로73,신촌동 신촌로73,도로변(횡단보도 포함),일반쓰레기,37.5563071,126.9345204,11130750.0,신촌동,정상 지오코딩
3019,서대문구,신촌로55-2,신촌동 신촌로55-2,도로변(횡단보도 포함),일반쓰레기,37.5568761,126.932749,11130750.0,신촌동,정상 지오코딩
3020,서대문구,신촌로21,신촌동 신촌로21,도로변(횡단보도 포함),일반쓰레기,37.5580628,126.9292832,11130750.0,신촌동,정상 지오코딩
3021,서대문구,신촌로1,신촌동 신촌로1,도로변(횡단보도 포함),일반쓰레기,37.558874,126.9273951,11130750.0,신촌동,정상 지오코딩
3022,서대문구,대현동 60-11(신촌로),이대역(13-025),정류소(버스 중앙차로),일반쓰레기,37.5578915,126.9428141,11130750.0,신촌동,정상 지오코딩
3023,서대문구,대현동 60-11(신촌로),신촌로 버스정류장(13-061),"정류소(버스,택시 등)",일반쓰레기,37.5578915,126.9428141,11130750.0,신촌동,정상 지오코딩
3024,서대문구,창천동 30-17(신촌로),신촌오거리.현대백화점(13-021),정류소(버스 중앙차로),일반쓰레기,37.5562193,126.9340505,11130750.0,신촌동,정상 지오코딩
3025,서대문구,연희동 92-23(증가로),증가로 버스정류장(13-222),정류소(버스 가로변),일반쓰레기,37.5696817,126.9312471,11130760.0,연희동,정상 지오코딩
3026,서대문구,남가좌동 224-304(증가로),증가로 버스정류장(13-233),정류소(버스 가로변),일반쓰레기,37.5786648,126.9184435,11130700.0,남가좌2동,정상 지오코딩
3027,서대문구,남가좌동 224-33(증가로),증가로 버스정류장(13-232),정류소(버스 가로변),재활용쓰레기,37.5791312,126.9175443,11130700.0,남가좌2동,정상 지오코딩
3028,서대문구,남가좌동 224-33(증가로),증가로 버스정류장(13-232),정류소(버스 가로변),일반쓰레기,37.5791312,126.9175443,11130700.0,남가좌2동,정상 지오코딩
3029,서대문구,홍은동 422-3(가좌로),가좌로 버스정류장(13-258),정류소(버스 가로변),일반쓰레기,37.5801744,126.9282515,11130680.0,홍은2동,정상 지오코딩
3030,서대문구,거북골로23,거북골로23,도로변(횡단보도 포함),일반쓰레기,37.5800094,126.9248488,11130700.0,남가좌2동,정상 지오코딩
3031,서대문구,거북골로23,거북골로23,도로변(횡단보도 포함),재활용쓰레기,37.5800094,126.9248488,11130700.0,남가좌2동,정상 지오코딩
3032,서대문구,남가좌동 318-2(거북골로),거북골로 버스정류장(13-194),정류소(버스 가로변),일반쓰레기,37.579558,126.9239648,11130700.0,남가좌2동,정상 지오코딩
3033,서대문구,남가좌동 318-2(거북골로),거북골로 버스정류장(13-194),정류소(버스 가로변),재활용쓰레기,37.579558,126.9239648,11130700.0,남가좌2동,정상 지오코딩
3034,서대문구,거북골로69,거북골로69,도로변(횡단보도 포함),일반쓰레기,37.5773174,126.9210056,11130700.0,남가좌2동,정상 지오코딩
3035,서대문구,홍은동 422-10(거북골로 9),거북골로 버스정류장(13-196),정류소(버스 가로변),재활용쓰레기,37.5813449,126.9265548,11130680.0,홍은2동,정상 지오코딩
3036,서대문구,홍은동 422-10(거북골로 9),거북골로 버스정류장(13-196),정류소(버스 가로변),일반쓰레기,37.5813449,126.9265548,11130680.0,홍은2동,정상 지오코딩
3037,서대문구,거북골로84,거북골로84,도로변(횡단보도 포함),일반쓰레기,37.5782296,126.9184813,11130700.0,남가좌2동,정상 지오코딩
3038,서대문구,거북골로84,거북골로84 스타벅스,도로변(횡단보도 포함),일반쓰레기,37.5782296,126.9184813,11130700.0,남가좌2동,정상 지오코딩
3039,서대문구,거북골로84,거북골로84 스타벅스,도로변(횡단보도 포함),재활용쓰레기,37.5782296,126.9184813,11130700.0,남가좌2동,정상 지오코딩
3040,서대문구,거북골로 34,거북골로 버스정류장(13-195),정류소(버스 가로변),일반쓰레기,37.580377,126.9213485,11130700.0,남가좌2동,정상 지오코딩
3041,서대문구,거북골로 34,거북골로 버스정류장(13-195),정류소(버스 가로변),재활용쓰레기,37.580377,126.9213485,11130700.0,남가좌2동,정상 지오코딩
3042,서대문구,거북골로 6,거북골로 버스정류장(13-197),정류소(버스 가로변),재활용쓰레기,37.5812988,126.9262615,11130680.0,홍은2동,정상 지오코딩
3043,서대문구,남가좌동 388-3(거북골로),거북골로 버스정류장(13-193),정류소(버스 가로변),일반쓰레기,37.5782101,126.9218456,11130700.0,남가좌2동,정상 지오코딩
3044,서대문구,북가좌동 470-1(거북골로),거북골로 버스정류장(13-184),정류소(버스 가로변),일반쓰레기,37.5763535,126.9116954,11130710.0,북가좌1동,정상 지오코딩
3045,서대문구,북가좌동 470-1(거북골로),거북골로 버스정류장(13-183),정류소(버스 가로변),일반쓰레기,37.5763535,126.9116954,11130710.0,북가좌1동,정상 지오코딩
3046,서대문구,모래내로342,모래내로342,도로변(횡단보도 포함),일반쓰레기,37.5804534,126.9346783,11130680.0,홍은2동,정상 지오코딩
3047,서대문구,남가좌동 79-165(모래내로),모래내로 버스정류장(13-256),정류소(버스 가로변),일반쓰레기,37.5729089,126.922355,11130700.0,남가좌2동,정상 지오코딩
3048,서대문구,응암로 78,응암로 버스정류장(13-174),정류소(버스 가로변),일반쓰레기,37.5798121,126.9115269,11130720.0,북가좌2동,정상 지오코딩
3049,서대문구,이화여대길 88,이화여대길 88(신촌기차역 부근),도로변(횡단보도 포함),재활용쓰레기,37.5592102,126.943505,11130750.0,신촌동,정상 지오코딩
3050,서대문구,이화여대길 88,이화여대길 88(신촌기차역 부근),도로변(횡단보도 포함),재활용쓰레기,37.5592102,126.943505,11130750.0,신촌동,정상 지오코딩
3051,서대문구,신촌역로14,신촌역로14,도로변(횡단보도 포함),일반쓰레기,37.5578432,126.943056,11130750.0,신촌동,정상 지오코딩
3052,서대문구,신촌역로14,신촌역로14,도로변(횡단보도 포함),재활용쓰레기,37.5578432,126.943056,11130750.0,신촌동,정상 지오코딩
3053,서대문구,연희동 410-60(성산로),성산로 버스정류장(13-110),정류소(버스 가로변),일반쓰레기,37.5663799,126.9240601,11130760.0,연희동,정상 지오코딩
3054,서대문구,성산로318,연희동 성산로318,도로변(횡단보도 포함),일반쓰레기,37.5660537,126.9254862,11130760.0,연희동,정상 지오코딩
3055,서대문구,창천동 76-20(성산로),성산로 버스정류장(13-114),정류소(버스 가로변),일반쓰레기,37.5598616,126.9352337,11130750.0,신촌동,정상 지오코딩
3056,서대문구,신촌역로16,신촌동 신촌역로16,도로변(횡단보도 포함),일반쓰레기,37.558066,126.9431787,11130750.0,신촌동,정상 지오코딩
3057,서대문구,신촌역로16,신촌동 신촌역로16(13221),도로변(횡단보도 포함),재활용쓰레기,37.558066,126.9431787,11130750.0,신촌동,정상 지오코딩
3058,서대문구,신촌역로27,신촌동 신촌역로27,도로변(횡단보도 포함),재활용쓰레기,37.5587815,126.9422057,11130750.0,신촌동,정상 지오코딩
3059,서대문구,연희동 375-3(성산로),성산로 버스정류소(13-007),정류소(버스 중앙차로),일반쓰레기,37.5673006,126.9187918,11130760.0,연희동,정상 지오코딩
3060,서대문구,연희동 413-22(성산로),성산로 버스정류소(13-008),정류소(버스 중앙차로),일반쓰레기,37.5662612,126.9257035,11130760.0,연희동,정상 지오코딩
3061,서대문구,창천동 88-2(성산로),성산로 버스정류소(13-010),정류소(버스 중앙차로),일반쓰레기,37.5613083,126.9327115,11130750.0,신촌동,정상 지오코딩
3062,서대문구,창천동 83-11(성산로),성산로 버스정류소(13-012),정류소(버스 중앙차로),일반쓰레기,37.5601216,126.935515,11130750.0,신촌동,정상 지오코딩
3063,서대문구,창천동 83-11(성산로),성산로 버스정류소(13-013),정류소(버스 중앙차로),일반쓰레기,37.5601216,126.935515,11130750.0,신촌동,정상 지오코딩
3064,서대문구,신촌동 89-4(성산로),성산로 버스정류소(13-014),정류소(버스 중앙차로),일반쓰레기,37.5601396,126.939343,11130750.0,신촌동,정상 지오코딩
3065,서대문구,신촌동 89-4(성산로),성산로 버스정류소(13-015),정류소(버스 중앙차로),일반쓰레기,37.5601396,126.939343,11130750.0,신촌동,정상 지오코딩
3066,서대문구,대신동 143-18(성산로),성산로 버스정류소(13-016),정류소(버스 중앙차로),일반쓰레기,37.5621617,126.942655,11130750.0,신촌동,정상 지오코딩
3067,서대문구,대신동 50-10(성산로),성산로 버스정류소(13-017),정류소(버스 중앙차로),일반쓰레기,37.5631568,126.9436507,11130750.0,신촌동,정상 지오코딩
3068,서대문구,대신동 143-1(성산로),성산로 버스정류소(13-120),정류소(버스 가로변),일반쓰레기,37.5653182,126.9462469,11130750.0,신촌동,정상 지오코딩
3069,서대문구,연세로 50-1(성산로),성산로 버스정류소(13-117),정류소(버스 가로변),일반쓰레기,37.563674,126.9419177,11130750.0,신촌동,정상 지오코딩
3070,서대문구,연세로 50,연세로 버스정류소(13-821),정류소(버스 가로변),일반쓰레기,37.5660508,126.9439162,11130750.0,신촌동,정상 지오코딩
3071,서대문구,연세로 50,연세로 버스정류소(13-821),정류소(버스 가로변),일반쓰레기,37.5660508,126.9439162,11130750.0,신촌동,정상 지오코딩
3072,서대문구,성산로 565,성산로 565,도로변(횡단보도 포함),재활용쓰레기,37.566418,126.9463411,11130750.0,신촌동,정상 지오코딩
3073,서대문구,서울 서대문구 성산로17길 30-2,성산로 17,도로변(횡단보도 포함),일반쓰레기,37.5635474,126.9327415,11130760.0,연희동,API 재시도-주소검색-원본
3074,서대문구,신촌동 89-4(성산로),성산로 버스정류장(13-116),정류소(버스 가로변),재활용쓰레기,37.5601396,126.939343,11130750.0,신촌동,정상 지오코딩
3075,서대문구,연희동446-92(성산로),연희동446-92 사천교교차로,도로변(횡단보도 포함),일반쓰레기,37.5675914,126.9185566,11130760.0,연희동,정상 지오코딩
3076,서대문구,연희동375-4(성산로),연희동375-4 사천교교차로,도로변(횡단보도 포함),일반쓰레기,37.5672085,126.9184336,11130760.0,연희동,정상 지오코딩
3077,서대문구,수색로36,남가좌1동 수색로36,도로변(횡단보도 포함),일반쓰레기,37.5699535,126.9151044,11130690.0,남가좌1동,정상 지오코딩
3078,서대문구,수색로43,수색로43 서대문구사회적경제마을센터 ,도로변(횡단보도 포함),일반쓰레기,37.569744,126.913435,11130690.0,남가좌1동,정상 지오코딩
3079,서대문구,서울 서대문구 수색로 157,북가좌동 증산교,도로변(횡단보도 포함),일반쓰레기,37.5762138,126.9034484,11130710.0,북가좌1동,API 재시도-주소검색-원본
3080,서대문구,서울 서대문구 수색로 157,북가좌동 증산교,도로변(횡단보도 포함),일반쓰레기,37.5762138,126.9034484,11130710.0,북가좌1동,API 재시도-주소검색-원본
3081,서대문구,수색로4가길 23,수색로4가길 서대문농아인복지관,도로변(횡단보도 포함),일반쓰레기,37.5706962,126.9138002,11130690.0,남가좌1동,정상 지오코딩
3082,서대문구,북가좌동 487-1(수색로),수색로 버스정류장(13-182),정류소(버스 가로변),일반쓰레기,37.570975,126.9133806,11130710.0,북가좌1동,정상 지오코딩
3083,서대문구,북가좌동 411(수색로),수색로 버스정류장(13-002),정류소(버스 중앙차로),일반쓰레기,37.5758643,126.9042742,11130710.0,북가좌1동,정상 지오코딩
3084,서대문구,북가좌동 411(수색로),수색로 버스정류장(13-001),정류소(버스 중앙차로),일반쓰레기,37.5758643,126.9042742,11130710.0,북가좌1동,정상 지오코딩
3085,서대문구,북가좌동 139-18(수색로),수색로 버스정류장(13-003),정류소(버스 중앙차로),일반쓰레기,37.5717249,126.9098129,11130710.0,북가좌1동,정상 지오코딩
3086,서대문구,남가좌동 265-5(수색로),수색로 버스정류장(13-004),정류소(버스 중앙차로),일반쓰레기,37.5715494,126.9101604,11130690.0,남가좌1동,정상 지오코딩
3087,서대문구,남가좌동 293-3(수색로),수색로 버스정류장(13-005),정류소(버스 중앙차로),일반쓰레기,37.5692356,126.9149224,11130690.0,남가좌1동,정상 지오코딩
3088,서대문구,남가좌동 270-3(수색로),수색로 버스정류장(13-006),정류소(버스 중앙차로),일반쓰레기,37.5698868,126.9138064,11130690.0,남가좌1동,정상 지오코딩
3089,서대문구,수색로 132,수색로 132,도로변(횡단보도 포함),일반쓰레기,37.5746381,126.9060375,11130710.0,북가좌1동,정상 지오코딩
3090,서대문구,이화여대길23,이화여대길23,도로변(횡단보도 포함),재활용쓰레기,37.5592654,126.9452379,11130750.0,신촌동,인근 도로명번지 추정(번지차 35)
3091,서대문구,이화여대길58,이화여대길58,도로변(횡단보도 포함),재활용쓰레기,37.5592654,126.9452379,11130750.0,신촌동,정상 지오코딩
3092,서대문구,이화여대길58,이화여대길58,도로변(횡단보도 포함),재활용쓰레기,37.5592654,126.9452379,11130750.0,신촌동,정상 지오코딩
3093,서대문구,연세로 42,연세로 42 일삼약국,도로변(횡단보도 포함),일반쓰레기,37.5592425,126.9371237,11130750.0,신촌동,정상 지오코딩
3094,서대문구,연세로 42,연세로 42 일삼약국,도로변(횡단보도 포함),재활용쓰레기,37.5592425,126.9371237,11130750.0,신촌동,정상 지오코딩
3095,서대문구,연세로 39,연세로 39,도로변(횡단보도 포함),재활용쓰레기,37.5591704,126.9366843,11130750.0,신촌동,정상 지오코딩
3096,서대문구,연세로 39,연세로 39,도로변(횡단보도 포함),재활용쓰레기,37.5591704,126.9366843,11130750.0,신촌동,정상 지오코딩
3097,서대문구,연세로 37,연세로 37 횡단보도,도로변(횡단보도 포함),재활용쓰레기,37.5588752,126.9366834,11130750.0,신촌동,정상 지오코딩
3098,서대문구,연세로 36,연세로 36,도로변(횡단보도 포함),일반쓰레기,37.5587839,126.9372403,11130750.0,신촌동,정상 지오코딩
3099,서대문구,연세로 34-2,"연세로 34-2, 노점 옆",도로변(횡단보도 포함),재활용쓰레기,37.5587839,126.9372403,11130750.0,신촌동,인근 도로명번지 추정(번지차 2)
3100,서대문구,연세로 28-1,연세로 28-1,도로변(횡단보도 포함),재활용쓰레기,37.5581603,126.9371174,11130750.0,신촌동,정상 지오코딩
3101,서대문구,연세로 27-1,연세로 27-1 엘지유플러스 앞,도로변(횡단보도 포함),재활용쓰레기,37.5581095,126.9366724,11130750.0,신촌동,정상 지오코딩
3102,서대문구,연세로 21,연세로 21,도로변(횡단보도 포함),재활용쓰레기,37.5575724,126.9366783,11130750.0,신촌동,정상 지오코딩
3103,서대문구,연세로 22 ,연세로 22 ,도로변(횡단보도 포함),재활용쓰레기,37.5575865,126.9370875,11130750.0,신촌동,정상 지오코딩
3104,서대문구,창천동 30-16(연세로),연세로 스타광장 앞,도로변(횡단보도 포함),재활용쓰레기,37.5561804,126.9398968,11130750.0,신촌동,정상 지오코딩
3105,서대문구,창천동 30-16(연세로),연세로 스타광장 앞,도로변(횡단보도 포함),재활용쓰레기,37.5561804,126.9398968,11130750.0,신촌동,정상 지오코딩
3106,서대문구,연세로 14,연세로 14,도로변(횡단보도 포함),재활용쓰레기,37.5567473,126.9371746,11130750.0,신촌동,정상 지오코딩
3107,서대문구,연세로 10,연세로 10 올리브영,도로변(횡단보도 포함),일반쓰레기,37.5563683,126.9370905,11130750.0,신촌동,정상 지오코딩
3108,서대문구,연세로 10,연세로 10 올리브영,도로변(횡단보도 포함),재활용쓰레기,37.5563683,126.9370905,11130750.0,신촌동,정상 지오코딩
3109,서대문구,연세로 6,연세로 6 스킨푸드,도로변(횡단보도 포함),재활용쓰레기,37.5560644,126.9370282,11130750.0,신촌동,정상 지오코딩
3110,서대문구,연세로 6,연세로 6 스킨푸드,도로변(횡단보도 포함),재활용쓰레기,37.5560644,126.9370282,11130750.0,신촌동,정상 지오코딩
3111,서대문구,연세로 1,연세로 1 세계과자할인점,도로변(횡단보도 포함),일반쓰레기,37.5558705,126.9367123,11130750.0,신촌동,정상 지오코딩
3112,서대문구,연세로 1,연세로 1 세계과자할인점,도로변(횡단보도 포함),재활용쓰레기,37.5558705,126.9367123,11130750.0,신촌동,정상 지오코딩
3113,서대문구,연세로4길 1,연세로4길 1,도로변(횡단보도 포함),재활용쓰레기,37.5570717,126.9371396,11130750.0,신촌동,정상 지오코딩
3114,서대문구,연세로4길 1,연세로4길 1,도로변(횡단보도 포함),재활용쓰레기,37.5570717,126.9371396,11130750.0,신촌동,정상 지오코딩
3115,서대문구,창천동 30-16(연세로),창천동 버스정류장(13-802),정류소(버스 가로변),재활용쓰레기,37.5561804,126.9398968,11130750.0,신촌동,정상 지오코딩
3116,서대문구,연세로5안길 1,연세로5안길 1,도로변(횡단보도 포함),일반쓰레기,37.556129,126.9365745,11130750.0,신촌동,정상 지오코딩
3117,서대문구,연세로5안길 1,연세로5안길 1,도로변(횡단보도 포함),재활용쓰레기,37.556129,126.9365745,11130750.0,신촌동,정상 지오코딩
3118,서대문구,연세로5,연세로5,도로변(횡단보도 포함),재활용쓰레기,37.556129,126.9365745,11130750.0,신촌동,정상 지오코딩
3119,서대문구,명물길23,명물길23,도로변(횡단보도 포함),재활용쓰레기,37.5581938,126.937854,11130750.0,신촌동,정상 지오코딩
3120,서대문구,명물길24,명물길24,도로변(횡단보도 포함),재활용쓰레기,37.5578023,126.9381375,11130750.0,신촌동,정상 지오코딩
3121,서대문구,명물길41,명물길41,도로변(횡단보도 포함),재활용쓰레기,37.5586642,126.9385912,11130750.0,신촌동,정상 지오코딩
3122,서대문구,명물길41,명물길41,도로변(횡단보도 포함),재활용쓰레기,37.5586642,126.9385912,11130750.0,신촌동,정상 지오코딩
3123,서대문구,명물길38,명물길38,도로변(횡단보도 포함),재활용쓰레기,37.5583705,126.9387189,11130750.0,신촌동,정상 지오코딩
3124,서대문구,명물길71,명물길71,도로변(횡단보도 포함),재활용쓰레기,37.5592615,126.9400837,11130750.0,신촌동,정상 지오코딩
3125,서대문구,명물길71,명물길71,도로변(횡단보도 포함),재활용쓰레기,37.5592615,126.9400837,11130750.0,신촌동,정상 지오코딩
3126,서대문구,불광천길 156,불광천길 156,도로변(횡단보도 포함),일반쓰레기,37.5820965,126.9091262,11130720.0,북가좌2동,정상 지오코딩
3127,서대문구,홍은동 137-8(통일로),통일로 버스정류장(13-026),정류소(버스 중앙차로),일반쓰레기,37.5936657,126.9409323,11130680.0,홍은2동,정상 지오코딩
3128,서대문구,홍은동 137-8(통일로),통일로 버스정류장(13-027),정류소(버스 중앙차로),일반쓰레기,37.5936657,126.9409323,11130680.0,홍은2동,정상 지오코딩
3129,서대문구,홍제동 161-1(통일로),통일로 버스정류장(13-029),정류소(버스 중앙차로),일반쓰레기,37.5873164,126.9458429,11130620.0,홍제1동,정상 지오코딩
3130,서대문구,홍제동 103-4(통일로),통일로 버스정류장(13-040),정류소(버스 중앙차로),일반쓰레기,37.5843309,126.949071,11130650.0,홍제2동,정상 지오코딩
3131,서대문구,홍제동 161-1(통일로),통일로 버스정류장(13-030),정류소(버스 중앙차로),일반쓰레기,37.5873164,126.9458429,11130620.0,홍제1동,정상 지오코딩
3132,서대문구,홍제동 26-1(통일로),무악재역 버스정류장(13-031),정류소(버스 중앙차로),일반쓰레기,37.5824229,126.9505663,11130650.0,홍제2동,정상 지오코딩
3133,서대문구,홍제동 26-1(통일로),무악재역 버스정류장(13-032),정류소(버스 중앙차로),일반쓰레기,37.5824229,126.9505663,11130650.0,홍제2동,정상 지오코딩
3134,서대문구, 홍제동 47-32(통일로),통일로 버스정류장(13-033),정류소(버스 중앙차로),일반쓰레기,37.579955,126.9523632,11130620.0,홍제1동,정상 지오코딩
3135,서대문구,현저동 82-2(통일로),통일로 버스정류장(13-035),정류소(버스 중앙차로),일반쓰레기,37.5752876,126.956711,11130520.0,천연동,정상 지오코딩
3136,서대문구,현저동 101(통일로),통일로 버스정류장(13-034),정류소(버스 중앙차로),일반쓰레기,37.5744817,126.9560391,11130520.0,천연동,정상 지오코딩
3137,서대문구,영천동 341-1(통일로),통일로 버스정류장(13-036),정류소(버스 중앙차로),일반쓰레기,37.5699261,126.9625295,11130520.0,천연동,정상 지오코딩
3138,서대문구,냉천동 188(통일로),통일로 버스정류장(13-037),정류소(버스 중앙차로),일반쓰레기,37.5695529,126.9629445,11130520.0,천연동,정상 지오코딩
3139,서대문구,냉천동 259-1(통일로),통일로 버스정류장(13-038),정류소(버스 중앙차로),일반쓰레기,37.5666271,126.9654115,11130520.0,천연동,정상 지오코딩
3140,서대문구,냉천동 216(통일로),통일로 버스정류장(13-597),정류소(버스 가로변),일반쓰레기,37.5679872,126.9642539,11130520.0,천연동,정상 지오코딩
3141,서대문구,충정로 3가 248-1,충정로 버스정류장(13-045),정류소(버스 중앙차로),일반쓰레기,37.5607948,126.9633129,11130730.0,충현동,정상 지오코딩
3142,서대문구,북아현동 251-46(신촌로),신촌로 버스정류장(13-044),정류소(버스 중앙차로),일반쓰레기,37.5574409,126.9568434,11130740.0,북아현동,정상 지오코딩
3143,서대문구,북아현동 251-80(신촌로),신촌로 버스정류장(14-067),정류소(버스 중앙차로),일반쓰레기,37.557191,126.9512711,11130740.0,북아현동,정상 지오코딩
3144,서대문구,북아현동 251-104(신촌로),신촌로 버스정류장(14-068),정류소(버스 중앙차로),일반쓰레기,37.557467,126.9544242,11130740.0,북아현동,정상 지오코딩
3145,서대문구,창천동 20-39(신촌로),신촌오거리.2호선신촌역(14-063),정류소(버스 중앙차로),일반쓰레기,37.5562706,126.9396101,11130750.0,신촌동,정상 지오코딩
3146,서대문구,창천동 20-39(신촌로),신촌오거리.2호선신촌역(14-063),정류소(버스 중앙차로),재활용쓰레기,37.5562706,126.9396101,11130750.0,신촌동,정상 지오코딩
3147,서대문구,북아현동 220-53(신촌로),웨딩타운 버스정류장(13-042),정류소(버스 중앙차로),일반쓰레기,37.5573602,126.9526902,11130740.0,북아현동,정상 지오코딩
3148,서대문구, 창천동 83-11(성산로),성산로 버스정류장(13-012),정류소(버스 중앙차로),일반쓰레기,37.5601216,126.935515,11130750.0,신촌동,정상 지오코딩
3149,서대문구,창천동 83-11(성산로),성산로 버스정류장(13-013),정류소(버스 중앙차로),일반쓰레기,37.5601216,126.935515,11130750.0,신촌동,정상 지오코딩
3150,서대문구,신촌동 89-4(성산로),성산로 버스정류장(13-014),정류소(버스 중앙차로),일반쓰레기,37.5601396,126.939343,11130750.0,신촌동,정상 지오코딩
3151,서대문구,신촌동 89-4(성산로),성산로 버스정류장(13-015),정류소(버스 중앙차로),일반쓰레기,37.5601396,126.939343,11130750.0,신촌동,정상 지오코딩
3152,서대문구,대신동 50-10(성산로),이대후문 버스정류장(13-016),정류소(버스 중앙차로),재활용쓰레기,37.5631568,126.9436507,11130750.0,신촌동,정상 지오코딩
3153,서대문구,대신동 50-10(성산로),이대후문 버스정류장(13-017),정류소(버스 중앙차로),재활용쓰레기,37.5631568,126.9436507,11130750.0,신촌동,정상 지오코딩
3154,서대문구,창천동 30-33(신촌로),신촌오거리.현대백화점(14-062),정류소(버스 중앙차로),일반쓰레기,37.5561573,126.9358837,11130750.0,신촌동,정상 지오코딩
3155,서대문구,홍은동 395-17(가좌로),가좌로 버스정류장(13-216),정류소(버스 가로변),일반쓰레기,37.5784905,126.9302465,11130680.0,홍은2동,정상 지오코딩
3156,서대문구,홍은동 344-2(가좌로),가좌로 버스정류장(13-220),정류소(버스 가로변),일반쓰레기,37.5847134,126.9234836,11130680.0,홍은2동,정상 지오코딩
3157,서대문구,홍은동 343-1(가좌로),가좌로 버스정류장(13-221),정류소(버스 가로변),일반쓰레기,37.5847092,126.9241032,11130680.0,홍은2동,정상 지오코딩
3158,서대문구,홍은동 422-3(가좌로),가좌로 버스정류장(13-217),정류소(버스 가로변),재활용쓰레기,37.5801744,126.9282515,11130680.0,홍은2동,정상 지오코딩
3159,서대문구,홍은동 415-51(모래내로),모래내로 버스정류장(13-203),정류소(버스 가로변),일반쓰레기,37.5767534,126.9276223,11130680.0,홍은2동,정상 지오코딩
3160,서대문구,홍은동 277-27(모래내로),모래내로 버스정류장(13-201),정류소(버스 가로변),일반쓰레기,37.5815764,126.9354145,11130680.0,홍은2동,정상 지오코딩
3161,서대문구, 남가좌동 330-14(모래내로),모래내로 버스정류장(13-262),정류소(버스 가로변),일반쓰레기,37.5753667,126.9251836,11130700.0,남가좌2동,정상 지오코딩
3162,서대문구,남가좌동 105-4(모래내로),모래내로 버스정류장(13-260),정류소(버스 가로변),일반쓰레기,37.57054,126.9192011,11130690.0,남가좌1동,정상 지오코딩
3163,서대문구,모래내로 334,모래내로 334,도로변(횡단보도 포함),일반쓰레기,37.5801083,126.9341504,11130680.0,홍은2동,정상 지오코딩
3164,서대문구,미근동 257(통일로),통일로 버스정류장 (13-039),정류소(버스 중앙차로),일반쓰레기,37.5627641,126.9685013,11130730.0,충현동,정상 지오코딩
3165,서대문구,충정로3가 464(서소문로),서소문로 버스정류장(13-137),정류소(버스 가로변),일반쓰레기,37.5598178,126.964036,11130730.0,충현동,정상 지오코딩
3166,서대문구,신촌로 169-1,이대역 버스정류장(14-064),정류소(버스 중앙차로),일반쓰레기,37.5569452,126.9447593,11130750.0,신촌동,정상 지오코딩
3167,서대문구,성산로 319,연희104고지앞(13-009),정류소(버스 중앙차로),일반쓰레기,37.5660537,126.9254862,11130760.0,연희동,인근 도로명번지 추정(번지차 1)
3168,서대문구,연희동 375-4(성산로),사천교(13-109),정류소(버스 가로변),일반쓰레기,37.5672085,126.9184336,11130760.0,연희동,정상 지오코딩
3169,서대문구,성산로17길 5,서대문우체국(13-011),정류소(버스 중앙차로),일반쓰레기,37.5630112,126.9313943,11130760.0,연희동,정상 지오코딩
3170,서대문구,세검정로 89,세검정로 89,도로변(횡단보도 포함),일반쓰레기,37.5957672,126.948659,11130640.0,홍제3동,정상 지오코딩
3171,서대문구,세검정로 52-10,세검정로 52-10,도로변(횡단보도 포함),일반쓰레기,37.5920951,126.9466363,11130640.0,홍제3동,정상 지오코딩
3172,서대문구,세검정로96,세검정로96,도로변(횡단보도 포함),일반쓰레기,37.5960792,126.9492642,11130640.0,홍제3동,정상 지오코딩
3173,서대문구,세검정로4,세검정로4,도로변(횡단보도 포함),일반쓰레기,37.5920951,126.9466363,11130640.0,홍제3동,인근 도로명번지 추정(번지차 48)
3174,서대문구,세검정로140,세검정로140,도로변(횡단보도 포함),일반쓰레기,37.5958201,126.9527324,11130640.0,홍제3동,정상 지오코딩
3175,서대문구,북아현로18,북아현로18,도로변(횡단보도 포함),일반쓰레기,37.559006,126.9566757,11130740.0,북아현동,정상 지오코딩
3176,서대문구,충정로7,충정로역(13-046),정류소(버스 중앙차로),일반쓰레기,37.5601124,126.9622821,11130730.0,충현동,정상 지오코딩
3177,서대문구,통일로 153,금화초(13-134),정류소(버스 가로변),일반쓰레기,37.5678647,126.964374,11130520.0,천연동,정상 지오코딩
3178,서대문구,가좌로89,가좌로89,도로변(횡단보도 포함),일반쓰레기,37.5808804,126.9272865,11130680.0,홍은2동,정상 지오코딩
3179,서대문구,신촌로 57-1,현대백화점 정류장(13-259),"정류소(버스,택시 등)",일반쓰레기,37.556823,126.9330734,11130750.0,신촌동,정상 지오코딩
3180,서대문구,서울특별시 서대문구 독립문로 10 독립문삼호아파트,삼호아파트 정류장(13-282),"정류소(버스,택시 등)",일반쓰레기,37.5693625,126.9581956,11130520.0,천연동,API 재시도-주소검색-원본
3181,서대문구,증가로 83,홍남교.서대문구행복그린센터(13-226),"정류소(버스,택시 등)",일반쓰레기,37.5747146,126.9268294,11130760.0,연희동,정상 지오코딩
3182,서대문구,수색로 100,DMC래미안e-편한세상3단지(13-331),정류소(버스 가로변),일반쓰레기,37.5747335,126.9079161,11130710.0,북가좌1동,정상 지오코딩
3183,서대문구,연희로 377,홍은현대아파트(13-163),정류소(버스 가로변),일반쓰레기,37.5910066,126.9393203,11130680.0,홍은2동,정상 지오코딩
3184,서대문구,가재울미래로 2,DMC파크뷰자이.별동상가(13-189),정류소(버스 가로변),일반쓰레기,37.574402,126.9179078,11130690.0,남가좌1동,정상 지오코딩
3185,서대문구,거북골로 145,북가좌삼호DMC아이파크아파트(13-185),정류소(버스 가로변),일반쓰레기,37.5751431,126.9133826,11130710.0,북가좌1동,정상 지오코딩
3186,서대문구,응암로 107,중소기업은행(13-299),정류소(버스 가로변),일반쓰레기,37.5824259,126.9129166,11130720.0,북가좌2동,정상 지오코딩
3187,서대문구,연희동 527-19,연가교(13-204),정류소(버스 가로변),일반쓰레기,37.5729675,126.9231053,11130760.0,연희동,정상 지오코딩
3188,서대문구,모래내로 174,서대문종합사회복지관(13-261),정류소(버스 가로변),일반쓰레기,37.5710246,126.9202094,11130760.0,연희동,정상 지오코딩
3189,서대문구,가재울미래로 2,연흥교회(13-332),정류소(버스 가로변),일반쓰레기,37.574402,126.9179078,11130690.0,남가좌1동,정상 지오코딩
3190,서대문구,연희로 129,연희로 129,도로변(횡단보도 포함),일반쓰레기,37.5693078,126.9324582,11130760.0,연희동,정상 지오코딩
3191,서대문구,연희로 247,연희로 247,도로변(횡단보도 포함),재활용쓰레기,37.5791549,126.9358159,11130760.0,연희동,정상 지오코딩
3192,서대문구,홍은동 137-8(통일로),산골고개 버스정류장(13-027),정류소(버스 중앙차로),재활용쓰레기,37.5936657,126.9409323,11130680.0,홍은2동,정상 지오코딩
3193,서대문구,홍은동 137-8(통일로),산골고개 버스정류장(13-026),정류소(버스 중앙차로),재활용쓰레기,37.5936657,126.9409323,11130680.0,홍은2동,정상 지오코딩
3194,서대문구,홍제동 161-1(통일로),홍제역.서대문세무서 버스정류장(13-028),정류소(버스 중앙차로),일반쓰레기,37.5873164,126.9458429,11130620.0,홍제1동,정상 지오코딩
3195,서대문구,홍제동 161-1(통일로),홍제역.서대문세무서 버스정류장(13-028),정류소(버스 중앙차로),재활용쓰레기,37.5873164,126.9458429,11130620.0,홍제1동,정상 지오코딩
3196,서대문구,홍제동 161-1(통일로),홍제역.서대문세무서 버스정류장(13-029),정류소(버스 중앙차로),재활용쓰레기,37.5873164,126.9458429,11130620.0,홍제1동,정상 지오코딩
3197,서대문구,홍제동 161-1(통일로),홍제삼거리.인왕산한신휴플러스(13-030),정류소(버스 중앙차로),재활용쓰레기,37.5873164,126.9458429,11130620.0,홍제1동,정상 지오코딩
3198,서대문구,홍제동 103-4(통일로),인왕산.홍제원아파트(13-040),정류소(버스 중앙차로),재활용쓰레기,37.5843309,126.949071,11130650.0,홍제2동,정상 지오코딩
3199,서대문구,홍제동 26-1(통일로),무악재역 버스정류장(13-031),정류소(버스 중앙차로),재활용쓰레기,37.5824229,126.9505663,11130650.0,홍제2동,정상 지오코딩
3200,서대문구,홍제동 26-1(통일로),무악재역 버스정류장(13-032),정류소(버스 중앙차로),재활용쓰레기,37.5824229,126.9505663,11130650.0,홍제2동,정상 지오코딩
3201,서대문구, 홍제동 47-32(통일로),안산초등학교 버스정류장(13-033),정류소(버스 중앙차로),재활용쓰레기,37.579955,126.9523632,11130620.0,홍제1동,정상 지오코딩
3202,서대문구,현저동 82-2(통일로),독립문역.한성과학고 버스정류장(13-035),정류소(버스 중앙차로),재활용쓰레기,37.5752876,126.956711,11130520.0,천연동,정상 지오코딩
3203,서대문구,현저동 101(통일로),독립문역.한성과학고 버스정류장(13-034),정류소(버스 중앙차로),재활용쓰레기,37.5744817,126.9560391,11130520.0,천연동,정상 지오코딩
3204,서대문구,영천동 341-1(통일로),영천시장 버스정류장(13-036),정류소(버스 중앙차로),재활용쓰레기,37.5699261,126.9625295,11130520.0,천연동,정상 지오코딩
3205,서대문구,냉천동 188(통일로),영천시장 버스정류장(13-037),정류소(버스 중앙차로),재활용쓰레기,37.5695529,126.9629445,11130520.0,천연동,정상 지오코딩
3206,서대문구,냉천동 259-1(통일로),서대문역 버스정류장(13-038),정류소(버스 중앙차로),재활용쓰레기,37.5666271,126.9654115,11130520.0,천연동,정상 지오코딩
3207,서대문구,미근동 208(통일로),경찰청.동북아역사재단(13-041),정류소(버스 중앙차로),일반쓰레기,37.5637971,126.9681795,11130730.0,충현동,정상 지오코딩
3208,서대문구,미근동 208(통일로),경찰청.동북아역사재단(13-041),정류소(버스 중앙차로),재활용쓰레기,37.5637971,126.9681795,11130730.0,충현동,정상 지오코딩
3209,서대문구,미근동 257(통일로),경찰청.동북아역사재단(13-039),정류소(버스 중앙차로),재활용쓰레기,37.5627641,126.9685013,11130730.0,충현동,정상 지오코딩
3210,서대문구,충정로3가 248-1,충정로역 버스정류장(13-045),정류소(버스 중앙차로),재활용쓰레기,37.5607948,126.9633129,11130730.0,충현동,정상 지오코딩
3211,서대문구,충정로2가 138,서대문역사거리 버스정류장(13-047),정류소(버스 중앙차로),일반쓰레기,37.5649684,126.9660232,11130730.0,충현동,정상 지오코딩
3212,서대문구,충정로2가 138,서대문역사거리 버스정류장(13-047),정류소(버스 중앙차로),재활용쓰레기,37.5649684,126.9660232,11130730.0,충현동,정상 지오코딩
3213,서대문구,충정로7,충정로역 버스정류장(13-046),정류소(버스 중앙차로),재활용쓰레기,37.5601124,126.9622821,11130730.0,충현동,정상 지오코딩
3214,서대문구,북아현동 251-46(신촌로),아현역 버스정류장(13-044),정류소(버스 중앙차로),재활용쓰레기,37.5574409,126.9568434,11130740.0,북아현동,정상 지오코딩
3215,서대문구,북아현동 251-104(신촌로),아현역 버스정류장(14-068),정류소(버스 중앙차로),재활용쓰레기,37.557467,126.9544242,11130740.0,북아현동,정상 지오코딩
3216,서대문구,신촌로 191,이대역 버스정류장(13-025),정류소(버스 중앙차로),재활용쓰레기,37.5570877,126.9472662,11130750.0,신촌동,정상 지오코딩
3217,서대문구,북아현동 220-53(신촌로),웨딩타운 버스정류장(13-042),정류소(버스 중앙차로),재활용쓰레기,37.5573602,126.9526902,11130740.0,북아현동,정상 지오코딩
3218,서대문구,북아현동 251-80(신촌로),웨딩타운 버스정류장(14-067),정류소(버스 중앙차로),재활용쓰레기,37.557191,126.9512711,11130740.0,북아현동,정상 지오코딩
3219,서대문구,신촌로 169-1,이대역 버스정류장(14-064),정류소(버스 중앙차로),재활용쓰레기,37.5569452,126.9447593,11130750.0,신촌동,정상 지오코딩
3220,서대문구,창천동 30-33(신촌로),신촌오거리.현대백화점(14-062),정류소(버스 중앙차로),재활용쓰레기,37.5561573,126.9358837,11130750.0,신촌동,정상 지오코딩
3221,서대문구,창천동 30-17(신촌로),신촌오거리.현대백화점(13-021),정류소(버스 중앙차로),재활용쓰레기,37.5562193,126.9340505,11130750.0,신촌동,정상 지오코딩
3222,서대문구,창천동 30-7,KB국민은행 신촌점 앞,도로변(횡단보도 포함),"일반, 재활용쓰레기",37.5561274,126.9365978,11130750.0,신촌동,정상 지오코딩
3223,서대문구,대현동 104-36,신촌자이엘라버스정류장,정류소(버스 가로변),"일반, 재활용쓰레기",37.5568432,126.9424558,11130750.0,신촌동,정상 지오코딩
3224,서대문구,미근동 209,서대문경찰청 버스정류장,정류소(버스 가로변),"일반, 재활용쓰레기",37.5634135,126.9677583,11130730.0,충현동,정상 지오코딩
3225,서대문구,충정로2가 196,서대문역 8번출구,지하철역 입구,"일반, 재활용쓰레기",37.5652086,126.9664624,11130730.0,충현동,정상 지오코딩
3226,서대문구,홍제동 303-1,홍제역1번출구,지하철역 입구,"일반, 재활용쓰레기",37.5894727,126.9436933,11130640.0,홍제3동,정상 지오코딩
3227,서대문구,홍제동 330-57,홍제역4번출구 버스 정류장,정류소(버스 가로변),"일반, 재활용쓰레기",37.5894123,126.9430136,11130620.0,홍제1동,정상 지오코딩
3228,서대문구,수색로 27,경의선 가좌역 앞,도로변(횡단보도 포함),일반쓰레기,37.568887,126.9151498,11130690.0,남가좌1동,정상 지오코딩
3229,서대문구,증가로 150,명지대 사거리,도로변(횡단보도 포함),일반쓰레기,37.5780548,126.9210192,11130700.0,남가좌2동,정상 지오코딩
3230,서대문구,북가좌동 357-8,해담는다리,도로변(횡단보도 포함),재활용쓰레기,37.581207,126.9090226,11130720.0,북가좌2동,정상 지오코딩
3231,마포구,신공덕동 56-74,공덕역7번출구 (이마트앞),지하철역 입구,일반쓰레기,37.543008,126.9528542,11140770.0,공덕동,정상 지오코딩
3232,마포구,신공덕동 56-74,공덕역7번출구 (이마트앞),지하철역 입구,일반쓰레기,37.543008,126.9528542,11140770.0,공덕동,정상 지오코딩
3233,마포구,백범로205,백범로 공덕오거리 버스정류장 14-149,정류소(버스 가로변),일반쓰레기,37.5440256,126.954095,11140770.0,공덕동,정상 지오코딩
3234,마포구,백범로199,공덕역 6번출구(뒤),지하철역 입구,일반쓰레기,37.5434779,126.95278,11140770.0,공덕동,정상 지오코딩
3235,마포구,신공덕동 56-87,공덕역 6번출구(앞),지하철역 입구,일반쓰레기,37.5429783,126.9527384,11140770.0,공덕동,정상 지오코딩
3236,마포구,만리재로14,만리재로14 마포경찰서 교통센터앞,도로변(횡단보도 포함),일반쓰레기,37.5438974,126.952835,11140770.0,공덕동,정상 지오코딩
3237,마포구,만리재로14,만리재로14 마포경찰서 교통센터앞,도로변(횡단보도 포함),일반쓰레기,37.5438974,126.952835,11140770.0,공덕동,정상 지오코딩
3238,마포구,만리재로3,공덕역 5번출구(자전거보관소 옆),지하철역 입구,일반쓰레기,37.547561,126.9586282,11140770.0,공덕동,정상 지오코딩
3239,마포구,공덕동 255-10,공덕역 5번출구,지하철역 입구,재활용쓰레기,37.5442522,126.9516556,11140770.0,공덕동,정상 지오코딩
3240,마포구,공덕동441-3,마포대로 버스정류장 14-003(공덕역),정류소(버스 중앙차로),일반쓰레기,37.5436949,126.9508336,11140770.0,공덕동,정상 지오코딩
3241,마포구,공덕동237-9,마포대로 버스정류장 14-004(공덕역),정류소(버스 중앙차로),일반쓰레기,37.5461568,126.9526246,11140770.0,공덕동,정상 지오코딩
3242,마포구,공덕동237-9,마포대로 버스정류장 14-004(공덕역),정류소(버스 중앙차로),일반쓰레기,37.5461568,126.9526246,11140770.0,공덕동,정상 지오코딩
3243,마포구,마포대로122,마포대로120 공덕역4번출구(택시승강장),정류소(택시 등 기타),일반쓰레기,37.5453994,126.95256,11140770.0,공덕동,정상 지오코딩
3244,마포구,공덕동 254-29,마포대로120 공덕역4번출구(택시승강장),정류소(택시 등 기타),재활용쓰레기,37.5455043,126.9523567,11140770.0,공덕동,정상 지오코딩
3245,마포구,마포대로114,마포대로114 공덕역4번출구(기업은행앞),도로변(횡단보도 포함),일반쓰레기,37.5448076,126.9520282,11140770.0,공덕동,정상 지오코딩
3246,마포구,마포대로212,애오개역 4번출구,지하철역 입구,일반쓰레기,37.5545583,126.95424,11140780.0,아현동,정상 지오코딩
3247,마포구,마포대로212,애오개역 3번출구,지하철역 입구,일반쓰레기,37.5545583,126.95424,11140780.0,아현동,정상 지오코딩
3248,마포구,아현동447-15,마포대로 버스정류장 14-007(마포경찰서),정류소(버스 중앙차로),일반쓰레기,37.5504167,126.9552829,11140770.0,공덕동,정상 지오코딩
3249,마포구,아현동447-15,마포대로 버스정류장 14-007(마포경찰서),정류소(버스 중앙차로),일반쓰레기,37.5504167,126.9552829,11140770.0,공덕동,정상 지오코딩
3250,마포구,아현동447-9,마포대로 버스정류장 14-008(마포경찰서),정류소(버스 중앙차로),일반쓰레기,37.5508124,126.9552615,11140780.0,아현동,정상 지오코딩
3251,마포구,아현동447-9,마포대로 버스정류장 14-008(마포경찰서),정류소(버스 중앙차로),일반쓰레기,37.5508124,126.9552615,11140780.0,아현동,정상 지오코딩
3252,마포구,마포대로233-1,마포대로233-1 (아현초교담 횡단보도앞),도로변(횡단보도 포함),일반쓰레기,37.5548077,126.9571319,11140780.0,아현동,정상 지오코딩
3253,마포구,마포대로207-1,"마포대로207-1 (애오개역1번출구) 
둘둘치킨앞",도로변(횡단보도 포함),일반쓰레기,37.5545583,126.95424,11140780.0,아현동,인근 도로명번지 추정(번지차 5)
3254,마포구,공덕동237-9,마포대로 버스정류장 14-005(아현동주민센터),정류소(버스 중앙차로),일반쓰레기,37.5461568,126.9526246,11140770.0,공덕동,정상 지오코딩
3255,마포구,공덕동237-9,마포대로 버스정류장 14-006(아현동주민센터),정류소(버스 중앙차로),일반쓰레기,37.5461568,126.9526246,11140770.0,공덕동,정상 지오코딩
3256,마포구,마포대로61-1,마포대로61-1 (트라팰리스앞),도로변(횡단보도 포함),재활용쓰레기,37.5413753,126.9479859,11140590.0,용강동,정상 지오코딩
3257,마포구,마포대로61-1,마포대로61-1 (트라팰리스앞),도로변(횡단보도 포함),일반쓰레기,37.5413753,126.9479859,11140590.0,용강동,정상 지오코딩
3258,마포구,마포대로33,마포대로33 마포역1번출구,지하철역 입구,일반쓰레기,37.5399848,126.9454475,11140590.0,용강동,정상 지오코딩
3259,마포구,마포대로 33,마포대로33 마포역1번출구,지하철역 입구,재활용쓰레기,37.5399848,126.9454475,11140590.0,용강동,정상 지오코딩
3260,마포구,도화동293-1,마포대로 정류소번호 14-001(가든호텔앞),정류소(버스 중앙차로),일반쓰레기,37.5411129,126.948038,11140750.0,도화동,정상 지오코딩
3261,마포구,도화동293-1,마포대로 정류소번호 14-001(가든호텔앞),정류소(버스 중앙차로),일반쓰레기,37.5411129,126.948038,11140750.0,도화동,정상 지오코딩
3262,마포구,마포대로20,마포대로20 (마포역4번출구),도로변(횡단보도 포함),일반쓰레기,37.5384252,126.9449856,11140750.0,도화동,정상 지오코딩
3263,마포구,마포대로25,마포대로25 화로연각 앞(토정로방향),도로변(횡단보도 포함),일반쓰레기,37.5393741,126.9448338,11140590.0,용강동,정상 지오코딩
3264,마포구,공덕동257-88,공덕역 2번출구 롯데캐슬 택시정류장앞,정류소(택시 등 기타),일반쓰레기,37.544492,126.9501505,11140780.0,아현동,정상 지오코딩
3265,마포구,백범로95,대흥역 2번출구앞(삼성공인중개사 앞),지하철역 입구,일반쓰레기,37.5479525,126.9423084,11140600.0,대흥동,정상 지오코딩
3266,마포구,백범로 112,백범로112 버스정류장(14-176),정류소(버스 가로변),일반쓰레기,37.5469907,126.9435513,11140600.0,대흥동,정상 지오코딩
3267,마포구,백범로122,백범로122 풍천민물장어앞,도로변(횡단보도 포함),일반쓰레기,37.5465547,126.9444362,11140610.0,염리동,정상 지오코딩
3268,마포구,백범로152,백범로152 버스정류장(14-178),정류소(버스 가로변),일반쓰레기,37.5447477,126.9482582,11140610.0,염리동,정상 지오코딩
3269,마포구,백범로 170,버스정류장 14-180,정류소(버스 가로변),일반쓰레기,37.5442689,126.9492809,11140780.0,아현동,정상 지오코딩
3270,마포구,공덕동435-12,공덕역1번출구 자전거보관대앞,지하철역 입구,일반쓰레기,37.5440411,126.9502849,11140780.0,아현동,정상 지오코딩
3271,마포구,백범로 178,공덕역1번출구 자전거보관대앞(신영지웰앞),지하철역 입구,재활용쓰레기,37.5438818,126.9500762,11140780.0,아현동,정상 지오코딩
3272,마포구,백범로91,백범로91 건널목앞(대흥역1번출구),도로변(횡단보도 포함),일반쓰레기,37.5482162,126.9418041,11140600.0,대흥동,정상 지오코딩
3273,마포구,노고산동31-123,신촌역 6번출구 공원안쪽,"광장, 공원",일반쓰레기,37.5549556,126.9368608,11140600.0,대흥동,정상 지오코딩
3274,마포구,노고산동31-123,신촌역 6번출구 공원안쪽,"광장, 공원",일반쓰레기,37.5549556,126.9368608,11140600.0,대흥동,정상 지오코딩
3275,마포구,백범로88,백범로88 경총회관앞 (대흥역4번출구),도로변(횡단보도 포함),일반쓰레기,37.547947,126.9411092,11140600.0,대흥동,정상 지오코딩
3276,마포구,백범로 82,대흥동79(홍콩반점옆 횡단보드),도로변(횡단보도 포함),일반쓰레기,37.5475799,126.9405773,11140600.0,대흥동,정상 지오코딩
3277,마포구,서울특별시 마포구 독막로 234 마포세무서,마포세무서 사거리(공사현장)앞,도로변(횡단보도 포함),일반쓰레기,37.5465224,126.9394936,11140630.0,신수동,API 재시도-주소검색-원본
3278,마포구,독막로221,독막로221 정자나무 공원안,"광장, 공원",일반쓰레기,37.5475333,126.9384796,11140630.0,신수동,정상 지오코딩
3279,마포구,독막로192,독막로192 신수동 주민센터앞,도로변(횡단보도 포함),일반쓰레기,37.5470464,126.9352334,11140630.0,신수동,정상 지오코딩
3280,마포구,독막로242,독막로242 노기홍사무소앞,도로변(횡단보도 포함),일반쓰레기,37.5465973,126.9402909,11140630.0,신수동,정상 지오코딩
3281,마포구,독막로246,독막로246(백억공인중개사 앞),도로변(횡단보도 포함),일반쓰레기,37.5463827,126.9408445,11140590.0,용강동,정상 지오코딩
3282,마포구,창전로32,창전로32 서강나루공원앞,"광장, 공원",일반쓰레기,37.5451543,126.9319133,11140630.0,신수동,정상 지오코딩
3283,마포구,신촌로110,신촌로110 웨스턴 동물의료센터앞 (5번출구),지하철역 입구,일반쓰레기,37.5551451,126.9381283,11140600.0,대흥동,정상 지오코딩
3284,마포구,신촌로174,신촌로174 중우빌딩 횡단보도옆,도로변(횡단보도 포함),일반쓰레기,37.5564869,126.9449971,11140600.0,대흥동,정상 지오코딩
3285,마포구,신촌로174,신촌로174 중우빌딩 횡단보도옆,도로변(횡단보도 포함),일반쓰레기,37.5564869,126.9449971,11140600.0,대흥동,정상 지오코딩
3286,마포구,신촌로210,신촌로210 아현어린이집앞,도로변(횡단보도 포함),일반쓰레기,37.5566738,126.9489767,11140780.0,아현동,정상 지오코딩
3287,마포구,신촌로234,신촌로234 새마을금고앞,도로변(횡단보도 포함),일반쓰레기,37.5569171,126.9516534,11140780.0,아현동,정상 지오코딩
3288,마포구,마포대로247,아현역 3번출구앞,지하철역 입구,일반쓰레기,37.5564007,126.9565,11140780.0,아현동,정상 지오코딩
3289,마포구,마포대로247,아현역3번출구 버스정류장앞 (굴레방다리),정류소(버스 가로변),일반쓰레기,37.5564007,126.9565,11140780.0,아현동,정상 지오코딩
3290,마포구,대흥로122,대흥로122 여성동행센터,도로변(횡단보도 포함),일반쓰레기,37.5503805,126.9442916,11140600.0,대흥동,정상 지오코딩
3291,마포구,대흥로194,이대역5번출구앞,도로변(횡단보도 포함),일반쓰레기,37.5562334,126.946135,11140600.0,대흥동,정상 지오코딩
3292,마포구,대흥동 2-1,이대역5번출구앞,지하철역 입구,재활용쓰레기,37.5565828,126.9462772,11140600.0,대흥동,정상 지오코딩
3293,마포구,만리재로83-1,만리재로83-1앞 버스정류장(14-145),정류소(버스 가로변),일반쓰레기,37.5481536,126.9587131,11140770.0,공덕동,정상 지오코딩
3294,마포구,만리재로88,만리재로88앞 버스정류장(14-146),정류소(버스 가로변),일반쓰레기,37.5481172,126.9591862,11140770.0,공덕동,정상 지오코딩
3296,마포구,월드컵로51,월드컵로51 아카데미과학(다사랑치킨피자),도로변(횡단보도 포함),일반쓰레기,37.5538372,126.911558,11140680.0,합정동,정상 지오코딩
3297,마포구,월드컵로54,월드컵로54 티스테이션,도로변(횡단보도 포함),일반쓰레기,37.5541167,126.9120342,11140660.0,서교동,정상 지오코딩
3298,마포구,월드컵로39,월드컵로39 하동우렁추어탕,도로변(횡단보도 포함),일반쓰레기,37.5527921,126.911918,11140680.0,합정동,정상 지오코딩
3299,마포구,월드컵로30,월드컵로30 세븐일레븐,도로변(횡단보도 포함),일반쓰레기,37.552106,126.9126397,11140660.0,서교동,정상 지오코딩
3300,마포구,월드컵로5길 11,월드컵로5길11합정동주민센터 횡단보도앞,도로변(횡단보도 포함),재활용쓰레기,37.5516004,126.9118263,11140680.0,합정동,정상 지오코딩
3301,마포구,월드컵로5길 11,월드컵로5길11합정동주민센터 횡단보도앞,도로변(횡단보도 포함),일반쓰레기,37.5516004,126.9118263,11140680.0,합정동,정상 지오코딩
3302,마포구,양화로 36,양화로 36 할리스 옆 공원,도로변(횡단보도 포함),일반쓰레기,37.5485091,126.9133377,11140680.0,합정동,정상 지오코딩
3303,마포구,양화로50,양화로50바이모노(합정역 5번출구앞),지하철역 입구,일반쓰레기,37.5495222,126.9145058,11140680.0,합정동,정상 지오코딩
3304,마포구,양화로50,양화로50바이모노(합정역 5번출구앞),지하철역 입구,일반쓰레기,37.5495222,126.9145058,11140680.0,합정동,정상 지오코딩
3305,마포구,양화로68,양화로68한동빌딩(합정역 3번출구 앞),지하철역 입구,일반쓰레기,37.5507567,126.9160934,11140660.0,서교동,정상 지오코딩
3306,마포구,양화로68,양화로68한동빌딩(합정역 3번출구 앞),지하철역 입구,재활용쓰레기,37.5507567,126.9160934,11140660.0,서교동,정상 지오코딩
3307,마포구,양화로100,양화로100버거킹,도로변(횡단보도 포함),일반쓰레기,37.552704,126.918684,11140660.0,서교동,정상 지오코딩
3308,마포구,양화로100-2,양화로 100-2 버스중앙차로14-014,정류소(버스 중앙차로),재활용쓰레기,37.5528524,126.9186684,11140660.0,서교동,정상 지오코딩
3309,마포구,양화로136,양화로136,도로변(횡단보도 포함),재활용쓰레기,37.5546947,126.9215324,11140660.0,서교동,정상 지오코딩
3310,마포구,양화로136,양화로136,도로변(횡단보도 포함),일반쓰레기,37.5546947,126.9215324,11140660.0,서교동,정상 지오코딩
3311,마포구,양화로136,양화로136횡단보도,도로변(횡단보도 포함),재활용쓰레기,37.5546947,126.9215324,11140660.0,서교동,정상 지오코딩
3312,마포구,양화로136,양화로136횡단보도,도로변(횡단보도 포함),일반쓰레기,37.5546947,126.9215324,11140660.0,서교동,정상 지오코딩
3313,마포구,양화로18길3,홍대입구역8번출구,지하철역 입구,일반쓰레기,37.5570313,126.9245703,11140660.0,서교동,정상 지오코딩
3314,마포구,양화로18길3,홍대입구역8번출구,지하철역 입구,재활용쓰레기,37.5570313,126.9245703,11140660.0,서교동,정상 지오코딩
3315,마포구,동교동155-55,홍대입구역8번출구 버스중앙차로14-016,정류소(버스 중앙차로),일반쓰레기,37.5563721,126.9231257,11140660.0,서교동,정상 지오코딩
3316,마포구,동교동155-55,홍대입구역8번출구 버스중앙차로14-016,정류소(버스 중앙차로),재활용쓰레기,37.5563721,126.9231257,11140660.0,서교동,정상 지오코딩
3317,마포구,양화로188,홍대입구역4번출구ak백화점횡단보도,지하철역 입구,일반쓰레기,37.5577458,126.9264983,11140660.0,서교동,정상 지오코딩
3318,마포구,양화로188,홍대입구역4번출구ak백화점횡단보도,지하철역 입구,일반쓰레기,37.5577458,126.9264983,11140660.0,서교동,정상 지오코딩
3319,마포구,연희로43,연남동 버스정류장14-226,정류소(버스 가로변),일반쓰레기,37.5626134,126.9275008,11140710.0,연남동,정상 지오코딩
3320,마포구,연희로 43,연남동 버스정류장14-226,정류소(버스 가로변),재활용쓰레기,37.5626134,126.9275008,11140710.0,연남동,정상 지오코딩
3321,마포구,연희로1-1,연희로1-1 횡단보도앞,도로변(횡단보도 포함),일반쓰레기,37.5590126,126.926145,11140660.0,서교동,정상 지오코딩
3322,마포구,양화로183,양화로183 홍익인간오피스텔,도로변(횡단보도 포함),재활용쓰레기,37.5583675,126.9251484,11140660.0,서교동,정상 지오코딩
3323,마포구,양화로183,양화로183 홍익인간오피스텔,지하철역 입구,일반쓰레기,37.5583675,126.9251484,11140660.0,서교동,정상 지오코딩
3324,마포구,양화로171,양화로171삼성스토어 횡단보도앞,지하철역 입구,일반쓰레기,37.5575321,126.9240527,11140660.0,서교동,정상 지오코딩
3325,마포구,동교동155-55,홍대입구역8번출구 버스중앙차로14-015,정류소(버스 중앙차로),재활용쓰레기,37.5563721,126.9231257,11140660.0,서교동,정상 지오코딩
3326,마포구,동교동 165-5,홍대입구역8번출구 버스중앙차로14-015,정류소(버스 중앙차로),일반쓰레기,37.556399,126.9238798,11140660.0,서교동,정상 지오코딩
3327,마포구,양화로153,양화로153홍대입구1번출구,지하철역 입구,일반쓰레기,37.5564944,126.9226319,11140660.0,서교동,정상 지오코딩
3328,마포구,양화로129,양화로129 맘스터치,도로변(횡단보도 포함),일반쓰레기,37.5550608,126.9206937,11140660.0,서교동,정상 지오코딩
3329,마포구,양화로119,양화로119메디람한방병원,도로변(횡단보도 포함),일반쓰레기,37.5543612,126.9197701,11140660.0,서교동,정상 지오코딩
3330,마포구,양화로100-2,양화로 버스중앙차로14-013,정류소(버스 중앙차로),재활용쓰레기,37.5528524,126.9186684,11140660.0,서교동,정상 지오코딩
3331,마포구,양화로107,양화로107카사미아(스타벅스앞),도로변(횡단보도 포함),일반쓰레기,37.5535866,126.9187818,11140660.0,서교동,정상 지오코딩
3332,마포구,양화로99,양화로99백년욱일집 횡단보도(지산한의원앞),도로변(횡단보도 포함),일반쓰레기,37.5530606,126.9182338,11140660.0,서교동,정상 지오코딩
3333,마포구,양화로68,양화로69합정역2번출구(3번출구),지하철역 입구,일반쓰레기,37.5507567,126.9160934,11140660.0,서교동,정상 지오코딩
3334,마포구,양화로68,양화로69합정역2번출구(3번출구),지하철역 입구,재활용쓰레기,37.5507567,126.9160934,11140660.0,서교동,정상 지오코딩
3335,마포구,양화로57,양화로57합정역버스정류장14-895,도로변(횡단보도 포함),일반쓰레기,37.5504848,126.9147075,11140660.0,서교동,정상 지오코딩
3336,마포구,양화로 33-1,합정역8번출구,지하철역 입구,일반쓰레기,37.549166,126.9127609,11140680.0,합정동,정상 지오코딩
3337,마포구,양화로 33-1,합정역 8번 출구 횡단보도 앞,도로변(횡단보도 포함),재활용쓰레기,37.549166,126.9127609,11140680.0,합정동,정상 지오코딩
3338,마포구,양화로29,양화로29(배전반옆) 아람광고 앞,도로변(횡단보도 포함),일반쓰레기,37.5491589,126.9124833,11140680.0,합정동,정상 지오코딩
3339,마포구,양화로29,양화로29(배전반옆) 아람광고 앞,도로변(횡단보도 포함),재활용쓰레기,37.5491589,126.9124833,11140680.0,합정동,정상 지오코딩
3340,마포구,독막로,독막로 서강초등학교 버스정류장14-670,정류소(버스 가로변),일반쓰레기,37.5474735,126.9322124,11140760.0,서강동,정상 지오코딩
3341,마포구,독막로101,독막로101횡단보도앞(br 오피스텔앞),도로변(횡단보도 포함),일반쓰레기,37.5482439,126.924449,11140760.0,서강동,정상 지오코딩
3342,마포구,독막로63,독막로93 상수역2번출구,도로변(횡단보도 포함),일반쓰레기,37.5479941,126.9205318,11140760.0,서강동,정상 지오코딩
3343,마포구,독막로74,독막로74김가농축산(한빛부동산앞),도로변(횡단보도 포함),일반쓰레기,37.547628,126.9215697,11140760.0,서강동,정상 지오코딩
3344,마포구,독막로63,독막로61레드로드입구 시계탑앞(버스정류장(14-960),정류소(버스 가로변),일반쓰레기,37.5479941,126.9205318,11140760.0,서강동,정상 지오코딩
3345,마포구,독막로37,독막로37 (서울화력발전소입구역)버스정류장14-121,도로변(횡단보도 포함),일반쓰레기,37.5482745,126.9176949,11140680.0,합정동,정상 지오코딩
3346,마포구,독막로 36,독막로36 버스정류장14-122,도로변(횡단보도 포함),일반쓰레기,37.5479499,126.9173864,11140680.0,합정동,정상 지오코딩
3347,마포구,독막로 16,독막로16보성사 앞,도로변(횡단보도 포함),일반쓰레기,37.548443,126.9150957,11140680.0,합정동,정상 지오코딩
3348,마포구,독막로5,독막로5합정역6번출구,지하철역 입구,일반쓰레기,37.5490199,126.9143079,11140680.0,합정동,정상 지오코딩
3349,마포구,독막로5,독막로5합정역6번출구,지하철역 입구,재활용쓰레기,37.5490199,126.9143079,11140680.0,합정동,정상 지오코딩
3350,마포구,와우산로55,와우산로55 (극동방송국역)버스정류장14-231(아크스테이션앞),도로변(횡단보도 포함),일반쓰레기,37.5493799,126.9228941,11140760.0,서강동,정상 지오코딩
3351,마포구,와우산로56,"극동방송 버스정류장14-230
(우리은행 홍익대지점앞)",도로변(횡단보도 포함),일반쓰레기,37.5494446,126.9233972,11140760.0,서강동,정상 지오코딩
3352,마포구,와우산로71,와우산로71삼거리포차 앞 삼거리(프라이빗홍대앞),도로변(횡단보도 포함),일반쓰레기,37.5508808,126.9228524,11140660.0,서교동,정상 지오코딩
3353,마포구,와우산로97,와우산로97홍익대학교 버스정류장14-233(하나은행앞),정류소(버스 가로변),일반쓰레기,37.553094,126.9243535,11140660.0,서교동,정상 지오코딩
3354,마포구,와우산로121,와우산로121삼진제약버스정류장(14-283),도로변(횡단보도 포함),일반쓰레기,37.5535088,126.926757,11140660.0,서교동,정상 지오코딩
3355,마포구,와우산로157,와우산로157산울림소극장앞 버스정류장(14-235),도로변(횡단보도 포함),일반쓰레기,37.5550833,126.9301095,11140660.0,서교동,정상 지오코딩
3356,마포구,신촌로66 ,신촌로66 농협하나로마트,도로변(횡단보도 포함),일반쓰레기,37.5560711,126.9331507,11140660.0,서교동,정상 지오코딩
3357,마포구,신촌로82,신촌로82유앤아이치과의원 버스정류장(14-228),도로변(횡단보도 포함),일반쓰레기,37.5556113,126.9348093,11140660.0,서교동,정상 지오코딩
3358,마포구,신촌로82,신촌로82유앤아이치과의원 버스정류장(14-228),도로변(횡단보도 포함),일반쓰레기,37.5556113,126.9348093,11140660.0,서교동,정상 지오코딩
3359,마포구,신촌로94,신촌역7번출구,지하철역 입구,재활용쓰레기,37.5549939,126.9360018,11140660.0,서교동,정상 지오코딩
3360,마포구,창전동 236,광흥창역5번 출구 횡단보도앞,지하철역 입구,일반쓰레기,37.5471133,126.931429,11140760.0,서강동,정상 지오코딩
3361,마포구,창전동 242,광흥창역2번 출구,지하철역 입구,일반쓰레기,37.5477115,126.9320119,11140760.0,서강동,정상 지오코딩
3362,마포구,창전로60,광흥창역3번 출구,지하철역 입구,재활용쓰레기,37.547797,126.9328946,11140630.0,신수동,정상 지오코딩
3363,마포구,창전로60,광흥창역3번 출구,지하철역 입구,일반쓰레기,37.547797,126.9328946,11140630.0,신수동,정상 지오코딩
3364,마포구,노고산동112-5,서강대역2번 출구 자전거대여소 앞,지하철역 입구,일반쓰레기,37.5522607,126.9353223,11140600.0,대흥동,정상 지오코딩
3365,마포구,서강로137,서강로137신촌역 버스정류장14-990,도로변(횡단보도 포함),일반쓰레기,37.5546683,126.9355938,11140660.0,서교동,정상 지오코딩
3366,마포구,서강로137,서강로137신촌역 버스정류장14-990,도로변(횡단보도 포함),일반쓰레기,37.5546683,126.9355938,11140660.0,서교동,정상 지오코딩
3367,마포구,신촌로16길29,신촌로16길29횡단보도,도로변(횡단보도 포함),일반쓰레기,37.5540773,126.9346401,11140660.0,서교동,정상 지오코딩
3369,마포구,서강로97,서강로97삼성프라자,도로변(횡단보도 포함),일반쓰레기,37.5519346,126.9323486,11140760.0,서강동,정상 지오코딩
3370,마포구,창전동12-34,창전현대홈타운 버스정류장14-203,정류소(버스 가로변),일반쓰레기,37.551121,126.932607,11140760.0,서강동,정상 지오코딩
3371,마포구,서강로55,광흥창역.서강대주민센터 버스정류장14-201 (GS앞 버스정류장),정류소(버스 가로변),일반쓰레기,37.5482868,126.9313562,11140760.0,서강동,정상 지오코딩
3372,마포구,서강로55,광흥창역.서강대주민센터 버스정류장14-201(GS앞 버스정류장),정류소(버스 가로변),재활용쓰레기,37.5482868,126.9313562,11140760.0,서강동,정상 지오코딩
3373,마포구,서강로51,광흥창역1번출구,지하철역 입구,일반쓰레기,37.5477531,126.9311541,11140760.0,서강동,정상 지오코딩
3374,마포구,월드컵북로 157,국립경찰교향악단 앞,정류소(버스 가로변),일반쓰레기,37.566335,126.9103884,11140730.0,성산2동,정상 지오코딩
3375,마포구,성산동664,월드컵경기장 서측 버스정류장(14-105),정류소(버스 가로변),일반쓰레기,37.5704871,126.8961486,11140730.0,성산2동,정상 지오코딩
3376,마포구,성산동664,월드컵경기장 서측 버스정류장(14-105),정류소(버스 가로변),일반쓰레기,37.5704871,126.8961486,11140730.0,성산2동,정상 지오코딩
3377,마포구,성산동665,월드컵3단지 후문 버스정류장(14-115),정류소(버스 가로변),일반쓰레기,37.5682762,126.8927647,11140730.0,성산2동,정상 지오코딩
3378,마포구,성산동665-1,하늘공원주차장 버스정류장(14-332),정류소(버스 가로변),일반쓰레기,37.5691865,126.8912416,11140730.0,성산2동,정상 지오코딩
3379,마포구,월드컵로42길22,"상암월드컵파크 6,7단지 버스정류장(14-612)",정류소(버스 가로변),일반쓰레기,37.5781856,126.8817095,11140740.0,상암동,인근 도로명번지 추정(번지차 13)
3380,마포구,상암동1731-9,월드컵파크3단지 버스정류장(14-108),정류소(버스 가로변),일반쓰레기,37.5736843,126.8867426,11140740.0,상암동,정상 지오코딩
3381,마포구,상암동1542-4,서부면허시험장 버스정류장(14-109),정류소(버스 가로변),일반쓰레기,37.5781871,126.880185,11140740.0,상암동,정상 지오코딩
3382,마포구,상암동1542-4,서부면허시험장 버스정류장(14-109),정류소(버스 가로변),일반쓰레기,37.5781871,126.880185,11140740.0,상암동,정상 지오코딩
3383,마포구,상암동478-13,서부면허시험장 버스정류장(14-110),정류소(버스 가로변),일반쓰레기,37.5775726,126.8804201,11140740.0,상암동,정상 지오코딩
3384,마포구,상암동478-13,서부면허시험장 버스정류장(14-110),정류소(버스 가로변),일반쓰레기,37.5775726,126.8804201,11140740.0,상암동,정상 지오코딩
3385,마포구,월드컵로42길 9-1,서부면허시험장 버스정류장(14-493),정류소(버스 가로변),일반쓰레기,37.5781856,126.8817095,11140740.0,상암동,정상 지오코딩
3386,마포구,상암동1758,월드컵파크9단지 버스정류장(14-335),정류소(버스 가로변),일반쓰레기,37.5845349,126.8798665,11140740.0,상암동,정상 지오코딩
3387,마포구,상암동1757,상암동 하늘초등학교 버스정류장(14-337),정류소(버스 가로변),일반쓰레기,37.5863343,126.8815181,11140740.0,상암동,정상 지오코딩
3388,마포구,월드컵북로396,월드컵북로396 누리꿈스퀘어 주차장 옆,도로변(횡단보도 포함),일반쓰레기,37.5794283,126.889783,11140740.0,상암동,정상 지오코딩
3389,마포구,월드컵북로396,월드컵북로396 KFC 상암DMC점 앞,정류소(버스 가로변),일반쓰레기,37.5794283,126.889783,11140740.0,상암동,정상 지오코딩
3390,마포구,월드컵북로15,월드컵북로 15 시디즈 홍대점 앞,도로변(횡단보도 포함),일반쓰레기,37.5562046,126.9199495,11140660.0,서교동,정상 지오코딩
3391,마포구,상암동1715-6,누리꿈스퀘어(MBC) 버스정류장(14-307),정류소(버스 가로변),일반쓰레기,37.5792171,126.8894285,11140740.0,상암동,정상 지오코딩
3392,마포구,월드컵북로6길3,월드컵북로 6길 3 수협 앞,도로변(횡단보도 포함),일반쓰레기,37.5578899,126.9189437,11140710.0,연남동,정상 지오코딩
3393,마포구,월드컵북로54길12,월드컵북로54길 12 국악방송 앞,도로변(횡단보도 포함),일반쓰레기,37.5808543,126.8893321,11140740.0,상암동,정상 지오코딩
3394,마포구,월드컵북로78,월드컵북로 78 cu편의점 앞,도로변(횡단보도 포함),일반쓰레기,37.5608365,126.916147,11140720.0,성산1동,정상 지오코딩
3395,마포구,월드컵북로120,버스정류장(14-186),정류소(버스 가로변),일반쓰레기,37.5639446,126.9133439,11140720.0,성산1동,정상 지오코딩
3396,마포구,월드컵북로136,월드컵북로 136 하나은행 옆,도로변(횡단보도 포함),일반쓰레기,37.5650251,126.9124737,11140720.0,성산1동,정상 지오코딩
3397,마포구,성산동24-12,성산2교 버스정류장(14-198),정류소(버스 가로변),일반쓰레기,37.5659075,126.914674,11140720.0,성산1동,정상 지오코딩
3398,마포구,상암동1694-5,월드컵파크7단지 버스정류장(14-272),정류소(버스 가로변),일반쓰레기,37.5819218,126.8794625,11140740.0,상암동,정상 지오코딩
3399,마포구,가양대로124,월드컵파크7단지 버스정류장(14-271),정류소(버스 가로변),일반쓰레기,37.5807915,126.8784504,11140740.0,상암동,정상 지오코딩
3400,마포구,상암동1715-25,상암고등학교 버스정류장(14-291),정류소(버스 가로변),일반쓰레기,37.5822443,126.8832718,11140740.0,상암동,정상 지오코딩
3401,마포구,상암산로1길52,상암산로1길 52 월드컵파크5단지 508동 앞,도로변(횡단보도 포함),일반쓰레기,37.5808074,126.8853953,11140740.0,상암동,정상 지오코딩
3402,마포구,상암산로1길52,월드컵파크5단지 버스정류장(14-289),정류소(버스 가로변),일반쓰레기,37.5808074,126.8853953,11140740.0,상암동,정상 지오코딩
3403,마포구,월드컵로202,월드컵로202 마포구청역 1번 출구 앞,도로변(횡단보도 포함),일반쓰레기,37.565287,126.9024641,11140730.0,성산2동,정상 지오코딩
3404,마포구,월드컵로204,월드컵로204 마포구 청사 맞은편 횡단보도,도로변(횡단보도 포함),일반쓰레기,37.5653992,126.9021318,11140730.0,성산2동,정상 지오코딩
3405,마포구,상암산로1길26,상암산로1길 26 상암중학교 앞,도로변(횡단보도 포함),일반쓰레기,37.5790569,126.8875508,11140740.0,상암동,정상 지오코딩
3406,마포구,월드컵로212,구청 광장 대로변,"광장, 공원",일반쓰레기,37.5663128,126.9016157,11140730.0,성산2동,정상 지오코딩
3407,마포구,월드컵로212,마포구의회 앞 마을버스정류장(14-563),정류소(버스 가로변),일반쓰레기,37.5663128,126.9016157,11140730.0,성산2동,정상 지오코딩
3408,마포구,월드컵북로381,월드컵북로381 월드컵파크4단지 401동 앞,도로변(횡단보도 포함),일반쓰레기,37.5779529,126.8898876,11140740.0,상암동,정상 지오코딩
3409,마포구,월드컵북로381,월드컵북로 381 버스정류장(14-306),정류소(버스 가로변),일반쓰레기,37.5779529,126.8898876,11140740.0,상암동,정상 지오코딩
3410,마포구,월드컵북로381,월드컵북로 381 버스정류장(14-306),정류소(버스 가로변),일반쓰레기,37.5779529,126.8898876,11140740.0,상암동,정상 지오코딩
3411,마포구,월드컵북로235,성중길 월드컵경기장역 마을버스정류장(14-573),정류소(버스 가로변),일반쓰레기,37.5697004,126.9014174,11140730.0,성산2동,정상 지오코딩
3412,마포구,상암동1715,상암이안 2단지 버스정류장(14-287),정류소(버스 가로변),일반쓰레기,37.5799992,126.887548,11140740.0,상암동,정상 지오코딩
3413,마포구,월드컵로220,마포농수산물시장 3거리 홈플러스 입구,도로변(횡단보도 포함),일반쓰레기,37.5673618,126.9006703,11140730.0,성산2동,정상 지오코딩
3414,마포구,월드컵로220,마포농수산물시장 3거리 홈플러스 입구,도로변(횡단보도 포함),일반쓰레기,37.5673618,126.9006703,11140730.0,성산2동,정상 지오코딩
3415,마포구,성산동665,월드컵경기장 남측 버스정류장(14-104),정류소(버스 가로변),일반쓰레기,37.5682762,126.8927647,11140730.0,성산2동,정상 지오코딩
3416,마포구,월드컵북로47길46,월드컵파크2단지 버스정류장(14-117),정류소(버스 가로변),일반쓰레기,37.5748821,126.8907326,11140740.0,상암동,정상 지오코딩
3417,마포구,월드컵북로47길46,월드컵파크2단지 버스정류장(14-117),정류소(버스 가로변),일반쓰레기,37.5748821,126.8907326,11140740.0,상암동,정상 지오코딩
3418,마포구,상암동487-137,평화의공원 주차장입구 횡단보도 맞은편,도로변(횡단보도 포함),일반쓰레기,37.5612447,126.8877308,11140740.0,상암동,정상 지오코딩
3419,마포구,상암동487-137,평화의공원 주차장입구 횡단보도 맞은편,도로변(횡단보도 포함),일반쓰레기,37.5612447,126.8877308,11140740.0,상암동,정상 지오코딩
3420,마포구,상암동37-36,상암초등학교 버스정류장(14-166),정류소(버스 가로변),일반쓰레기,37.5764153,126.8933266,11140740.0,상암동,정상 지오코딩
3421,마포구,성산동665,월드컵경기장 사거리,도로변(횡단보도 포함),일반쓰레기,37.5682762,126.8927647,11140730.0,성산2동,정상 지오코딩
3422,마포구,성암로37,성암로 37 버스정류장(14-351),정류소(버스 가로변),일반쓰레기,37.5691456,126.9122909,11140730.0,성산2동,정상 지오코딩
3423,마포구,월드컵로 지하190,마포구청역 5번 출구,지하철역 입구,일반쓰레기,37.5634263,126.903357,11140730.0,성산2동,정상 지오코딩
3424,마포구,상암동1138,성암로184 DMC역 7번 출구 버스정류장(14-358),지하철역 입구,일반쓰레기,37.576626,126.8989862,11140740.0,상암동,정상 지오코딩
3425,마포구,상암동1695,DMC첨단산업센터 버스정류장(14-355),정류소(버스 가로변),일반쓰레기,37.5814605,126.8917098,11140740.0,상암동,정상 지오코딩
3426,마포구,성암로201,디지털미디어시티역 공항철로 9번 출구 앞,지하철역 입구,일반쓰레기,37.5775885,126.896952,11140740.0,상암동,정상 지오코딩
3427,마포구,성암로201,디지털미디어시티역 공항철로 9번 출구 앞,지하철역 입구,일반쓰레기,37.5775885,126.896952,11140740.0,상암동,정상 지오코딩
3428,마포구,월드컵로54,월드컵로 54 횡단보도 옆,도로변(횡단보도 포함),일반쓰레기,37.5541167,126.9120342,11140660.0,서교동,정상 지오코딩
3429,마포구,성산동196-2,마포중앙도서관 버스정류장(14-197),정류소(버스 가로변),일반쓰레기,37.5642201,126.9066912,11140720.0,성산1동,정상 지오코딩
3430,마포구,상암동1715,"월드컵파크5단지 상암고등학교 버스정류장
(14-288)",정류소(버스 가로변),일반쓰레기,37.5799992,126.887548,11140740.0,상암동,정상 지오코딩
3431,마포구,성산동196-2,마포구청역 버스정류장(14-194),정류소(버스 가로변),일반쓰레기,37.5642201,126.9066912,11140720.0,성산1동,정상 지오코딩
3432,마포구,월드컵북로62길11,상암 DMC 버스정류장(14-290),정류소(버스 가로변),일반쓰레기,37.5838115,126.884431,11140740.0,상암동,정상 지오코딩
3433,마포구,성산동313-1,마포구청역 버스정류장(14-195),정류소(버스 가로변),일반쓰레기,37.5625936,126.9026278,11140700.0,망원2동,정상 지오코딩
3434,마포구,상암동1694-1,DMC첨단산업센터 버스정류장(14-111),정류소(버스 가로변),일반쓰레기,37.585367,126.8853209,11140740.0,상암동,정상 지오코딩
3435,마포구,상암동1756-4,서부도로사업소 버스정류장(14-112),도로변(횡단보도 포함),일반쓰레기,37.5844059,126.8834658,11140740.0,상암동,정상 지오코딩
3436,마포구,성산동280-7,마포구청역 3번 출구 앞,지하철역 입구,일반쓰레기,37.5630204,126.9046532,11140720.0,성산1동,정상 지오코딩
3437,마포구,성산동280-7,마포구청역 3번 출구 앞,지하철역 입구,일반쓰레기,37.5630204,126.9046532,11140720.0,성산1동,정상 지오코딩
3438,마포구,성산동191-33,마포중앙도서관 버스정류장(14-196),정류소(버스 가로변),일반쓰레기,37.5637835,126.906493,11140720.0,성산1동,정상 지오코딩
3439,마포구,상암동1622-1,디지털미디어시티역 8번 출구 횡단보도 앞,지하철역 입구,일반쓰레기,37.5771074,126.8978654,11140740.0,상암동,정상 지오코딩
3440,마포구,월드컵로74,월드컵로74 올리브영 앞,도로변(횡단보도 포함),일반쓰레기,37.5557822,126.9107286,11140660.0,서교동,정상 지오코딩
3441,마포구,월드컵로100,월드컵로 100 으뜸공인중개사 앞,도로변(횡단보도 포함),일반쓰레기,37.5576208,126.9089982,11140720.0,성산1동,정상 지오코딩
3442,마포구,월드컵로108,월드컵로 108 시골김치삼겹살 앞,도로변(횡단보도 포함),일반쓰레기,37.5582451,126.9084431,11140720.0,성산1동,정상 지오코딩
3443,마포구,성산동99-6,버스정류장(14-199),정류소(버스 가로변),일반쓰레기,37.5656627,126.912427,11140720.0,성산1동,정상 지오코딩
3444,마포구,월드컵로158,월드컵로 158 LG베스트샵 앞,도로변(횡단보도 포함),일반쓰레기,37.5619634,126.905207,11140720.0,성산1동,정상 지오코딩
3445,마포구,월드컵북로260,버스정류장(14-162),정류소(버스 가로변),일반쓰레기,37.5730621,126.9010479,11140730.0,성산2동,정상 지오코딩
3446,마포구,월드컵북로137,월드컵북로 137 CS타워 앞,정류소(버스 가로변),일반쓰레기,37.5648258,126.9116621,11140720.0,성산1동,정상 지오코딩
3447,마포구,상암동1707,버스정류장(14-286),정류소(버스 가로변),일반쓰레기,37.5789227,126.8926101,11140740.0,상암동,정상 지오코딩
3448,마포구,월드컵북로69,월드컵북로 69 바다약국 앞,도로변(횡단보도 포함),일반쓰레기,37.5599308,126.9163426,11140720.0,성산1동,정상 지오코딩
3449,마포구,월드컵북로43길11,월드컵북로43길 11 세븐일레븐 앞,도로변(횡단보도 포함),일반쓰레기,37.5746682,126.8957056,11140740.0,상암동,정상 지오코딩
3450,마포구,성산동665,마포농수산물시장 버스정류장(14-103),정류소(버스 가로변),일반쓰레기,37.5682762,126.8927647,11140730.0,성산2동,정상 지오코딩
3451,마포구,성산동665,마포농수산물시장 입구 횡단보도(성산동665),도로변(횡단보도 포함),재활용쓰레기,37.5682762,126.8927647,11140730.0,성산2동,정상 지오코딩
3452,마포구,월드컵로213,월드컵로 213 마포장애인복지회관 앞,도로변(횡단보도 포함),일반쓰레기,37.5654476,126.9008614,11140730.0,성산2동,정상 지오코딩
3453,마포구,월드컵로205,월드컵로 205 마포구청역 8번 출구 앞 버스정류장(14-102),도로변(횡단보도 포함),일반쓰레기,37.5650296,126.9015721,11140730.0,성산2동,정상 지오코딩
3454,마포구,상암동1626, 버스정류장(14-274),도로변(횡단보도 포함),일반쓰레기,37.5742349,126.8983876,11140740.0,상암동,정상 지오코딩
3455,마포구,성산동661,월드컵경기장 서측(문화비축기지) 버스정류장(14-106),정류소(버스 가로변),일반쓰레기,37.5702685,126.8945259,11140730.0,성산2동,정상 지오코딩
3456,마포구,성산동661,월드컵경기장 서측(문화비축기지) 버스정류장(14-106),정류소(버스 가로변),일반쓰레기,37.5702685,126.8945259,11140730.0,성산2동,정상 지오코딩
3457,마포구,월드컵북로233,성산아파트 버스정류장(14-163),정류소(버스 가로변),일반쓰레기,37.5697323,126.9031355,11140730.0,성산2동,정상 지오코딩
3458,마포구,월드컵북로221,월드컵북로 221 자전거대여소 옆,도로변(횡단보도 포함),일반쓰레기,37.5692779,126.9043255,11140730.0,성산2동,정상 지오코딩
3459,마포구,월드컵북로183-2,성산2동주민센터 버스정류장(14-158),정류소(버스 가로변),일반쓰레기,37.5679046,126.9082587,11140730.0,성산2동,정상 지오코딩
3460,마포구,월드컵로 78,"망원역 1번 출구, 택시승강장",정류소(택시 등 기타),일반쓰레기,37.5560151,126.910469,11140660.0,서교동,정상 지오코딩
3461,마포구,월드컵로87,망원역 하나은행 앞 배전함,도로변(횡단보도 포함),일반쓰레기,37.5564743,126.9092406,11140690.0,망원1동,정상 지오코딩
3462,마포구,월드컵로 143,버스정류장(14-253),정류소(버스 가로변),일반쓰레기,37.5604817,126.905632,11140700.0,망원2동,정상 지오코딩
3463,마포구,월드컵로 143,버스정류장(14-253),정류소(버스 가로변),일반쓰레기,37.5604817,126.905632,11140700.0,망원2동,정상 지오코딩
3464,마포구,월드컵로 61,버스정류장(14-249),정류소(버스 가로변),일반쓰레기,37.5546544,126.9110639,11140690.0,망원1동,정상 지오코딩
3465,마포구,상암동1731,"디지털미디어시티입구 교차로, 버스정류장(14-509)",정류소(버스 가로변),일반쓰레기,37.5736228,126.8873006,11140740.0,상암동,정상 지오코딩
3466,마포구,상암동 1622-1,디지털미디어시티역 8번 출구 횡단보도 앞,지하철역 입구,재활용쓰레기,37.5771074,126.8978654,11140740.0,상암동,정상 지오코딩
3467,마포구,월드컵로204,마포구청사 맞은편횡단보도,도로변(횡단보도 포함),재활용쓰레기,37.5653992,126.9021318,11140730.0,성산2동,정상 지오코딩
3468,마포구,성산동 665,마포농수산물시장 입구 횡단보도,도로변(횡단보도 포함),일반쓰레기,37.5682762,126.8927647,11140730.0,성산2동,정상 지오코딩
3469,마포구,월드컵로 212,마포구의회 앞 마을버스정류장 (14-563),정류소(버스 가로변),재활용쓰레기,37.5663128,126.9016157,11140730.0,성산2동,정상 지오코딩
3470,마포구,월드컵로 202,마포구청역 1번 출구 앞,지하철역 입구,일반쓰레기,37.565287,126.9024641,11140730.0,성산2동,정상 지오코딩
3471,마포구,매봉산로 80,버스정류장 14-361,정류소(버스 가로변),일반쓰레기,37.5785298,126.8942848,11140740.0,상암동,정상 지오코딩
3472,마포구,월드컵북로 361,"DMC홍보관 방향 
횡단보도 앞",도로변(횡단보도 포함),일반쓰레기,37.5771097,126.8914039,11140740.0,상암동,정상 지오코딩
3473,마포구,월드컵로 212,시립마포청소년센터 앞 횡단보도 옆,도로변(횡단보도 포함),일반쓰레기,37.5663128,126.9016157,11140730.0,성산2동,정상 지오코딩
3474,마포구,월드컵로 77,망원역2번 출구 안쪽,지하철역 입구,일반쓰레기,37.5560573,126.9100339,11140660.0,서교동,정상 지오코딩
3475,마포구,월드컵로 77,망원역2번 출구 안쪽,지하철역 입구,재활용쓰레기,37.5560573,126.9100339,11140660.0,서교동,정상 지오코딩
3476,마포구,고산2길61,고산2길 61 노고산체육공원,"광장, 공원",일반쓰레기,37.5539788,126.9408091,11140600.0,대흥동,정상 지오코딩
3477,마포구,월드컵로212,구청 광장,"광장, 공원",일반쓰레기,37.5663128,126.9016157,11140730.0,성산2동,정상 지오코딩
3478,마포구,월드컵로212,구청 광장 재활용,"광장, 공원",재활용쓰레기,37.5663128,126.9016157,11140730.0,성산2동,정상 지오코딩
3479,마포구,어울마당로 76,빈티지플러스 홍대점 앞,"광장, 공원",일반쓰레기,37.5517389,126.921615,11140660.0,서교동,정상 지오코딩
3480,마포구, 잔다리로 13,홍대한신포차 앞,상가지역,일반쓰레기,37.5505701,126.9216259,11140660.0,서교동,정상 지오코딩
3481,마포구,어울마당로 65,홍대상상마당 부근,"광장, 공원",일반쓰레기,37.5509577,126.921063,11140660.0,서교동,정상 지오코딩
3482,마포구,어울마당로 65,홍대상상마당 부근,"광장, 공원",일반쓰레기,37.5509577,126.921063,11140660.0,서교동,정상 지오코딩
3483,마포구,잔다리로 8,홍대 어썸 앞,상가지역,일반쓰레기,37.5508861,126.9222846,11140660.0,서교동,정상 지오코딩
3484,마포구,상수동1-3,독막로 래미안밤섬아파트 서강육교 앞 버스정류장(14-126),도로변(횡단보도 포함),일반쓰레기,37.5476544,126.9272267,11140760.0,서강동,정상 지오코딩
3485,마포구,양화로100-2,"홍대입구역 사거리, 횡단보도 앞",도로변(횡단보도 포함),일반쓰레기,37.5528524,126.9186684,11140660.0,서교동,정상 지오코딩
3486,마포구,양화로100-2,"홍대입구역 사거리, 버스정류장(14-832) 앞",도로변(횡단보도 포함),일반쓰레기,37.5528524,126.9186684,11140660.0,서교동,정상 지오코딩
3487,마포구,어울마당로107,어울마당로 107 AA플레이스 앞,도로변(횡단보도 포함),일반쓰레기,37.5546279,126.9224833,11140660.0,서교동,정상 지오코딩
3488,마포구,어울마당로113,어울마당로 113 양꼬치 앞,도로변(횡단보도 포함),일반쓰레기,37.5549748,126.9229139,11140660.0,서교동,정상 지오코딩
3489,마포구,잔다리로40,gs마트 앞,도로변(횡단보도 포함),일반쓰레기,37.5519591,126.9193376,11140660.0,서교동,정상 지오코딩
3490,마포구,홍익로10,홍익로 10 서교푸르지오아파트 앞,도로변(횡단보도 포함),일반쓰레기,37.553762,126.9236938,11140660.0,서교동,정상 지오코딩
3491,마포구,홍익로11,홍익로 11 프리스비빌딩 앞(코닥서울쇼룸),도로변(횡단보도 포함),일반쓰레기,37.5535039,126.9232862,11140660.0,서교동,정상 지오코딩
3492,마포구,홍익로18,홍익로 18 국민은행 앞,도로변(횡단보도 포함),일반쓰레기,37.5542201,126.9230101,11140660.0,서교동,정상 지오코딩
3493,마포구,홍익로19,홍익로 19 세븐일레븐 앞,도로변(횡단보도 포함),일반쓰레기,37.5540115,126.9226326,11140660.0,서교동,정상 지오코딩
3494,마포구,홍익로20,홍익로 20 걷고관광초소 옆,도로변(횡단보도 포함),일반쓰레기,37.5543826,126.9228187,11140660.0,서교동,정상 지오코딩
3495,마포구,홍익로23,홍익로 23 나이키홍대점 앞,도로변(횡단보도 포함),일반쓰레기,37.5542926,126.9222415,11140660.0,서교동,정상 지오코딩
3496,마포구,홍익로5,홍익로 5 ,도로변(횡단보도 포함),일반쓰레기,37.5531137,126.9237638,11140660.0,서교동,정상 지오코딩
3497,마포구,홍익로6,홍익로 6 CU편의점 앞,도로변(횡단보도 포함),일반쓰레기,37.5532978,126.9240508,11140660.0,서교동,정상 지오코딩
3498,마포구,공덕동 467,공덕역 2번 출구 앞 횡단보도 옆,지하철역 입구,일반쓰레기,37.5448825,126.950549,11140780.0,아현동,정상 지오코딩
3499,마포구,마포대로212,애오개역 3번 출구 앞,지하철역 입구,일반쓰레기,37.5545583,126.95424,11140780.0,아현동,정상 지오코딩
3500,마포구,서강로111-1,서강로 111-1 파리바게트 근처 전봇대앞,도로변(횡단보도 포함),일반쓰레기,37.5531941,126.9332862,11140760.0,서강동,정상 지오코딩
3501,마포구,서강로127-1,서강로 127-1 버스정류장(14-204),정류소(버스 가로변),일반쓰레기,37.5539745,126.9347767,11140660.0,서교동,정상 지오코딩
3502,양천구,남부순환로431,서서울호수공원(15339),"정류소(버스,택시 등)",일반쓰레기,37.5294953,126.8330264,11150570.0,신월1동,정상 지오코딩
3503,양천구,남부순환로431,서서울호수공원(15339),"정류소(버스,택시 등)",재활용쓰레기,37.5294953,126.8330264,11150570.0,신월1동,정상 지오코딩
3504,양천구,남부순환로391,양천희망문화회관 앞,도로변(횡단보도 포함),일반쓰레기,37.5325556,126.8310266,11150570.0,신월1동,정상 지오코딩
3505,양천구,남부순환로391,양천희망문화회관 앞,도로변(횡단보도 포함),재활용쓰레기,37.5325556,126.8310266,11150570.0,신월1동,정상 지오코딩
3506,양천구,남부순환로357,서부여성발전센터(15335),"정류소(버스,택시 등)",일반쓰레기,37.5352772,126.8290749,11150570.0,신월1동,정상 지오코딩
3507,양천구,남부순환로357,서부여성발전센터(15335),"정류소(버스,택시 등)",재활용쓰레기,37.5352772,126.8290749,11150570.0,신월1동,정상 지오코딩
3508,양천구,화곡로50,신월5동주민센터.신월중학교(15347),"정류소(버스,택시 등)",일반쓰레기,37.5391685,126.8274503,11150610.0,신월5동,정상 지오코딩
3509,양천구,화곡로50,신월5동주민센터.신월중학교(15347),"정류소(버스,택시 등)",재활용쓰레기,37.5391685,126.8274503,11150610.0,신월5동,정상 지오코딩
3510,양천구,남부순환로408,양서중학교(15358),"정류소(버스,택시 등)",일반쓰레기,37.5311595,126.8310115,11150590.0,신월3동,정상 지오코딩
3511,양천구,남부순환로408,양서중학교(15358),"정류소(버스,택시 등)",재활용쓰레기,37.5311595,126.8310115,11150590.0,신월3동,정상 지오코딩
3512,양천구,신월로179,라온동물의료센터 앞,도로변(횡단보도 포함),일반쓰레기,37.5191627,126.8429804,11150600.0,신월4동,정상 지오코딩
3513,양천구,신월로179,라온동물의료센터 앞,도로변(횡단보도 포함),재활용쓰레기,37.5191627,126.8429804,11150600.0,신월4동,정상 지오코딩
3514,양천구,신월로 86,푸른마을3단지 마을버스 정류장(15363),"정류소(버스,택시 등)",일반쓰레기,37.5150922,126.8335949,11150660.0,신정3동,정상 지오코딩
3515,양천구,신월로 86,푸른마을3단지 마을버스 정류장(15363),"정류소(버스,택시 등)",재활용쓰레기,37.5150922,126.8335949,11150660.0,신정3동,정상 지오코딩
3516,양천구,지양로47,신월7동 문화체육센터 앞,도로변(횡단보도 포함),일반쓰레기,37.5198557,126.8350649,11150630.0,신월7동,정상 지오코딩
3517,양천구,지양로47,신월7동 문화체육센터 앞,도로변(횡단보도 포함),재활용쓰레기,37.5198557,126.8350649,11150630.0,신월7동,정상 지오코딩
3518,양천구,남부순환로560,경창빌딩(15353),"정류소(버스,택시 등)",일반쓰레기,37.51863,126.8383581,11150630.0,신월7동,정상 지오코딩
3519,양천구,남부순환로560,경창빌딩(15353),"정류소(버스,택시 등)",재활용쓰레기,37.51863,126.8383581,11150630.0,신월7동,정상 지오코딩
3520,양천구,신월로99,신월시영아파트.강월초등학교(15326),"정류소(버스,택시 등)",일반쓰레기,37.5184159,126.8351572,11150630.0,신월7동,정상 지오코딩
3521,양천구,신월로99,신월시영아파트.강월초등학교(15326),"정류소(버스,택시 등)",재활용쓰레기,37.5184159,126.8351572,11150630.0,신월7동,정상 지오코딩
3522,양천구,신정로7길,푸른마을1단지.이든채아파트(15399),"정류소(버스,택시 등)",일반쓰레기,37.5112455,126.8361637,11150660.0,신정3동,정상 지오코딩
3523,양천구,신정로7길,푸른마을1단지.이든채아파트(15399),"정류소(버스,택시 등)",재활용쓰레기,37.5112455,126.8361637,11150660.0,신정3동,정상 지오코딩
3524,양천구,신정이펜1로20,서남병원(15599),"정류소(버스,택시 등)",일반쓰레기,37.5120204,126.8331315,11150660.0,신정3동,정상 지오코딩
3525,양천구,신정이펜1로20,서남병원(15599),"정류소(버스,택시 등)",재활용쓰레기,37.5120204,126.8331315,11150660.0,신정3동,정상 지오코딩
3526,양천구,중앙로,양강중교앞(따릉이대여소-725. 양강중학교앞 교차로),도로변(횡단보도 포함),일반쓰레기,37.5170935,126.8542488,11150660.0,신정3동,정상 지오코딩
3527,양천구,중앙로,양강중교앞(따릉이대여소-725. 양강중학교앞 교차로),도로변(횡단보도 포함),재활용쓰레기,37.5170935,126.8542488,11150660.0,신정3동,정상 지오코딩
3528,양천구,신월로337,우리은행신정동지점(15271),"정류소(버스,택시 등)",일반쓰레기,37.5219903,126.8584883,11150720.0,신정4동,정상 지오코딩
3529,양천구,신월로337,우리은행신정동지점(15271),"정류소(버스,택시 등)",재활용쓰레기,37.5219903,126.8584883,11150720.0,신정4동,정상 지오코딩
3530,양천구,중앙로288,경인 공인중개사 앞,도로변(횡단보도 포함),일반쓰레기,37.5219321,126.852347,11150720.0,신정4동,정상 지오코딩
3531,양천구,중앙로288,경인 공인중개사 앞,도로변(횡단보도 포함),재활용쓰레기,37.5219321,126.852347,11150720.0,신정4동,정상 지오코딩
3532,양천구,목동서로400,목동10단지상가(15235),"정류소(버스,택시 등)",일반쓰레기,37.5150079,126.8578385,11150640.0,신정1동,정상 지오코딩
3533,양천구,목동서로400,목동10단지상가(15235),"정류소(버스,택시 등)",재활용쓰레기,37.5150079,126.8578385,11150640.0,신정1동,정상 지오코딩
3534,양천구,목동서로340,양천문화회관.양천일자리센터(15236),"정류소(버스,택시 등)",일반쓰레기,37.5194247,126.8640382,11150640.0,신정1동,정상 지오코딩
3535,양천구,목동서로340,양천문화회관.양천일자리센터(15236),"정류소(버스,택시 등)",재활용쓰레기,37.5194247,126.8640382,11150640.0,신정1동,정상 지오코딩
3536,양천구,목동동로 10,고척2파출소앞 사거리(교통신호제어기옆),도로변(횡단보도 포함),일반쓰레기,37.5077581,126.86131,11150700.0,신정7동,정상 지오코딩
3537,양천구,목동동로 10,고척2파출소앞 사거리(교통신호제어기옆),도로변(횡단보도 포함),재활용쓰레기,37.5077581,126.86131,11150700.0,신정7동,정상 지오코딩
3538,양천구,목동동로100,양천구민체육센터.양천일자리센터(15195),"정류소(버스,택시 등)",일반쓰레기,37.514982,126.8651323,11150690.0,신정6동,정상 지오코딩
3539,양천구,목동동로100,양천구민체육센터.양천일자리센터(15195),"정류소(버스,택시 등)",재활용쓰레기,37.514982,126.8651323,11150690.0,신정6동,정상 지오코딩
3540,양천구,중앙로(신정동 573-1),양명초교.신서중(15233),"정류소(버스,택시 등)",일반쓰레기,37.5170935,126.8542488,11150660.0,신정3동,정상 지오코딩
3541,양천구,중앙로(신정동 573-1),양명초교.신서중(15233),"정류소(버스,택시 등)",재활용쓰레기,37.5170935,126.8542488,11150660.0,신정3동,정상 지오코딩
3542,양천구,신월로386,"서울남부지법,지검(15268)","정류소(버스,택시 등)",일반쓰레기,37.5221657,126.8639441,11150640.0,신정1동,정상 지오코딩
3543,양천구,신월로386,"서울남부지법,지검(15268)","정류소(버스,택시 등)",재활용쓰레기,37.5221657,126.8639441,11150640.0,신정1동,정상 지오코딩
3544,양천구,목동동로100,양천구청역 2번출구 건너편,도로변(횡단보도 포함),일반쓰레기,37.514982,126.8651323,11150690.0,신정6동,정상 지오코딩
3545,양천구,목동동로100,양천구청역 2번출구 건너편,도로변(횡단보도 포함),재활용쓰레기,37.514982,126.8651323,11150690.0,신정6동,정상 지오코딩
3546,양천구,신월로340,우리은행신정동지점(15247),"정류소(버스,택시 등)",일반쓰레기,37.521571,126.8588784,11150640.0,신정1동,정상 지오코딩
3547,양천구,신월로340,우리은행신정동지점(15247),"정류소(버스,택시 등)",재활용쓰레기,37.521571,126.8588784,11150640.0,신정1동,정상 지오코딩
3548,양천구,신정로13길22,한성교회 건너편,도로변(횡단보도 포함),일반쓰레기,37.5114254,126.8431316,11150660.0,신정3동,정상 지오코딩
3549,양천구,신정로13길22,한성교회 건너편,도로변(횡단보도 포함),재활용쓰레기,37.5114254,126.8431316,11150660.0,신정3동,정상 지오코딩
3550,양천구,중앙로228,CD씽크공장 앞,도로변(횡단보도 포함),일반쓰레기,37.5169906,126.8546018,11150640.0,신정1동,정상 지오코딩
3551,양천구,중앙로228,CD씽크공장 앞,도로변(횡단보도 포함),재활용쓰레기,37.5169906,126.8546018,11150640.0,신정1동,정상 지오코딩
3552,양천구,오목로195,신정4동 신협앞,도로변(횡단보도 포함),일반쓰레기,37.5255965,126.859216,11150720.0,신정4동,정상 지오코딩
3553,양천구,오목로195,신정4동 신협앞,도로변(횡단보도 포함),재활용쓰레기,37.5255965,126.859216,11150720.0,신정4동,정상 지오코딩
3554,양천구,중앙로209,남명초교.신정3동주민센터(15308),"정류소(버스,택시 등)",일반쓰레기,37.5151472,126.8547892,11150660.0,신정3동,정상 지오코딩
3555,양천구,중앙로209,남명초교.신정3동주민센터(15308),"정류소(버스,택시 등)",재활용쓰레기,37.5151472,126.8547892,11150660.0,신정3동,정상 지오코딩
3556,양천구,목동동로50,목동12단지(15196),"정류소(버스,택시 등)",일반쓰레기,37.5120948,126.8602911,11150700.0,신정7동,정상 지오코딩
3557,양천구,목동동로50,목동12단지(15196),"정류소(버스,택시 등)",재활용쓰레기,37.5120948,126.8602911,11150700.0,신정7동,정상 지오코딩
3558,양천구,등촌로 90,그랑시아 103동쪽 인도,도로변(횡단보도 포함),일반쓰레기,37.5380294,126.8639052,11150540.0,목4동,정상 지오코딩
3559,양천구,등촌로 90,그랑시아 103동쪽 인도,도로변(횡단보도 포함),재활용쓰레기,37.5380294,126.8639052,11150540.0,목4동,정상 지오코딩
3560,양천구,공항대로,염창역.서울도시가스(16002),"정류소(버스,택시 등)",일반쓰레기,37.5472915,126.8717128,11150520.0,목2동,정상 지오코딩
3561,양천구,공항대로,염창역.서울도시가스(16002),"정류소(버스,택시 등)",재활용쓰레기,37.5472915,126.8717128,11150520.0,목2동,정상 지오코딩
3562,양천구,공항대로,등촌역.강서보건소(16004),"정류소(버스,택시 등)",일반쓰레기,37.5472915,126.8717128,11150520.0,목2동,정상 지오코딩
3563,양천구,공항대로,등촌역.강서보건소(16004),"정류소(버스,택시 등)",재활용쓰레기,37.5472915,126.8717128,11150520.0,목2동,정상 지오코딩
3564,양천구,목동동로298,현대41타워 건너편 공중화장실,도로변(횡단보도 포함),일반쓰레기,37.5281322,126.876521,11150510.0,목1동,정상 지오코딩
3565,양천구,목동동로298,현대41타워 건너편 공중화장실,도로변(횡단보도 포함),재활용쓰레기,37.5281322,126.876521,11150510.0,목1동,정상 지오코딩
3566,양천구,목동동로240,목운초등학교.목운중학교(15164),"정류소(버스,택시 등)",일반쓰레기,37.5261442,126.872786,11150510.0,목1동,정상 지오코딩
3567,양천구,목동동로240,목운초등학교.목운중학교(15164),"정류소(버스,택시 등)",재활용쓰레기,37.5261442,126.872786,11150510.0,목1동,정상 지오코딩
3568,양천구,목동서로252,하이스트학원.종로학원(15253),"정류소(버스,택시 등)",일반쓰레기,37.5248122,126.8692428,11150510.0,목1동,정상 지오코딩
3569,양천구,목동서로252,하이스트학원.종로학원(15253),"정류소(버스,택시 등)",재활용쓰레기,37.5248122,126.8692428,11150510.0,목1동,정상 지오코딩
3570,양천구,목동로186,목동7단지(15163),"정류소(버스,택시 등)",일반쓰레기,37.5252268,126.86639,11150510.0,목1동,정상 지오코딩
3571,양천구,목동로186,목동7단지(15163),"정류소(버스,택시 등)",재활용쓰레기,37.5252268,126.86639,11150510.0,목1동,정상 지오코딩
3572,양천구,목동서로159-2,오목공원(CBS교차로 앞 횡단보도),"광장, 공원",일반쓰레기,37.5275882,126.8736401,11150510.0,목1동,정상 지오코딩
3573,양천구,목동서로159-2,오목공원(CBS교차로 앞 횡단보도),"광장, 공원",재활용쓰레기,37.5275882,126.8736401,11150510.0,목1동,정상 지오코딩
3574,양천구,목동서로155,목동파라곤(15361),"정류소(버스,택시 등)",일반쓰레기,37.5299956,126.875072,11150510.0,목1동,정상 지오코딩
3575,양천구,목동서로155,목동파라곤(15361),"정류소(버스,택시 등)",재활용쓰레기,37.5299956,126.875072,11150510.0,목1동,정상 지오코딩
3576,양천구,목동중앙로 23,목4동주민센터,도로변(횡단보도 포함),일반쓰레기,37.532384,126.8683211,11150540.0,목4동,정상 지오코딩
3577,양천구,목동중앙로 23,목4동주민센터,도로변(횡단보도 포함),재활용쓰레기,37.532384,126.8683211,11150540.0,목4동,정상 지오코딩
3578,양천구,목동서로38,월촌중학교.목동1단지(15148),"정류소(버스,택시 등)",일반쓰레기,37.5412913,126.8785038,11150710.0,목5동,정상 지오코딩
3579,양천구,목동서로38,월촌중학교.목동1단지(15148),"정류소(버스,택시 등)",재활용쓰레기,37.5412913,126.8785038,11150710.0,목5동,정상 지오코딩
3580,양천구,목동동로430,이대목동병원.목동6단지앞(15154),"정류소(버스,택시 등)",일반쓰레기,37.5352057,126.8843932,11150710.0,목5동,정상 지오코딩
3581,양천구,목동동로430,이대목동병원.목동6단지앞(15154),"정류소(버스,택시 등)",재활용쓰레기,37.5352057,126.8843932,11150710.0,목5동,정상 지오코딩
3582,양천구,목동동로350,목5단지B상가.목5동주민센터(15153),"정류소(버스,택시 등)",일반쓰레기,37.5351566,126.8818744,11150710.0,목5동,정상 지오코딩
3583,양천구,목동동로350,목5단지B상가.목5동주민센터(15153),"정류소(버스,택시 등)",재활용쓰레기,37.5351566,126.8818744,11150710.0,목5동,정상 지오코딩
3584,양천구,목동동로363,파리공원(15152),"정류소(버스,택시 등)",일반쓰레기,37.534477,126.8771419,11150710.0,목5동,정상 지오코딩
3585,양천구,목동동로363,파리공원(15152),"정류소(버스,택시 등)",재활용쓰레기,37.534477,126.8771419,11150710.0,목5동,정상 지오코딩
3586,양천구,목동서로77,파리공원 사잇길(민원으로 회수),"광장, 공원",일반쓰레기,37.5359632,126.8779881,11150710.0,목5동,정상 지오코딩
3587,양천구,목동서로77,파리공원 사잇길(민원으로 회수),"광장, 공원",재활용쓰레기,37.5359632,126.8779881,11150710.0,목5동,정상 지오코딩
3588,양천구,오목로285,7단지.종로학원(15166),"정류소(버스,택시 등)",일반쓰레기,37.5256823,126.8691475,11150510.0,목1동,정상 지오코딩
3589,양천구,오목로285,7단지.종로학원(15166),"정류소(버스,택시 등)",재활용쓰레기,37.5256823,126.8691475,11150510.0,목1동,정상 지오코딩
3590,양천구,남부순환로514,GM자동차 서비스앞,도로변(횡단보도 포함),일반쓰레기,37.522539,126.8363281,11150630.0,신월7동,정상 지오코딩
3591,양천구,남부순환로514,GM자동차 서비스앞,도로변(횡단보도 포함),재활용쓰레기,37.522539,126.8363281,11150630.0,신월7동,정상 지오코딩
3592,양천구,목동동로130,양천공원(15193),"정류소(버스,택시 등)",일반쓰레기,37.514999,126.8712369,11150690.0,신정6동,정상 지오코딩
3593,양천구,목동동로130,양천공원(15193),"정류소(버스,택시 등)",재활용쓰레기,37.514999,126.8712369,11150690.0,신정6동,정상 지오코딩
3594,양천구,남부순환로358,배스킨라빈스 신월사거리점 앞,도로변(횡단보도 포함),일반쓰레기,37.535045,126.8284939,11150590.0,신월3동,정상 지오코딩
3595,양천구,남부순환로358,배스킨라빈스 신월사거리점 앞,도로변(횡단보도 포함),재활용쓰레기,37.535045,126.8284939,11150590.0,신월3동,정상 지오코딩
3596,양천구,오목로101,신월동 제일캐슬아파트 대로변,도로변(횡단보도 포함),일반쓰레기,37.5241103,126.8473753,11150580.0,신월2동,정상 지오코딩
3597,양천구,오목로101,신월동 제일캐슬아파트 대로변,도로변(횡단보도 포함),재활용쓰레기,37.5241103,126.8473753,11150580.0,신월2동,정상 지오코딩
3598,양천구,오목로31,신월동 강서초교 정문 앞,도로변(횡단보도 포함),일반쓰레기,37.5224127,126.8409879,11150600.0,신월4동,정상 지오코딩
3599,양천구,오목로31,신월동 강서초교 정문 앞,도로변(횡단보도 포함),재활용쓰레기,37.5224127,126.8409879,11150600.0,신월4동,정상 지오코딩
3600,양천구,안양천로,신목동역 3번출구앞,지하철역 입구,일반쓰레기,37.5280632,126.8797371,11150510.0,목1동,정상 지오코딩
3601,양천구,안양천로,신목동역 3번출구앞,지하철역 입구,재활용쓰레기,37.5280632,126.8797371,11150510.0,목1동,정상 지오코딩
3602,양천구,목동로173,진명여고 건너편(양촌마을앞),도로변(횡단보도 포함),일반쓰레기,37.5239986,126.8646316,11150720.0,신정4동,정상 지오코딩
3603,양천구,목동로173,진명여고 건너편(양촌마을앞),도로변(횡단보도 포함),재활용쓰레기,37.5239986,126.8646316,11150720.0,신정4동,정상 지오코딩
3604,양천구,목동로170,폭스바겐(목동전시장) 건너편,도로변(횡단보도 포함),일반쓰레기,37.5240834,126.8654652,11150510.0,목1동,정상 지오코딩
3605,양천구,목동로170,폭스바겐(목동전시장) 건너편,도로변(횡단보도 포함),재활용쓰레기,37.5240834,126.8654652,11150510.0,목1동,정상 지오코딩
3606,양천구,신정이펜1로,신정이펜하우르3.4단지(15421),"정류소(버스,택시 등)",일반쓰레기,37.5116171,126.8299626,11150660.0,신정3동,정상 지오코딩
3607,양천구,신정이펜1로,신정이펜하우르3.4단지(15421),"정류소(버스,택시 등)",재활용쓰레기,37.5116171,126.8299626,11150660.0,신정3동,정상 지오코딩
3608,양천구,신월로 164,신한은행신월동지점(15218),"정류소(버스,택시 등)",일반쓰레기,37.5177604,126.842018,11150620.0,신월6동,정상 지오코딩
3609,양천구,신월로 164,신한은행신월동지점(15218),"정류소(버스,택시 등)",재활용쓰레기,37.5177604,126.842018,11150620.0,신월6동,정상 지오코딩
3610,양천구,남부순환로336-1,경동스틸 앞,도로변(횡단보도 포함),일반쓰레기,37.5366889,126.8272951,11150590.0,신월3동,정상 지오코딩
3611,양천구,남부순환로336-1,경동스틸 앞,도로변(횡단보도 포함),재활용쓰레기,37.5366889,126.8272951,11150590.0,신월3동,정상 지오코딩
3612,양천구,신정로 167,서부트럭터미널 주유소,도로변(횡단보도 포함),일반쓰레기,37.509345,126.8418839,11150660.0,신정3동,정상 지오코딩
3613,양천구,신정로 167,서부트럭터미널 주유소,도로변(횡단보도 포함),재활용쓰레기,37.509345,126.8418839,11150660.0,신정3동,정상 지오코딩
3614,양천구,서울특별시 양천구 신목로 66,길훈로즈빌아파트(15252),도로변(횡단보도 포함),일반쓰레기,37.5207998,126.8734824,11150650.0,신정2동,API 재시도-주소검색-원본
3615,양천구,서울특별시 양천구 신목로 66,길훈로즈빌아파트(15252),도로변(횡단보도 포함),재활용쓰레기,37.5207998,126.8734824,11150650.0,신정2동,API 재시도-주소검색-원본
3616,양천구,목동서로170,홈플러스 1층입구 주변,도로변(횡단보도 포함),일반쓰레기,37.5275882,126.8736401,11150510.0,목1동,인근 도로명번지 추정(번지차 11)
3617,양천구,목동서로170,홈플러스 1층입구 주변,도로변(횡단보도 포함),재활용쓰레기,37.5275882,126.8736401,11150510.0,목1동,인근 도로명번지 추정(번지차 11)
3618,양천구,목동중앙북로7가길 61,등촌역6번출구.목동개비시장(15128),"정류소(버스,택시 등)",일반쓰레기,37.5497282,126.8641771,11150530.0,목3동,정상 지오코딩
3619,양천구,목동중앙북로7가길 61,등촌역6번출구.목동개비시장(15128),"정류소(버스,택시 등)",재활용쓰레기,37.5497282,126.8641771,11150530.0,목3동,정상 지오코딩
3620,양천구,등촌로 172,목3동주민센터.현대아이파크(15127),"정류소(버스,택시 등)",일반쓰레기,37.5451346,126.8626078,11150530.0,목3동,정상 지오코딩
3621,양천구,등촌로 172,목3동주민센터.현대아이파크(15127),"정류소(버스,택시 등)",재활용쓰레기,37.5451346,126.8626078,11150530.0,목3동,정상 지오코딩
3622,양천구,목동중앙서로7가길 39,목동사거리(15111),"정류소(버스,택시 등)",일반쓰레기,37.5333606,126.8639689,11150540.0,목4동,정상 지오코딩
3623,양천구,목동중앙서로7가길 39,목동사거리(15111),"정류소(버스,택시 등)",재활용쓰레기,37.5333606,126.8639689,11150540.0,목4동,정상 지오코딩
3624,양천구,목동중앙로 89,신목중학교(15114),"정류소(버스,택시 등)",일반쓰레기,37.5373159,126.8719698,11150540.0,목4동,정상 지오코딩
3625,양천구,목동중앙로 89,신목중학교(15114),"정류소(버스,택시 등)",재활용쓰레기,37.5373159,126.8719698,11150540.0,목4동,정상 지오코딩
3626,양천구,목동중앙로 135,월촌초등학교.우성아파트(15141),"정류소(버스,택시 등)",일반쓰레기,37.5403965,126.8751255,11150520.0,목2동,정상 지오코딩
3627,양천구,목동중앙로 135,월촌초등학교.우성아파트(15141),"정류소(버스,택시 등)",재활용쓰레기,37.5403965,126.8751255,11150520.0,목2동,정상 지오코딩
3628,양천구,목동로 219,목동역.홍익병원(15284),"정류소(버스,택시 등)",일반쓰레기,37.5279467,126.8638215,11150720.0,신정4동,정상 지오코딩
3629,양천구,목동로 219,목동역.홍익병원(15284),"정류소(버스,택시 등)",재활용쓰레기,37.5279467,126.8638215,11150720.0,신정4동,정상 지오코딩
3630,양천구,오목로 147,신정역.신정4동주민센터(15287),"정류소(버스,택시 등)",일반쓰레기,37.5250702,126.8537149,11150720.0,신정4동,정상 지오코딩
3631,양천구,오목로 147,신정역.신정4동주민센터(15287),"정류소(버스,택시 등)",재활용쓰레기,37.5250702,126.8537149,11150720.0,신정4동,정상 지오코딩
3632,양천구,목동서로 280,서울남부지법.서울남부지검(15260),"정류소(버스,택시 등)",일반쓰레기,37.5223403,126.8675633,11150690.0,신정6동,정상 지오코딩
3633,양천구,목동서로 280,서울남부지법.서울남부지검(15260),"정류소(버스,택시 등)",재활용쓰레기,37.5223403,126.8675633,11150690.0,신정6동,정상 지오코딩
3634,양천구,목동로(신정동 328-4),목동13단지(15183),"정류소(버스,택시 등)",일반쓰레기,37.5181447,126.8676148,11150690.0,신정6동,정상 지오코딩
3635,양천구,목동로(신정동 328-4),목동13단지(15183),"정류소(버스,택시 등)",재활용쓰레기,37.5181447,126.8676148,11150690.0,신정6동,정상 지오코딩
3636,양천구,목동로(신정동 330-6),갈산초등학교정문(15169),"정류소(버스,택시 등)",일반쓰레기,37.5181447,126.8676148,11150690.0,신정6동,정상 지오코딩
3637,양천구,목동로(신정동 330-6),갈산초등학교정문(15169),"정류소(버스,택시 등)",재활용쓰레기,37.5181447,126.8676148,11150690.0,신정6동,정상 지오코딩
3638,양천구,오목로 72,정류소,"정류소(버스,택시 등)",일반쓰레기,37.5227074,126.8456874,11150580.0,신월2동,정상 지오코딩
3639,양천구,오목로 72,정류소,"정류소(버스,택시 등)",재활용쓰레기,37.5227074,126.8456874,11150580.0,신월2동,정상 지오코딩
3640,양천구,지양로 69,정류소,"정류소(버스,택시 등)",일반쓰레기,37.5216915,126.8337678,11150630.0,신월7동,정상 지오코딩
3641,양천구,지양로 69,정류소,"정류소(버스,택시 등)",재활용쓰레기,37.5216915,126.8337678,11150630.0,신월7동,정상 지오코딩
3642,양천구,목동로202-1,목동역3번출구,지하철역 입구,일반쓰레기,37.5264621,126.8644467,11150510.0,목1동,정상 지오코딩
3643,양천구,목동로202-1,목동역3번출구,지하철역 입구,일반쓰레기,37.5264621,126.8644467,11150510.0,목1동,정상 지오코딩
3644,양천구,목동로202,목동역.4번출구,지하철역 입구,일반쓰레기,37.5264273,126.8644513,11150510.0,목1동,정상 지오코딩
3645,양천구,목동로202,목동역.4번출구,지하철역 입구,재활용쓰레기,37.5264273,126.8644513,11150510.0,목1동,정상 지오코딩
3646,양천구,목동로212,목동7단지,"정류소(버스,택시 등)",일반쓰레기,37.5292499,126.8670932,11150510.0,목1동,정상 지오코딩
3647,양천구,목동로212,목동7단지,"정류소(버스,택시 등)",재활용쓰레기,37.5292499,126.8670932,11150510.0,목1동,정상 지오코딩
3648,양천구,목동로 186,목동역5번출구,지하철역 입구,일반쓰레기,37.5252268,126.86639,11150510.0,목1동,정상 지오코딩
3649,양천구,목동로 186,목동역5번출구,지하철역 입구,재활용쓰레기,37.5252268,126.86639,11150510.0,목1동,정상 지오코딩
3650,양천구,목동동로 172,목동중학교 앞,도로변(횡단보도 포함),일반쓰레기,37.5209572,126.8714434,11150650.0,신정2동,정상 지오코딩
3651,양천구,목동동로 172,목동중학교 앞,도로변(횡단보도 포함),재활용쓰레기,37.5209572,126.8714434,11150650.0,신정2동,정상 지오코딩
3652,양천구,목동동로 50,목동12단지,"정류소(버스,택시 등)",일반쓰레기,37.5120948,126.8602911,11150700.0,신정7동,정상 지오코딩
3653,양천구,목동동로 50,목동12단지,"정류소(버스,택시 등)",재활용쓰레기,37.5120948,126.8602911,11150700.0,신정7동,정상 지오코딩
3654,양천구,오목로 101,양강초등학교,"정류소(버스,택시 등)",일반쓰레기,37.5241103,126.8473753,11150580.0,신월2동,정상 지오코딩
3655,양천구,오목로 101,양강초등학교,"정류소(버스,택시 등)",재활용쓰레기,37.5241103,126.8473753,11150580.0,신월2동,정상 지오코딩
3656,양천구,목동동로 430,목동6단지 앞,"정류소(버스,택시 등)",일반쓰레기,37.5352057,126.8843932,11150710.0,목5동,정상 지오코딩
3657,양천구,목동동로 430,목동6단지 앞,"정류소(버스,택시 등)",재활용쓰레기,37.5352057,126.8843932,11150710.0,목5동,정상 지오코딩
3658,양천구,목동서로 77,현대월드타워(파리공원 맞은편),상가지역,일반쓰레기,37.5359632,126.8779881,11150710.0,목5동,정상 지오코딩
3659,양천구,목동서로 77,현대월드타워(파리공원 맞은편),상가지역,재활용쓰레기,37.5359632,126.8779881,11150710.0,목5동,정상 지오코딩
3660,양천구,신정이펜1로 11,대일관광고 앞,"정류소(버스,택시 등)",일반쓰레기,37.5114138,126.8349067,11150660.0,신정3동,정상 지오코딩
3661,양천구,신정이펜1로 11,대일관광고 앞,"정류소(버스,택시 등)",재활용쓰레기,37.5114138,126.8349067,11150660.0,신정3동,정상 지오코딩
3662,양천구,오목로351,동신한방병원,"정류소(버스,택시 등)",일반쓰레기,37.5246031,126.8767926,11150510.0,목1동,정상 지오코딩
3663,양천구,오목로351,동신한방병원,"정류소(버스,택시 등)",재활용쓰레기,37.5246031,126.8767926,11150510.0,목1동,정상 지오코딩
3664,양천구,목동서로100,목동 301동 앞,"정류소(버스,택시 등)",일반쓰레기,37.5342244,126.874169,11150710.0,목5동,정상 지오코딩
3665,양천구,목동서로100,목동 301동 앞,"정류소(버스,택시 등)",재활용쓰레기,37.5342244,126.874169,11150710.0,목5동,정상 지오코딩
3666,양천구,목동중앙로212,신목동역2번출구 앞 ,지하철역 입구,일반쓰레기,37.5435816,126.8828924,11150710.0,목5동,정상 지오코딩
3667,양천구,목동중앙로212,신목동역2번출구 앞 ,지하철역 입구,재활용쓰레기,37.5435816,126.8828924,11150710.0,목5동,정상 지오코딩
3668,양천구,목동중앙남로100,목동성원아파트 앞,"정류소(버스,택시 등)",일반쓰레기,37.5427806,126.8637411,11150530.0,목3동,정상 지오코딩
3669,양천구,목동중앙남로100,목동성원아파트 앞,"정류소(버스,택시 등)",재활용쓰레기,37.5427806,126.8637411,11150530.0,목3동,정상 지오코딩
3670,양천구,등촌로22,홍익병원 목동관 앞 ,"정류소(버스,택시 등)",일반쓰레기,37.5319467,126.86412,11150540.0,목4동,정상 지오코딩
3671,양천구,등촌로22,홍익병원 목동관 앞 ,"정류소(버스,택시 등)",재활용쓰레기,37.5319467,126.86412,11150540.0,목4동,정상 지오코딩
3672,양천구,신월로224,동방사우나 옆 세븐일레븐 앞,"정류소(버스,택시 등)",일반쓰레기,37.5217279,126.8467178,11150580.0,신월2동,정상 지오코딩
3673,양천구,신월로224,동방사우나 옆 세븐일레븐 앞,"정류소(버스,택시 등)",재활용쓰레기,37.5217279,126.8467178,11150580.0,신월2동,정상 지오코딩
3674,양천구,신정로13길 21,한성교회 앞 ,"정류소(버스,택시 등)",일반쓰레기,37.5113009,126.8425702,11150660.0,신정3동,정상 지오코딩
3675,양천구,신정로13길 21,한성교회 앞 ,"정류소(버스,택시 등)",재활용쓰레기,37.5113009,126.8425702,11150660.0,신정3동,정상 지오코딩
3676,양천구,남부순환로353,신월사거리 국민은행 앞,"정류소(버스,택시 등)",일반쓰레기,37.5356742,126.8289231,11150570.0,신월1동,정상 지오코딩
3677,양천구,남부순환로353,신월사거리 국민은행 앞,"정류소(버스,택시 등)",재활용쓰레기,37.5356742,126.8289231,11150570.0,신월1동,정상 지오코딩
3678,강서구,가로공원로 지하189,나누리병원 16-199,정류소(버스 가로변),일반쓰레기,37.5372348,126.8370391,11160730.0,화곡1동,정상 지오코딩
3679,강서구,가로공원로 지하189,나누리병원 16-200,정류소(버스 가로변),일반쓰레기,37.5372348,126.8370391,11160730.0,화곡1동,정상 지오코딩
3680,강서구,강서로 지하54,까치산역 16-192,정류소(버스 가로변),일반쓰레기,37.5319561,126.8466116,11160630.0,화곡8동,정상 지오코딩
3681,강서구,강서로 지하54,까치산역 16-192,정류소(버스 가로변),일반쓰레기,37.5319561,126.8466116,11160630.0,화곡8동,정상 지오코딩
3682,강서구,화곡로 지하 168,화곡역.현대주유소 16-205,정류소(버스 가로변),일반쓰레기,37.5414336,126.8404965,11160730.0,화곡1동,정상 지오코딩
3683,강서구,강서로239,화곡중고등학교16-211,정류소(버스 가로변),일반쓰레기,37.5471811,126.8360009,11160580.0,화곡3동,정상 지오코딩
3684,강서구,강서로242,화곡중고등학교16-212,정류소(버스 가로변),일반쓰레기,37.5471645,126.836797,11160740.0,우장산동,정상 지오코딩
3685,강서구,강서로 지하262,우장산역 1번출구16-213,정류소(버스 가로변),일반쓰레기,37.5490002,126.8364089,11160740.0,우장산동,정상 지오코딩
3686,강서구,강서로307,명덕고등학교16-216,정류소(버스 가로변),일반쓰레기,37.5532304,126.8362276,11160670.0,발산1동,정상 지오코딩
3687,강서구,강서로349,발산역힐스테이트16-218,정류소(버스 가로변),일반쓰레기,37.5568874,126.8373924,11160670.0,발산1동,정상 지오코딩
3688,강서구,강서로349,발산역힐스테이트16-218,정류소(버스 가로변),일반쓰레기,37.5568874,126.8373924,11160670.0,발산1동,정상 지오코딩
3689,강서구,강서로419,호서전문학교16-221,정류소(버스 가로변),일반쓰레기,37.5629853,126.8392092,11160751.0,가양1동,정상 지오코딩
3690,강서구,강서로416,호서전문학교16-222,정류소(버스 가로변),일반쓰레기,37.5625256,126.8400616,11160540.0,등촌3동,정상 지오코딩
3691,강서구,강서로442,서울강서우체국16-223,정류소(버스 가로변),일반쓰레기,37.5647942,126.8407275,11160540.0,등촌3동,정상 지오코딩
3692,강서구,강서로442,서울강서우체국16-224,정류소(버스 가로변),일반쓰레기,37.5647942,126.8407275,11160540.0,등촌3동,정상 지오코딩
3693,강서구,강서로307,명덕고등학교16-916,정류소(버스 가로변),일반쓰레기,37.5532304,126.8362276,11160670.0,발산1동,정상 지오코딩
3694,강서구,강서로271,우장산역 4번출구16-214,정류소(버스 가로변),일반쓰레기,37.5499606,126.8359734,11160670.0,발산1동,정상 지오코딩
3695,강서구,개화동로27길 9,방화중학교16-493,정류소(버스 가로변),일반쓰레기,37.5643347,126.8071069,11160710.0,방화2동,정상 지오코딩
3696,강서구,개화동로27길 9,방화중학교16-493,정류소(버스 가로변),일반쓰레기,37.5643347,126.8071069,11160710.0,방화2동,정상 지오코딩
3697,강서구,개화동로27길 9,방화중학교16-164,정류소(버스 가로변),일반쓰레기,37.5643347,126.8071069,11160710.0,방화2동,정상 지오코딩
3698,강서구,개화동로27길 9,방화중학교16-164,정류소(버스 가로변),일반쓰레기,37.5643347,126.8071069,11160710.0,방화2동,정상 지오코딩
3699,강서구,개화동로19길 5-6,개화파출소앞16-167,정류소(버스 가로변),일반쓰레기,37.5753949,126.8028506,11160710.0,방화2동,정상 지오코딩
3700,강서구,개화동로11길 3-7,개화검문소앞16-169,정류소(버스 가로변),일반쓰레기,37.5785257,126.8004709,11160710.0,방화2동,정상 지오코딩
3701,강서구,개화동로11길 3-7,개화역16-170,정류소(버스 가로변),일반쓰레기,37.5785257,126.8004709,11160710.0,방화2동,정상 지오코딩
3702,강서구,개화동로11길 3-7,개화역16-170,정류소(버스 가로변),일반쓰레기,37.5785257,126.8004709,11160710.0,방화2동,정상 지오코딩
3703,강서구,개화동로11길 3-7,개화역입구,지하철역 입구,일반쓰레기,37.5785257,126.8004709,11160710.0,방화2동,정상 지오코딩
3704,강서구,공항대로478,등촌중학교16-104,정류소(버스 중앙차로),일반쓰레기,37.5530153,126.8598148,11160530.0,등촌2동,정상 지오코딩
3705,강서구,공항대로434,하이웨이주유소16-106,정류소(버스 중앙차로),일반쓰레기,37.5545432,126.8551668,11160610.0,화곡6동,정상 지오코딩
3706,강서구,공항대로434,하이웨이주유소16-106,정류소(버스 중앙차로),일반쓰레기,37.5545432,126.8551668,11160610.0,화곡6동,정상 지오코딩
3707,강서구,공항대로325,한국가스공사16-109,정류소(버스 중앙차로),일반쓰레기,37.5582981,126.8439018,11160540.0,등촌3동,정상 지오코딩
3708,강서구,공항대로325,한국가스공사16-109,정류소(버스 중앙차로),일반쓰레기,37.5582981,126.8439018,11160540.0,등촌3동,정상 지오코딩
3709,강서구,공항대로290,발산역16-112,정류소(버스 중앙차로),일반쓰레기,37.5581136,126.8397718,11160740.0,우장산동,정상 지오코딩
3710,강서구,공항대로290,발산역16-112,정류소(버스 중앙차로),일반쓰레기,37.5581136,126.8397718,11160740.0,우장산동,정상 지오코딩
3711,강서구,공항대로69,송정역16-116,정류소(버스 중앙차로),일반쓰레기,37.5611809,126.8157646,11160690.0,공항동,인근 도로명번지 추정(번지차 4)
3712,강서구,공항대로69,송정역16-116,정류소(버스 중앙차로),일반쓰레기,37.5611809,126.8157646,11160690.0,공항동,인근 도로명번지 추정(번지차 4)
3713,강서구,공항대로261,발산역9번출구,지하철역 입구,일반쓰레기,37.5591532,126.836521,11160751.0,가양1동,정상 지오코딩
3714,강서구,공항대로 지하 33,송정역1번출구,지하철역 입구,일반쓰레기,37.5614775,126.8110554,11160690.0,공항동,정상 지오코딩
3715,강서구,공항대로 지하 33,송정역1번출구,지하철역 입구,일반쓰레기,37.5614775,126.8110554,11160690.0,공항동,정상 지오코딩
3716,강서구,공항대로 561,강서보건소 앞,도로변(횡단보도 포함),일반쓰레기,37.5496484,126.8682802,11160510.0,염창동,정상 지오코딩
3717,강서구,공항대로 561,강서보건소 앞,도로변(횡단보도 포함),일반쓰레기,37.5496484,126.8682802,11160510.0,염창동,정상 지오코딩
3718,강서구,공항대로 659,도레미빌딩앞,도로변(횡단보도 포함),일반쓰레기,37.547538,126.8779652,11160510.0,염창동,정상 지오코딩
3719,강서구,공항대로 607-5,등촌삼거리,도로변(횡단보도 포함),일반쓰레기,37.5473372,126.8733192,11160510.0,염창동,인근 도로명번지 추정(번지차 8)
3720,강서구,공항대로 607-5,등촌삼거리,도로변(횡단보도 포함),일반쓰레기,37.5473372,126.8733192,11160510.0,염창동,인근 도로명번지 추정(번지차 8)
3721,강서구,공항대로 34,송정역 4번출구앞,지하철역 입구,일반쓰레기,37.5610066,126.8109582,11160690.0,공항동,정상 지오코딩
3722,강서구,공항대로 34,송정역 4번출구앞,지하철역 입구,일반쓰레기,37.5610066,126.8109582,11160690.0,공항동,정상 지오코딩
3723,강서구,공항대로 3길 18,송정초등학교 앞,도로변(횡단보도 포함),일반쓰레기,37.5622309,126.8102813,11160690.0,공항동,정상 지오코딩
3724,강서구,공항대로 3길 18,송정초등학교 앞,도로변(횡단보도 포함),일반쓰레기,37.5622309,126.8102813,11160690.0,공항동,정상 지오코딩
3725,강서구,공항대로 432,하이웨이주유소건너,도로변(횡단보도 포함),일반쓰레기,37.5545399,126.8549516,11160610.0,화곡6동,정상 지오코딩
3726,강서구,공항대로 432,하이웨이주유소건너,도로변(횡단보도 포함),일반쓰레기,37.5545399,126.8549516,11160610.0,화곡6동,정상 지오코딩
3727,강서구,공항대로 615,강서평생학습관 앞,도로변(횡단보도 포함),일반쓰레기,37.5473372,126.8733192,11160510.0,염창동,정상 지오코딩
3728,강서구,공항대로 615,강서평생학습관 앞,도로변(횡단보도 포함),일반쓰레기,37.5473372,126.8733192,11160510.0,염창동,정상 지오코딩
3729,강서구,공항대로36-1,송정역(중앙차로),정류소(버스 중앙차로),일반쓰레기,37.560995,126.811338,11160690.0,공항동,정상 지오코딩
3730,강서구,공항대로36-1,송정역(중앙차로),정류소(버스 중앙차로),일반쓰레기,37.560995,126.811338,11160690.0,공항동,정상 지오코딩
3731,강서구,양천로66,국민은행방화동지점,도로변(횡단보도 포함),일반쓰레기,37.5730912,126.8111972,11160700.0,방화1동,정상 지오코딩
3732,강서구,양천로66,국민은행방화동지점,도로변(횡단보도 포함),일반쓰레기,37.5730912,126.8111972,11160700.0,방화1동,정상 지오코딩
3733,강서구,금낭화로154,국립국어원16-133,정류소(버스 가로변),일반쓰레기,37.5791551,126.8138354,11160761.0,방화3동,정상 지오코딩
3734,강서구,금낭화로154,국립국어원16-133,정류소(버스 가로변),일반쓰레기,37.5791551,126.8138354,11160761.0,방화3동,정상 지오코딩
3735,강서구,등촌동608-2,영일고등학교16-173,정류소(버스 가로변),일반쓰레기,37.549484,126.8635911,11160530.0,등촌2동,정상 지오코딩
3736,강서구,등촌로217,대일고등학교16-176,정류소(버스 가로변),일반쓰레기,37.5491824,126.8633151,11160530.0,등촌2동,정상 지오코딩
3737,강서구,등촌로217,대일고등학교16-176,정류소(버스 가로변),일반쓰레기,37.5491824,126.8633151,11160530.0,등촌2동,정상 지오코딩
3738,강서구,등촌로17,목동사거리16-179,정류소(버스 가로변),일반쓰레기,37.5315924,126.8634595,11160590.0,화곡4동,정상 지오코딩
3739,강서구,등촌로17,목동사거리16-179,정류소(버스 가로변),일반쓰레기,37.5315924,126.8634595,11160590.0,화곡4동,정상 지오코딩
3740,강서구,방화대로34길2,신방화역 3번출구,지하철역 입구,일반쓰레기,37.5681505,126.8180329,11160700.0,방화1동,정상 지오코딩
3741,강서구,방화대로34길2,신방화역 3번출구,지하철역 입구,일반쓰레기,37.5681505,126.8180329,11160700.0,방화1동,정상 지오코딩
3742,강서구,방화동로11,공항시장16-119,정류소(버스 가로변),일반쓰레기,37.5625045,126.8086912,11160710.0,방화2동,정상 지오코딩
3743,강서구,방화동로11,마곡동734-5,정류소(버스 가로변),일반쓰레기,37.5625045,126.8086912,11160710.0,방화2동,정상 지오코딩
3744,강서구,양천로731,"염창동아3차,나이아가라호텔16-245",정류소(버스 가로변),일반쓰레기,37.5502517,126.8773969,11160510.0,염창동,정상 지오코딩
3745,강서구,양천로690,염창동새마을금고16-248,정류소(버스 가로변),일반쓰레기,37.5502195,126.8726238,11160510.0,염창동,정상 지오코딩
3746,강서구,양천로588,"블루나인비지니스센터,이마트16-253",정류소(버스 가로변),일반쓰레기,37.5561518,126.8637345,11160520.0,등촌1동,정상 지오코딩
3747,강서구,양천로583,"블루나인비지니스센터,이마트16-254",정류소(버스 가로변),일반쓰레기,37.5571162,126.8643474,11160510.0,염창동,정상 지오코딩
3748,강서구,양천로583,"블루나인비지니스센터,이마트16-254",정류소(버스 가로변),일반쓰레기,37.5571162,126.8643474,11160510.0,염창동,정상 지오코딩
3749,강서구,양천로424,등촌동대림아파트16-265,정류소(버스 가로변),일반쓰레기,37.5642277,126.847971,11160540.0,등촌3동,정상 지오코딩
3750,강서구,양천로373,가양동CJ주식회사16-267,정류소(버스 가로변),일반쓰레기,37.5657035,126.8476383,11160751.0,가양1동,인근 도로명번지 추정(번지차 28)
3751,강서구,양천로300,겸재정선미술관16-272,정류소(버스 가로변),일반쓰레기,37.5706102,126.83673,11160751.0,가양1동,정상 지오코딩
3752,강서구,양천로26길 103,서남환경공원마곡 16-278,정류소(버스 가로변),일반쓰레기,37.5729764,126.8207077,11160700.0,방화1동,정상 지오코딩
3753,강서구,양천로22,개화산역16-287,정류소(버스 가로변),일반쓰레기,37.57227,126.8060017,11160710.0,방화2동,정상 지오코딩
3754,강서구,양천로22,개화산역16-287,정류소(버스 가로변),일반쓰레기,37.57227,126.8060017,11160710.0,방화2동,정상 지오코딩
3755,강서구,강서로471,양천향교역16-309,정류소(버스 가로변),일반쓰레기,37.5674482,126.8405733,11160751.0,가양1동,정상 지오코딩
3756,강서구,양천로559,증미역2번출구,지하철역 입구,일반쓰레기,37.5570868,126.8613313,11160520.0,등촌1동,인근 도로명번지 추정(번지차 5)
3757,강서구,양천로507,가양역5번출구,지하철역 입구,일반쓰레기,37.5603957,126.8573626,11160660.0,가양3동,정상 지오코딩
3758,강서구,양천로507,가양역5번출구,지하철역 입구,일반쓰레기,37.5603957,126.8573626,11160660.0,가양3동,정상 지오코딩
3759,강서구,양천로49길 7,양천향교역 1번출구,지하철역 입구,일반쓰레기,37.5690979,126.8406799,11160751.0,가양1동,정상 지오코딩
3760,강서구,양천로49길 7,양천향교역 1번출구,지하철역 입구,일반쓰레기,37.5690979,126.8406799,11160751.0,가양1동,정상 지오코딩
3761,강서구,양천로720,염창동주유소앞,도로변(횡단보도 포함),일반쓰레기,37.5492177,126.8756771,11160510.0,염창동,정상 지오코딩
3762,강서구,양천로344,양천초등학교16-270,정류소(버스 가로변),일반쓰레기,37.568266,126.8403596,11160751.0,가양1동,정상 지오코딩
3763,강서구,양천로59길38,강서구청가양동별관,정류소(버스 가로변),일반쓰레기,37.5605976,126.8596797,11160660.0,가양3동,정상 지오코딩
3764,강서구,양천로59길38,강서구청가양동별관,정류소(버스 가로변),일반쓰레기,37.5605976,126.8596797,11160660.0,가양3동,정상 지오코딩
3765,강서구,양천로59길38,강서구청가양별관16-241,정류소(버스 가로변),일반쓰레기,37.5605976,126.8596797,11160660.0,가양3동,정상 지오코딩
3766,강서구,허준로16,가양한강타운아파트16-227,정류소(버스 가로변),일반쓰레기,37.5703291,126.8434607,11160751.0,가양1동,정상 지오코딩
3767,강서구,허준로16,가양한강타운아파트16-227,정류소(버스 가로변),일반쓰레기,37.5703291,126.8434607,11160751.0,가양1동,정상 지오코딩
3768,강서구,허준로76,가양동천주교회16-232,정류소(버스 가로변),일반쓰레기,37.5684142,126.8486573,11160751.0,가양1동,정상 지오코딩
3769,강서구,양천로55길 56,서울서진학교16-233,정류소(버스 가로변),일반쓰레기,37.5669248,126.8510591,11160650.0,가양2동,정상 지오코딩
3770,강서구,양천로57길37,가양도시개발4단지아파트16-235,정류소(버스 가로변),일반쓰레기,37.5659377,126.852047,11160650.0,가양2동,정상 지오코딩
3771,강서구,양천로57길37,대림경동아파트16-235,정류소(버스 가로변),일반쓰레기,37.5659377,126.852047,11160650.0,가양2동,정상 지오코딩
3772,강서구,양천로57길36,가양5단지아파트16-237,정류소(버스 가로변),일반쓰레기,37.5646274,126.8535196,11160650.0,가양2동,정상 지오코딩
3773,강서구,허준로23,가양한강타운아파트16-228,정류소(버스 가로변),일반쓰레기,37.5712115,126.843592,11160751.0,가양1동,정상 지오코딩
3774,강서구,허준로23,가양한강타운아파트16-228,정류소(버스 가로변),일반쓰레기,37.5712115,126.843592,11160751.0,가양1동,정상 지오코딩
3775,강서구,화곡로 403,마포고등학교16-136,정류소(버스 가로변),일반쓰레기,37.5600277,126.8528649,11160540.0,등촌3동,정상 지오코딩
3776,강서구,화곡로 403,마포고등학교16-136,정류소(버스 가로변),일반쓰레기,37.5600277,126.8528649,11160540.0,등촌3동,정상 지오코딩
3777,강서구,화곡로384,경복여상 앞16-137,정류소(버스 가로변),일반쓰레기,37.5575701,126.8538273,11160520.0,등촌1동,정상 지오코딩
3778,강서구,화곡로384,경복여상 앞16-137,정류소(버스 가로변),일반쓰레기,37.5575701,126.8538273,11160520.0,등촌1동,정상 지오코딩
3779,강서구,화곡로384,경복여고16-138,정류소(버스 가로변),일반쓰레기,37.5575701,126.8538273,11160520.0,등촌1동,정상 지오코딩
3780,강서구,화곡로384,경복여고16-138,정류소(버스 가로변),일반쓰레기,37.5575701,126.8538273,11160520.0,등촌1동,정상 지오코딩
3781,강서구,공항대로46길 9,강서구청 한국건강관리협회16-139,정류소(버스 가로변),일반쓰레기,37.554753,126.8539024,11160610.0,화곡6동,정상 지오코딩
3782,강서구,공항대로46길 9,강서구청 한국건강관리협회16-139,정류소(버스 가로변),일반쓰레기,37.554753,126.8539024,11160610.0,화곡6동,정상 지오코딩
3783,강서구,화곡로319,강서구청16-140,정류소(버스 가로변),일반쓰레기,37.5526874,126.8500518,11160610.0,화곡6동,정상 지오코딩
3784,강서구,화곡로319,강서구청16-140,정류소(버스 가로변),일반쓰레기,37.5526874,126.8500518,11160610.0,화곡6동,정상 지오코딩
3785,강서구,화곡로289,우장초등학교16-141,정류소(버스 가로변),일반쓰레기,37.5503558,126.8479691,11160610.0,화곡6동,정상 지오코딩
3786,강서구,화곡로289,우장초등학교16-141,정류소(버스 가로변),일반쓰레기,37.5503558,126.8479691,11160610.0,화곡6동,정상 지오코딩
3787,강서구,화곡로289,우장초등학교16-142,정류소(버스 가로변),일반쓰레기,37.5503558,126.8479691,11160610.0,화곡6동,정상 지오코딩
3788,강서구,화곡로231,폴리텍대학16-144,정류소(버스 가로변),일반쓰레기,37.5459092,126.8446707,11160740.0,우장산동,정상 지오코딩
3789,강서구,화곡로231,폴리텍대학16-144,정류소(버스 가로변),일반쓰레기,37.5459092,126.8446707,11160740.0,우장산동,정상 지오코딩
3790,강서구,화곡로197,화곡본동시장16-145,정류소(버스 가로변),일반쓰레기,37.5433886,126.8426902,11160740.0,우장산동,정상 지오코딩
3791,강서구,화곡로197,화곡본동시장16-145,정류소(버스 가로변),일반쓰레기,37.5433886,126.8426902,11160740.0,우장산동,정상 지오코딩
3792,강서구,화곡로198,화곡본동시장16-146,정류소(버스 가로변),일반쓰레기,37.5431748,126.8431324,11160550.0,화곡본동,정상 지오코딩
3793,강서구,화곡로198,화곡본동시장16-146,정류소(버스 가로변),일반쓰레기,37.5431748,126.8431324,11160550.0,화곡본동,정상 지오코딩
3794,강서구,화곡로154,화곡역16-147,정류소(버스 가로변),일반쓰레기,37.5409897,126.8389374,11160730.0,화곡1동,정상 지오코딩
3795,강서구,화곡로154,화곡역16-147,정류소(버스 가로변),일반쓰레기,37.5409897,126.8389374,11160730.0,화곡1동,정상 지오코딩
3796,강서구,화곡로139,화곡역16-148,정류소(버스 가로변),일반쓰레기,37.5410819,126.8371787,11160580.0,화곡3동,정상 지오코딩
3797,강서구,화곡로139,화곡역16-148,정류소(버스 가로변),일반쓰레기,37.5410819,126.8371787,11160580.0,화곡3동,정상 지오코딩
3798,강서구,화곡로120,화곡푸르지오16-149,정류소(버스 가로변),일반쓰레기,37.5400529,126.8353233,11160730.0,화곡1동,정상 지오코딩
3799,강서구,화곡로120,화곡푸르지오16-149,정류소(버스 가로변),일반쓰레기,37.5400529,126.8353233,11160730.0,화곡1동,정상 지오코딩
3800,강서구,화곡로248,우장산투웨니퍼스트오피스텔16-341,정류소(버스 가로변),일반쓰레기,37.5471202,126.8459643,11160550.0,화곡본동,정상 지오코딩
3801,강서구,화곡로241,우장산파크빌16-361,정류소(버스 가로변),일반쓰레기,37.5466861,126.8451533,11160740.0,우장산동,정상 지오코딩
3802,강서구,양천로497,가양역4번출구,지하철역 입구,일반쓰레기,37.5612173,126.855651,11160660.0,가양3동,정상 지오코딩
3803,강서구,화곡로429,가양역3번출구쪽,지하철역 입구,일반쓰레기,37.5615281,126.8550663,11160650.0,가양2동,정상 지오코딩
3804,강서구,화곡로429,가양역3번출구쪽,지하철역 입구,일반쓰레기,37.5615281,126.8550663,11160650.0,가양2동,정상 지오코딩
3805,강서구,양천로482,가양역9번출구,지하철역 입구,일반쓰레기,37.5612628,126.8539256,11160540.0,등촌3동,정상 지오코딩
3806,강서구,양천로482,가양역9번출구,지하철역 입구,일반쓰레기,37.5612628,126.8539256,11160540.0,등촌3동,정상 지오코딩
3807,강서구,강서로163,"화곡역5,6번출구쪽",지하철역 입구,일반쓰레기,37.5412413,126.8403459,11160730.0,화곡1동,정상 지오코딩
3808,강서구,강서로163,"화곡역5,6번출구쪽",지하철역 입구,일반쓰레기,37.5412413,126.8403459,11160730.0,화곡1동,정상 지오코딩
3809,강서구,강서로171,"화곡역7,8번출구쪽",지하철역 입구,일반쓰레기,37.5417936,126.839819,11160580.0,화곡3동,정상 지오코딩
3810,강서구,강서로171,"화곡역7,8번출구쪽",지하철역 입구,일반쓰레기,37.5417936,126.839819,11160580.0,화곡3동,정상 지오코딩
3811,강서구,화곡로302,강서구청앞1,도로변(횡단보도 포함),일반쓰레기,37.5509655,126.8495322,11160610.0,화곡6동,정상 지오코딩
3812,강서구,화곡로302,강서구청앞2,도로변(횡단보도 포함),일반쓰레기,37.5509655,126.8495322,11160610.0,화곡6동,정상 지오코딩
3813,강서구,마곡서1로 131,신방화역 4번 출구,지하철역 입구,일반쓰레기,37.5684726,126.8183172,11160700.0,방화1동,정상 지오코딩
3814,강서구,마곡서1로 131,신방화역 4번 출구 ,지하철역 입구,일반쓰레기,37.5684726,126.8183172,11160700.0,방화1동,정상 지오코딩
3815,강서구,마곡중앙5로 81,신방화역 5번 출구 행복부동산 앞,지하철역 입구,일반쓰레기,37.5671171,126.8185972,11160700.0,방화1동,정상 지오코딩
3816,강서구,마곡중앙5로 81,신방화역 5번 출구 행복부동산 앞,지하철역 입구,일반쓰레기,37.5671171,126.8185972,11160700.0,방화1동,정상 지오코딩
3817,강서구,마곡중앙로36,엠벨리15단지 버스정류장 앞16-428,정류소(버스 가로변),일반쓰레기,37.5574187,126.8270293,11160670.0,발산1동,정상 지오코딩
3818,강서구,마곡중앙로36,엠벨리15단지 버스정류장 앞16-428,정류소(버스 가로변),일반쓰레기,37.5574187,126.8270293,11160670.0,발산1동,정상 지오코딩
3819,강서구,양천로59길38,강서구청 가양동별관,도로변(횡단보도 포함),일반쓰레기,37.5605976,126.8596797,11160660.0,가양3동,정상 지오코딩
3820,강서구,양천로59길38,강서구청 가양동별관,도로변(횡단보도 포함),일반쓰레기,37.5605976,126.8596797,11160660.0,가양3동,정상 지오코딩
3821,강서구,화곡로302,강서구청 본관 공원,도로변(횡단보도 포함),일반쓰레기,37.5509655,126.8495322,11160610.0,화곡6동,정상 지오코딩
3822,강서구,화곡로302,강서구청 본관 공원,도로변(횡단보도 포함),일반쓰레기,37.5509655,126.8495322,11160610.0,화곡6동,정상 지오코딩
3823,강서구,화곡로302,강서구청 본관 뒤편 공원,도로변(횡단보도 포함),일반쓰레기,37.5509655,126.8495322,11160610.0,화곡6동,정상 지오코딩
3824,강서구,허준로209,가양3동주민센터 버스정류장(16-242),정류소(버스 가로변),일반쓰레기,37.5617396,126.861588,11160660.0,가양3동,정상 지오코딩
3825,강서구,양천로401,강서한강자이아파트 버스정류장(16-266),정류소(버스 가로변),일반쓰레기,37.5657035,126.8476383,11160751.0,가양1동,정상 지오코딩
3826,강서구,양천로651,염창동한마음.관음삼성아파트(16-249),정류소(버스 가로변),일반쓰레기,37.5531705,126.86966,11160510.0,염창동,정상 지오코딩
3827,강서구,강서로490,양천향교역.휴먼빌아파트버스정류장(16-225),정류소(버스 가로변),일반쓰레기,37.5690926,126.8418057,11160751.0,가양1동,정상 지오코딩
3828,강서구,가로공원로219-1,화원중학교버스정류장(16-202),정류소(버스 가로변),일반쓰레기,37.5379714,126.8403115,11160730.0,화곡1동,정상 지오코딩
3829,강서구,월정로134,황외과앞버스정류장(16-190),정류소(버스 가로변),일반쓰레기,37.5309897,126.8379726,11160730.0,화곡1동,정상 지오코딩
3830,강서구,곰달래로55-1,강서한방병원버스정류장(16-328),정류소(버스 가로변),일반쓰레기,37.5302126,126.839055,11160730.0,화곡1동,정상 지오코딩
3831,강서구,곰달래로105,화곡동유림아파트버스정류장(16-188),정류소(버스 가로변),일반쓰레기,37.5305529,126.8444969,11160730.0,화곡1동,정상 지오코딩
3832,강서구,곰달래로179,서울신정초등학교버스정류장(16-182),정류소(버스 가로변),일반쓰레기,37.53119,126.8529076,11160570.0,화곡2동,정상 지오코딩
3833,강서구,곰달래로231,화곡동남부시장버스정류장(16-180),정류소(버스 가로변),일반쓰레기,37.5319278,126.8587207,11160590.0,화곡4동,정상 지오코딩
3834,강서구,등촌로5길 5,목동사거리버스정류장(16-178),정류소(버스 가로변),일반쓰레기,37.5332543,126.8632709,11160590.0,화곡4동,정상 지오코딩
3835,강서구,남부순환로171,강서면허시험장메이필드호텔 정류장(16-153),정류소(버스 가로변),일반쓰레기,37.5502469,126.8220706,11160670.0,발산1동,정상 지오코딩
3836,강서구,강서로385,등촌3동그랜드백화점  버스정류장(16-219),정류소(버스 가로변),일반쓰레기,37.5600926,126.8383041,11160751.0,가양1동,정상 지오코딩
3837,강서구,수명로2길 105,마곡수명산파크5단지6단지  정류장(16-417),정류소(버스 가로변),일반쓰레기,37.5515867,126.8275827,11160670.0,발산1동,정상 지오코딩
3838,강서구,공항대로186,마곡역 버스정류장(16-018),정류소(버스 가로변),일반쓰레기,37.5590997,126.8279957,11160670.0,발산1동,정상 지오코딩
3839,강서구,공항대로186,마곡역 버스정류장(16-398),정류소(버스 가로변),일반쓰레기,37.5590997,126.8279957,11160670.0,발산1동,정상 지오코딩
3840,강서구,강서로344,발산역.우장산힐스테이트버스정류장(16-217),정류소(버스 가로변),일반쓰레기,37.5562703,126.8378162,11160740.0,우장산동,정상 지오코딩
3841,강서구,남부순환로222,외발산신광명마을 버스정류장(16-152),정류소(버스 가로변),일반쓰레기,37.5460594,126.8195297,11160670.0,발산1동,정상 지오코딩
3842,강서구,하늘길111,공항동천주교회 버스정류장(16-161),정류소(버스 가로변),일반쓰레기,37.5605245,126.8045959,11160690.0,공항동,정상 지오코딩
3843,강서구,개화동로5길 3-26,상사마을입구 버스정류장(16-172),정류소(버스 가로변),일반쓰레기,37.582091,126.7988167,11160710.0,방화2동,정상 지오코딩
3844,강서구,마곡중앙5로 지하 2,마곡나루역 버스정류장(16-396),정류소(버스 가로변),일반쓰레기,37.566793,126.8275182,11160751.0,가양1동,정상 지오코딩
3845,강서구,마곡중앙5로 지하 2,마곡나루역 버스정류장(16-396),정류소(버스 가로변),일반쓰레기,37.566793,126.8275182,11160751.0,가양1동,정상 지오코딩
3846,강서구,마곡중앙5로 지하 2,마곡나루역1번출구 버스정류장(16-399),정류소(버스 가로변),일반쓰레기,37.566793,126.8275182,11160751.0,가양1동,정상 지오코딩
3847,강서구,마곡중앙5로 지하 2,마곡나루역1번출구 버스정류장(16-399),정류소(버스 가로변),일반쓰레기,37.566793,126.8275182,11160751.0,가양1동,정상 지오코딩
3848,강서구,양천로30길 123-28,마곡엠밸리7단지.712동 버스정류장(16-702),정류소(버스 가로변),일반쓰레기,37.5672925,126.8238347,11160751.0,가양1동,정상 지오코딩
3849,강서구,양천로30길 123-28,마곡엠밸리7단지.712동 버스정류장(16-702),정류소(버스 가로변),일반쓰레기,37.5672925,126.8238347,11160751.0,가양1동,정상 지오코딩
3850,강서구,마곡서1로 111-11,마곡엠밸리5단지 버스정류장(16-706),정류소(버스 가로변),일반쓰레기,37.5658002,126.817289,11160700.0,방화1동,정상 지오코딩
3851,강서구,마곡서1로 111-11,마곡엠밸리5단지 버스정류장(16-706),정류소(버스 가로변),일반쓰레기,37.5658002,126.817289,11160700.0,방화1동,정상 지오코딩
3852,강서구,마곡서로133,마곡엠벨리7단지앞 마을버스정류장(마곡동767-6),정류소(버스 가로변),일반쓰레기,37.5645561,126.8238387,11160700.0,방화1동,정상 지오코딩
3853,강서구,등촌로217,영일고등학교.강서도서관 버스정류장(16-173),정류소(버스 가로변),일반쓰레기,37.5491824,126.8633151,11160530.0,등촌2동,정상 지오코딩
3854,강서구,등촌로171,아이파크아파트.백석중학교 버스정류장(16-174),정류소(버스 가로변),일반쓰레기,37.5452309,126.8620802,11160530.0,등촌2동,정상 지오코딩
3855,강서구,등촌로137,등촌2동주민센터.등촌동대림아파트 버스정류장(16-175),정류소(버스 가로변),일반쓰레기,37.5418983,126.8626189,11160530.0,등촌2동,정상 지오코딩
3856,강서구,등촌로81,용문사.시립화곡청소년수련관 버스정류장(16-177),정류소(버스 가로변),일반쓰레기,37.5372477,126.8631909,11160530.0,등촌2동,정상 지오코딩
3857,강서구,공항대로103,강서세무서.공항초교(16-528),정류소(버스 가로변),일반쓰레기,37.562267,126.819206,11160690.0,공항동,정상 지오코딩
3858,강서구,공항대로103,강서세무서.공항초교(16-622),정류소(버스 가로변),일반쓰레기,37.562267,126.819206,11160690.0,공항동,정상 지오코딩
3859,강서구,공항대로73,공항중학교.공항초등학교(중)(16-016),정류소(버스 가로변),일반쓰레기,37.5611809,126.8157646,11160690.0,공항동,정상 지오코딩
3860,강서구,공항대로73,공항중학교.공항초등학교(중)(16-020),정류소(버스 가로변),일반쓰레기,37.5611809,126.8157646,11160690.0,공항동,정상 지오코딩
3861,강서구,공항대로20,송정역(중)(16-014),정류소(버스 가로변),일반쓰레기,37.5612289,126.8095336,11160690.0,공항동,정상 지오코딩
3862,강서구,공항대로20,송정역(중)(16-015),정류소(버스 가로변),일반쓰레기,37.5612289,126.8095336,11160690.0,공항동,정상 지오코딩
3863,강서구,마곡서1로 100,마곡엠밸리6.7단지.마곡중학교(16-395),정류소(버스 가로변),일반쓰레기,37.5657541,126.8196234,11160700.0,방화1동,정상 지오코딩
3864,강서구,마곡서로175,마곡엠벨리4단지(16-705),정류소(버스 가로변),일반쓰레기,37.5689081,126.8242325,11160751.0,가양1동,정상 지오코딩
3865,강서구,강서로42-1,까치산역2번출구(16-191),정류소(버스 가로변),일반쓰레기,37.5318074,126.8469575,11160630.0,화곡8동,정상 지오코딩
3866,강서구,곰달래로224,성석교회(16-181),정류소(버스 가로변),일반쓰레기,37.5315274,126.8578466,11160570.0,화곡2동,정상 지오코딩
3867,강서구,곰달래로178,서울신정초등학교(16-183),정류소(버스 가로변),일반쓰레기,37.5308402,126.852661,11160570.0,화곡2동,정상 지오코딩
3868,강서구,곰달래로144,화곡8동주민센터.까치산시장(16-185),정류소(버스 가로변),일반쓰레기,37.5305506,126.8488716,11160630.0,화곡8동,정상 지오코딩
3869,강서구,강서로21,KT강서지사(16-186),정류소(버스 가로변),일반쓰레기,37.5298742,126.8475264,11160730.0,화곡1동,정상 지오코딩
3870,강서구,곰달래로104,화곡동유림아파트(16-189),정류소(버스 가로변),일반쓰레기,37.530306,126.8443307,11160730.0,화곡1동,정상 지오코딩
3871,강서구,강서로17길 62,화곡동백구사(16-193),정류소(버스 가로변),일반쓰레기,37.5326509,126.8423765,11160730.0,화곡1동,정상 지오코딩
3872,강서구,가로공원로76길 94,화곡동대림아파트(16-195),정류소(버스 가로변),일반쓰레기,37.533034,126.8387006,11160730.0,화곡1동,정상 지오코딩
3873,강서구,양천로251,마곡실내배드민턴장(16-273),정류소(버스 가로변),일반쓰레기,37.5731555,126.8321488,11160751.0,가양1동,정상 지오코딩
3874,강서구,양천로251,마곡실내배드민턴장(16-274),정류소(버스 가로변),일반쓰레기,37.5731555,126.8321488,11160751.0,가양1동,정상 지오코딩
3875,강서구,양천로200,서남물재생센터(16-275),정류소(버스 가로변),일반쓰레기,37.5727028,126.8261113,11160751.0,가양1동,정상 지오코딩
3876,강서구,양천로200,서남물재생센터(16-276),정류소(버스 가로변),일반쓰레기,37.5727028,126.8261113,11160751.0,가양1동,정상 지오코딩
3877,강서구,공항대로150,마곡역7번출구,정류소(버스 가로변),일반쓰레기,37.5594664,126.8244375,11160670.0,발산1동,정상 지오코딩
3878,강서구,공항대로260,마곡역(중)(16-019),지하철역 입구,일반쓰레기,37.5572629,126.8362668,11160670.0,발산1동,정상 지오코딩
3879,강서구,공항대로260,발산역(중)(16-017),지하철역 입구,일반쓰레기,37.5572629,126.8362668,11160670.0,발산1동,정상 지오코딩
3880,강서구,마곡중앙로201,롯데R&D센터(16-608),정류소(버스 가로변),일반쓰레기,37.5714077,126.8277308,11160751.0,가양1동,정상 지오코딩
3881,강서구,마곡중앙로86,마곡역(16-397),정류소(버스 가로변),일반쓰레기,37.5612477,126.8277415,11160751.0,가양1동,정상 지오코딩
3882,강서구,양천로564,강서소방서.이마트.증미역(16256),정류소(버스 가로변),일반쓰레기,37.5570868,126.8613313,11160520.0,등촌1동,정상 지오코딩
3883,강서구,월정로 134 ,월정로 134 황외과 앞 버스정류장,정류소(버스 가로변),일반쓰레기,37.5309897,126.8379726,11160730.0,화곡1동,정상 지오코딩
3884,강서구,가로공원로 192 ,가로공원로 192 사거리 횡단보도 ,도로변(횡단보도 포함),일반쓰레기,37.5368877,126.8372644,11160730.0,화곡1동,정상 지오코딩
3885,강서구,가로공원로 237 ,가로공원로 237 화곡터널입구교차로 횡단보도,도로변(횡단보도 포함),일반쓰레기,37.5386679,126.8419483,11160730.0,화곡1동,정상 지오코딩
3886,강서구,가로공원로 215,가로공원로 215 가로공원공영주차장 횡단보도,도로변(횡단보도 포함),일반쓰레기,37.5377949,126.8397452,11160730.0,화곡1동,정상 지오코딩
3887,강서구,허준로 50,허준로 50 동양고등학교 버스정류장,정류소(버스 가로변),일반쓰레기,37.5690302,126.8468888,11160751.0,가양1동,정상 지오코딩
3888,강서구,허준로 47,허준로 47 가양2단지성지아파트 버스정류장,정류소(버스 가로변),일반쓰레기,37.5710197,126.8464627,11160751.0,가양1동,정상 지오코딩
3889,강서구,허준로 76,허준로 76 한보구암마을아파트 버스정류장,정류소(버스 가로변),일반쓰레기,37.5684142,126.8486573,11160751.0,가양1동,정상 지오코딩
3890,강서구,허준로 139,허준로 139 강변아파트 버스정류장,정류소(버스 가로변),일반쓰레기,37.5646121,126.8562786,11160650.0,가양2동,정상 지오코딩
3891,강서구,허준로 175,허준로 175 도시개발6단지아파트 버스정류장,정류소(버스 가로변),일반쓰레기,37.5637581,126.8592894,11160660.0,가양3동,정상 지오코딩
3892,강서구,허준로 234 ,허준로 234 도시개발9단지아파트 버스정류장,정류소(버스 가로변),일반쓰레기,37.558555,126.8633761,11160660.0,가양3동,정상 지오코딩
3893,강서구,양천로 628,양천로 628 태영송화아파트 버스정류장,정류소(버스 가로변),일반쓰레기,37.5539157,126.8673268,11160510.0,염창동,정상 지오코딩
3894,강서구,마곡중앙5로 6,마곡중앙5로 6 마곡나루역 버스정류장,정류소(버스 가로변),일반쓰레기,37.567314,126.8275549,11160751.0,가양1동,정상 지오코딩
3895,강서구,마곡중앙5로 6 ,마곡중앙5로 6 마곡나루역 2번출구 ,지하철역 입구,일반쓰레기,37.567314,126.8275549,11160751.0,가양1동,정상 지오코딩
3896,강서구,공항대로150,공항대로 마곡역 1번출구 ,지하철역 입구,일반쓰레기,37.5594664,126.8244375,11160670.0,발산1동,정상 지오코딩
3897,강서구,마곡중앙로 33,마곡중앙로 33 마곡엠밸리14단지 버스정류장,정류소(버스 가로변),일반쓰레기,37.5580501,126.8240802,11160670.0,발산1동,정상 지오코딩
3898,강서구,마곡동로161,"마곡동로 마곡일반산업단지 D30-1,2",도로변(횡단보도 포함),일반쓰레기,37.5722444,126.8328428,11160751.0,가양1동,정상 지오코딩
3899,강서구,마곡동로 55,마곡동로 55 사거리 ,도로변(횡단보도 포함),일반쓰레기,37.5600683,126.8330379,11160751.0,가양1동,정상 지오코딩
3900,강서구,마곡동로 62,마곡동로 62 마곡사이언스타워 앞,도로변(횡단보도 포함),일반쓰레기,37.5605538,126.8338902,11160751.0,가양1동,정상 지오코딩
3901,강서구,마곡중앙10로 70 ,마곡중앙10로 70 LG사이언스파크 E-14동,도로변(횡단보도 포함),일반쓰레기,37.5630473,126.83443,11160751.0,가양1동,정상 지오코딩
3902,강서구,마곡중앙10로 30,마곡중앙10로 30 LG사이언스파크 ISC통합지원센터,도로변(횡단보도 포함),일반쓰레기,37.5634031,126.8312303,11160751.0,가양1동,정상 지오코딩
3903,강서구,마곡중앙10로 30,마곡중앙10로 30 LG사이언스파크 ISC통합지원센터 후면,도로변(횡단보도 포함),일반쓰레기,37.5634031,126.8312303,11160751.0,가양1동,정상 지오코딩
3904,강서구,양천로 108 ,양천로 108 하나은행 앞,도로변(횡단보도 포함),일반쓰레기,37.5731049,126.8157071,11160700.0,방화1동,정상 지오코딩
3905,강서구,발산로40,방화대로 외발산사거리 횡단보도,도로변(횡단보도 포함),일반쓰레기,37.5556972,126.8216357,11160670.0,발산1동,정상 지오코딩
3906,강서구,금낭화로 135,금낭화로 135 방화역 3번출구 택시정류장,지하철역 입구,일반쓰레기,37.577445,126.8124381,11160761.0,방화3동,정상 지오코딩
3907,강서구,양천로 87 ,양천로 87 동부센트레빌아파트 버스정류장,정류소(버스 가로변),일반쓰레기,37.5736086,126.8136505,11160700.0,방화1동,정상 지오코딩
3908,강서구,송정로3길 3 ,송정로3길 3 공항동주민센터 버스정류장,정류소(버스 가로변),일반쓰레기,37.5582512,126.8106481,11160690.0,공항동,정상 지오코딩
3909,강서구,송정로9,공항동천주교회 버스정류장,정류소(버스 가로변),일반쓰레기,37.5562267,126.8120867,11160690.0,공항동,정상 지오코딩
3910,강서구,송정로3길 3 ,양천로 112 신방화사거리 버스정류장,정류소(버스 가로변),일반쓰레기,37.5582512,126.8106481,11160690.0,공항동,정상 지오코딩
3911,강서구,개화동로21길 4,개화동로21길 4 방화동도시개발11단지 버스정류장,정류소(버스 가로변),일반쓰레기,37.5707203,126.8057256,11160710.0,방화2동,정상 지오코딩
3912,강서구,양천로27길 ,양천로27길 생태공원 버스정류장,정류소(버스 가로변),일반쓰레기,37.5791938,126.8199674,11160761.0,방화3동,정상 지오코딩
3913,강서구,양천로27길,양천로27길 서광아파트 버스정류장,정류소(버스 가로변),일반쓰레기,37.5791938,126.8199674,11160761.0,방화3동,정상 지오코딩
3914,강서구,양천로177,양천로 서남환경공원 버스정류장,정류소(버스 가로변),일반쓰레기,37.5743025,126.8227909,11160751.0,가양1동,정상 지오코딩
3915,강서구,양천로201-1,양천로 서남물재생센터 버스정류장,정류소(버스 가로변),일반쓰레기,37.5747398,126.8328351,11160751.0,가양1동,정상 지오코딩
3916,강서구,양천로177,양천로 서남환경공원 버스정류장,정류소(버스 가로변),일반쓰레기,37.5743025,126.8227909,11160751.0,가양1동,정상 지오코딩
3917,강서구,양천로251,양천로 마곡배드민턴장 버스정류장,정류소(버스 가로변),일반쓰레기,37.5731555,126.8321488,11160751.0,가양1동,정상 지오코딩
3918,강서구,공항대로195,힐스테이트에코오피스텔 앞,정류소(버스 중앙차로),일반쓰레기,37.559888,126.8291698,11160751.0,가양1동,정상 지오코딩
3919,강서구,등촌로 213 ,등촌로 213 칼텍스주유소 앞,도로변(횡단보도 포함),일반쓰레기,37.5487351,126.8629888,11160530.0,등촌2동,정상 지오코딩
3920,강서구,등촌로137,등촌2동주민센터 버스정류장(16-175),정류소(버스 가로변),일반쓰레기,37.5418983,126.8626189,11160530.0,등촌2동,정상 지오코딩
3921,강서구,등촌로113,대일고교 버스정류장(16-176),정류소(버스 가로변),일반쓰레기,37.5404511,126.8634688,11160530.0,등촌2동,정상 지오코딩
3922,강서구,등촌로 41 ,등촌로 41 강서농협 앞,도로변(횡단보도 포함),일반쓰레기,37.5337013,126.863369,11160590.0,화곡4동,정상 지오코딩
3923,강서구,강서로 134 ,강서로 134 건널목,도로변(횡단보도 포함),일반쓰레기,37.5390444,126.8425335,11160550.0,화곡본동,정상 지오코딩
3924,강서구,월정로 176,월정로 176 월정초등학교 앞,도로변(횡단보도 포함),일반쓰레기,37.5349942,126.8362936,11160730.0,화곡1동,정상 지오코딩
3925,강서구,양천로379,CJ주식회사 버스정류장(16-268),정류소(버스 가로변),일반쓰레기,37.5657035,126.8476383,11160751.0,가양1동,인근 도로명번지 추정(번지차 22)
3926,강서구,공항대로424,서울디지털대학교 버스정류장(16-008),정류소(버스 가로변),일반쓰레기,37.5550005,126.8540201,11160610.0,화곡6동,정상 지오코딩
3927,강서구,양천로656,관음삼성아파트 버스정류장(16-250),정류소(버스 가로변),일반쓰레기,37.5527346,126.8694604,11160510.0,염창동,정상 지오코딩
3928,강서구,양천로694,염창동새마을금고 버스정류장(16-248),정류소(버스 가로변),일반쓰레기,37.550109,126.8728505,11160510.0,염창동,정상 지오코딩
3929,강서구,양천로489,가양역 우성아파트 버스정류장(16-260),정류소(버스 가로변),일반쓰레기,37.5622436,126.8542071,11160650.0,가양2동,정상 지오코딩
3930,강서구,양천로57길9-19,SBS공개홀 버스정류장(16-261),정류소(버스 가로변),일반쓰레기,37.5636853,126.8509301,11160650.0,가양2동,정상 지오코딩
3931,강서구,수명로1길 110,마곡수명산파크3단지 버스정류장(16-879),정류소(버스 가로변),일반쓰레기,37.5518578,126.8247079,11160670.0,발산1동,정상 지오코딩
3932,강서구,공항대로383,KBS스포츠월드 버스정류장(16-009),정류소(버스 중앙차로),일반쓰레기,37.5569538,126.8502733,11160540.0,등촌3동,정상 지오코딩
3933,강서구,남부순환로176,강서면허시험장 버스정류장(16-849),정류소(버스 가로변),일반쓰레기,37.5494973,126.8189928,11160670.0,발산1동,정상 지오코딩
3934,강서구,남부순환로19길 6,외발산신광명마을 버스정류장(16-151),정류소(버스 가로변),일반쓰레기,37.5463431,126.8216941,11160670.0,발산1동,정상 지오코딩
3935,강서구,수명로2길16,수명산파크7단지 버스정류장(16-416),정류소(버스 가로변),일반쓰레기,37.548567,126.8240596,11160670.0,발산1동,정상 지오코딩
3936,강서구,공항대로248,이대서울병원 버스정류장(16-388),정류소(버스 가로변),일반쓰레기,37.5584039,126.8348939,11160670.0,발산1동,정상 지오코딩
3937,강서구,수명로1길 16,마곡수명산파트4단지 횡단보도,도로변(횡단보도 포함),일반쓰레기,37.5520478,126.8225609,11160670.0,발산1동,정상 지오코딩
3938,강서구,공항대로103,공항중학교 버스정류장(16-308),정류소(버스 중앙차로),일반쓰레기,37.562267,126.819206,11160690.0,공항동,정상 지오코딩
3939,강서구,개화동로416,개화2치안센터 버스정류장(16-168),정류소(버스 가로변),일반쓰레기,37.5749266,126.8017851,11160710.0,방화2동,정상 지오코딩
3940,강서구,방화대로47길 9,강서공고 버스정류장(16-303),정류소(버스 가로변),일반쓰레기,37.5760317,126.8161811,11160761.0,방화3동,정상 지오코딩
3941,강서구,공항대로63,공항중학교 버스정류장(16-115),정류소(버스 중앙차로),일반쓰레기,37.5611809,126.8157646,11160690.0,공항동,인근 도로명번지 추정(번지차 10)
3942,강서구,공항대로376,KBS스포츠월드 버스정류장(16-010),정류소(버스 중앙차로),일반쓰레기,37.5568483,126.8471933,11160610.0,화곡6동,정상 지오코딩
3943,강서구,강서로307,명덕고등학교. 서울스타병원(16-215),정류소(버스 가로변),일반쓰레기,37.5532304,126.8362276,11160670.0,발산1동,정상 지오코딩
3944,강서구,등촌로5길 5,목동사거리 버스정류장(16-178),정류소(버스 가로변),일반쓰레기,37.5332543,126.8632709,11160590.0,화곡4동,정상 지오코딩
3945,강서구,등촌로81,용문사 버스정류장(16-177),정류소(버스 가로변),일반쓰레기,37.5372477,126.8631909,11160530.0,등촌2동,정상 지오코딩
3946,강서구,강서로388,베뉴지웨딩홀 버스정류장(16-969),정류소(버스 가로변),일반쓰레기,37.5601802,126.8393213,11160540.0,등촌3동,정상 지오코딩
3947,강서구,강서로388,발산역3번출구 버스정류장(16-220),정류소(버스 가로변),일반쓰레기,37.5601802,126.8393213,11160540.0,등촌3동,정상 지오코딩
3948,강서구,양천로434,SBS공개홀 버스정류장(16-262),정류소(버스 가로변),일반쓰레기,37.5638077,126.8489474,11160540.0,등촌3동,정상 지오코딩
3949,강서구,양천로510,가양역 현대프린스텔 버스정류장(16-257),정류소(버스 가로변),일반쓰레기,37.560117,126.8563395,11160520.0,등촌1동,정상 지오코딩
3950,강서구,양천로476,가양역 우성아파트 버스정류장(16-259),정류소(버스 가로변),일반쓰레기,37.5616002,126.853272,11160540.0,등촌3동,정상 지오코딩
3951,강서구,양천로693,염창동새마을금고 버스정류장(16-247),정류소(버스 가로변),일반쓰레기,37.5503906,126.8732448,11160510.0,염창동,정상 지오코딩
3952,강서구,허준로186,가양초등학교 버스정류장(16-240),정류소(버스 가로변),일반쓰레기,37.5622172,126.8585216,11160660.0,가양3동,정상 지오코딩
3953,강서구,허준로227,세현고등학교 버스정류장(16-244),정류소(버스 가로변),일반쓰레기,37.5604307,126.8636211,11160660.0,가양3동,정상 지오코딩
3954,강서구,공항대로290,발산역5번출구 버스정류장(16-112),정류소(버스 중앙차로),일반쓰레기,37.5581136,126.8397718,11160740.0,우장산동,정상 지오코딩
3955,강서구,발산로24,강서농수산물도매시장 버스정류장(16-975),정류소(버스 가로변),일반쓰레기,37.5535879,126.8191861,11160670.0,발산1동,정상 지오코딩
3956,강서구,공항대로260,마곡역(중)(16-018),정류소(버스 중앙차로),일반쓰레기,37.5572629,126.8362668,11160670.0,발산1동,정상 지오코딩
3957,강서구,공항대로237,마곡동로 사거리,정류소(버스 중앙차로),일반쓰레기,37.5594527,126.8339125,11160751.0,가양1동,정상 지오코딩
3958,강서구,공항대로260,발산역(중)(16-013),정류소(버스 중앙차로),일반쓰레기,37.5572629,126.8362668,11160670.0,발산1동,정상 지오코딩
3959,강서구,공항대로335,한국가스기술공사(중)(16-012),정류소(버스 중앙차로),일반쓰레기,37.5582028,126.8449227,11160540.0,등촌3동,정상 지오코딩
3960,강서구,공항대로335,한국가스기술공사(중)(16-011),정류소(버스 중앙차로),일반쓰레기,37.5582028,126.8449227,11160540.0,등촌3동,정상 지오코딩
3961,강서구,공항대로376,KBS스포츠월드(중)(16-010),정류소(버스 중앙차로),일반쓰레기,37.5568483,126.8471933,11160610.0,화곡6동,정상 지오코딩
3962,강서구,공항대로376,KBS스포츠월드(중)(16-009),정류소(버스 중앙차로),일반쓰레기,37.5568483,126.8471933,11160610.0,화곡6동,정상 지오코딩
3963,강서구,공항대로426,강서구청사거리.서울디지털대학교(중)(16-008),정류소(버스 중앙차로),일반쓰레기,37.5548319,126.8542297,11160610.0,화곡6동,정상 지오코딩
3964,강서구,공항대로426,강서구청사거리.서울디지털대학교(중)(16-007),정류소(버스 중앙차로),일반쓰레기,37.5548319,126.8542297,11160610.0,화곡6동,정상 지오코딩
3965,강서구,공항대로491,등촌중학교.백석초등학교(중)(16-006),정류소(버스 중앙차로),일반쓰레기,37.5536477,126.8624258,11160520.0,등촌1동,정상 지오코딩
3966,강서구,공항대로491,등촌중학교.백석초등학교(중)(16-005),정류소(버스 중앙차로),일반쓰레기,37.5536477,126.8624258,11160520.0,등촌1동,정상 지오코딩
3967,강서구,공항대로561,등촌역.강서보건소(중)(16-004),정류소(버스 중앙차로),일반쓰레기,37.5496484,126.8682802,11160510.0,염창동,정상 지오코딩
3968,강서구,공항대로561,등촌역.강서보건소(중)(16-004),정류소(버스 중앙차로),일반쓰레기,37.5496484,126.8682802,11160510.0,염창동,정상 지오코딩
3969,강서구,공항대로561,등촌역.강서보건소(중)(16-003),정류소(버스 중앙차로),일반쓰레기,37.5496484,126.8682802,11160510.0,염창동,정상 지오코딩
3970,강서구,공항대로627,염창역.서울도시가스(중)(16-002),정류소(버스 중앙차로),일반쓰레기,37.5472872,126.8745387,11160510.0,염창동,정상 지오코딩
3971,강서구,공항대로627,염창역.서울도시가스(중)(16-002),정류소(버스 중앙차로),일반쓰레기,37.5472872,126.8745387,11160510.0,염창동,정상 지오코딩
3972,강서구,공항대로627,염창역.서울도시가스(중)(16-001),정류소(버스 중앙차로),일반쓰레기,37.5472872,126.8745387,11160510.0,염창동,정상 지오코딩
3973,강서구,화곡로308,강서경찰서 앞,정류소(버스 가로변),일반쓰레기,37.5515582,126.8496564,11160610.0,화곡6동,정상 지오코딩
3974,강서구,강서로131,화곡터널입구 교차로,정류소(버스 가로변),일반쓰레기,37.5387393,126.8421108,11160730.0,화곡1동,정상 지오코딩
3975,강서구,화곡로286-1,화곡로 286-1 앞,정류소(버스 가로변),일반쓰레기,37.5499421,126.848297,11160610.0,화곡6동,정상 지오코딩
3976,강서구,강서로35,롯데리아 까치산역점 앞,정류소(버스 가로변),일반쓰레기,37.5308914,126.8469545,11160730.0,화곡1동,정상 지오코딩
3977,강서구,화곡로118,베이징 화곡분점 앞,정류소(버스 가로변),일반쓰레기,37.5398684,126.8349648,11160730.0,화곡1동,정상 지오코딩
3978,강서구,공항대로484-4,백석초등학교.한국임업진흥원(16-104),정류소(버스 중앙차로),일반쓰레기,37.5528767,126.8600332,11160530.0,등촌2동,정상 지오코딩
3979,강서구,공항대로484-4,백석초등학교.한국임업진흥원(16-104),정류소(버스 중앙차로),일반쓰레기,37.5528767,126.8600332,11160530.0,등촌2동,정상 지오코딩
3980,강서구,양천로606,"태영,삼성한사랑아파트(16-251)",정류소(버스 가로변),일반쓰레기,37.555193,126.8652028,11160520.0,등촌1동,정상 지오코딩
3981,강서구,양천로721,동아3차아파트(16-509),정류소(버스 가로변),일반쓰레기,37.5495959,126.876099,11160510.0,염창동,정상 지오코딩
3982,강서구,허준로64,한보구암마을아파트(16-231),정류소(버스 가로변),일반쓰레기,37.5686275,126.8490373,11160751.0,가양1동,정상 지오코딩
3983,강서구,허준로36,가양2단지성지아파트.동양고등학교(16-229),정류소(버스 가로변),일반쓰레기,37.5695021,126.8454044,11160751.0,가양1동,정상 지오코딩
3984,강서구,허준로47,가양2단지성지아파트.동양고등학교(16-230),정류소(버스 가로변),일반쓰레기,37.5710197,126.8464627,11160751.0,가양1동,정상 지오코딩
3985,강서구,양천로49길 7,양천초등학교.겸재정선미술관(16-269),정류소(버스 가로변),일반쓰레기,37.5690979,126.8406799,11160751.0,가양1동,정상 지오코딩
3986,강서구,마곡동813,한국도레이 R&D센터 앞,도로변(횡단보도 포함),일반쓰레기,37.5699778,126.8363817,11160751.0,가양1동,정상 지오코딩
3987,강서구,방화대로34길 13,서울항공비즈니스고등학교 앞,도로변(횡단보도 포함),일반쓰레기,37.5692178,126.8170408,11160700.0,방화1동,정상 지오코딩
3988,강서구,방화대로 319,서울항공비즈니스고등학교(16-306),정류소(버스 가로변),일반쓰레기,37.5691581,126.8162862,11160700.0,방화1동,정상 지오코딩
3989,강서구,방화대로 360,신방화사거리(16-431),정류소(버스 가로변),일반쓰레기,37.5729326,126.8169847,11160700.0,방화1동,정상 지오코딩
3990,강서구,양천로24길 13,신방화사거리(16-432),정류소(버스 가로변),일반쓰레기,37.5729513,126.8159521,11160700.0,방화1동,정상 지오코딩
3991,강서구,양천로125,"방화동도시개발1,2단지아파트(16-304)",정류소(버스 가로변),일반쓰레기,37.5738488,126.8172458,11160761.0,방화3동,정상 지오코딩
3992,강서구,방화대로47길 9,강서공업고등학교(16-303),정류소(버스 가로변),일반쓰레기,37.5760317,126.8161811,11160761.0,방화3동,정상 지오코딩
3993,강서구,공항대로46길 93,땡초우동인포차 앞,상가지역,담배꽁초 수거함,37.5520542,126.8509953,11160610.0,화곡6동,정상 지오코딩
3994,강서구,화곡로 342,포유오피스텔 뒤편,상가지역,담배꽁초 수거함,37.5541251,126.851747,11160610.0,화곡6동,정상 지오코딩
3995,강서구,공항대로46길 25,다보빌딩 앞,상가지역,담배꽁초 수거함,37.5543436,126.8530304,11160610.0,화곡6동,정상 지오코딩
3996,강서구,공항대로46길 47,다원빌딩 앞,상가지역,담배꽁초 수거함,37.5539152,126.8521706,11160610.0,화곡6동,정상 지오코딩
3997,강서구,공항대로46길 65,아리수 감자탕 앞,상가지역,담배꽁초 수거함,37.553091,126.8517387,11160610.0,화곡6동,정상 지오코딩
3998,강서구,공항대로46길 77,금별맥주 앞,상가지역,담배꽁초 수거함,37.5526149,126.8514945,11160610.0,화곡6동,정상 지오코딩
3999,강서구,공항대로478,등촌중학교16-104,정류소(버스 중앙차로),재활용쓰레기,37.5530153,126.8598148,11160530.0,등촌2동,정상 지오코딩
4000,강서구,공항대로434,하이웨이주유소16-106,정류소(버스 중앙차로),재활용쓰레기,37.5545432,126.8551668,11160610.0,화곡6동,정상 지오코딩
4001,강서구,공항대로434,하이웨이주유소16-106,정류소(버스 중앙차로),재활용쓰레기,37.5545432,126.8551668,11160610.0,화곡6동,정상 지오코딩
4002,강서구,공항대로325,한국가스공사16-109,정류소(버스 중앙차로),재활용쓰레기,37.5582981,126.8439018,11160540.0,등촌3동,정상 지오코딩
4003,강서구,공항대로325,한국가스공사16-109,정류소(버스 중앙차로),재활용쓰레기,37.5582981,126.8439018,11160540.0,등촌3동,정상 지오코딩
4004,강서구,공항대로290,발산역16-112,정류소(버스 중앙차로),재활용쓰레기,37.5581136,126.8397718,11160740.0,우장산동,정상 지오코딩
4005,강서구,공항대로290,발산역16-112,정류소(버스 중앙차로),재활용쓰레기,37.5581136,126.8397718,11160740.0,우장산동,정상 지오코딩
4006,강서구,공항대로69,송정역16-116,정류소(버스 중앙차로),재활용쓰레기,37.5611809,126.8157646,11160690.0,공항동,인근 도로명번지 추정(번지차 4)
4007,강서구,공항대로69,송정역16-116,정류소(버스 중앙차로),재활용쓰레기,37.5611809,126.8157646,11160690.0,공항동,인근 도로명번지 추정(번지차 4)
4008,강서구,공항대로260,마곡역(중)(16-018),정류소(버스 중앙차로),재활용쓰레기,37.5572629,126.8362668,11160670.0,발산1동,정상 지오코딩
4009,강서구,공항대로237,마곡동로 사거리,정류소(버스 중앙차로),재활용쓰레기,37.5594527,126.8339125,11160751.0,가양1동,정상 지오코딩
4010,강서구,공항대로260,발산역(중)(16-013),정류소(버스 중앙차로),재활용쓰레기,37.5572629,126.8362668,11160670.0,발산1동,정상 지오코딩
4011,강서구,공항대로335,한국가스기술공사(중)(16-012),정류소(버스 중앙차로),재활용쓰레기,37.5582028,126.8449227,11160540.0,등촌3동,정상 지오코딩
4012,강서구,공항대로335,한국가스기술공사(중)(16-011),정류소(버스 중앙차로),재활용쓰레기,37.5582028,126.8449227,11160540.0,등촌3동,정상 지오코딩
4013,강서구,공항대로376,KBS스포츠월드(중)(16-010),정류소(버스 중앙차로),재활용쓰레기,37.5568483,126.8471933,11160610.0,화곡6동,정상 지오코딩
4014,강서구,공항대로376,KBS스포츠월드(중)(16-009),정류소(버스 중앙차로),재활용쓰레기,37.5568483,126.8471933,11160610.0,화곡6동,정상 지오코딩
4015,강서구,공항대로426,강서구청사거리.서울디지털대학교(중)(16-008),정류소(버스 중앙차로),재활용쓰레기,37.5548319,126.8542297,11160610.0,화곡6동,정상 지오코딩
4016,강서구,공항대로426,강서구청사거리.서울디지털대학교(중)(16-007),정류소(버스 중앙차로),재활용쓰레기,37.5548319,126.8542297,11160610.0,화곡6동,정상 지오코딩
4017,강서구,공항대로491,등촌중학교.백석초등학교(중)(16-006),정류소(버스 중앙차로),재활용쓰레기,37.5536477,126.8624258,11160520.0,등촌1동,정상 지오코딩
4018,강서구,공항대로491,등촌중학교.백석초등학교(중)(16-005),정류소(버스 중앙차로),재활용쓰레기,37.5536477,126.8624258,11160520.0,등촌1동,정상 지오코딩
4019,강서구,공항대로561,등촌역.강서보건소(중)(16-004),정류소(버스 중앙차로),재활용쓰레기,37.5496484,126.8682802,11160510.0,염창동,정상 지오코딩
4020,강서구,공항대로561,등촌역.강서보건소(중)(16-004),정류소(버스 중앙차로),재활용쓰레기,37.5496484,126.8682802,11160510.0,염창동,정상 지오코딩
4021,강서구,"마곡중앙6로85, 105호 ",백스비어 앞,발산역 먹자골목,일반쓰레기,37.5602456,126.8368847,11160751.0,가양1동,정상 지오코딩
4022,강서구,마곡중앙8로 90,손오공쪽갈비 앞,발산역 먹자골목,일반쓰레기,37.560573,126.8375933,11160751.0,가양1동,정상 지오코딩
4023,강서구,마곡중앙6로 89,뉴골든타워 앞,발산역 먹자골목,일반쓰레기,37.5601717,126.8372932,11160751.0,가양1동,정상 지오코딩
4024,강서구,마곡중앙8로 86,당산포차 앞,발산역 먹자골목,일반쓰레기,37.5606237,126.8369241,11160751.0,가양1동,정상 지오코딩
4025,강서구,마곡중앙6로 93,열린프라자 앞,발산역 먹자골목,일반쓰레기,37.5601357,126.8376979,11160751.0,가양1동,정상 지오코딩
4026,구로구,가마산로 180-2,도로변,도로변(횡단보도 포함),일반쓰레기,37.4916815,126.8822748,11170710.0,구로2동,정상 지오코딩
4027,구로구,가마산로 205,도로변,도로변(횡단보도 포함),재활용쓰레기,37.4934614,126.884108,11170710.0,구로2동,정상 지오코딩
4028,구로구,가마산로 206,도로변,도로변(횡단보도 포함),일반쓰레기,37.4930122,126.8840159,11170710.0,구로2동,정상 지오코딩
4029,구로구,가마산로 222,도로변,도로변(횡단보도 포함),재활용쓰레기,37.4934958,126.8857884,11170710.0,구로2동,정상 지오코딩
4030,구로구,가마산로 225,서울순대국 앞,도로변(횡단보도 포함),일반쓰레기,37.4940964,126.8860393,11170710.0,구로2동,정상 지오코딩
4031,구로구,가마산로 225,서울순대국 앞,도로변(횡단보도 포함),재활용쓰레기,37.4940964,126.8860393,11170710.0,구로2동,정상 지오코딩
4032,구로구,가마산로 235,도로변,도로변(횡단보도 포함),재활용쓰레기,37.4948148,126.8864407,11170710.0,구로2동,정상 지오코딩
4033,구로구,가마산로 245,구로구청 앞,도로변(횡단보도 포함),일반쓰레기,37.4955055,126.8882924,11170710.0,구로2동,정상 지오코딩
4034,구로구,가마산로 245,구로구청 앞,도로변(횡단보도 포함),재활용쓰레기,37.4955055,126.8882924,11170710.0,구로2동,정상 지오코딩
4035,구로구,가마산로 245(정문),구로구청 정문 앞,도로변(횡단보도 포함),재활용쓰레기,37.4955055,126.8882924,11170710.0,구로2동,정상 지오코딩
4036,구로구,가마산로 245(후문),구로구청 후문 앞 ,도로변(횡단보도 포함),재활용쓰레기,37.4955055,126.8882924,11170710.0,구로2동,정상 지오코딩
4037,구로구,가마산로 250,도로변,도로변(횡단보도 포함),일반쓰레기,37.494814,126.8886765,11170710.0,구로2동,정상 지오코딩
4038,구로구,가마산로 250,도로변,도로변(횡단보도 포함),일반쓰레기,37.494814,126.8886765,11170710.0,구로2동,정상 지오코딩
4039,구로구,가마산로 250,도로변,도로변(횡단보도 포함),일반쓰레기,37.494814,126.8886765,11170710.0,구로2동,정상 지오코딩
4040,구로구,가마산로 87,한일유앤아이A 입구 옆,"정류소(버스,택시 등)",재활용쓰레기,37.4858484,126.876157,11170520.0,구로1동,정상 지오코딩
4041,구로구,가마산로 9길 4-4,도로변,도로변(횡단보도 포함),일반쓰레기,37.4915404,126.8816385,11170710.0,구로2동,정상 지오코딩
4042,구로구,가마산로203 ,도로변,도로변(횡단보도 포함),일반쓰레기,37.4934025,126.8837472,11170710.0,구로2동,정상 지오코딩
4043,구로구,가마산로218,도로변,"정류소(버스,택시 등)",일반쓰레기,37.4932186,126.8851425,11170710.0,구로2동,정상 지오코딩
4044,구로구,가마산로218,도로변,"정류소(버스,택시 등)",일반쓰레기,37.4932186,126.8851425,11170710.0,구로2동,정상 지오코딩
4045,구로구,가마산로242,도로변,도로변(횡단보도 포함),일반쓰레기,37.4943622,126.8876711,11170710.0,구로2동,정상 지오코딩
4046,구로구,가마산로242,도로변,"정류소(버스,택시 등)",일반쓰레기,37.4943622,126.8876711,11170710.0,구로2동,정상 지오코딩
4047,구로구,가마산로250,도로변,도로변(횡단보도 포함),일반쓰레기,37.494814,126.8886765,11170710.0,구로2동,정상 지오코딩
4048,구로구,가마산로250,도로변,도로변(횡단보도 포함),일반쓰레기,37.494814,126.8886765,11170710.0,구로2동,정상 지오코딩
4049,구로구,개봉동 157-13,경인중학교.개봉사거리O2(17-011),"정류소(버스,택시 등)",일반쓰레기,37.4976345,126.8561235,11170720.0,개봉1동,정상 지오코딩
4050,구로구,개봉동 166-2,경인중학교.개봉사거리I2(17-012),"정류소(버스,택시 등)",일반쓰레기,37.4968065,126.8551928,11170720.0,개봉1동,정상 지오코딩
4051,구로구,개봉동 199-4,도로변,도로변(횡단보도 포함),일반쓰레기,37.4938085,126.859765,11170640.0,개봉2동,정상 지오코딩
4052,구로구,개봉동 476,개봉역.한마을아파트.I2(17-010),"정류소(버스,택시 등)",일반쓰레기,37.4952645,126.8625016,11170720.0,개봉1동,정상 지오코딩
4053,구로구,개봉로 22,도로변,도로변(횡단보도 포함),재활용쓰레기,37.4875066,126.856558,11170650.0,개봉3동,정상 지오코딩
4054,구로구,개봉로 34,도로변,도로변(횡단보도 포함),재활용쓰레기,37.4886042,126.8564451,11170650.0,개봉3동,정상 지오코딩
4055,구로구,개봉로 63,도로변,"정류소(버스,택시 등)",재활용쓰레기,37.4913822,126.8556895,11170640.0,개봉2동,정상 지오코딩
4056,구로구,개봉로 71,도로변,도로변(횡단보도 포함),재활용쓰레기,37.4920938,126.8555745,11170640.0,개봉2동,정상 지오코딩
4057,구로구,개봉로10,도로변,도로변(횡단보도 포함),재활용쓰레기,37.4866219,126.8567122,11170650.0,개봉3동,정상 지오코딩
4058,구로구,개봉로19길 43,도로변,"정류소(버스,택시 등)",재활용쓰레기,37.4936022,126.8555586,11170640.0,개봉2동,정상 지오코딩
4059,구로구,개봉로20길 54,도로변,"정류소(버스,택시 등)",일반쓰레기,37.4934363,126.8573608,11170640.0,개봉2동,정상 지오코딩
4060,구로구,개봉로20길 54,도로변,"정류소(버스,택시 등)",재활용쓰레기,37.4934363,126.8573608,11170640.0,개봉2동,정상 지오코딩
4061,구로구,개봉로20길 74,도로변,도로변(횡단보도 포함),일반쓰레기,37.4932889,126.8584193,11170640.0,개봉2동,정상 지오코딩
4062,구로구,개봉로20길 74,도로변,도로변(횡단보도 포함),재활용쓰레기,37.4932889,126.8584193,11170640.0,개봉2동,정상 지오코딩
4063,구로구,개봉로23가길 30,개봉역 버스정류소,"정류소(버스,택시 등)",재활용쓰레기,37.4950647,126.8580465,11170720.0,개봉1동,정상 지오코딩
4064,구로구,개봉로23가길 30,개봉역 버스정류소,"정류소(버스,택시 등)",일반쓰레기,37.4950647,126.8580465,11170720.0,개봉1동,정상 지오코딩
4065,구로구,경서로 47,새마을금고 양지지점 앞 횡단보도 인근,도로변(횡단보도 포함),재활용쓰레기,37.5014937,126.8585145,11170610.0,고척1동,정상 지오코딩
4066,구로구,경인로 161,버스정류소(오류지구대정류장),"정류소(버스,택시 등)",재활용쓰레기,37.4944498,126.8393888,11170670.0,오류1동,정상 지오코딩
4067,구로구,경인로 176-4,버스정류소(씨티월드정류장),"정류소(버스,택시 등)",재활용쓰레기,37.4944644,126.8407215,11170670.0,오류1동,정상 지오코딩
4068,구로구,경인로 196,도로변(블루클럽 앞),도로변(횡단보도 포함),재활용쓰레기,37.4953817,126.8429307,11170670.0,오류1동,정상 지오코딩
4069,구로구,경인로 217,도로변(하이축산 앞),도로변(횡단보도 포함),재활용쓰레기,37.4967219,126.8449439,11170670.0,오류1동,정상 지오코딩
4070,구로구,경인로 331,두성인테리어 앞,도로변(횡단보도 포함),일반쓰레기,37.4976918,126.8569352,11170610.0,고척1동,정상 지오코딩
4071,구로구,경인로 445,동양미래대학교 정문 인근,도로변(횡단보도 포함),일반쓰레기,37.5000404,126.8681214,11170610.0,고척1동,정상 지오코딩
4072,구로구,경인로 445,동양미래대학교 정문 인근,도로변(횡단보도 포함),재활용쓰레기,37.5000404,126.8681214,11170610.0,고척1동,정상 지오코딩
4073,구로구,경인로 5,버스전용차로-17005,"정류소(버스,택시 등)",일반쓰레기,37.4889653,126.8235315,11170690.0,수궁동,정상 지오코딩
4074,구로구,경인로 518,도로변,도로변(횡단보도 포함),일반쓰레기,37.5002392,126.8769102,11170710.0,구로2동,정상 지오코딩
4075,구로구,경인로 557,도로변,도로변(횡단보도 포함),일반쓰레기,37.5031086,126.8790091,11170710.0,구로2동,정상 지오코딩
4076,구로구,경인로 565,도로변,도로변(횡단보도 포함),일반쓰레기,37.5036399,126.8797139,11170710.0,구로2동,정상 지오코딩
4077,구로구,경인로 572,도로변,도로변(횡단보도 포함),일반쓰레기,37.5033063,126.8810839,11170560.0,구로5동,정상 지오코딩
4078,구로구,경인로 611-7,버스전용차로-17003,"정류소(버스,택시 등)",재활용쓰레기,37.506416,126.8838121,11170510.0,신도림동,정상 지오코딩
4079,구로구,경인로 625,신도림중학교 버스정류장에서 5m,"정류소(버스,택시 등)",일반쓰레기,37.5070843,126.8847187,11170510.0,신도림동,정상 지오코딩
4080,구로구,경인로 650,GS칼텍스 주유소 앞,도로변(횡단보도 포함),재활용쓰레기,37.5077124,126.8868681,11170510.0,신도림동,정상 지오코딩
4081,구로구,경인로 662,버스전용차로-17002,"정류소(버스,택시 등)",일반쓰레기,37.5081231,126.888213,11170510.0,신도림동,정상 지오코딩
4082,구로구,경인로 669-1,신도림 푸르지오 앞,도로변(횡단보도 포함),재활용쓰레기,37.5096508,126.8888076,11170510.0,신도림동,정상 지오코딩
4083,구로구,경인로 669-1,신도림 푸르지오 앞,도로변(횡단보도 포함),일반쓰레기,37.5096508,126.8888076,11170510.0,신도림동,정상 지오코딩
4084,구로구,경인로 673-1,버스전용차로-17001,"정류소(버스,택시 등)",일반쓰레기,37.5098469,126.8890751,11170510.0,신도림동,정상 지오코딩
4085,구로구,경인로 673-1,공원 앞,"광장, 공원",일반쓰레기,37.5098469,126.8890751,11170510.0,신도림동,정상 지오코딩
4086,구로구,경인로27길 7,도로변(오류1동 주민센터 앞),도로변(횡단보도 포함),재활용쓰레기,37.4970284,126.8451219,11170670.0,오류1동,정상 지오코딩
4087,구로구,경인로33길 25,도로변,도로변(횡단보도 포함),일반쓰레기,37.4990871,126.8516959,11170720.0,개봉1동,정상 지오코딩
4088,구로구,경인로33길 51,도로변,도로변(횡단보도 포함),재활용쓰레기,37.5002413,126.8511388,11170720.0,개봉1동,정상 지오코딩
4089,구로구,경인로3길 77,온수역 남부광장 돌돌치킨 앞,도로변(횡단보도 포함),재활용쓰레기,37.491737,126.823542,11170690.0,수궁동,정상 지오코딩
4090,구로구,경인로3길 77,온수역 남부광장 돌돌치킨 앞,도로변(횡단보도 포함),일반쓰레기,37.491737,126.823542,11170690.0,수궁동,정상 지오코딩
4091,구로구,경인로63길 11,크라운빌2 오피스텔 앞,도로변(횡단보도 포함),일반쓰레기,37.5078301,126.8849563,11170510.0,신도림동,정상 지오코딩
4092,구로구,고척동 100,개봉역.한마을아파트.O2(17-009),"정류소(버스,택시 등)",일반쓰레기,37.498131,126.8585711,11170610.0,고척1동,정상 지오코딩
4093,구로구,고척동 63-2,동양미래대학.구로성심병원I4(17-008),"정류소(버스,택시 등)",일반쓰레기,37.4997986,126.8672213,11170610.0,고척1동,정상 지오코딩
4094,구로구,고척로 101,도로변,도로변(횡단보도 포함),재활용쓰레기,37.501279,126.8452527,11170720.0,개봉1동,정상 지오코딩
4095,구로구,고척로 102,버스정류장(17312),정류소(버스 가로변),일반쓰레기,37.5010623,126.8455506,11170720.0,개봉1동,정상 지오코딩
4096,구로구,고척로 102,버스정류장(17312),정류소(버스 가로변),재활용쓰레기,37.5010623,126.8455506,11170720.0,개봉1동,정상 지오코딩
4097,구로구,고척로 126,도로변,도로변(횡단보도 포함),재활용쓰레기,37.5019655,126.8479145,11170720.0,개봉1동,정상 지오코딩
4098,구로구,고척로 126,도로변,도로변(횡단보도 포함),일반쓰레기,37.5019655,126.8479145,11170720.0,개봉1동,정상 지오코딩
4099,구로구,고척로 142-1,버스정류소,"정류소(버스,택시 등)",일반쓰레기,37.502647,126.8498373,11170620.0,고척2동,정상 지오코딩
4100,구로구,고척로 177,도로변,도로변(횡단보도 포함),일반쓰레기,37.5041961,126.8531036,11170620.0,고척2동,정상 지오코딩
4101,구로구,고척로 195,도로변,도로변(횡단보도 포함),일반쓰레기,37.5049288,126.8548646,11170620.0,고척2동,정상 지오코딩
4102,구로구,고척로 202,도로변,도로변(횡단보도 포함),일반쓰레기,37.5048585,126.8557205,11170620.0,고척2동,정상 지오코딩
4103,구로구,고척로 206,도로변,도로변(횡단보도 포함),재활용쓰레기,37.5050156,126.8561093,11170620.0,고척2동,정상 지오코딩
4104,구로구,고척로 209-1,도로변,도로변(횡단보도 포함),일반쓰레기,37.5054913,126.8565058,11170620.0,고척2동,정상 지오코딩
4105,구로구,고척로 235,도로변,도로변(횡단보도 포함),일반쓰레기,37.5065481,126.8591135,11170620.0,고척2동,정상 지오코딩
4106,구로구,시흥대로 571,구로디지털단지역O3(17-013),"정류소(버스,택시 등)",일반쓰레기,37.4839718,126.9018099,11170540.0,구로3동,API 재시도-주소검색-원본
4107,구로구,구로동 1258,구일역.중앙유통상가.롯데마트O2(17-005),"정류소(버스,택시 등)",일반쓰레기,37.5009041,126.8745859,11170710.0,구로2동,정상 지오코딩
4108,구로구,서울특별시 구로구 구로동 491-2,도로변,도로변(횡단보도 포함),일반쓰레기,37.4986435,126.8837753,11170710.0,구로2동,API 재시도-주소검색-원본
4109,구로구,구로동 50,대로변,도로변(횡단보도 포함),일반쓰레기,37.5010411,126.8903968,11170560.0,구로5동,정상 지오코딩
4110,구로구,구로동 50,대로변,도로변(횡단보도 포함),재활용쓰레기,37.5010411,126.8903968,11170560.0,구로5동,정상 지오코딩
4111,구로구,구로동 636,구일역.제일제당.롯데마트I2(17-006),"정류소(버스,택시 등)",일반쓰레기,37.5008259,126.8777918,11170710.0,구로2동,정상 지오코딩
4112,구로구,구로동 636,구일역.제일제당.롯데마트I2(17-006),"정류소(버스,택시 등)",일반쓰레기,37.5008259,126.8777918,11170710.0,구로2동,정상 지오코딩
4113,구로구,구로동693-2,순환도로방음벽 옆,"정류소(버스,택시 등)",일반쓰레기,37.4898144,126.8754854,11170520.0,구로1동,정상 지오코딩
4114,구로구,구로동693-2,순환도로방음벽 옆,"정류소(버스,택시 등)",재활용쓰레기,37.4898144,126.8754854,11170520.0,구로1동,정상 지오코딩
4115,구로구,구로동693-2,유수지 쪽 순환도로변,"정류소(버스,택시 등)",재활용쓰레기,37.4898144,126.8754854,11170520.0,구로1동,정상 지오코딩
4116,구로구,구로동로 107,도로변,도로변(횡단보도 포함),재활용쓰레기,37.4881356,126.8845201,11170710.0,구로2동,정상 지오코딩
4117,구로구,구로동로 125-1,도로변,도로변(횡단보도 포함),재활용쓰레기,37.4898229,126.8840474,11170710.0,구로2동,정상 지오코딩
4118,구로구,구로동로 126-2,기업은행 앞,도로변(횡단보도 포함),재활용쓰레기,37.4899312,126.8845698,11170550.0,구로4동,정상 지오코딩
4119,구로구,구로동로 13,도로변,도로변(횡단보도 포함),일반쓰레기,37.4828963,126.8868871,11170700.0,가리봉동,정상 지오코딩
4120,구로구,구로동로 135 ,도로변,도로변(횡단보도 포함),재활용쓰레기,37.4906411,126.8837098,11170710.0,구로2동,정상 지오코딩
4121,구로구,구로동로 141,도로변,도로변(횡단보도 포함),재활용쓰레기,37.4913197,126.883399,11170710.0,구로2동,정상 지오코딩
4122,구로구,구로동로 153,도로변,도로변(횡단보도 포함),재활용쓰레기,37.4923559,126.8834335,11170710.0,구로2동,정상 지오코딩
4123,구로구,구로동로 153,도로변,도로변(횡단보도 포함),일반쓰레기,37.4923559,126.8834335,11170710.0,구로2동,정상 지오코딩
4124,구로구,구로동로 159,도로변,도로변(횡단보도 포함),일반쓰레기,37.4927363,126.8832036,11170710.0,구로2동,정상 지오코딩
4125,구로구,구로동로 170,도로변,도로변(횡단보도 포함),재활용쓰레기,37.4937612,126.883394,11170710.0,구로2동,정상 지오코딩
4126,구로구,구로동로 174,도로변,도로변(횡단보도 포함),일반쓰레기,37.4940486,126.8833646,11170710.0,구로2동,정상 지오코딩
4127,구로구,구로동로 179,도로변,도로변(횡단보도 포함),일반쓰레기,37.4944529,126.8825421,11170710.0,구로2동,정상 지오코딩
4128,구로구,구로동로 203,도로변,도로변(횡단보도 포함),재활용쓰레기,37.4967186,126.8822699,11170710.0,구로2동,정상 지오코딩
4129,구로구,구로동로 203,도로변,도로변(횡단보도 포함),재활용쓰레기,37.4967186,126.8822699,11170710.0,구로2동,정상 지오코딩
4130,구로구,구로동로 210,도로변,도로변(횡단보도 포함),재활용쓰레기,37.4972142,126.8826589,11170710.0,구로2동,정상 지오코딩
4131,구로구,구로동로 216,도로변,도로변(횡단보도 포함),일반쓰레기,37.497848,126.8826795,11170710.0,구로2동,정상 지오코딩
4132,구로구,구로동로 219,도로변,도로변(횡단보도 포함),재활용쓰레기,37.497848,126.8826795,11170710.0,구로2동,인근 도로명번지 추정(번지차 3)
4133,구로구,구로동로 238-1,도로변,도로변(횡단보도 포함),일반쓰레기,37.4998344,126.8826164,11170710.0,구로2동,정상 지오코딩
4134,구로구,구로동로 25,대동의류 앞,도로변(횡단보도 포함),일반쓰레기,37.4838727,126.8863248,11170700.0,가리봉동,정상 지오코딩
4135,구로구,구로동로 31,남구로역 3번 출구,도로변(횡단보도 포함),일반쓰레기,37.4844403,126.8859907,11170700.0,가리봉동,정상 지오코딩
4136,구로구,구로동로 70,황금부동산 앞,도로변(횡단보도 포함),재활용쓰레기,37.4851511,126.8861846,11170550.0,구로4동,정상 지오코딩
4137,구로구,구로동로 70,황금부동산 앞,도로변(횡단보도 포함),일반쓰레기,37.4851511,126.8861846,11170550.0,구로4동,정상 지오코딩
4138,구로구,구로동로 70,황금부동산 앞,도로변(횡단보도 포함),일반쓰레기,37.4851511,126.8861846,11170550.0,구로4동,정상 지오코딩
4139,구로구,구로동로 79-1,도로변,"정류소(버스,택시 등)",재활용쓰레기,37.4858894,126.8854436,11170710.0,구로2동,정상 지오코딩
4140,구로구,구로동로 82,대한안경콘택트 앞,"정류소(버스,택시 등)",재활용쓰레기,37.4861919,126.8856766,11170550.0,구로4동,정상 지오코딩
4141,구로구,구로동로 96,순금당 앞,도로변(횡단보도 포함),일반쓰레기,37.487197,126.8852419,11170550.0,구로4동,정상 지오코딩
4142,구로구,구로동로173,도로변,"정류소(버스,택시 등)",일반쓰레기,37.493924,126.8829027,11170710.0,구로2동,정상 지오코딩
4143,구로구,구로중앙로 135-6,도로변,도로변(횡단보도 포함),일반쓰레기,37.4999507,126.8828691,11170710.0,구로2동,정상 지오코딩
4144,구로구,구로중앙로 135-6,도로변,도로변(횡단보도 포함),일반쓰레기,37.4999507,126.8828691,11170710.0,구로2동,정상 지오코딩
4145,구로구,구로중앙로 68,버스정류소,"정류소(버스,택시 등)",재활용쓰레기,37.4958603,126.8888073,11170560.0,구로5동,정상 지오코딩
4146,구로구,구로중앙로28길 66,도로변,도로변(횡단보도 포함),재활용쓰레기,37.5001031,126.8893378,11170560.0,구로5동,정상 지오코딩
4147,구로구,구로중앙로28길 66,도로변,도로변(횡단보도 포함),재활용쓰레기,37.5001031,126.8893378,11170560.0,구로5동,정상 지오코딩
4148,구로구,구일로 62,구일어린이집 옆,기타,일반쓰레기,37.4917772,126.8743642,11170520.0,구로1동,정상 지오코딩
4149,구로구,구일로 62,구일어린이집 옆,기타,재활용쓰레기,37.4917772,126.8743642,11170520.0,구로1동,정상 지오코딩
4150,구로구,구일로4길 22,주공A119동 앞,"정류소(버스,택시 등)",재활용쓰레기,37.4911671,126.8756454,11170520.0,구로1동,정상 지오코딩
4151,구로구,구일로4길 57,구로1동주민센터 앞,"정류소(버스,택시 등)",일반쓰레기,37.4930401,126.8757883,11170520.0,구로1동,정상 지오코딩
4152,구로구,구일로4길 57,구로1동주민센터 앞,"정류소(버스,택시 등)",재활용쓰레기,37.4930401,126.8757883,11170520.0,구로1동,정상 지오코딩
4153,구로구,구일로8길 31,우성A101동 뒤 분수대,도로변(횡단보도 포함),일반쓰레기,37.4951725,126.8726762,11170520.0,구로1동,정상 지오코딩
4154,구로구,구일로8길 31,우성A101동 뒤 분수대,도로변(횡단보도 포함),재활용쓰레기,37.4951725,126.8726762,11170520.0,구로1동,정상 지오코딩
4155,구로구,궁동 199-26(우),연세중앙교회 정문,"정류소(버스,택시 등)",재활용쓰레기,37.4933825,126.8358748,11170690.0,수궁동,정상 지오코딩
4156,구로구,남부순환로 1295,삼부르네상스 정류소,도로변(횡단보도 포함),일반쓰레기,37.4791184,126.8948323,11170700.0,가리봉동,정상 지오코딩
4157,구로구,남부순환로105길 134,횡단보도 앞,도로변(횡단보도 포함),일반쓰레기,37.4821973,126.8867525,11170700.0,가리봉동,정상 지오코딩
4158,구로구,남부순환로105길 58,김밥천국 앞,도로변(횡단보도 포함),일반쓰레기,37.4797912,126.8895214,11170700.0,가리봉동,정상 지오코딩
4159,구로구,남부순환로105길 58,김밥천국 앞,도로변(횡단보도 포함),재활용쓰레기,37.4797912,126.8895214,11170700.0,가리봉동,정상 지오코딩
4160,구로구,남부순환로105길 76,디지털단지오거리 정류소,"정류소(버스,택시 등)",재활용쓰레기,37.4801612,126.8886952,11170700.0,가리봉동,정상 지오코딩
4161,구로구,남부순환로95길 16,도로변,"정류소(버스,택시 등)",재활용쓰레기,37.4945679,126.8573079,11170640.0,개봉2동,정상 지오코딩
4162,구로구,남부순환로95길 30,도로변,"정류소(버스,택시 등)",재활용쓰레기,37.4945679,126.8573079,11170640.0,개봉2동,인근 도로명번지 추정(번지차 14)
4163,구로구,남부순환로97길,도로변,"정류소(버스,택시 등)",재활용쓰레기,37.4941677,126.8597176,11170640.0,개봉2동,정상 지오코딩
4164,구로구,도림로 6,도로변,도로변(횡단보도 포함),일반쓰레기,37.4851606,126.8867371,11170540.0,구로3동,정상 지오코딩
4165,구로구,도림로 6,도로변,도로변(횡단보도 포함),일반쓰레기,37.4851606,126.8867371,11170540.0,구로3동,정상 지오코딩
4166,구로구,도림로 6,도로변,도로변(횡단보도 포함),재활용쓰레기,37.4851606,126.8867371,11170540.0,구로3동,정상 지오코딩
4167,구로구,도림로 63,구일지구대 앞,도로변(횡단보도 포함),재활용쓰레기,37.4892521,126.8907002,11170550.0,구로4동,정상 지오코딩
4168,구로구,도림로 85,횡단보도,도로변(횡단보도 포함),재활용쓰레기,37.4904431,126.8926091,11170550.0,구로4동,정상 지오코딩
4169,구로구,도림천로344,정현웨딩홀 앞,"정류소(버스,택시 등)",일반쓰레기,37.4940161,126.8939297,11170550.0,구로4동,정상 지오코딩
4170,구로구,도림천로344,정현웨딩홀 앞,"정류소(버스,택시 등)",재활용쓰레기,37.4940161,126.8939297,11170550.0,구로4동,정상 지오코딩
4171,구로구,디지털로 231,도로변,도로변(횡단보도 포함),일반쓰레기,37.4807633,126.891283,11170700.0,가리봉동,정상 지오코딩
4172,구로구,디지털로 273,도로변,도로변(횡단보도 포함),일반쓰레기,37.4839543,126.8941033,11170540.0,구로3동,정상 지오코딩
4173,구로구,디지털로 292,도로변,도로변(횡단보도 포함),일반쓰레기,37.4839543,126.8941033,11170540.0,구로3동,인근 도로명번지 추정(번지차 19)
4174,구로구,디지털로27가길 17,도로변,도로변(횡단보도 포함),재활용쓰레기,37.4843875,126.8923345,11170540.0,구로3동,정상 지오코딩
4175,구로구,디지털로27길 135,횡단보도 앞,도로변(횡단보도 포함),일반쓰레기,37.48485,126.8865766,11170700.0,가리봉동,정상 지오코딩
4176,구로구,디지털로27길 135,횡단보도 앞,도로변(횡단보도 포함),일반쓰레기,37.48485,126.8865766,11170700.0,가리봉동,정상 지오코딩
4177,구로구,디지털로27길 135,횡단보도 앞,도로변(횡단보도 포함),재활용쓰레기,37.48485,126.8865766,11170700.0,가리봉동,정상 지오코딩
4178,구로구,디지털로31길 109,도로변,도로변(횡단보도 포함),재활용쓰레기,37.487347,126.89033,11170540.0,구로3동,정상 지오코딩
4179,구로구,디지털로31길 120,도로변,도로변(횡단보도 포함),일반쓰레기,37.48847,126.890773,11170540.0,구로3동,정상 지오코딩
4180,구로구,디지털로31길 61,도로변,도로변(횡단보도 포함),재활용쓰레기,37.4859109,126.891542,11170540.0,구로3동,정상 지오코딩
4181,구로구,디지털로31길 90,도로변,"정류소(버스,택시 등)",재활용쓰레기,37.4887303,126.8920535,11170540.0,구로3동,정상 지오코딩
4182,구로구,디지털로32길 55,도로변,도로변(횡단보도 포함),일반쓰레기,37.4839867,126.8983387,11170540.0,구로3동,정상 지오코딩
4183,구로구,디지털로32길 79,도로변,도로변(횡단보도 포함),일반쓰레기,37.4835332,126.899752,11170540.0,구로3동,정상 지오코딩
4184,구로구,디지털로32길 79,도로변,도로변(횡단보도 포함),재활용쓰레기,37.4835332,126.899752,11170540.0,구로3동,정상 지오코딩
4185,구로구,디지털로32나길 35,구로디지털단지역 2번출구,지하철역 입구,일반쓰레기,37.4847127,126.9008438,11170540.0,구로3동,정상 지오코딩
4186,구로구,디지털로32나길 38,도로변,상가지역,일반쓰레기,37.4845446,126.9011985,11170540.0,구로3동,정상 지오코딩
4187,구로구,디지털로32나길 51,도로변,지하철역 입구,일반쓰레기,37.4849013,126.9003821,11170540.0,구로3동,정상 지오코딩
4188,구로구,디지털로33길 11,도로변,도로변(횡단보도 포함),일반쓰레기,37.4857058,126.8955127,11170540.0,구로3동,정상 지오코딩
4189,구로구,디지털로34길 55,도로변,도로변(횡단보도 포함),일반쓰레기,37.4842856,126.8992821,11170540.0,구로3동,정상 지오코딩
4190,구로구,벚꽃로 484,도로변,도로변(횡단보도 포함),일반쓰레기,37.4973316,126.8801354,11170710.0,구로2동,정상 지오코딩
4191,구로구,부일로 957 건너편,24시 뼈다귀감자탕 건너편,"정류소(버스,택시 등)",일반쓰레기,37.4934003,126.8336922,11170690.0,수궁동,정상 지오코딩
4192,구로구,부일로 957 건너편,24시 뼈다귀감자탕 건너편,"정류소(버스,택시 등)",재활용쓰레기,37.4934003,126.8336922,11170690.0,수궁동,정상 지오코딩
4193,구로구,부일로15길 4,궁동입구버스정류장(궁동의원 앞),"정류소(버스,택시 등)",일반쓰레기,37.4935163,126.834427,11170690.0,수궁동,정상 지오코딩
4194,구로구,부일로861 맞은편,"엘림공인중개사, 월드빌라 맞은편",도로변(횡단보도 포함),일반쓰레기,37.4926536,126.822945,11170690.0,수궁동,정상 지오코딩
4195,구로구,부일로869,기업은행 앞 횡단보도,"정류소(버스,택시 등)",재활용쓰레기,37.4929493,126.8236547,11170690.0,수궁동,정상 지오코딩
4196,구로구,부일로917,우신중고교입구삼거리,도로변(횡단보도 포함),일반쓰레기,37.4949023,126.8263536,11170690.0,수궁동,정상 지오코딩
4197,구로구,부일로9길 133,온수힐스테이트 버스 회차장,도로변(횡단보도 포함),일반쓰레기,37.4969023,126.8221862,11170690.0,수궁동,정상 지오코딩
4198,구로구,새말로 102,포스빌 인근,도로변(횡단보도 포함),일반쓰레기,37.5055472,126.891336,11170560.0,구로5동,정상 지오코딩
4199,구로구,새말로 102,포스빌 인근,도로변(횡단보도 포함),재활용쓰레기,37.5055472,126.891336,11170560.0,구로5동,정상 지오코딩
4200,구로구,서해안로 2117,항동 128-1,도로변(횡단보도 포함),재활용쓰레기,37.481454,126.823687,11170740.0,항동,정상 지오코딩
4201,구로구,서해안로 2283,양지쉐르빌 앞 ,도로변(횡단보도 포함),재활용쓰레기,37.4909533,126.8390667,11170730.0,오류2동,정상 지오코딩
4202,구로구,서해안로 2311,오류동역 2번출구,지하철역 입구,일반쓰레기,37.4925581,126.8413421,11170730.0,오류2동,정상 지오코딩
4203,구로구,시흥대로 563,도로변,"정류소(버스,택시 등)",일반쓰레기,37.4833917,126.9014243,11170540.0,구로3동,정상 지오코딩
4204,구로구,시흥대로 563,도로변,"정류소(버스,택시 등)",재활용쓰레기,37.4833917,126.9014243,11170540.0,구로3동,정상 지오코딩
4205,구로구,시흥대로 563,버스정류장,정류소(버스 가로변),일반쓰레기,37.4833917,126.9014243,11170540.0,구로3동,정상 지오코딩
4206,구로구,신도림동 329-2,아이파크아파트 맞은편 도림천쪽,도로변(횡단보도 포함),일반쓰레기,37.5119826,126.888109,11170510.0,신도림동,정상 지오코딩
4207,구로구,신도림동 329-2,아이파크아파트 맞은편 도림천쪽,도로변(횡단보도 포함),일반쓰레기,37.5119826,126.888109,11170510.0,신도림동,정상 지오코딩
4208,구로구,신도림동 330-6,자율방범초소 뒤편,"정류소(버스,택시 등)",일반쓰레기,37.5109209,126.8898504,11170510.0,신도림동,정상 지오코딩
4209,구로구,신도림동 350-2,버스 중앙차선,정류소(버스 중앙차로),일반쓰레기,37.5086454,126.8877069,11170510.0,신도림동,정상 지오코딩
4210,구로구,서울 구로구 신도림동 경인로 662,신도림역I3(17-002),"정류소(버스,택시 등)",일반쓰레기,37.5081231,126.888213,11170510.0,신도림동,API 재시도-주소검색-원본
4211,구로구,신도림동 365,신도림역O3(17-001),"정류소(버스,택시 등)",일반쓰레기,37.5097942,126.8883943,11170510.0,신도림동,정상 지오코딩
4212,구로구,신도림동 413-10,신도림동.구로역I2(17-004),"정류소(버스,택시 등)",일반쓰레기,37.5052515,126.8835263,11170510.0,신도림동,정상 지오코딩
4213,구로구,신도림동 413-10,신도림동.구로역I2(17-004),"정류소(버스,택시 등)",일반쓰레기,37.5052515,126.8835263,11170510.0,신도림동,정상 지오코딩
4214,구로구,신도림동 436-7,신도림동.구로역O2(17-003),"정류소(버스,택시 등)",일반쓰레기,37.5064852,126.8837528,11170510.0,신도림동,정상 지오코딩
4215,구로구,신도림로 11,대림3차아파트 603동 앞,"정류소(버스,택시 등)",재활용쓰레기,37.5072752,126.878181,11170510.0,신도림동,정상 지오코딩
4216,구로구,신도림로 11,대림3차아파트 603동 앞,"정류소(버스,택시 등)",일반쓰레기,37.5072752,126.878181,11170510.0,신도림동,정상 지오코딩
4217,구로구,신도림로 16,대림아파트 503동 앞,"정류소(버스,택시 등)",일반쓰레기,37.5051228,126.882191,11170510.0,신도림동,정상 지오코딩
4218,구로구,우마길 10-2,연길순희냉면,상가지역,일반쓰레기,37.4818531,126.8878184,11170700.0,가리봉동,정상 지오코딩
4219,구로구,우마길 19,연변냉면 맞은편,상가지역,일반쓰레기,37.4812468,126.8885862,11170700.0,가리봉동,정상 지오코딩
4220,구로구,우마길 23,초원양꼬치,상가지역,일반쓰레기,37.4809031,126.8888258,11170700.0,가리봉동,정상 지오코딩
4221,구로구,우마길 23,뽑기대륙,상가지역,일반쓰레기,37.4809031,126.8888258,11170700.0,가리봉동,정상 지오코딩
4222,구로구,구로동로12,문화의거리 입구,상가지역,일반쓰레기,37.4828433,126.8873514,11170700.0,가리봉동,정상 지오코딩
4223,구로구,신도림로2,파리바게트 앞,도로변(횡단보도 포함),재활용쓰레기,37.5055946,126.8772754,11170510.0,신도림동,정상 지오코딩
4224,구로구,신도림로 40,도로변,도로변(횡단보도 포함),재활용쓰레기,37.50778,126.8805952,11170510.0,신도림동,정상 지오코딩
4225,구로구,신도림로 40,도로변,도로변(횡단보도 포함),재활용쓰레기,37.50778,126.8805952,11170510.0,신도림동,정상 지오코딩
4226,구로구,신도림로 78,동아3차아파트 버스정류장에서 10m,"정류소(버스,택시 등)",일반쓰레기,37.5093892,126.8847002,11170510.0,신도림동,정상 지오코딩
4227,구로구,신도림로19길7,성관빌딩 파리바게트 앞,도로변(횡단보도 포함),재활용쓰레기,37.511203,126.8844703,11170510.0,신도림동,정상 지오코딩
4228,구로구,연동로 233,항동 100-14,"정류소(버스,택시 등)",재활용쓰레기,37.4816933,126.820551,11170740.0,항동,정상 지오코딩
4229,구로구,새말로4길 27,산막골 앞,상가지역,담배꽁초 수거함,37.5011248,126.8836059,11170560.0,구로5동,정상 지오코딩
4230,구로구,새말로 18-53,새말로김치찌개삼겹살 앞,상가지역,담배꽁초 수거함,37.5011641,126.8834171,11170560.0,구로5동,정상 지오코딩
4231,구로구,고척로10길 9-12,LG베스트빌 앞,상가지역,담배꽁초 수거함,37.4987722,126.8421139,11170670.0,오류1동,정상 지오코딩
4232,구로구,경인로20나길 44,레몬트리 모텔 옆,상가지역,담배꽁초 수거함,37.4943483,126.8416264,11170670.0,오류1동,정상 지오코딩
4233,구로구,경인로 159,오류중앙재활의학과의원 옆,상가지역,담배꽁초 수거함,37.4942661,126.8391462,11170670.0,오류1동,정상 지오코딩
4234,구로구,오류동 169-3,버스정류장(17203),"정류소(버스,택시 등)",재활용쓰레기,37.4882209,126.8397139,11170730.0,오류2동,정상 지오코딩
4235,구로구,오류동 332-36,오류동역2번출구 자전거보관소 옆,도로변(횡단보도 포함),일반쓰레기,37.4934877,126.8430115,11170730.0,오류2동,정상 지오코딩
4236,구로구,오류로 20,천왕역 4번출구,지하철역 입구,일반쓰레기,37.4864143,126.839503,11170730.0,오류2동,정상 지오코딩
4237,구로구,오류로 86,오류소공원 내,"광장, 공원",재활용쓰레기,37.4924615,126.8409746,11170730.0,오류2동,정상 지오코딩
4238,구로구,오류로 86,오류소공원 내,"광장, 공원",재활용쓰레기,37.4924615,126.8409746,11170730.0,오류2동,정상 지오코딩
4239,구로구,오리로 1275,수궁동성당,도로변(횡단보도 포함),일반쓰레기,37.495402,126.829859,11170690.0,수궁동,정상 지오코딩
4240,구로구,오리로 1275,수궁동성당,도로변(횡단보도 포함),재활용쓰레기,37.495402,126.829859,11170690.0,수궁동,정상 지오코딩
4241,구로구,오리로 1288,현대카공업사 앞,도로변(횡단보도 포함),일반쓰레기,37.4964495,126.8299067,11170690.0,수궁동,정상 지오코딩
4242,구로구,오리로 1293,DC마트 앞,"정류소(버스,택시 등)",일반쓰레기,37.4968816,126.8292071,11170690.0,수궁동,정상 지오코딩
4243,구로구,오리로 1307,보현정사 앞,도로변(횡단보도 포함),일반쓰레기,37.4980985,126.8289553,11170690.0,수궁동,정상 지오코딩
4244,구로구,오리로15길 32,수궁동주민센터,도로변(횡단보도 포함),일반쓰레기,37.4938915,126.8314768,11170690.0,수궁동,정상 지오코딩
4245,구로구,오리로15길 32,수궁동주민센터,도로변(횡단보도 포함),재활용쓰레기,37.4938915,126.8314768,11170690.0,수궁동,정상 지오코딩
4246,구로구,오리로22길 5,궁동사회복지관,도로변(횡단보도 포함),일반쓰레기,37.4991346,126.8295642,11170690.0,수궁동,정상 지오코딩
4247,구로구,오리로22길 5,궁동사회복지관,도로변(횡단보도 포함),재활용쓰레기,37.4991346,126.8295642,11170690.0,수궁동,정상 지오코딩
4248,구로구,온수동 119-4,온수역 북부 버스정류장,도로변(횡단보도 포함),일반쓰레기,37.4927106,126.8240713,11170690.0,수궁동,정상 지오코딩
4249,구로구,중앙로 37,능이네능이버섯백숙 앞 버스정류장 인근,"정류소(버스,택시 등)",일반쓰레기,37.5011608,126.8630526,11170610.0,고척1동,정상 지오코딩
4250,구로구,중앙로 37,능이네능이버섯백숙 앞 버스정류장 인근,도로변(횡단보도 포함),재활용쓰레기,37.5011608,126.8630526,11170610.0,고척1동,정상 지오코딩
4251,구로구,중앙로 63,건물(중앙로변) 앞 버스정류장 인근,도로변(횡단보도 포함),일반쓰레기,37.5032523,126.8618884,11170610.0,고척1동,정상 지오코딩
4252,구로구,중앙로 76,서울고척동 우체국 인근,도로변(횡단보도 포함),재활용쓰레기,37.5044479,126.8617685,11170610.0,고척1동,정상 지오코딩
4253,구로구,중앙로10길 7,맘스식자재 마트(중앙로변) 앞 횡단보도,도로변(횡단보도 포함),재활용쓰레기,37.5034895,126.8626141,11170610.0,고척1동,정상 지오코딩
4254,구로구,천왕동 14-41,천왕역 3번출구,지하철역 입구,재활용쓰레기,37.4869066,126.8387851,11170730.0,오류2동,정상 지오코딩
4255,구로구,항동 9-1,푸른수목원 후문,도로변(횡단보도 포함),재활용쓰레기,37.4850043,126.8236102,11170740.0,항동,정상 지오코딩
4256,구로구,항동로8,항동 204-2,"정류소(버스,택시 등)",재활용쓰레기,37.4774455,126.8210054,11170740.0,항동,정상 지오코딩
4257,구로구,디지털로34길 55,도로변,도로변(횡단보도 포함),재활용쓰레기,37.4842856,126.8992821,11170540.0,구로3동,정상 지오코딩
4258,구로구,도림로63,도로변(구일지구대 앞),도로변(횡단보도 포함),재활용쓰레기,37.4892521,126.8907002,11170550.0,구로4동,정상 지오코딩
4259,구로구,새말로111,스마트쉼터 앞,도로변(횡단보도 포함),일반쓰레기,37.5070142,126.8914492,11170560.0,구로5동,정상 지오코딩
4260,구로구,새말로111,스마트쉼터 앞,도로변(횡단보도 포함),재활용쓰레기,37.5070142,126.8914492,11170560.0,구로5동,정상 지오코딩
4261,금천구,(구)독산동 996-9,문성초등학교 중앙차로 버스정류장 18-001(안양 방면),정류소(버스 중앙차로),일반쓰레기,37.4749636,126.8986765,11180540.0,독산3동,정상 지오코딩
4262,금천구,(구)독산동 996-9,문성초등학교 중앙차로 버스정류장 18-001(안양 방면),정류소(버스 중앙차로),재활용쓰레기,37.4749636,126.8986765,11180540.0,독산3동,정상 지오코딩
4263,금천구,(구)독산동 1080,금천우체국 중앙차로 버스정류장 18-003(안양 방면),정류소(버스 중앙차로),일반쓰레기,37.469215,126.8981132,11180550.0,독산4동,정상 지오코딩
4264,금천구,(구)독산동 1080,금천우체국 중앙차로 버스정류장 18-003(안양 방면),정류소(버스 중앙차로),재활용쓰레기,37.469215,126.8981132,11180550.0,독산4동,정상 지오코딩
4265,금천구,(구)독산동 1080-4,말미고개 중앙차로 버스정류장 18-005(안양 방면),정류소(버스 중앙차로),일반쓰레기,37.4641509,126.8974812,11180530.0,독산2동,정상 지오코딩
4266,금천구,(구)독산동 1080-4,말미고개 중앙차로 버스정류장 18-005(안양 방면),정류소(버스 중앙차로),재활용쓰레기,37.4641509,126.8974812,11180530.0,독산2동,정상 지오코딩
4267,금천구,(구)독산동 1080-8,금천구청 중앙차로 버스정류장 18-007(안양 방면),정류소(버스 중앙차로),일반쓰레기,37.458913,126.8988385,11180570.0,시흥1동,정상 지오코딩
4268,금천구,(구)독산동 1080-8,금천구청 중앙차로 버스정류장 18-007(안양 방면),정류소(버스 중앙차로),재활용쓰레기,37.458913,126.8988385,11180570.0,시흥1동,정상 지오코딩
4269,금천구,(구)시흥동 1000-92,시흥사거리 중앙차로 버스정류장 18-009(안양 방면),정류소(버스 중앙차로),일반쓰레기,37.4500014,126.9023567,11180570.0,시흥1동,정상 지오코딩
4270,금천구,(구)시흥동 1000-92,시흥사거리 중앙차로 버스정류장 18-009(안양 방면),정류소(버스 중앙차로),재활용쓰레기,37.4500014,126.9023567,11180570.0,시흥1동,정상 지오코딩
4271,금천구,(구)시흥동 1000-92,박미삼거리 중앙차로 버스정류장 18-011(안양 방면),정류소(버스 중앙차로),일반쓰레기,37.4500014,126.9023567,11180570.0,시흥1동,정상 지오코딩
4272,금천구,(구)시흥동 1000-92,박미삼거리 중앙차로 버스정류장 18-011(안양 방면),정류소(버스 중앙차로),재활용쓰레기,37.4500014,126.9023567,11180570.0,시흥1동,정상 지오코딩
4273,금천구,(구)시흥동 1001-22,시흥유통센터 중앙차로 버스정류장 18-013(안양 방면),정류소(버스 중앙차로),일반쓰레기,37.4398573,126.9032982,11180590.0,시흥3동,정상 지오코딩
4274,금천구,(구)시흥동 1001-22,시흥유통센터 중앙차로 버스정류장 18-013(안양 방면),정류소(버스 중앙차로),재활용쓰레기,37.4398573,126.9032982,11180590.0,시흥3동,정상 지오코딩
4275,금천구,(구)시흥동 1001-42,석수역 중앙차로 버스정류장 18-777(안양 방면),정류소(버스 중앙차로),일반쓰레기,37.4345176,126.9031179,11180590.0,시흥3동,정상 지오코딩
4276,금천구,(구)시흥동 1001-42,석수역 중앙차로 버스정류장 18-777(안양 방면),정류소(버스 중앙차로),재활용쓰레기,37.4345176,126.9031179,11180590.0,시흥3동,정상 지오코딩
4277,금천구,(구)독산동 150-21,문성초등학교 중앙차로 버스정류장 18-002(서울 방면),정류소(버스 중앙차로),일반쓰레기,37.4738352,126.8982822,11180520.0,독산1동,정상 지오코딩
4278,금천구,(구)독산동 150-21,문성초등학교 중앙차로 버스정류장 18-002(서울 방면),정류소(버스 중앙차로),재활용쓰레기,37.4738352,126.8982822,11180520.0,독산1동,정상 지오코딩
4279,금천구,(구)독산동 287-8,금천우체국 중앙차로 버스정류장 18-004(서울 방면),정류소(버스 중앙차로),일반쓰레기,37.4701598,126.8978222,11180550.0,독산4동,정상 지오코딩
4280,금천구,(구)독산동 287-8,금천우체국 중앙차로 버스정류장 18-004(서울 방면),정류소(버스 중앙차로),재활용쓰레기,37.4701598,126.8978222,11180550.0,독산4동,정상 지오코딩
4281,금천구,(구)독산동 287-8,금천우체국 중앙차로 버스정류장 18-004(서울 방면),정류소(버스 중앙차로),일반쓰레기,37.4701598,126.8978222,11180550.0,독산4동,정상 지오코딩
4282,금천구,(구)독산동 287-8,금천우체국 중앙차로 버스정류장 18-004(서울 방면),정류소(버스 중앙차로),재활용쓰레기,37.4701598,126.8978222,11180550.0,독산4동,정상 지오코딩
4283,금천구,(구)독산동 1080-4,말미고개 중앙차로 버스정류장 18-006(서울 방면),정류소(버스 중앙차로),일반쓰레기,37.4641509,126.8974812,11180530.0,독산2동,정상 지오코딩
4284,금천구,(구)독산동 1080-4,말미고개 중앙차로 버스정류장 18-006(서울 방면),정류소(버스 중앙차로),재활용쓰레기,37.4641509,126.8974812,11180530.0,독산2동,정상 지오코딩
4285,금천구,서울 금천구 벚꽃로20길 6,금천구청 중앙차로 버스정류장 18-008(서울 방면),정류소(버스 중앙차로),일반쓰레기,37.469256,126.8886893,11180520.0,독산1동,API 재시도-주소검색-원본
4286,금천구,서울 금천구 벚꽃로20길 6,금천구청 중앙차로 버스정류장 18-008(서울 방면),정류소(버스 중앙차로),재활용쓰레기,37.469256,126.8886893,11180520.0,독산1동,API 재시도-주소검색-원본
4287,금천구,(구)시흥동 1000-71,시흥사거리 중앙차로 버스정류장 18-010(서울 방면),정류소(버스 중앙차로),일반쓰레기,37.4533187,126.9010556,11180570.0,시흥1동,정상 지오코딩
4288,금천구,(구)시흥동 1000-71,시흥사거리 중앙차로 버스정류장 18-010(서울 방면),정류소(버스 중앙차로),재활용쓰레기,37.4533187,126.9010556,11180570.0,시흥1동,정상 지오코딩
4289,금천구,(구)시흥동 1000-71,시흥사거리 중앙차로 버스정류장 18-010(서울 방면),정류소(버스 중앙차로),일반쓰레기,37.4533187,126.9010556,11180570.0,시흥1동,정상 지오코딩
4290,금천구,(구)시흥동 1000-71,시흥사거리 중앙차로 버스정류장 18-010(서울 방면),정류소(버스 중앙차로),재활용쓰레기,37.4533187,126.9010556,11180570.0,시흥1동,정상 지오코딩
4291,금천구,(구)시흥동 1000-92,박미삼거리 중앙차로 버스정류장 18-012(서울 방면),정류소(버스 중앙차로),일반쓰레기,37.4500014,126.9023567,11180570.0,시흥1동,정상 지오코딩
4292,금천구,(구)시흥동 1000-92,박미삼거리 중앙차로 버스정류장 18-012(서울 방면),정류소(버스 중앙차로),재활용쓰레기,37.4500014,126.9023567,11180570.0,시흥1동,정상 지오코딩
4293,금천구,(구)시흥동 1001-16,시흥유통센터 중앙차로 버스정류장 18-014(서울 방면),정류소(버스 중앙차로),일반쓰레기,37.4411671,126.9033891,11180590.0,시흥3동,정상 지오코딩
4294,금천구,(구)시흥동 1001-16,시흥유통센터 중앙차로 버스정류장 18-014(서울 방면),정류소(버스 중앙차로),재활용쓰레기,37.4411671,126.9033891,11180590.0,시흥3동,정상 지오코딩
4295,금천구,시흥대로73길 70,금천구청 앞 보도,도로변(횡단보도 포함),일반쓰레기,37.4570657,126.8960369,11180570.0,시흥1동,정상 지오코딩
4296,금천구,시흥대로73길 70,금천구청 앞 보도,도로변(횡단보도 포함),재활용쓰레기,37.4570657,126.8960369,11180570.0,시흥1동,정상 지오코딩
4297,금천구,시흥대로 193,아람아이시티타워 앞 보도,도로변(횡단보도 포함),일반쓰레기,37.4509933,126.9012779,11180570.0,시흥1동,정상 지오코딩
4298,금천구,시흥대로 193,아람아이시티타워 앞 보도,도로변(횡단보도 포함),재활용쓰레기,37.4509933,126.9012779,11180570.0,시흥1동,정상 지오코딩
4299,금천구,시흥대로 236,와이즈플레이스 앞 보도 ,도로변(횡단보도 포함),일반쓰레기,37.4550181,126.9010021,11180570.0,시흥1동,정상 지오코딩
4300,금천구,시흥대로 236,와이즈플레이스 앞 보도 ,도로변(횡단보도 포함),재활용쓰레기,37.4550181,126.9010021,11180570.0,시흥1동,정상 지오코딩
4301,금천구,가산로9길 66,더리즌밸리지 지식산업센터 앞 보도,도로변(횡단보도 포함),일반쓰레기,37.47607,126.8883521,11180510.0,가산동,정상 지오코딩
4302,금천구,가산로9길66,더리즌밸리지 지식산업센터 앞 보도,도로변(횡단보도 포함),재활용쓰레기,37.47607,126.8883521,11180510.0,가산동,정상 지오코딩
4303,금천구,가산디지털1로 186,가산디지털역 7번 출구 앞,지하철역 입구,일반쓰레기,37.4819131,126.8815811,11180510.0,가산동,정상 지오코딩
4304,금천구,가산디지털1로 186,가산디지털역 7번 출구 앞,지하철역 입구,재활용쓰레기,37.4819131,126.8815811,11180510.0,가산동,정상 지오코딩
4305,금천구,벚꽃로 104,금천롯데타워 앞 보도,도로변(횡단보도 포함),일반쓰레기,37.4645641,126.8910696,11180520.0,독산1동,정상 지오코딩
4306,금천구,벚꽃로 104,금천롯데타워 앞 보도,도로변(횡단보도 포함),재활용쓰레기,37.4645641,126.8910696,11180520.0,독산1동,정상 지오코딩
4307,금천구,독산로 54,횡단보도 앞,도로변(횡단보도 포함),일반쓰레기,37.4519548,126.9062195,11180610.0,시흥5동,정상 지오코딩
4308,금천구,독산로 54,횡단보도 앞,도로변(횡단보도 포함),재활용쓰레기,37.4519548,126.9062195,11180610.0,시흥5동,정상 지오코딩
4309,금천구,금하로 679,횡단보도 앞,도로변(횡단보도 포함),일반쓰레기,37.4525953,126.9058063,11180570.0,시흥1동,정상 지오코딩
4310,금천구,금하로 679,횡단보도 앞,도로변(횡단보도 포함),재활용쓰레기,37.4525953,126.9058063,11180570.0,시흥1동,정상 지오코딩
4311,금천구,가산디지털1로 1,독산역 버스정류장 18643 (더루벤스벨리),정류소(버스 가로변),일반쓰레기,37.4662798,126.8871729,11180510.0,가산동,정상 지오코딩
4312,금천구,가산디지털1로 1,독산역 버스정류장 18643 (더루벤스벨리),정류소(버스 가로변),재활용쓰레기,37.4662798,126.8871729,11180510.0,가산동,정상 지오코딩
4313,금천구,가산디지털2로 173,에이스비즈포레 앞 보도,도로변(횡단보도 포함),일반쓰레기,37.4831681,126.8770673,11180510.0,가산동,정상 지오코딩
4314,금천구,가산디지털2로 173,에이스비즈포레 앞 보도,도로변(횡단보도 포함),재활용쓰레기,37.4831681,126.8770673,11180510.0,가산동,정상 지오코딩
4315,금천구,가산디지털1로 168,가산디지털단지역 7번 출구(우림라이온스벨리),지하철역 입구,일반쓰레기,37.4799664,126.8826362,11180510.0,가산동,정상 지오코딩
4316,금천구,가산디지털1로 168,가산디지털단지역 7번 출구(우림라이온스벨리),지하철역 입구,재활용쓰레기,37.4799664,126.8826362,11180510.0,가산동,정상 지오코딩
4317,금천구,가산디지털1로 225,벽산디지털밸리6차 18792(에이스가산포휴),정류소(버스 가로변),일반쓰레기,37.4850725,126.8788845,11180510.0,가산동,정상 지오코딩
4318,금천구,가산디지털1로 225,벽산디지털밸리6차 18792(에이스가산포휴),정류소(버스 가로변),재활용쓰레기,37.4850725,126.8788845,11180510.0,가산동,정상 지오코딩
4319,금천구,가산디지털2로 14,대륭테크노타운 18565(대륭테크노타운12차),정류소(버스 가로변),일반쓰레기,37.469678,126.8842546,11180510.0,가산동,정상 지오코딩
4320,금천구,가산디지털2로 14,대륭테크노타운 18565(대륭테크노타운12차),정류소(버스 가로변),재활용쓰레기,37.469678,126.8842546,11180510.0,가산동,정상 지오코딩
4321,금천구,가산디지털2로 98,디지털단3단지교차로(롯데IT캐슬),도로변(횡단보도 포함),일반쓰레기,37.477234,126.8810578,11180510.0,가산동,정상 지오코딩
4322,금천구,가산디지털2로 98,디지털단3단지교차로(롯데IT캐슬),도로변(횡단보도 포함),재활용쓰레기,37.477234,126.8810578,11180510.0,가산동,정상 지오코딩
4323,금천구,가산디지털2로 166,디지털3단지운동장 18224(에이스K1타워),정류소(버스 가로변),일반쓰레기,37.4826735,126.8782938,11180510.0,가산동,정상 지오코딩
4324,금천구,가산디지털2로 166,디지털3단지운동장 18224(에이스K1타워),정류소(버스 가로변),재활용쓰레기,37.4826735,126.8782938,11180510.0,가산동,정상 지오코딩
4325,금천구,디지털로9길 68,가산디지털단지역 6번 출구(리더스타워),지하철역 입구,일반쓰레기,37.4810758,126.8864183,11180510.0,가산동,정상 지오코딩
4326,금천구,디지털로9길 68,가산디지털단지역 6번 출구(리더스타워),지하철역 입구,재활용쓰레기,37.4810758,126.8864183,11180510.0,가산동,정상 지오코딩
4327,금천구,벚꽃로 286,삼성리더스타워 앞 보도,도로변(횡단보도 포함),일반쓰레기,37.4803939,126.8841211,11180510.0,가산동,정상 지오코딩
4328,금천구,벚꽃로 286,삼성리더스타워 앞 보도,도로변(횡단보도 포함),재활용쓰레기,37.4803939,126.8841211,11180510.0,가산동,정상 지오코딩
4329,금천구,시흥대로 427,LG유플러스 앞 보도,도로변(횡단보도 포함),일반쓰레기,37.471649,126.8977791,11180520.0,독산1동,정상 지오코딩
4330,금천구,시흥대로 427,LG유플러스 앞 보도,도로변(횡단보도 포함),재활용쓰레기,37.471649,126.8977791,11180520.0,독산1동,정상 지오코딩
4331,금천구,가산디지털1로 2,우림라이온스밸리 2차,도로변(횡단보도 포함),일반쓰레기,37.4668342,126.8879997,11180510.0,가산동,정상 지오코딩
4332,금천구,가산디지털1로 2,우림라이온스밸리 3차,도로변(횡단보도 포함),재활용쓰레기,37.4668342,126.8879997,11180510.0,가산동,정상 지오코딩
4333,금천구,가산디지털1로 67,서울세관 구로지원센터,정류소(버스 가로변),일반쓰레기,37.4721454,126.8848793,11180510.0,가산동,정상 지오코딩
4334,금천구,가산디지털1로 67,서울세관 구로지원센터,정류소(버스 가로변),재활용쓰레기,37.4721454,126.8848793,11180510.0,가산동,정상 지오코딩
4335,금천구,가산디지털2로 173,에이스 비즈포레 지식산업센터,도로변(횡단보도 포함),일반쓰레기,37.4831681,126.8770673,11180510.0,가산동,정상 지오코딩
4336,금천구,가산디지털2로 173,에이스 비즈포레 지식산업센터,도로변(횡단보도 포함),재활용쓰레기,37.4831681,126.8770673,11180510.0,가산동,정상 지오코딩
4337,금천구,가산디지털2로 98,롯데IT캐슬 2동 앞,도로변(횡단보도 포함),일반쓰레기,37.477234,126.8810578,11180510.0,가산동,정상 지오코딩
4338,금천구,가산디지털2로 98,롯데IT캐슬 2동 앞,도로변(횡단보도 포함),재활용쓰레기,37.477234,126.8810578,11180510.0,가산동,정상 지오코딩
4339,금천구,디지털로 130,디지털3단지 사거리 18112,정류소(버스 가로변),일반쓰레기,37.4754519,126.8818744,11180510.0,가산동,정상 지오코딩
4340,금천구,디지털로 130,디지털3단지 사거리 18112,정류소(버스 가로변),재활용쓰레기,37.4754519,126.8818744,11180510.0,가산동,정상 지오코딩
4341,금천구,디지털로 185,금천패션아울렛사거리.마리오아울렛 18699,정류소(버스 가로변),일반쓰레기,37.4781876,126.8871542,11180510.0,가산동,정상 지오코딩
4342,금천구,디지털로 185,금천패션아울렛사거리.마리오아울렛 18699,정류소(버스 가로변),재활용쓰레기,37.4781876,126.8871542,11180510.0,가산동,정상 지오코딩
4343,금천구,디지털로 193,금천패션아울렛사거리.현대아울렛 18115,정류소(버스 가로변),일반쓰레기,37.4792377,126.8881147,11180510.0,가산동,정상 지오코딩
4344,금천구,디지털로 193,금천패션아울렛사거리.현대아울렛 18115,정류소(버스 가로변),재활용쓰레기,37.4792377,126.8881147,11180510.0,가산동,정상 지오코딩
4345,금천구,디지털로10길 9,현대시티아울렛 가산점,도로변(횡단보도 포함),일반쓰레기,37.477619,126.8890553,11180510.0,가산동,정상 지오코딩
4346,금천구,디지털로10길 9,현대시티아울렛 가산점,도로변(횡단보도 포함),재활용쓰레기,37.477619,126.8890553,11180510.0,가산동,정상 지오코딩
4347,금천구,범안로 1126,대륭테크노타운 21차,도로변(횡단보도 포함),일반쓰레기,37.4651809,126.8870561,11180510.0,가산동,정상 지오코딩
4348,금천구,범안로 1126,대륭테크노타운 21차,도로변(횡단보도 포함),재활용쓰레기,37.4651809,126.8870561,11180510.0,가산동,정상 지오코딩
4349,금천구,벚꽃로 298,대륭포스트타워 6차,지하철역 입구,일반쓰레기,37.4814402,126.8838717,11180510.0,가산동,정상 지오코딩
4350,금천구,벚꽃로 298,대륭포스트타워 6차,지하철역 입구,재활용쓰레기,37.4814402,126.8838717,11180510.0,가산동,정상 지오코딩
4351,영등포구,대림동 993-59,서울영림초등학교(중)(19009),버스정류소,일반쓰레기,37.4871682,126.9048367,11190710.0,대림2동,정상 지오코딩
4352,영등포구,대림동 993-59,서울영림초등학교(중)(19009),버스정류소,재활용쓰레기,37.4871682,126.9048367,11190710.0,대림2동,정상 지오코딩
4353,영등포구,문래동1가 57-3,문래동남성아파트(중)(19001),버스정류소,일반쓰레기,37.5120538,126.8943005,11190760.0,문래동,정상 지오코딩
4354,영등포구,문래동1가 57-3,문래동남성아파트(중)(19001),버스정류소,재활용쓰레기,37.5120538,126.8943005,11190760.0,문래동,정상 지오코딩
4355,영등포구,문래동2가 36-13,문래동남성아파트(중)(19002),버스정류소,일반쓰레기,37.5112547,126.892321,11190760.0,문래동,정상 지오코딩
4356,영등포구,문래동2가 36-13,문래동남성아파트(중)(19002),버스정류소,재활용쓰레기,37.5112547,126.892321,11190760.0,문래동,정상 지오코딩
4357,영등포구,신길동 4321,보라매공원(중)(19012),버스정류소,일반쓰레기,37.4969262,126.9161118,11190680.0,신길6동,정상 지오코딩
4358,영등포구,신길동 4321,보라매공원(중)(19012),버스정류소,재활용쓰레기,37.4969262,126.9161118,11190680.0,신길6동,정상 지오코딩
4359,영등포구,신길동 4785,경남아너스빌아파트(중)(19011),버스정류소,일반쓰레기,37.4951033,126.9112472,11190680.0,신길6동,정상 지오코딩
4360,영등포구,신길동 4785,경남아너스빌아파트(중)(19011),버스정류소,재활용쓰레기,37.4951033,126.9112472,11190680.0,신길6동,정상 지오코딩
4361,영등포구,신길동 4880,서울지방병무청 (중)(19014),버스정류소,일반쓰레기,37.5041351,126.9207212,11190690.0,신길7동,정상 지오코딩
4362,영등포구,신길동 4880,서울지방병무청 (중)(19014),버스정류소,재활용쓰레기,37.5041351,126.9207212,11190690.0,신길7동,정상 지오코딩
4363,영등포구,여의대방로 259,공군호텔(19255),버스정류소,일반쓰레기,37.5102456,126.9241334,11190690.0,신길7동,정상 지오코딩
4364,영등포구,여의대방로 259,공군호텔(19255),버스정류소,재활용쓰레기,37.5102456,126.9241334,11190690.0,신길7동,정상 지오코딩
4365,영등포구,신길동 1367-2,대방역(19307)종점방면,버스정류소,일반쓰레기,37.513758,126.9262448,11190690.0,신길7동,정상 지오코딩
4366,영등포구,신길동 1367-2,대방역(19307)종점방면,버스정류소,재활용쓰레기,37.513758,126.9262448,11190690.0,신길7동,정상 지오코딩
4367,영등포구,신길로 70,신길주유소(19248)신풍역.백악관웨딩문화원앞 방면,버스정류소,일반쓰레기,37.4986839,126.9086036,11190680.0,신길6동,정상 지오코딩
4368,영등포구,신길로 70,신길주유소(19248)신풍역.백악관웨딩문화원앞 방면,버스정류소,재활용쓰레기,37.4986839,126.9086036,11190680.0,신길6동,정상 지오코딩
4369,영등포구,당산로 231,당산역 1번 출구 옆,지하철 입구,일반쓰레기,37.5345211,126.9018681,11190560.0,당산2동,정상 지오코딩
4370,영등포구,당산로 231,당산역 1번 출구 옆,지하철 입구,재활용쓰레기,37.5345211,126.9018681,11190560.0,당산2동,정상 지오코딩
4371,영등포구,여의도동 2-11,여의도공원(19138),버스정류소,일반쓰레기,37.5256979,126.9242406,11190540.0,여의동,정상 지오코딩
4372,영등포구,여의도동 2-11,여의도공원(19138),버스정류소,재활용쓰레기,37.5256979,126.9242406,11190540.0,여의동,정상 지오코딩
4373,영등포구,양평로 36,당산역 7번 출구 뒤,지하철 입구,일반쓰레기,37.5338215,126.9026712,11190560.0,당산2동,정상 지오코딩
4374,영등포구,양평로 36,당산역 7번 출구 뒤,지하철 입구,재활용쓰레기,37.5338215,126.9026712,11190560.0,당산2동,정상 지오코딩
4375,영등포구,양화동 10-8,안양천입구(19217),버스정류소,일반쓰레기,37.5474067,126.8820873,11190620.0,양평2동,정상 지오코딩
4376,영등포구,양화동 10-8,안양천입구(19217),버스정류소,재활용쓰레기,37.5474067,126.8820873,11190620.0,양평2동,정상 지오코딩
4377,영등포구,양화동 10-8,영등포아리수정수센터(19215),버스정류소,일반쓰레기,37.5474067,126.8820873,11190620.0,양평2동,정상 지오코딩
4378,영등포구,양화동 10-8,영등포아리수정수센터(19215),버스정류소,재활용쓰레기,37.5474067,126.8820873,11190620.0,양평2동,정상 지오코딩
4379,영등포구,국제금융로 108-6,진주아파트(19149),버스정류소,일반쓰레기,37.5187534,126.9327114,11190540.0,여의동,정상 지오코딩
4380,영등포구,국제금융로 108-6,진주아파트(19149),버스정류소,재활용쓰레기,37.5187534,126.9327114,11190540.0,여의동,정상 지오코딩
4381,영등포구,의사당대로 1,"국회의사당(19129)
(영등포아리수정수센터방면)국회도서관입구 앞",버스정류소,일반쓰레기,37.532912,126.9164039,11190540.0,여의동,정상 지오코딩
4382,영등포구,의사당대로 1,"국회의사당(19129)
(영등포아리수정수센터방면)국회도서관입구 앞",버스정류소,재활용쓰레기,37.532912,126.9164039,11190540.0,여의동,정상 지오코딩
4383,영등포구,경인로 829,영등포역 버스중앙차로(중)(19005) 횡단보도 쪽,버스정류소,일반쓰레기,37.5160771,126.9050084,11190740.0,영등포동,정상 지오코딩
4384,영등포구,경인로 829,영등포역 버스중앙차로(중)(19005) 횡단보도 쪽,버스정류소,재활용쓰레기,37.5160771,126.9050084,11190740.0,영등포동,정상 지오코딩
4385,영등포구,경인로 829,영등포역 버스중앙차로(중)(19005) 안쪽,버스정류소,일반쓰레기,37.5160771,126.9050084,11190740.0,영등포동,정상 지오코딩
4386,영등포구,경인로 829,영등포역 버스중앙차로(중)(19005) 안쪽,버스정류소,재활용쓰레기,37.5160771,126.9050084,11190740.0,영등포동,정상 지오코딩
4387,영등포구,선유로 243,영등포세무서.선유고등학교(19221)약대사거리 방면,버스정류소,일반쓰레기,37.5344679,126.8956442,11190620.0,양평2동,정상 지오코딩
4388,영등포구,선유로 243,영등포세무서.선유고등학교(19221)약대사거리 방면,버스정류소,재활용쓰레기,37.5344679,126.8956442,11190620.0,양평2동,정상 지오코딩
4389,영등포구,의사당대로13-2,국회의사당역.KB국민은행 버스정류소(19132),버스정류소,일반쓰레기,37.5282997,126.9183359,11190540.0,여의동,정상 지오코딩
4390,영등포구,의사당대로13-2,국회의사당역.KB국민은행 버스정류소(19132),버스정류소,재활용쓰레기,37.5282997,126.9183359,11190540.0,여의동,정상 지오코딩
4391,영등포구,영중로95,신화병원 버스정류소(19121)(영등포역 방향),버스정류소,일반쓰레기,37.5247264,126.9050433,11190740.0,영등포동,정상 지오코딩
4392,영등포구,영중로95,신화병원 버스정류소(19121)(영등포역 방향),버스정류소,재활용쓰레기,37.5247264,126.9050433,11190740.0,영등포동,정상 지오코딩
4393,영등포구,영중로98-2,신화병원 버스정류소(19122)(당산역 방향),버스정류소,일반쓰레기,37.5248869,126.9056911,11190740.0,영등포동,정상 지오코딩
4394,영등포구,영중로98-2,신화병원 버스정류소(19122)(당산역 방향),버스정류소,재활용쓰레기,37.5248869,126.9056911,11190740.0,영등포동,정상 지오코딩
4395,영등포구,영등포동2가 11-3,서울교 초입(영등포동에서 여의도 방향),도로변,일반쓰레기,37.5190141,126.914342,11190740.0,영등포동,정상 지오코딩
4396,영등포구,영등포동2가 11-3,서울교 초입(영등포동에서 여의도 방향),도로변,재활용쓰레기,37.5190141,126.914342,11190740.0,영등포동,정상 지오코딩
4397,영등포구,양평로64,당산역 버스정류소(19996),버스정류소,일반쓰레기,37.5351397,126.8999658,11190560.0,당산2동,정상 지오코딩
4398,영등포구,양평로64,당산역 버스정류소(19996),버스정류소,재활용쓰레기,37.5351397,126.8999658,11190560.0,당산2동,정상 지오코딩
4399,영등포구,영중로 9,경방타임스퀘어.신세계백화점/영등포역(19821)에이스하이방면,버스정류소,일반쓰레기,37.51719,126.9055671,11190740.0,영등포동,정상 지오코딩
4400,영등포구,영중로 9,경방타임스퀘어.신세계백화점/영등포역(19821)에이스하이방면,버스정류소,재활용쓰레기,37.51719,126.9055671,11190740.0,영등포동,정상 지오코딩
4401,영등포구, 양평로 24,당산역삼성래미안아파트(19175),버스정류소,일반쓰레기,37.5332596,126.9037411,11190560.0,당산2동,정상 지오코딩
4402,영등포구, 양평로 24,당산역삼성래미안아파트(19175),버스정류소,재활용쓰레기,37.5332596,126.9037411,11190560.0,당산2동,정상 지오코딩
4403,영등포구,여의나루로 50,"교직원공제회 앞, 흡연부스 방향","광장, 공원",일반쓰레기,37.5218053,126.9256512,11190540.0,여의동,정상 지오코딩
4404,영등포구,여의나루로 50,"교직원공제회 앞, 흡연부스 방향","광장, 공원",재활용쓰레기,37.5218053,126.9256512,11190540.0,여의동,정상 지오코딩
4405,영등포구,여의나루로 50,"교직원공제회 앞, 흡연부스 방향","광장, 공원",재활용쓰레기,37.5218053,126.9256512,11190540.0,여의동,정상 지오코딩
4406,영등포구,양평동4가 301-7,양평동 어린이공원,"광장, 공원",일반쓰레기,37.5380553,126.8980194,11190620.0,양평2동,정상 지오코딩
4407,영등포구,양평동4가 301-7,양평동 어린이공원,"광장, 공원",재활용쓰레기,37.5380553,126.8980194,11190620.0,양평2동,정상 지오코딩
4408,영등포구,도림로47길28,원지어린이공원,"광장, 공원",일반쓰레기,37.4977216,126.8996883,11190720.0,대림3동,정상 지오코딩
4409,영등포구,양평로 132,한신아파트.선유도역(19210),버스정류소,재활용쓰레기,37.5385109,126.8933706,11190620.0,양평2동,정상 지오코딩
4410,영등포구,양평로 132,한신아파트.선유도역(19210),버스정류소,일반쓰레기,37.5385109,126.8933706,11190620.0,양평2동,정상 지오코딩
4411,영등포구,여의나루로 76,한국거래소(19157),버스정류소,일반쓰레기,37.522912,126.9280414,11190540.0,여의동,정상 지오코딩
4412,영등포구,여의나루로 76,한국거래소(19157),버스정류소,재활용쓰레기,37.522912,126.9280414,11190540.0,여의동,정상 지오코딩
4413,영등포구,국제금융로 112,여의동주민센터(19148),버스정류소,일반쓰레기,37.5183968,126.9339059,11190540.0,여의동,정상 지오코딩
4414,영등포구,국제금융로 112,여의동주민센터(19148),버스정류소,재활용쓰레기,37.5183968,126.9339059,11190540.0,여의동,정상 지오코딩
4415,영등포구,의사당대로 110,여의도역(19155)공군회관 방향,버스정류소,일반쓰레기,37.5204013,126.9246364,11190540.0,여의동,정상 지오코딩
4416,영등포구,의사당대로 110,여의도역(19155)공군회관 방향,버스정류소,재활용쓰레기,37.5204013,126.9246364,11190540.0,여의동,정상 지오코딩
4417,영등포구,63로 45,63로 시범A 3동 앞 가로변(우리은행 맞은편),도로변,일반쓰레기,37.5213527,126.9373261,11190540.0,여의동,정상 지오코딩
4418,영등포구,63로 45,63로 시범A 3동 앞 가로변(우리은행 맞은편),도로변,재활용쓰레기,37.5213527,126.9373261,11190540.0,여의동,정상 지오코딩
4419,영등포구,대림동 962-3,강남성심병원.대림성모병원(중)(19010),버스정류소,일반쓰레기,37.490894,126.9079303,11190700.0,대림1동,정상 지오코딩
4420,영등포구,대림동 962-3,강남성심병원.대림성모병원(중)(19010),버스정류소,재활용쓰레기,37.490894,126.9079303,11190700.0,대림1동,정상 지오코딩
4421,영등포구,영중로 25-1,"경방타임스퀘어,신세계백화점버스정류장(19117)",버스정류소,일반쓰레기,37.5185698,126.9053162,11190740.0,영등포동,정상 지오코딩
4422,영등포구,영중로 25-1,"경방타임스퀘어,신세계백화점버스정류장(19117)",버스정류소,재활용쓰레기,37.5185698,126.9053162,11190740.0,영등포동,정상 지오코딩
4423,영등포구,영중로 22,경방타임스퀘어.신세계백화점(19110)영등포시장역 3번출구 방향,버스정류소,일반쓰레기,37.5183444,126.9059506,11190740.0,영등포동,정상 지오코딩
4424,영등포구,영중로 22,경방타임스퀘어.신세계백화점(19110)영등포시장역 3번출구 방향,버스정류소,재활용쓰레기,37.5183444,126.9059506,11190740.0,영등포동,정상 지오코딩
4425,영등포구,영중로 12,경방타임스퀘어.신세계백화점(19112)김안과병원방면,버스정류소,일반쓰레기,37.5176176,126.906507,11190740.0,영등포동,정상 지오코딩
4426,영등포구,영중로 12,경방타임스퀘어.신세계백화점(19112)김안과병원방면,버스정류소,재활용쓰레기,37.5176176,126.906507,11190740.0,영등포동,정상 지오코딩
4427,영등포구,경인로 851,"영등포역 버스중앙차로(중)(19006), 횡단보도쪽",버스정류소,일반쓰레기,37.5168454,126.9071755,11190740.0,영등포동,정상 지오코딩
4428,영등포구,경인로 851,"영등포역 버스중앙차로(중)(19006), 횡단보도쪽",버스정류소,재활용쓰레기,37.5168454,126.9071755,11190740.0,영등포동,정상 지오코딩
4429,영등포구,경인로 851,"영등포역 버스중앙차로(중)(19006), 정거장 안쪽",버스정류소,일반쓰레기,37.5168454,126.9071755,11190740.0,영등포동,정상 지오코딩
4430,영등포구,경인로 851,"영등포역 버스중앙차로(중)(19006), 정거장 안쪽",버스정류소,재활용쓰레기,37.5168454,126.9071755,11190740.0,영등포동,정상 지오코딩
4431,영등포구,당산로27길 12,영등포구청(19169)당산동진로아파트 방면,버스정류소,일반쓰레기,37.5252179,126.8951468,11190550.0,당산1동,정상 지오코딩
4432,영등포구,당산로27길 12,영등포구청(19169)당산동진로아파트 방면,버스정류소,재활용쓰레기,37.5252179,126.8951468,11190550.0,당산1동,정상 지오코딩
4433,영등포구,국회대로 552,당산동삼익아파트(19171),버스정류소,일반쓰레기,37.5278261,126.8956353,11190550.0,당산1동,정상 지오코딩
4434,영등포구,국회대로 552,당산동삼익아파트(19171),버스정류소,재활용쓰레기,37.5278261,126.8956353,11190550.0,당산1동,정상 지오코딩
4435,영등포구,당산로 223,당산역 11번 출구 뒤,지하철 입구,일반쓰레기,37.5337352,126.901161,11190560.0,당산2동,정상 지오코딩
4436,영등포구,당산로 223,당산역 11번 출구 뒤,지하철 입구,재활용쓰레기,37.5337352,126.901161,11190560.0,당산2동,정상 지오코딩
4437,영등포구,문래로 187,CM충무병원(19429),버스정류소,일반쓰레기,37.5184707,126.9029036,11190740.0,영등포동,정상 지오코딩
4438,영등포구,문래로 187,CM충무병원(19429),버스정류소,재활용쓰레기,37.5184707,126.9029036,11190740.0,영등포동,정상 지오코딩
4439,영등포구,당산로 68,당산동진로아파트(19163)김안과병원방면,버스정류소,일반쓰레기,37.5208226,126.8959709,11190550.0,당산1동,정상 지오코딩
4440,영등포구,당산로 68,당산동진로아파트(19163)김안과병원방면,버스정류소,재활용쓰레기,37.5208226,126.8959709,11190550.0,당산1동,정상 지오코딩
4441,영등포구,영등포로 141,당산동진로아파트(19162)양남동로터리방면,버스정류소,일반쓰레기,37.5213806,126.8971886,11190550.0,당산1동,정상 지오코딩
4442,영등포구,영등포로 141,당산동진로아파트(19162)양남동로터리방면,버스정류소,재활용쓰레기,37.5213806,126.8971886,11190550.0,당산1동,정상 지오코딩
4443,영등포구,신풍로 33,신풍역 5번 출구(CU 앞),지하철 입구,일반쓰레기,37.5003941,126.9100785,11190680.0,신길6동,정상 지오코딩
4444,영등포구,신풍로 33,신풍역 5번 출구(CU 앞),지하철 입구,재활용쓰레기,37.5003941,126.9100785,11190680.0,신길6동,정상 지오코딩
4445,영등포구,영신로 35,영등포역후문(19893),버스정류소,일반쓰레기,37.5144961,126.9077649,11190730.0,영등포본동,정상 지오코딩
4446,영등포구,영신로 35,영등포역후문(19893),버스정류소,재활용쓰레기,37.5144961,126.9077649,11190730.0,영등포본동,정상 지오코딩
4447,영등포구,국제금융로7길 46,여의도중학교 버스정류장(19141),버스정류소,일반쓰레기,37.5239802,126.9357531,11190540.0,여의동,정상 지오코딩
4448,영등포구,국제금융로7길 46,여의도중학교 버스정류장(19141),버스정류소,재활용쓰레기,37.5239802,126.9357531,11190540.0,여의동,정상 지오코딩
4449,영등포구,국제금융로7길 46,여의도중학교 버스정류장(19142),버스정류소,일반쓰레기,37.5239802,126.9357531,11190540.0,여의동,정상 지오코딩
4450,영등포구,국제금융로7길 46,여의도중학교 버스정류장(19142),버스정류소,재활용쓰레기,37.5239802,126.9357531,11190540.0,여의동,정상 지오코딩
4451,영등포구,당산로 235,"당산역.2호선,2번출구(19645)",버스정류소,일반쓰레기,37.5347065,126.9020875,11190560.0,당산2동,정상 지오코딩
4452,영등포구,당산로 235,"당산역.2호선,2번출구(19645)",버스정류소,재활용쓰레기,37.5347065,126.9020875,11190560.0,당산2동,정상 지오코딩
4453,영등포구,문래동3가 54-10,남부지방법원등기국.구로세무서.에이스하이테크시티(중)(19004) 구로구방면,버스정류소,일반쓰레기,37.5140035,126.8994247,11190760.0,문래동,정상 지오코딩
4454,영등포구,문래동3가 54-10,남부지방법원등기국.구로세무서.에이스하이테크시티(중)(19004)구로구방면,버스정류소,재활용쓰레기,37.5140035,126.8994247,11190760.0,문래동,정상 지오코딩
4455,영등포구,문래동1가 10-1,남부지방법원등기국.구로세무서.에이스하이테크시티(중)(19003),버스정류소,일반쓰레기,37.5145146,126.9014118,11190760.0,문래동,정상 지오코딩
4456,영등포구,문래동1가 10-1,남부지방법원등기국.구로세무서.에이스하이테크시티(중)(19003),버스정류소,재활용쓰레기,37.5145146,126.9014118,11190760.0,문래동,정상 지오코딩
4457,영등포구,영등포동2가 11-12,신길역(19279),버스정류소,일반쓰레기,37.5186977,126.9142288,11190740.0,영등포동,정상 지오코딩
4458,영등포구,영등포동2가 11-12,신길역(19279),버스정류소,재활용쓰레기,37.5186977,126.9142288,11190740.0,영등포동,정상 지오코딩
4459,영등포구,여의도동 6,63빌딩(19144),버스정류소,일반쓰레기,37.5192575,126.9375307,11190540.0,여의동,정상 지오코딩
4460,영등포구,여의도동 6,63빌딩(19144),버스정류소,재활용쓰레기,37.5192575,126.9375307,11190540.0,여의동,정상 지오코딩
4461,영등포구,당산동 37-2,양평한신아파트.선유도공원입구(19214),버스정류소,일반쓰레기,37.5416855,126.8945538,11190560.0,당산2동,정상 지오코딩
4462,영등포구,당산동 37-2,양평한신아파트.선유도공원입구(19214),버스정류소,재활용쓰레기,37.5416855,126.8945538,11190560.0,당산2동,정상 지오코딩
4463,영등포구,당산동 37-1,양평한신아파트.선유도공원입구(19216),버스정류소,일반쓰레기,37.5418621,126.8950186,11190560.0,당산2동,정상 지오코딩
4464,영등포구,당산동 37-1,양평한신아파트.선유도공원입구(19216),버스정류소,재활용쓰레기,37.5418621,126.8950186,11190560.0,당산2동,정상 지오코딩
4465,영등포구,신길로 39,태양의집(19258),버스정류소,일반쓰레기,37.4959666,126.907785,11190700.0,대림1동,정상 지오코딩
4466,영등포구,신길로 39,태양의집(19258),버스정류소,재활용쓰레기,37.4959666,126.907785,11190700.0,대림1동,정상 지오코딩
4467,영등포구,신길로 190 ,우신초등학교(19238),버스정류소,일반쓰레기,37.5098647,126.9118637,11190660.0,신길4동,정상 지오코딩
4468,영등포구,신길로 190 ,우신초등학교(19238),버스정류소,재활용쓰레기,37.5098647,126.9118637,11190660.0,신길4동,정상 지오코딩
4469,영등포구,대림로 195,대림3동주민센터(19458),버스정류소,일반쓰레기,37.4980882,126.8982123,11190720.0,대림3동,정상 지오코딩
4470,영등포구,대림로 195,대림3동주민센터(19458),버스정류소,재활용쓰레기,37.4980882,126.8982123,11190720.0,대림3동,정상 지오코딩
4471,영등포구,서울 영등포구 도림로31길 22,"대림역(19502)
5,6번출구 사이",버스정류소,일반쓰레기,37.4942884,126.8951747,11190720.0,대림3동,API 재시도-주소검색-원본
4472,영등포구,서울 영등포구 도림로31길 22,"대림역(19502)
5,6번출구 사이",버스정류소,재활용쓰레기,37.4942884,126.8951747,11190720.0,대림3동,API 재시도-주소검색-원본
4473,영등포구,여의대방로 383,KBS별관(19150),버스정류소,일반쓰레기,37.5193437,126.9315042,11190540.0,여의동,정상 지오코딩
4474,영등포구,여의대방로 383,KBS별관(19150),버스정류소,재활용쓰레기,37.5193437,126.9315042,11190540.0,여의동,정상 지오코딩
4475,영등포구,여의동로3길10,샛강역4번출구.여의도자이(19154)공군호텔방면,버스정류소,일반쓰레기,37.5181173,126.925196,11190540.0,여의동,정상 지오코딩
4476,영등포구,여의동로3길10,샛강역4번출구.여의도자이(19154)공군호텔방면,버스정류소,재활용쓰레기,37.5181173,126.925196,11190540.0,여의동,정상 지오코딩
4477,영등포구,양평로 58,당산역(19172),버스정류소,일반쓰레기,37.5350649,126.9006701,11190560.0,당산2동,정상 지오코딩
4478,영등포구,양평로 58,당산역(19172),버스정류소,재활용쓰레기,37.5350649,126.9006701,11190560.0,당산2동,정상 지오코딩
4479,영등포구,63로 45,시범아파트앞 교차로 성요셉유치원 방면,도로변,재활용쓰레기,37.5213527,126.9373261,11190540.0,여의동,정상 지오코딩
4480,영등포구,63로 45,시범아파트앞 교차로 성요셉유치원 방면,도로변,일반쓰레기,37.5213527,126.9373261,11190540.0,여의동,정상 지오코딩
4481,영등포구,당산로 122,영등포구청(19729)당산삼성아파트방면,버스정류소,일반쓰레기,37.5254092,126.8969344,11190550.0,당산1동,정상 지오코딩
4482,영등포구,당산로 122,영등포구청(19729)당산삼성아파트방면,버스정류소,재활용쓰레기,37.5254092,126.8969344,11190550.0,당산1동,정상 지오코딩
4483,영등포구,선유로 227,선유고등학교 (19752),버스정류소,일반쓰레기,37.5339016,126.8948507,11190620.0,양평2동,정상 지오코딩
4484,영등포구,선유로 227,선유고등학교 (19752),버스정류소,재활용쓰레기,37.5339016,126.8948507,11190620.0,양평2동,정상 지오코딩
4485,영등포구,의사당대로 141,샛강역1번출구.여의도자이(19153)여의도역방면,버스정류소,일반쓰레기,37.5193487,126.9272856,11190540.0,여의동,정상 지오코딩
4486,영등포구,의사당대로 141,샛강역1번출구.여의도자이(19153)여의도역방면,버스정류소,재활용쓰레기,37.5193487,126.9272856,11190540.0,여의동,정상 지오코딩
4487,영등포구,당산동2가 24,교보앞(19166),버스정류소,일반쓰레기,37.5216312,126.8923264,11190550.0,당산1동,정상 지오코딩
4488,영등포구,당산동2가 24,교보앞(19166),버스정류소,재활용쓰레기,37.5216312,126.8923264,11190550.0,당산1동,정상 지오코딩
4489,영등포구,신길동41-1,신길역1호선(19225)영등포로터리방면,버스정류소,일반쓰레기,37.5163184,126.9170197,11190630.0,신길1동,정상 지오코딩
4490,영등포구,신길동41-1,신길역1호선(19225)영등포로터리방면,버스정류소,재활용쓰레기,37.5163184,126.9170197,11190630.0,신길1동,정상 지오코딩
4491,영등포구,여의대방로 131,보라매역.동작세무서(중)(19013)보라매공원방면,버스정류소,일반쓰레기,37.4989229,126.9200511,11190680.0,신길6동,정상 지오코딩
4492,영등포구,여의대방로 131,보라매역.동작세무서(중)(19013)보라매공원방면,버스정류소,재활용쓰레기,37.4989229,126.9200511,11190680.0,신길6동,정상 지오코딩
4493,영등포구,여의도동 2-11,여의도 환승센터(환) 1번 승강장,버스정류소,일반쓰레기,37.5256979,126.9242406,11190540.0,여의동,정상 지오코딩
4494,영등포구,여의도동 2-11,여의도 환승센터(환) 1번 승강장,버스정류소,재활용쓰레기,37.5256979,126.9242406,11190540.0,여의동,정상 지오코딩
4495,영등포구,여의도동 2-11,여의도 환승센터(환) 2번 승강장,버스정류소,일반쓰레기,37.5256979,126.9242406,11190540.0,여의동,정상 지오코딩
4496,영등포구,여의도동 2-11,여의도 환승센터(환) 2번 승강장,버스정류소,재활용쓰레기,37.5256979,126.9242406,11190540.0,여의동,정상 지오코딩
4497,영등포구,여의도동 2-11,여의도 환승센터(환) 3번 승강장,버스정류소,일반쓰레기,37.5256979,126.9242406,11190540.0,여의동,정상 지오코딩
4498,영등포구,여의도동 2-11,여의도 환승센터(환) 3번 승강장,버스정류소,재활용쓰레기,37.5256979,126.9242406,11190540.0,여의동,정상 지오코딩
4499,영등포구,여의도동 2-11,여의도 환승센터(환) 4번 승강장,버스정류소,일반쓰레기,37.5256979,126.9242406,11190540.0,여의동,정상 지오코딩
4500,영등포구,여의도동 2-11,여의도 환승센터(환) 4번 승강장,버스정류소,재활용쓰레기,37.5256979,126.9242406,11190540.0,여의동,정상 지오코딩
4501,영등포구,신길동 355-672,성락교회(19234),버스정류소,일반쓰레기,37.5046275,126.9025918,11190650.0,신길3동,정상 지오코딩
4502,영등포구,신길동 355-672,성락교회(19234),버스정류소,재활용쓰레기,37.5046275,126.9025918,11190650.0,신길3동,정상 지오코딩
4503,영등포구,신길동 3591,신풍역.백악관웨딩문화원앞(19249),버스정류소,일반쓰레기,37.5010762,126.9099986,11190680.0,신길6동,정상 지오코딩
4504,영등포구,신길동 3591,신풍역.백악관웨딩문화원앞(19249),버스정류소,재활용쓰레기,37.5010762,126.9099986,11190680.0,신길6동,정상 지오코딩
4505,영등포구,신길동 253-314,포레나신길아파트(19233),버스정류소,일반쓰레기,37.5030637,126.9102258,11190670.0,신길5동,정상 지오코딩
4506,영등포구,신길동 253-314,포레나신길아파트(19233),버스정류소,재활용쓰레기,37.5030637,126.9102258,11190670.0,신길5동,정상 지오코딩
4507,영등포구,신길로 89,신풍역.백악관웨딩문화원앞(19241),버스정류소,일반쓰레기,37.500704,126.9087621,11190670.0,신길5동,정상 지오코딩
4508,영등포구,신길로 89,신풍역.백악관웨딩문화원앞(19241),버스정류소,재활용쓰레기,37.500704,126.9087621,11190670.0,신길5동,정상 지오코딩
4509,영등포구,신길동 104-6,대윤병원(19229),버스정류소,일반쓰레기,37.5147923,126.9177698,11190730.0,영등포본동,정상 지오코딩
4510,영등포구,신길동 104-6,대윤병원(19229),버스정류소,재활용쓰레기,37.5147923,126.9177698,11190730.0,영등포본동,정상 지오코딩
4511,영등포구,신길로 200-17 ,신길동홍어거리(19240),버스정류소,일반쓰레기,37.5106983,126.9114131,11190660.0,신길4동,정상 지오코딩
4512,영등포구,신길로 200-17 ,신길동홍어거리(19240),버스정류소,재활용쓰레기,37.5106983,126.9114131,11190660.0,신길4동,정상 지오코딩
4513,영등포구,신길동 1376-1,대방역(19430)신길1동새마을금고방면,버스정류소,일반쓰레기,37.5128689,126.9252485,11190690.0,신길7동,정상 지오코딩
4514,영등포구,신길동 1376-1,대방역(19430)신길1동새마을금고방면,버스정류소,재활용쓰레기,37.5128689,126.9252485,11190690.0,신길7동,정상 지오코딩
4515,영등포구,신길동 31-10,신길역1호선(19300)신길1동새마을금고방면,버스정류소,일반쓰레기,37.5167613,126.9167023,11190730.0,영등포본동,정상 지오코딩
4516,영등포구,신길동 31-10,신길역1호선(19300)신길1동새마을금고방면,버스정류소,재활용쓰레기,37.5167613,126.9167023,11190730.0,영등포본동,정상 지오코딩
4517,영등포구,양화동 1-73,양평동한솔아파트(19134),버스정류소,일반쓰레기,37.5449366,126.8896181,11190620.0,양평2동,정상 지오코딩
4518,영등포구,양화동 1-73,양평동한솔아파트(19134),버스정류소,재활용쓰레기,37.5449366,126.8896181,11190620.0,양평2동,정상 지오코딩
4519,영등포구,양화동 1-48,양평동한솔아파트(19218),버스정류소,일반쓰레기,37.5438619,126.8906174,11190620.0,양평2동,정상 지오코딩
4520,영등포구,양화동 1-48,양평동한솔아파트(19218),버스정류소,재활용쓰레기,37.5438619,126.8906174,11190620.0,양평2동,정상 지오코딩
4521,영등포구,양평로 70-1,당산119안전센터.당산역(19173),버스정류소,일반쓰레기,37.5354974,126.8991927,11190560.0,당산2동,정상 지오코딩
4522,영등포구,양평로 70-1,당산119안전센터.당산역(19173),버스정류소,재활용쓰레기,37.5354974,126.8991927,11190560.0,당산2동,정상 지오코딩
4523,영등포구,당산로 214,당산역삼성래미안아파트(19174),버스정류소,일반쓰레기,37.5329312,126.902834,11190560.0,당산2동,정상 지오코딩
4524,영등포구,당산로 214,당산역삼성래미안아파트(19174),버스정류소,재활용쓰레기,37.5329312,126.902834,11190560.0,당산2동,정상 지오코딩
4525,영등포구,영중로 145,삼환아파트(19125),버스정류소,일반쓰레기,37.5299598,126.90508,11190740.0,영등포동,정상 지오코딩
4526,영등포구,영중로 145,삼환아파트(19125),버스정류소,재활용쓰레기,37.5299598,126.90508,11190740.0,영등포동,정상 지오코딩
4527,영등포구,영중로 154,당산푸르지오아파트(19126),버스정류소,일반쓰레기,37.5311883,126.9060668,11190740.0,영등포동,정상 지오코딩
4528,영등포구,영중로 154,당산푸르지오아파트(19126),버스정류소,재활용쓰레기,37.5311883,126.9060668,11190740.0,영등포동,정상 지오코딩
4529,영등포구,양평동1가 20,양평신동아아파트(19203),버스정류소,일반쓰레기,37.5221506,126.88654,11190610.0,양평1동,정상 지오코딩
4530,영등포구,양평동1가 20,양평신동아아파트(19203),버스정류소,재활용쓰레기,37.5221506,126.88654,11190610.0,양평1동,정상 지오코딩
4531,영등포구,문래동3가 68-1,문래역1번출구(19318),버스정류소,일반쓰레기,37.5187381,126.8949474,11190760.0,문래동,정상 지오코딩
4532,영등포구,문래동3가 68-1,문래역1번출구(19318),버스정류소,재활용쓰레기,37.5187381,126.8949474,11190760.0,문래동,정상 지오코딩
4533,영등포구,문래동3가 55-12,문래자이아파트상가(19305),버스정류소,일반쓰레기,37.518686,126.8971872,11190760.0,문래동,정상 지오코딩
4534,영등포구,문래동3가 55-12,문래자이아파트상가(19305),버스정류소,재활용쓰레기,37.518686,126.8971872,11190760.0,문래동,정상 지오코딩
4535,영등포구,영등포로 252,영등포로터리(19107)신길역5호선방면,버스정류소,일반쓰레기,37.5188223,126.9092772,11190740.0,영등포동,정상 지오코딩
4536,영등포구,영등포로 252,영등포로터리(19107)신길역5호선방면,버스정류소,재활용쓰레기,37.5188223,126.9092772,11190740.0,영등포동,정상 지오코딩
4537,영등포구,영등포로 255,영등포로터리(19106)영등포시장방면,버스정류소,일반쓰레기,37.5191148,126.9099167,11190740.0,영등포동,정상 지오코딩
4538,영등포구,영등포로 255,영등포로터리(19106)영등포시장방면,버스정류소,재활용쓰레기,37.5191148,126.9099167,11190740.0,영등포동,정상 지오코딩
4539,영등포구,문래동3가 68-1,문래역3번출구(19192)문래힐스테이트방면,버스정류소,일반쓰레기,37.5187381,126.8949474,11190760.0,문래동,정상 지오코딩
4540,영등포구,문래동3가 68-1,문래역3번출구(19192)문래힐스테이트방면,버스정류소,재활용쓰레기,37.5187381,126.8949474,11190760.0,문래동,정상 지오코딩
4541,영등포구,여의대로 14,한국경제인협회(19161)여의도환승센터 방면,버스정류소,일반쓰레기,37.5216202,126.9191398,11190540.0,여의동,정상 지오코딩
4542,영등포구,여의대로 14,한국경제인협회(19161)여의도환승센터 방면,버스정류소,재활용쓰레기,37.5216202,126.9191398,11190540.0,여의동,정상 지오코딩
4543,영등포구,여의대로 108,파크원타워.LG트윈타워(19284)마포역 방면,버스정류소,일반쓰레기,37.5251913,126.9291128,11190540.0,여의동,정상 지오코딩
4544,영등포구,여의대로 108,파크원타워.LG트윈타워(19284)마포역 방면,버스정류소,재활용쓰레기,37.5251913,126.9291128,11190540.0,여의동,정상 지오코딩
4545,영등포구,여의나루로 121,여의나루역(19139)여의도공작아파트방면,버스정류소,일반쓰레기,37.5268101,126.9309318,11190540.0,여의동,정상 지오코딩
4546,영등포구,여의나루로 121,여의나루역(19139)여의도공작아파트방면,버스정류소,재활용쓰레기,37.5268101,126.9309318,11190540.0,여의동,정상 지오코딩
4547,영등포구,여의도동 2-2,더현대서울(19282)여의도환승센터방면,버스정류소,일반쓰레기,37.5254933,126.9273619,11190540.0,여의동,정상 지오코딩
4548,영등포구,여의도동 2-2,더현대서울(19282)여의도환승센터방면,버스정류소,재활용쓰레기,37.5254933,126.9273619,11190540.0,여의동,정상 지오코딩
4549,영등포구,국제금융로 10,유진투자증권(19283)한국거래소 방면,버스정류소,일반쓰레기,37.5251775,126.9248767,11190540.0,여의동,정상 지오코딩
4550,영등포구,국제금융로 10,유진투자증권(19283)한국거래소 방면,버스정류소,재활용쓰레기,37.5251775,126.9248767,11190540.0,여의동,정상 지오코딩
4551,영등포구,여의나루로 71,한국거래소(19158)여의도역3번출구 방면,버스정류소,일반쓰레기,37.5237811,126.926874,11190540.0,여의동,정상 지오코딩
4552,영등포구,여의나루로 71,한국거래소(19158)여의도역3번출구 방면,버스정류소,재활용쓰레기,37.5237811,126.926874,11190540.0,여의동,정상 지오코딩
4553,영등포구,의사당대로97-2,여의도역 4번출구 뒤,지하철 입구,일반쓰레기,37.5204013,126.9246364,11190540.0,여의동,인근 도로명번지 추정(번지차 13)
4554,영등포구,의사당대로97-2,여의도역 4번출구 뒤,지하철 입구,재활용쓰레기,37.5204013,126.9246364,11190540.0,여의동,인근 도로명번지 추정(번지차 13)
4555,영등포구,여의나루로 42,여의도역(19156)국회의사당역.국민은행 방면,버스정류소,일반쓰레기,37.5214702,126.9249711,11190540.0,여의동,정상 지오코딩
4556,영등포구,여의나루로 42,여의도역(19156)국회의사당역.국민은행 방면,버스정류소,재활용쓰레기,37.5214702,126.9249711,11190540.0,여의동,정상 지오코딩
4557,영등포구,여의도동 2-11,여의도공원(19152)영등포역 방면,버스정류소,일반쓰레기,37.5256979,126.9242406,11190540.0,여의동,정상 지오코딩
4558,영등포구,여의도동 2-11,여의도공원(19152)영등포역 방면,버스정류소,재활용쓰레기,37.5256979,126.9242406,11190540.0,여의동,정상 지오코딩
4559,영등포구,여의도동 8,여의도순복음교회(19137)국회의사당 방면,버스정류소,일반쓰레기,37.5313295,126.9242435,11190540.0,여의동,정상 지오코딩
4560,영등포구,여의도동 8,여의도순복음교회(19137)국회의사당 방면,버스정류소,재활용쓰레기,37.5313295,126.9242435,11190540.0,여의동,정상 지오코딩
4561,영등포구,신길동 산 168,대방역(중)(19015)동작구방면,버스정류소,일반쓰레기,37.5127183,126.9248771,11190690.0,신길7동,정상 지오코딩
4562,영등포구,신길동 산 168,대방역(중)(19015)동작구방면,버스정류소,재활용쓰레기,37.5127183,126.9248771,11190690.0,신길7동,정상 지오코딩
4563,영등포구,대림로 146,대동초등학교(19262)명지성모병원 방면,버스정류소,일반쓰레기,37.4941593,126.9007745,11190700.0,대림1동,정상 지오코딩
4564,영등포구,대림로 146,대동초등학교(19262)명지성모병원 방면,버스정류소,재활용쓰레기,37.4941593,126.9007745,11190700.0,대림1동,정상 지오코딩
4565,영등포구,대림로21길 6,대동초등학교(19266)흰돌교회 방면,버스정류소,일반쓰레기,37.4937094,126.9004506,11190710.0,대림2동,정상 지오코딩
4566,영등포구,대림로21길 6,대동초등학교(19266)흰돌교회 방면,버스정류소,재활용쓰레기,37.4937094,126.9004506,11190710.0,대림2동,정상 지오코딩
4567,영등포구,신길로 155,신길가마산로교차로 신길AK푸르지오 방향(횡단보도),도로변,일반쓰레기,37.5098647,126.9118637,11190660.0,신길4동,인근 도로명번지 추정(번지차 35)
4568,영등포구,신길로 155,신길가마산로교차로 신길AK푸르지오 방향(횡단보도),도로변,재활용쓰레기,37.5098647,126.9118637,11190660.0,신길4동,인근 도로명번지 추정(번지차 35)
4569,영등포구,가마산로 496,신길힐스테이트클래시안아파트(19878),버스정류소,일반쓰레기,37.5054412,126.911479,11190660.0,신길4동,정상 지오코딩
4570,영등포구,가마산로 496,신길힐스테이트클래시안아파트(19878),버스정류소,재활용쓰레기,37.5054412,126.911479,11190660.0,신길4동,정상 지오코딩
4571,영등포구,신길로 28,태양의집.KT대방지사(19247)신길주유소 방면,버스정류소,일반쓰레기,37.495198,126.9090886,11190680.0,신길6동,정상 지오코딩
4572,영등포구,신길로 28,태양의집.KT대방지사(19247)신길주유소 방면,버스정류소,재활용쓰레기,37.495198,126.9090886,11190680.0,신길6동,정상 지오코딩
4573,동작구,남부순환로,2025(동작구치매안심센터),가로변,일반쓰레기,37.4764926,126.975848,11200630.0,사당1동,정상 지오코딩
4574,동작구,남부순환로,2025(동작구치매안심센터),가로변,재활용,37.4764926,126.975848,11200630.0,사당1동,정상 지오코딩
4575,동작구,남부순환로,2055(다이소),가로변,일반쓰레기,37.4764926,126.975848,11200630.0,사당1동,정상 지오코딩
4576,동작구,남부순환로,2055(다이소),가로변,재활용,37.4764926,126.975848,11200630.0,사당1동,정상 지오코딩
4577,동작구,남부순환로,2071(사당2호공영주차장),가로변,일반쓰레기,37.4764926,126.975848,11200630.0,사당1동,정상 지오코딩
4578,동작구,남부순환로,2071(사당2호공영주차장),가로변,재활용,37.4764926,126.975848,11200630.0,사당1동,정상 지오코딩
4579,동작구,노량진로,162(올리브 영),가로변,일반쓰레기,37.5135278,126.9399802,11200520.0,노량진2동,정상 지오코딩
4580,동작구,노량진로,162(올리브 영),가로변,재활용,37.5135278,126.9399802,11200520.0,노량진2동,정상 지오코딩
4581,동작구,노량진로,162(올리브 영),가로변,,37.5135278,126.9399802,11200520.0,노량진2동,정상 지오코딩
4582,동작구,노량진로,162(올리브 영),가로변,,37.5135278,126.9399802,11200520.0,노량진2동,정상 지오코딩
4583,동작구,노량진로,노들역앞 정류장(ID:20-247),버스정류소(일반),일반쓰레기,37.5135278,126.9399802,11200520.0,노량진2동,정상 지오코딩
4584,동작구,노량진로,노들역앞 정류장(ID:20-247),버스정류소(일반),재활용,37.5135278,126.9399802,11200520.0,노량진2동,정상 지오코딩
4585,동작구,노량진로,노량진로 206(ID:20-013),버스정류소(중앙),일반쓰레기,37.5135278,126.9399802,11200520.0,노량진2동,정상 지오코딩
4586,동작구,노량진로,노량진로 206(ID:20-013),버스정류소(중앙),재활용,37.5135278,126.9399802,11200520.0,노량진2동,정상 지오코딩
4587,동작구,노량진로 ,123,가로변,일반쓰레기,37.5135278,126.9399802,11200520.0,노량진2동,정상 지오코딩
4588,동작구,노량진로 ,123,가로변,재활용,37.5135278,126.9399802,11200520.0,노량진2동,정상 지오코딩
4589,동작구,노량진로 ,124,가로변,일반쓰레기,37.5135278,126.9399802,11200520.0,노량진2동,정상 지오코딩
4590,동작구,노량진로 ,124,가로변,재활용,37.5135278,126.9399802,11200520.0,노량진2동,정상 지오코딩
4591,동작구,노량진로 ,157 노량진역(ID:20-115),버스정류소(마을),일반쓰레기,37.5135278,126.9399802,11200520.0,노량진2동,정상 지오코딩
4592,동작구,노량진로 ,157 노량진역(ID:20-115),버스정류소(마을),재활용,37.5135278,126.9399802,11200520.0,노량진2동,정상 지오코딩
4593,동작구,노량진로,250(노들역3번출구),지하철역 출구,일반쓰레기,37.5135278,126.9399802,11200520.0,노량진2동,정상 지오코딩
4594,동작구,노량진로,250(노들역3번출구),지하철역 출구,재활용,37.5135278,126.9399802,11200520.0,노량진2동,정상 지오코딩
4595,동작구,노량진로 ,248(노들역 4번 출구),지하철역 출구,일반쓰레기,37.5135278,126.9399802,11200520.0,노량진2동,정상 지오코딩
4596,동작구,노량진로 ,248(노들역 4번 출구),지하철역 출구,재활용,37.5135278,126.9399802,11200520.0,노량진2동,정상 지오코딩
4597,동작구,노량진로 ,노량진로96(세븐일레븐 앞),가로변,일반쓰레기,37.5135278,126.9399802,11200520.0,노량진2동,정상 지오코딩
4598,동작구,노량진로 ,노량진로96(세븐일레븐 앞),가로변,재활용,37.5135278,126.9399802,11200520.0,노량진2동,정상 지오코딩
4599,동작구,노량진로 ,노량진로 223(ID:20-014),버스정류소(중앙),일반쓰레기,37.5135278,126.9399802,11200520.0,노량진2동,정상 지오코딩
4600,동작구,노량진로 ,노량진로 223(ID:20-014),버스정류소(중앙),재활용,37.5135278,126.9399802,11200520.0,노량진2동,정상 지오코딩
4601,동작구,노량진로 ,노량진수산시장(ID:20-009),버스정류소(중앙),일반쓰레기,37.5135278,126.9399802,11200520.0,노량진2동,정상 지오코딩
4602,동작구,노량진로 ,노량진수산시장(ID:20-009),버스정류소(중앙),재활용,37.5135278,126.9399802,11200520.0,노량진2동,정상 지오코딩
4603,동작구,노량진로 ,노량진수산시장(ID:20-010),버스정류소(중앙),일반쓰레기,37.5135278,126.9399802,11200520.0,노량진2동,정상 지오코딩
4604,동작구,노량진로 ,노량진수산시장(ID:20-010),버스정류소(중앙),재활용,37.5135278,126.9399802,11200520.0,노량진2동,정상 지오코딩
4605,동작구,노량진로 ,노량진역(ID:20-011),버스정류소(중앙),일반쓰레기,37.5135278,126.9399802,11200520.0,노량진2동,정상 지오코딩
4606,동작구,노량진로 ,노량진역(ID:20-011),버스정류소(중앙),재활용,37.5135278,126.9399802,11200520.0,노량진2동,정상 지오코딩
4607,동작구,노량진로 ,노량진역(ID:20-012),버스정류소(중앙),일반쓰레기,37.5135278,126.9399802,11200520.0,노량진2동,정상 지오코딩
4608,동작구,노량진로 ,노량진역(ID:20-012),버스정류소(중앙),재활용,37.5135278,126.9399802,11200520.0,노량진2동,정상 지오코딩
4609,동작구,노량진로 ,현대아파트(ID:20-007),버스정류소(중앙),일반쓰레기,37.5135278,126.9399802,11200520.0,노량진2동,정상 지오코딩
4610,동작구,노량진로 ,현대아파트(ID:20-007),버스정류소(중앙),재활용,37.5135278,126.9399802,11200520.0,노량진2동,정상 지오코딩
4611,동작구,노량진로 ,현대아파트유한양행(ID:20-008),버스정류소(중앙),일반쓰레기,37.5135278,126.9399802,11200520.0,노량진2동,정상 지오코딩
4612,동작구,노량진로 ,현대아파트유한양행(ID:20-008),버스정류소(중앙),재활용,37.5135278,126.9399802,11200520.0,노량진2동,정상 지오코딩
4613,동작구,대림로,8 맞은편(ID:20-207),버스정류소(마을),일반쓰레기,37.4872278,126.9094768,11200690.0,신대방1동,정상 지오코딩
4614,동작구,대림로,8 맞은편(ID:20-207),버스정류소(마을),재활용,37.4872278,126.9094768,11200690.0,신대방1동,정상 지오코딩
4615,동작구,대림로,대림로 14(ID:20-208),버스정류소(일반),일반쓰레기,37.4872278,126.9094768,11200690.0,신대방1동,정상 지오코딩
4616,동작구,대림로,대림로 14(ID:20-208),버스정류소(일반),재활용,37.4872278,126.9094768,11200690.0,신대방1동,정상 지오코딩
4617,동작구,동작대로,171(경문고앞),가로변,일반쓰레기,37.4916553,126.9826777,11200730.0,사당2동,정상 지오코딩
4618,동작구,동작대로,171(경문고앞),가로변,재활용,37.4916553,126.9826777,11200730.0,사당2동,정상 지오코딩
4619,동작구,동작대로,235 갯마을(ID:20-015),버스정류소(중앙),일반쓰레기,37.4916553,126.9826777,11200730.0,사당2동,정상 지오코딩
4620,동작구,동작대로,235 갯마을(ID:20-015),버스정류소(중앙),재활용,37.4916553,126.9826777,11200730.0,사당2동,정상 지오코딩
4621,동작구,동작대로,239,가로변,일반쓰레기,37.4916553,126.9826777,11200730.0,사당2동,정상 지오코딩
4622,동작구,동작대로,239,가로변,재활용,37.4916553,126.9826777,11200730.0,사당2동,정상 지오코딩
4623,동작구,동작대로,37(새마을금고 앞),가로변,일반쓰레기,37.4916553,126.9826777,11200730.0,사당2동,정상 지오코딩
4624,동작구,동작대로,37(새마을금고 앞),가로변,재활용,37.4916553,126.9826777,11200730.0,사당2동,정상 지오코딩
4625,동작구,동작대로,79(승지빌딩 앞),가로변,일반쓰레기,37.4916553,126.9826777,11200730.0,사당2동,정상 지오코딩
4626,동작구,동작대로,79(승지빌딩 앞),가로변,재활용,37.4916553,126.9826777,11200730.0,사당2동,정상 지오코딩
4627,동작구,동작대로,경문고교 배나무골앞(ID:20-017),버스정류소(중앙),일반쓰레기,37.4916553,126.9826777,11200730.0,사당2동,정상 지오코딩
4628,동작구,동작대로,경문고교 배나무골앞(ID:20-017),버스정류소(중앙),재활용,37.4916553,126.9826777,11200730.0,사당2동,정상 지오코딩
4629,동작구,동작대로,경문고등학교(ID:22-031),버스정류소(중앙),일반쓰레기,37.4916553,126.9826777,11200730.0,사당2동,정상 지오코딩
4630,동작구,동작대로,경문고등학교(ID:22-031),버스정류소(중앙),일반쓰레기,37.4916553,126.9826777,11200730.0,사당2동,정상 지오코딩
4631,동작구,동작대로,남성사계시장(ID:20-018),버스정류소(중앙),재활용,37.4916553,126.9826777,11200730.0,사당2동,정상 지오코딩
4632,동작구,동작대로,남성사계시장(ID:20-018),버스정류소(중앙),일반쓰레기,37.4916553,126.9826777,11200730.0,사당2동,정상 지오코딩
4633,동작구,동작대로,124남성사계시장(ID:22-029),버스정류소(중앙),재활용,37.4916553,126.9826777,11200730.0,사당2동,정상 지오코딩
4634,동작구,동작대로,124남성사계시장(ID:22-029),버스정류소(중앙),일반쓰레기,37.4916553,126.9826777,11200730.0,사당2동,정상 지오코딩
4635,동작구,동작대로,43(ID: 20-020),버스정류소(중앙),일반쓰레기,37.4916553,126.9826777,11200730.0,사당2동,정상 지오코딩
4636,동작구,동작대로,43(ID: 20-020),버스정류소(중앙),재활용,37.4916553,126.9826777,11200730.0,사당2동,정상 지오코딩
4637,동작구,동작대로,사당동우체국앞(ID:20-019),버스정류소(중앙),일반쓰레기,37.4916553,126.9826777,11200730.0,사당2동,정상 지오코딩
4638,동작구,동작대로,사당동우체국앞(ID:20-019),버스정류소(중앙),재활용,37.4916553,126.9826777,11200730.0,사당2동,정상 지오코딩
4639,동작구,동작대로,68(ID:22-027),버스정류소(중앙),일반쓰레기,37.4916553,126.9826777,11200730.0,사당2동,정상 지오코딩
4640,동작구,동작대로,68(ID:22-027),버스정류소(중앙),재활용,37.4916553,126.9826777,11200730.0,사당2동,정상 지오코딩
4641,동작구,동작대로,정금마을 방배경찰서(ID:20-016),버스정류소(중앙),일반쓰레기,37.4916553,126.9826777,11200730.0,사당2동,정상 지오코딩
4642,동작구,동작대로,정금마을 방배경찰서(ID:20-016),버스정류소(중앙),재활용,37.4916553,126.9826777,11200730.0,사당2동,정상 지오코딩
4643,동작구,동작대로,정금마을(ID:22-033),버스정류소(중앙),일반쓰레기,37.4916553,126.9826777,11200730.0,사당2동,정상 지오코딩
4644,동작구,동작대로,정금마을(ID:22-033),버스정류소(중앙),재활용,37.4916553,126.9826777,11200730.0,사당2동,정상 지오코딩
4645,동작구,동작대로,총신대입구역 13번출구,지하철역 출구,일반쓰레기,37.4916553,126.9826777,11200730.0,사당2동,정상 지오코딩
4646,동작구,동작대로,총신대입구역 13번출구,지하철역 출구,재활용,37.4916553,126.9826777,11200730.0,사당2동,정상 지오코딩
4647,동작구,동작대로,총신대입구역 13번출구,지하철역 출구,,37.4916553,126.9826777,11200730.0,사당2동,정상 지오코딩
4648,동작구,동작대로,총신대입구역 13번출구,지하철역 출구,,37.4916553,126.9826777,11200730.0,사당2동,정상 지오코딩
4649,동작구,등용로,등용로92(현대부품 건너편),가로변,일반쓰레기,37.5071244,126.9323176,11200680.0,대방동,정상 지오코딩
4650,동작구,등용로,등용로92(현대부품 건너편),가로변,재활용,37.5071244,126.9323176,11200680.0,대방동,정상 지오코딩
4651,동작구,등용로,등용로123(대방할인마트 앞),가로변,일반쓰레기,37.5071244,126.9323176,11200680.0,대방동,정상 지오코딩
4652,동작구,등용로,등용로123(대방할인마트 앞),가로변,재활용,37.5071244,126.9323176,11200680.0,대방동,정상 지오코딩
4653,동작구,등용로,"40(래미안1차아파트, ID:20-593)",버스정류소(마을),일반쓰레기,37.5071244,126.9323176,11200680.0,대방동,정상 지오코딩
4654,동작구,등용로,"40(래미안1차아파트, ID:20-593)",버스정류소(마을),재활용,37.5071244,126.9323176,11200680.0,대방동,정상 지오코딩
4655,동작구,만양로,강남교회 앞 정류장(ID:20-819),버스정류소(일반),일반쓰레기,37.5090325,126.946287,11200720.0,노량진1동,정상 지오코딩
4656,동작구,만양로,강남교회 앞 정류장(ID:20-819),버스정류소(일반),재활용,37.5090325,126.946287,11200720.0,노량진1동,정상 지오코딩
4657,동작구,만양로,3길 신동아리버파크701동,가로변,재활용,37.5090325,126.946287,11200720.0,노량진1동,정상 지오코딩
4658,동작구,만양로,3길 신동아리버파크708동,가로변,재활용,37.5090325,126.946287,11200720.0,노량진1동,정상 지오코딩
4659,동작구,만양로,"16길 33(삼성철물 앞, ID:20-941)",버스정류소(마을),일반쓰레기,37.5090325,126.946287,11200720.0,노량진1동,정상 지오코딩
4660,동작구,만양로,"16길 33(삼성철물 앞, ID:20-941)",버스정류소(마을),재활용,37.5090325,126.946287,11200720.0,노량진1동,정상 지오코딩
4661,동작구,만양로 ,112(올리브영 건너편),가로변,일반쓰레기,37.5090325,126.946287,11200720.0,노량진1동,정상 지오코딩
4662,동작구,만양로 ,112(올리브영 건너편),가로변,재활용,37.5090325,126.946287,11200720.0,노량진1동,정상 지오코딩
4663,동작구,만양로 ,105(한성주차장 앞),가로변,일반쓰레기,37.5090325,126.946287,11200720.0,노량진1동,정상 지오코딩
4664,동작구,만양로 ,105(한성주차장 앞),가로변,재활용,37.5090325,126.946287,11200720.0,노량진1동,정상 지오코딩
4665,동작구,매봉로,79(극락정사),가로변,일반쓰레기,37.5085105,126.9514899,11200720.0,노량진1동,정상 지오코딩
4666,동작구,매봉로,79(극락정사),가로변,재활용,37.5085105,126.9514899,11200720.0,노량진1동,정상 지오코딩
4667,동작구,매봉로,145(신동아 부동산 건너편),가로변,일반쓰레기,37.5085105,126.9514899,11200720.0,노량진1동,정상 지오코딩
4668,동작구,매봉로,145(신동아 부동산 건너편),가로변,재활용,37.5085105,126.9514899,11200720.0,노량진1동,정상 지오코딩
4669,동작구,매봉로,165(수학원),가로변,일반쓰레기,37.5085105,126.9514899,11200720.0,노량진1동,정상 지오코딩
4670,동작구,매봉로,165(수학원),가로변,재활용,37.5085105,126.9514899,11200720.0,노량진1동,정상 지오코딩
4671,동작구,보라매로,5길 15(전문건설회관),버스정류소(일반),일반쓰레기,37.4972363,126.9278957,11200700.0,신대방2동,정상 지오코딩
4672,동작구,보라매로,5길 15(전문건설회관),버스정류소(일반),재활용,37.4972363,126.9278957,11200700.0,신대방2동,정상 지오코딩
4673,동작구,보라매로,76,가로변,일반쓰레기,37.4972363,126.9278957,11200700.0,신대방2동,정상 지오코딩
4674,동작구,보라매로,76,가로변,재활용,37.4972363,126.9278957,11200700.0,신대방2동,정상 지오코딩
4675,동작구,보라매로,104(신대방동역세권청년주택),가로변,일반쓰레기,37.4972363,126.9278957,11200700.0,신대방2동,정상 지오코딩
4676,동작구,보라매로,104(신대방동역세권청년주택),가로변,재활용,37.4972363,126.9278957,11200700.0,신대방2동,정상 지오코딩
4677,동작구,사당로,"90(롯데캐슬건너편, ID:20-213)",버스정류소(일반),일반쓰레기,37.487665,126.9667665,11200670.0,사당5동,정상 지오코딩
4678,동작구,사당로,"90(롯데캐슬건너편, ID:20-213)",버스정류소(일반),재활용,37.487665,126.9667665,11200670.0,사당5동,정상 지오코딩
4679,동작구,사당로,138(사당지구대 앞),버스정류소(일반),일반쓰레기,37.487665,126.9667665,11200670.0,사당5동,정상 지오코딩
4680,동작구,사당로,138(사당지구대 앞),버스정류소(일반),재활용,37.487665,126.9667665,11200670.0,사당5동,정상 지오코딩
4681,동작구,사당로,172(새마을금고 앞),가로변,일반쓰레기,37.487665,126.9667665,11200670.0,사당5동,정상 지오코딩
4682,동작구,사당로,172(새마을금고 앞),가로변,재활용,37.487665,126.9667665,11200670.0,사당5동,정상 지오코딩
4683,동작구,사당로,남성역1번출구,가로변,일반쓰레기,37.487665,126.9667665,11200670.0,사당5동,정상 지오코딩
4684,동작구,사당로,남성역1번출구,가로변,재활용,37.487665,126.9667665,11200670.0,사당5동,정상 지오코딩
4685,동작구,사당로,219(남성역 4번출구),지하철역 출구,일반쓰레기,37.487665,126.9667665,11200670.0,사당5동,정상 지오코딩
4686,동작구,사당로,219(남성역 4번출구),지하철역 출구,재활용,37.487665,126.9667665,11200670.0,사당5동,정상 지오코딩
4687,동작구,사당로,223(ID:20-180),버스정류소(일반),일반쓰레기,37.487665,126.9667665,11200670.0,사당5동,정상 지오코딩
4688,동작구,사당로,223(ID:20-180),버스정류소(일반),재활용,37.487665,126.9667665,11200670.0,사당5동,정상 지오코딩
4689,동작구,사당로,261(ID:20-496),버스정류소(일반),일반쓰레기,37.487665,126.9667665,11200670.0,사당5동,정상 지오코딩
4690,동작구,사당로,261(ID:20-496),버스정류소(일반),재활용,37.487665,126.9667665,11200670.0,사당5동,정상 지오코딩
4691,동작구,사당로,23길 2,가로변,일반쓰레기,37.487665,126.9667665,11200670.0,사당5동,정상 지오코딩
4692,동작구,사당로,23길 2,가로변,재활용,37.487665,126.9667665,11200670.0,사당5동,정상 지오코딩
4693,동작구,사당로,285(이수밝은 약국),가로변,일반쓰레기,37.487665,126.9667665,11200670.0,사당5동,정상 지오코딩
4694,동작구,사당로,285(이수밝은 약국),가로변,재활용,37.487665,126.9667665,11200670.0,사당5동,정상 지오코딩
4695,동작구,사당로,"22(ID:20-169, 맥도날드앞)",버스정류소(일반),일반쓰레기,37.487665,126.9667665,11200670.0,사당5동,정상 지오코딩
4696,동작구,사당로,"22(ID:20-169, 맥도날드앞)",버스정류소(일반),재활용,37.487665,126.9667665,11200670.0,사당5동,정상 지오코딩
4697,동작구,사당로,300(ID: 20-184),버스정류소(일반),일반쓰레기,37.487665,126.9667665,11200670.0,사당5동,정상 지오코딩
4698,동작구,사당로,300(ID: 20-184),버스정류소(일반),재활용,37.487665,126.9667665,11200670.0,사당5동,정상 지오코딩
4699,동작구,사당로,"169(ID:20-177, 사당중학교)",버스정류소(일반),일반쓰레기,37.487665,126.9667665,11200670.0,사당5동,정상 지오코딩
4700,동작구,사당로,"169(ID:20-177, 사당중학교)",버스정류소(일반),재활용,37.487665,126.9667665,11200670.0,사당5동,정상 지오코딩
4701,동작구,사당로,"남성역(ID:20-178, 롯데리아 건너편)",버스정류소(일반),일반쓰레기,37.487665,126.9667665,11200670.0,사당5동,정상 지오코딩
4702,동작구,사당로,"남성역(ID:20-178, 롯데리아 건너편)",버스정류소(일반),재활용,37.487665,126.9667665,11200670.0,사당5동,정상 지오코딩
4703,동작구,사당로,숭실대별관앞(ID:20-172),버스정류소(일반),일반쓰레기,37.487665,126.9667665,11200670.0,사당5동,정상 지오코딩
4704,동작구,사당로,숭실대별관앞(ID:20-172),버스정류소(일반),재활용,37.487665,126.9667665,11200670.0,사당5동,정상 지오코딩
4705,동작구,사당로,숭실대중문앞(ID:20-170),버스정류소(일반),일반쓰레기,37.487665,126.9667665,11200670.0,사당5동,정상 지오코딩
4706,동작구,사당로,숭실대중문앞(ID:20-170),버스정류소(일반),재활용,37.487665,126.9667665,11200670.0,사당5동,정상 지오코딩
4707,동작구,사당로,총신대(ID:20-174),버스정류소(일반),일반쓰레기,37.487665,126.9667665,11200670.0,사당5동,정상 지오코딩
4708,동작구,사당로,총신대(ID:20-174),버스정류소(일반),재활용,37.487665,126.9667665,11200670.0,사당5동,정상 지오코딩
4709,동작구,상도로,24,가로변,일반쓰레기,37.505239,126.9421641,11200540.0,상도2동,정상 지오코딩
4710,동작구,상도로,24,가로변,재활용,37.505239,126.9421641,11200540.0,상도2동,정상 지오코딩
4711,동작구,상도로,133(S-oil 주유소 앞),가로변,일반쓰레기,37.505239,126.9421641,11200540.0,상도2동,정상 지오코딩
4712,동작구,상도로,133(S-oil 주유소 앞),가로변,재활용,37.505239,126.9421641,11200540.0,상도2동,정상 지오코딩
4713,동작구,상도로,161-1,가로변,일반쓰레기,37.505239,126.9421641,11200540.0,상도2동,정상 지오코딩
4714,동작구,상도로,161-1,가로변,재활용,37.505239,126.9421641,11200540.0,상도2동,정상 지오코딩
4715,동작구,상도로,"253-13(ID:20-155, 상도노빌리티아파트)",버스정류소(일반),일반쓰레기,37.505239,126.9421641,11200540.0,상도2동,정상 지오코딩
4716,동작구,상도로,"253-13(ID:20-155, 상도노빌리티아파트)",버스정류소(일반),재활용,37.505239,126.9421641,11200540.0,상도2동,정상 지오코딩
4717,동작구,상도로,222,가로변,일반쓰레기,37.505239,126.9421641,11200540.0,상도2동,정상 지오코딩
4718,동작구,상도로,222,가로변,재활용,37.505239,126.9421641,11200540.0,상도2동,정상 지오코딩
4719,동작구,상도로,237,가로변,일반쓰레기,37.505239,126.9421641,11200540.0,상도2동,정상 지오코딩
4720,동작구,상도로,237,가로변,재활용,37.505239,126.9421641,11200540.0,상도2동,정상 지오코딩
4721,동작구,상도로,321(동진빌딩 앞),가로변,재활용,37.505239,126.9421641,11200540.0,상도2동,정상 지오코딩
4722,동작구,상도로,332,가로변,일반쓰레기,37.505239,126.9421641,11200540.0,상도2동,정상 지오코딩
4723,동작구,상도로,332,가로변,재활용,37.505239,126.9421641,11200540.0,상도2동,정상 지오코딩
4724,동작구,상도로,343,가로변,일반쓰레기,37.505239,126.9421641,11200540.0,상도2동,정상 지오코딩
4725,동작구,상도로,343,가로변,재활용,37.505239,126.9421641,11200540.0,상도2동,정상 지오코딩
4726,동작구,상도로,68길 1-20(서울신학교),가로변,재활용,37.505239,126.9421641,11200540.0,상도2동,정상 지오코딩
4727,동작구,상도로,"53길 70(ID:20-241, 서울주택도시공사)",버스정류소(일반),일반쓰레기,37.505239,126.9421641,11200540.0,상도2동,정상 지오코딩
4728,동작구,상도로,"53길 70(ID:20-241, 서울주택도시공사)",버스정류소(일반),재활용,37.505239,126.9421641,11200540.0,상도2동,정상 지오코딩
4729,동작구,상도로,상도시장(ID:20-160),버스정류소(일반),일반쓰레기,37.505239,126.9421641,11200540.0,상도2동,정상 지오코딩
4730,동작구,상도로,상도시장(ID:20-160),버스정류소(일반),재활용,37.505239,126.9421641,11200540.0,상도2동,정상 지오코딩
4731,동작구,서달로,서달산 유아숲 체험장,가로변,일반쓰레기,37.5015453,126.9601357,11200710.0,흑석동,정상 지오코딩
4732,동작구,서달로,서달산 유아숲 체험장,가로변,재활용,37.5015453,126.9601357,11200710.0,흑석동,정상 지오코딩
4733,동작구,서달로,"흑석시장(ID:20-904, 중앙대 장례식장 앞)",버스정류소(마을),일반쓰레기,37.5015453,126.9601357,11200710.0,흑석동,정상 지오코딩
4734,동작구,서달로,"흑석시장(ID:20-904, 중앙대 장례식장 앞)",버스정류소(마을),재활용,37.5015453,126.9601357,11200710.0,흑석동,정상 지오코딩
4735,동작구,시흥대로,654-1(다이소),버스정류소(중앙),일반쓰레기,37.4887579,126.9062712,11200690.0,신대방1동,정상 지오코딩
4736,동작구,시흥대로,654-1(다이소),버스정류소(중앙),재활용,37.4887579,126.9062712,11200690.0,신대방1동,정상 지오코딩
4737,동작구,시흥대로,630(택시승강장),가로변,일반쓰레기,37.4887579,126.9062712,11200690.0,신대방1동,정상 지오코딩
4738,동작구,시흥대로,630(택시승강장),가로변,재활용,37.4887579,126.9062712,11200690.0,신대방1동,정상 지오코딩
4739,동작구,알마타길,6(ID:20-107),가로변,재활용,37.5112011,126.9284788,11200680.0,대방동,정상 지오코딩
4740,동작구,알마타길,6(ID:20-107),가로변,일반쓰레기,37.5112011,126.9284788,11200680.0,대방동,정상 지오코딩
4741,동작구,양녕로,167(양녕대군),가로변,일반쓰레기,37.5038159,126.9489017,11200530.0,상도1동,정상 지오코딩
4742,동작구,양녕로,167(양녕대군),가로변,재활용,37.5038159,126.9489017,11200530.0,상도1동,정상 지오코딩
4743,동작구,양녕로,259,가로변,일반쓰레기,37.5038159,126.9489017,11200530.0,상도1동,정상 지오코딩
4744,동작구,양녕로,259,가로변,재활용,37.5038159,126.9489017,11200530.0,상도1동,정상 지오코딩
4745,동작구,양녕로,271,가로변,일반쓰레기,37.5038159,126.9489017,11200530.0,상도1동,정상 지오코딩
4746,동작구,양녕로,271,가로변,재활용,37.5038159,126.9489017,11200530.0,상도1동,정상 지오코딩
4747,동작구,양녕로,272,가로변,일반쓰레기,37.5038159,126.9489017,11200530.0,상도1동,정상 지오코딩
4748,동작구,양녕로,272,가로변,재활용,37.5038159,126.9489017,11200530.0,상도1동,정상 지오코딩
4749,동작구,양녕로,174,가로변,일반쓰레기,37.5038159,126.9489017,11200530.0,상도1동,정상 지오코딩
4750,동작구,양녕로,174,가로변,재활용,37.5038159,126.9489017,11200530.0,상도1동,정상 지오코딩
4751,동작구,여의대방로,대방 대림아파트114동,가로변,재활용,37.5017382,126.9209566,11190690.0,신길7동,정상 지오코딩
4752,동작구,여의대방로,"89(신대방현대아파트, ID:20-003)",버스정류소(중앙),일반쓰레기,37.5017382,126.9209566,11190690.0,신길7동,정상 지오코딩
4753,동작구,여의대방로,"89(신대방현대아파트, ID:20-003)",버스정류소(중앙),재활용,37.5017382,126.9209566,11190690.0,신길7동,정상 지오코딩
4754,동작구,여의대방로,"86-1(배스킨라빈스, ID:20-004)",버스정류소(중앙),일반쓰레기,37.5017382,126.9209566,11190690.0,신길7동,정상 지오코딩
4755,동작구,여의대방로,"86-1(배스킨라빈스, ID:20-004)",버스정류소(중앙),재활용,37.5017382,126.9209566,11190690.0,신길7동,정상 지오코딩
4756,동작구,여의대방로, 강남중학교(ID: 20-005),버스정류소(중앙),일반쓰레기,37.5017382,126.9209566,11190690.0,신길7동,정상 지오코딩
4757,동작구,여의대방로, 강남중학교(ID: 20-005),버스정류소(중앙),재활용,37.5017382,126.9209566,11190690.0,신길7동,정상 지오코딩
4758,동작구,여의대방로, 강남중학교(ID: 20-006),버스정류소(중앙),일반쓰레기,37.5017382,126.9209566,11190690.0,신길7동,정상 지오코딩
4759,동작구,여의대방로, 강남중학교(ID: 20-006),버스정류소(중앙),재활용,37.5017382,126.9209566,11190690.0,신길7동,정상 지오코딩
4760,동작구,여의대방로,22 우성아파트(ID:20-927),버스정류소(마을),일반쓰레기,37.5017382,126.9209566,11190690.0,신길7동,정상 지오코딩
4761,동작구,여의대방로,22 우성아파트(ID:20-927),버스정류소(마을),재활용,37.5017382,126.9209566,11190690.0,신길7동,정상 지오코딩
4762,동작구,여의대방로,"22길 77(동작우체국, ID20-828)",버스정류소(마을),일반쓰레기,37.5017382,126.9209566,11190690.0,신길7동,정상 지오코딩
4763,동작구,여의대방로,"22길 77(동작우체국, ID20-828)",버스정류소(마을),재활용,37.5017382,126.9209566,11190690.0,신길7동,정상 지오코딩
4764,동작구,여의대방로,68교수아파트(ID:20-928),버스정류소(일반),일반쓰레기,37.5017382,126.9209566,11190690.0,신길7동,정상 지오코딩
4765,동작구,여의대방로,68교수아파트(ID:20-928),버스정류소(일반),재활용,37.5017382,126.9209566,11190690.0,신길7동,정상 지오코딩
4766,동작구,시흥대로,606동작상떼빌아파트(ID:20-001),버스정류소(중앙),일반쓰레기,37.4887579,126.9062712,11200690.0,신대방1동,정상 지오코딩
4767,동작구,시흥대로,606동작상떼빌아파트(ID:20-001),버스정류소(중앙),재활용,37.4887579,126.9062712,11200690.0,신대방1동,정상 지오코딩
4768,동작구,장승배기로,102(나이스가이 헤어숍),가로변,일반쓰레기,37.5055823,126.9395116,11200520.0,노량진2동,정상 지오코딩
4769,동작구,장승배기로,102(나이스가이 헤어숍),가로변,재활용,37.5055823,126.9395116,11200520.0,노량진2동,정상 지오코딩
4770,동작구,장승배기로,128(기업은행 앞),가로변,재활용,37.5055823,126.9395116,11200520.0,노량진2동,정상 지오코딩
4771,동작구,장승배기로,128(기업은행 앞),가로변,일반쓰레기,37.5055823,126.9395116,11200520.0,노량진2동,정상 지오코딩
4772,동작구,장승배기로,113(장성교회 앞),가로변,일반쓰레기,37.5055823,126.9395116,11200520.0,노량진2동,정상 지오코딩
4773,동작구,장승배기로,113(장성교회 앞),가로변,재활용,37.5055823,126.9395116,11200520.0,노량진2동,정상 지오코딩
4774,동작구,장승배기로,143-1,가로변,일반쓰레기,37.5055823,126.9395116,11200520.0,노량진2동,정상 지오코딩
4775,동작구,장승배기로,143-1,가로변,재활용,37.5055823,126.9395116,11200520.0,노량진2동,정상 지오코딩
4776,동작구,장승배기로,160(노량진초등학교 앞),가로변,일반쓰레기,37.5055823,126.9395116,11200520.0,노량진2동,정상 지오코딩
4777,동작구,장승배기로,160(노량진초등학교 앞),가로변,재활용,37.5055823,126.9395116,11200520.0,노량진2동,정상 지오코딩
4778,동작구,장승배기로,76(이규성 정형외과),가로변,일반쓰레기,37.5055823,126.9395116,11200520.0,노량진2동,정상 지오코딩
4779,동작구,장승배기로,76(이규성 정형외과),가로변,재활용,37.5055823,126.9395116,11200520.0,노량진2동,정상 지오코딩
4780,동작구,현충로,106(ID:20-126),버스정류소,일반쓰레기,37.5063786,126.9684014,11200710.0,흑석동,정상 지오코딩
4781,동작구,현충로,106(ID:20-126),버스정류소,재활용,37.5063786,126.9684014,11200710.0,흑석동,정상 지오코딩
4782,동작구,현충로,111(ID:20-127),버스정류소,일반쓰레기,37.5063786,126.9684014,11200710.0,흑석동,정상 지오코딩
4783,동작구,현충로,111(ID:20-127),버스정류소,재활용,37.5063786,126.9684014,11200710.0,흑석동,정상 지오코딩
4784,동작구,현충로,흑석역4번출구,가로변,일반쓰레기,37.5063786,126.9684014,11200710.0,흑석동,정상 지오코딩
4785,동작구,현충로,흑석역4번출구,가로변,재활용,37.5063786,126.9684014,11200710.0,흑석동,정상 지오코딩
4786,동작구,현충로,"124(조선일보뉴지엄),(ID:20-129)",가로변,일반쓰레기,37.5063786,126.9684014,11200710.0,흑석동,정상 지오코딩
4787,동작구,현충로,"124(조선일보뉴지엄),(ID:20-129)",가로변,재활용,37.5063786,126.9684014,11200710.0,흑석동,정상 지오코딩
4788,동작구,현충로,151(ID:20-130),버스정류소,일반쓰레기,37.5063786,126.9684014,11200710.0,흑석동,정상 지오코딩
4789,동작구,현충로,151(ID:20-130),버스정류소,재활용,37.5063786,126.9684014,11200710.0,흑석동,정상 지오코딩
4790,동작구,현충로,"4(ID:20-251, 동작실버센터입구)",버스정류소,일반쓰레기,37.5063786,126.9684014,11200710.0,흑석동,정상 지오코딩
4791,동작구,현충로,"4(ID:20-251, 동작실버센터입구)",버스정류소,재활용,37.5063786,126.9684014,11200710.0,흑석동,정상 지오코딩
4792,동작구,현충로,"52, 마크힐스 입구(ID:20-123)",버스정류소,일반쓰레기,37.5063786,126.9684014,11200710.0,흑석동,정상 지오코딩
4793,동작구,현충로,"52, 마크힐스 입구(ID:20-123)",버스정류소,재활용,37.5063786,126.9684014,11200710.0,흑석동,정상 지오코딩
4794,동작구,현충로,"55, 효사정 입구(ID:20-124)",버스정류소,일반쓰레기,37.5063786,126.9684014,11200710.0,흑석동,정상 지오코딩
4795,동작구,현충로,"55, 효사정 입구(ID:20-124)",버스정류소,재활용,37.5063786,126.9684014,11200710.0,흑석동,정상 지오코딩
4796,동작구,현충로,9호선 동작역 6번출구((ID:20-134),버스정류소,일반쓰레기,37.5063786,126.9684014,11200710.0,흑석동,정상 지오코딩
4797,동작구,현충로,9호선 동작역 6번출구((ID:20-134),버스정류소,재활용,37.5063786,126.9684014,11200710.0,흑석동,정상 지오코딩
4798,동작구,현충로,9호선 동작역 7번출구(ID:20-133),버스정류소,일반쓰레기,37.5063786,126.9684014,11200710.0,흑석동,정상 지오코딩
4799,동작구,현충로,9호선 동작역 7번출구(ID:20-133),버스정류소,재활용,37.5063786,126.9684014,11200710.0,흑석동,정상 지오코딩
4800,동작구,흑석로,102(중앙대병원 주차타워),버스정류소(마을),일반쓰레기,37.5063906,126.9567855,11200710.0,흑석동,정상 지오코딩
4801,동작구,흑석로,102(중앙대병원 주차타워),버스정류소(마을),재활용,37.5063906,126.9567855,11200710.0,흑석동,정상 지오코딩
4802,동작구,흑석로,106-5 ,가로변,일반쓰레기,37.5063906,126.9567855,11200710.0,흑석동,정상 지오코딩
4803,동작구,흑석로,106-5 ,가로변,재활용,37.5063906,126.9567855,11200710.0,흑석동,정상 지오코딩
4804,동작구,사당로,250(아름다운가게),가로변,일반쓰레기,37.487665,126.9667665,11200670.0,사당5동,정상 지오코딩
4805,동작구,사당로,250(아름다운가게),가로변,재활용,37.487665,126.9667665,11200670.0,사당5동,정상 지오코딩
4806,동작구,사당로,"90(롯데캐슬, ID:20-254)",버스정류소(일반),일반쓰레기,37.487665,126.9667665,11200670.0,사당5동,정상 지오코딩
4807,동작구,사당로,"90(롯데캐슬, ID:20-254)",버스정류소(일반),재활용,37.487665,126.9667665,11200670.0,사당5동,정상 지오코딩
4808,동작구,동작대로,101(이수역 11번 출구),지하철역 출구,일반쓰레기,37.4916553,126.9826777,11200730.0,사당2동,정상 지오코딩
4809,동작구,동작대로,13(사당역 9번 출구),지하철역 출구,일반쓰레기,37.4916553,126.9826777,11200730.0,사당2동,정상 지오코딩
4810,동작구,남부순환로,사당만남의공원(사당역7번출구),지하철역 출구,일반쓰레기,37.4764926,126.975848,11200630.0,사당1동,정상 지오코딩
4811,동작구,상도로,69(신대방삼거리역 5번 출구),지하철역 출구,일반쓰레기,37.505239,126.9421641,11200540.0,상도2동,정상 지오코딩
4812,동작구,시흥대로,606(신대방동 롯데시네마),가로변,일반쓰레기,37.4887579,126.9062712,11200690.0,신대방1동,정상 지오코딩
4813,동작구,노량진로 ,146(노량진역 3번 출구),지하철역 출구,일반쓰레기,37.5135278,126.9399802,11200520.0,노량진2동,정상 지오코딩
4814,동작구,상도로 ,364-1(숭실대역2번출구),지하철역 출구,일반쓰레기,37.505239,126.9421641,11200540.0,상도2동,정상 지오코딩
4815,동작구,상도로 ,369(숭실대역3번출구),지하철역 출구,일반쓰레기,37.505239,126.9421641,11200540.0,상도2동,정상 지오코딩
4816,동작구,장승배기로,161,가로변,일반쓰레기,37.5055823,126.9395116,11200520.0,노량진2동,정상 지오코딩
4817,동작구,장승배기로,11가길 11(장승배기역 5번출구),지하철역 출구,일반쓰레기,37.5055823,126.9395116,11200520.0,노량진2동,정상 지오코딩
4818,동작구,남부순환로,2057,가로변,일반쓰레기,37.4764926,126.975848,11200630.0,사당1동,정상 지오코딩
4819,동작구,사당로,254,가로변,일반쓰레기,37.487665,126.9667665,11200670.0,사당5동,정상 지오코딩
4820,동작구,사당로 ,20-178(남성역 3번 출구),지하철역 출구,일반쓰레기,37.487665,126.9667665,11200670.0,사당5동,정상 지오코딩
4821,동작구,양녕로 ,269-1,가로변,일반쓰레기,37.5038159,126.9489017,11200530.0,상도1동,정상 지오코딩
4822,동작구,양녕로 ,268,가로변,일반쓰레기,37.5038159,126.9489017,11200530.0,상도1동,정상 지오코딩
4823,동작구,상도로 ,181,가로변,일반쓰레기,37.505239,126.9421641,11200540.0,상도2동,정상 지오코딩
4824,동작구,장승배기로 ,73,가로변,일반쓰레기,37.5055823,126.9395116,11200520.0,노량진2동,정상 지오코딩
4825,동작구,만양로,6,가로변,일반쓰레기,37.5090325,126.946287,11200720.0,노량진1동,정상 지오코딩
4826,관악구,관악로1,서울대학교 정문,"정류소(버스,택시 등)",일반쓰레기,37.4662873,126.9481564,11210730.0,대학동,정상 지오코딩
4827,관악구,관악로1,서울대학교 정문,"정류소(버스,택시 등)",재활용쓰레기,37.4662873,126.9481564,11210730.0,대학동,정상 지오코딩
4828,관악구,관악로 105,관악로 105 앞,도로변(횡단보도 포함),일반쓰레기,37.4746296,126.9525993,11210800.0,청룡동,정상 지오코딩
4829,관악구,관악구 신림동 147-2,관악서울대학교 치과병원 부근,도로변(횡단보도 포함),일반쓰레기,37.4699526,126.9522427,11210730.0,대학동,정상 지오코딩
4830,관악구,관악구 신림동 147-2,관악서울대학교 치과병원 부근,도로변(횡단보도 포함),재활용쓰레기,37.4699526,126.9522427,11210730.0,대학동,정상 지오코딩
4831,관악구,관악구 신림동 133-1,신림중학교 부근,도로변(횡단보도 포함),일반쓰레기,37.4708828,126.9439456,11210660.0,서림동,정상 지오코딩
4832,관악구,관악구 신림동 133-1,신림중학교 부근,도로변(횡단보도 포함),재활용쓰레기,37.4708828,126.9439456,11210660.0,서림동,정상 지오코딩
4833,관악구,관악구 신림동 226-2,서울산업정보학교 부근,도로변(횡단보도 포함),일반쓰레기,37.4706944,126.9424092,11210730.0,대학동,정상 지오코딩
4834,관악구,관악구 신림동 226-2,서울산업정보학교 부근,도로변(횡단보도 포함),재활용쓰레기,37.4706944,126.9424092,11210730.0,대학동,정상 지오코딩
4835,관악구,신림로 111,대학동 주민센터 앞,도로변(횡단보도 포함),일반쓰레기,37.470596,126.9369573,11210730.0,대학동,정상 지오코딩
4836,관악구,신림로 111,대학동 주민센터 앞,도로변(횡단보도 포함),재활용쓰레기,37.470596,126.9369573,11210730.0,대학동,정상 지오코딩
4837,관악구,관악구 신림동 112-51,서울대벤처타운역 1번 출구,지하철역 입구,일반쓰레기,37.4722942,126.9338329,11210660.0,서림동,정상 지오코딩
4838,관악구,관악구 신림동 112-51,서울대벤처타운역 1번 출구,지하철역 입구,재활용쓰레기,37.4722942,126.9338329,11210660.0,서림동,정상 지오코딩
4839,관악구,호암로 546,미림여자정보과학고등학교 앞,도로변(횡단보도 포함),일반쓰레기,37.4661018,126.9319279,11210730.0,대학동,정상 지오코딩
4840,관악구,신림로 310,맥도날드 신림점 앞,도로변(횡단보도 포함),일반쓰레기,37.4819355,126.9301852,11210640.0,서원동,정상 지오코딩
4841,관악구,신림로 328,투썸플레이스 신림로점 앞,도로변(횡단보도 포함),일반쓰레기,37.4834547,126.9299829,11210640.0,서원동,정상 지오코딩
4842,관악구,신림로 328,투썸플레이스 신림로점 앞,도로변(횡단보도 포함),재활용쓰레기,37.4834547,126.9299829,11210640.0,서원동,정상 지오코딩
4843,관악구,신림로 330,신림역 1번출구 앞,지하철역 입구,일반쓰레기,37.4838513,126.9302345,11210640.0,서원동,정상 지오코딩
4844,관악구,신림로 330,신림역 1번출구 앞,지하철역 입구,재활용쓰레기,37.4838513,126.9302345,11210640.0,서원동,정상 지오코딩
4845,관악구,신림로 340 ,신림역 7번출구 앞,도로변(횡단보도 포함),일반쓰레기,37.4847625,126.9300965,11210690.0,신림동,정상 지오코딩
4846,관악구,신림로 331,신림역 3번출구 앞,지하철역 입구,일반쓰레기,37.4838014,126.9295354,11210640.0,서원동,정상 지오코딩
4847,관악구,신림로 331,신림역 3번출구 앞,지하철역 입구,재활용쓰레기,37.4838014,126.9295354,11210640.0,서원동,정상 지오코딩
4848,관악구,신림로 315 ,연세공감치과의원 앞,도로변(횡단보도 포함),일반쓰레기,37.4824893,126.9296275,11210640.0,서원동,정상 지오코딩
4849,관악구,남부순환로 1593,청구경희한의원 앞,도로변(횡단보도 포함),일반쓰레기,37.4842282,126.9275214,11210690.0,신림동,정상 지오코딩
4850,관악구,남부순환로 1593,청구경희한의원 앞,도로변(횡단보도 포함),재활용쓰레기,37.4842282,126.9275214,11210690.0,신림동,정상 지오코딩
4851,관악구,신림로 347,우리은행 앞,도로변(횡단보도 포함),일반쓰레기,37.4853489,126.9292386,11210690.0,신림동,정상 지오코딩
4852,관악구,신림로 355-1,스타벅스 신림점 앞,도로변(횡단보도 포함),일반쓰레기,37.4860989,126.9291718,11210690.0,신림동,정상 지오코딩
4853,관악구,신림로 375,동신공인중개사 앞,도로변(횡단보도 포함),일반쓰레기,37.4876525,126.9285162,11210690.0,신림동,정상 지오코딩
4854,관악구,봉천로 219,달래해장 당곡역점 앞,도로변(횡단보도 포함),일반쓰레기,37.4901328,126.9261527,11210520.0,보라매동,정상 지오코딩
4855,관악구,봉천로 210,lg전자 베스트샵 관악점 앞,도로변(횡단보도 포함),일반쓰레기,37.4895792,126.9247782,11210690.0,신림동,정상 지오코딩
4856,관악구,봉천로 210,lg전자 베스트샵 관악점 앞,도로변(횡단보도 포함),재활용쓰레기,37.4895792,126.9247782,11210690.0,신림동,정상 지오코딩
4857,관악구,난곡로 374,신대방역 1번출구 앞,지하철역 입구,일반쓰레기,37.4873022,126.9134998,11210680.0,신사동,정상 지오코딩
4858,관악구,난곡로 374,신대방역 1번출구 앞,지하철역 입구,재활용쓰레기,37.4873022,126.9134998,11210680.0,신사동,정상 지오코딩
4859,관악구,남부순환로 1474,난곡사거리 다이소 앞,도로변(횡단보도 포함),일반쓰레기,37.4814595,126.9142068,11210830.0,미성동,정상 지오코딩
4860,관악구,남부순환로 1474,난곡사거리 다이소 앞,도로변(횡단보도 포함),재활용쓰레기,37.4814595,126.9142068,11210830.0,미성동,정상 지오코딩
4861,관악구,난우길 58,하이포토 앞,도로변(횡단보도 포함),일반쓰레기,37.4776252,126.9167568,11210830.0,미성동,정상 지오코딩
4862,관악구,남현동 1060-1,사당역 6번출구 근처,지하철역 입구,일반쓰레기,37.4763355,126.9804853,11210630.0,남현동,정상 지오코딩
4863,관악구,남현동 1060-1,사당역 6번출구 근처,지하철역 입구,재활용쓰레기,37.4763355,126.9804853,11210630.0,남현동,정상 지오코딩
4864,관악구,과천대로,사당역 버스정류장 (21028),"정류소(버스,택시 등)",일반쓰레기,37.4676786,126.9868885,11210630.0,남현동,정상 지오코딩
4865,관악구,과천대로,사당역 버스정류장 (22028),"정류소(버스,택시 등)",일반쓰레기,37.4676786,126.9868885,11210630.0,남현동,정상 지오코딩
4866,관악구,과천대로,사당역 버스정류장 (22028),"정류소(버스,택시 등)",일반쓰레기,37.4676786,126.9868885,11210630.0,남현동,정상 지오코딩
4867,관악구,남부순환로 1490,난곡입구 버스정류장 (21115),"정류소(버스,택시 등)",일반쓰레기,37.4818529,126.916112,11210830.0,미성동,정상 지오코딩
4868,관악구,남부순환로 1545,남부초등학교 버스정류장 (21109),"정류소(버스,택시 등)",일반쓰레기,37.4834858,126.9221799,11210680.0,신사동,정상 지오코딩
4869,관악구,쑥고개로 79,영락고교.영락의료과학고 버스정류장 (21187),"정류소(버스,택시 등)",일반쓰레기,37.4796296,126.9454583,11210800.0,청룡동,정상 지오코딩
4870,관악구,쑥고개로 79,영락고교.영락의료과학고 버스정류장 (21187),"정류소(버스,택시 등)",재활용쓰레기,37.4796296,126.9454583,11210800.0,청룡동,정상 지오코딩
4871,관악구,봉천동 893-25,lg베스트샵 봉천점 부근,도로변(횡단보도 포함),일반쓰레기,37.4821858,126.9465451,11210610.0,중앙동,정상 지오코딩
4872,관악구,봉천동 893-25,lg베스트샵 봉천점 부근,도로변(횡단보도 포함),재활용쓰레기,37.4821858,126.9465451,11210610.0,중앙동,정상 지오코딩
4873,관악구,남부순환로 1778,신한은행 서울대역센터 앞,도로변(횡단보도 포함),일반쓰레기,37.4815286,126.9474987,11210800.0,청룡동,정상 지오코딩
4874,관악구,남부순환로 1778,신한은행 서울대역센터 앞,도로변(횡단보도 포함),재활용쓰레기,37.4815286,126.9474987,11210800.0,청룡동,정상 지오코딩
4875,관악구,관악로 40길,봉천고개관악현대아파트 버스정류장 (20986),"정류소(버스,택시 등)",일반쓰레기,37.4918402,126.9589782,11210540.0,청림동,정상 지오코딩
4876,관악구,관악로 237,고고플라워 앞,도로변(횡단보도 포함),일반쓰레기,37.4858643,126.955955,11210790.0,성현동,정상 지오코딩
4877,관악구,은천로 179,중앙동성당앞 버스정류장 (21197),"정류소(버스,택시 등)",일반쓰레기,37.4858761,126.9556594,11210790.0,성현동,정상 지오코딩
4878,관악구,관악로 201,봉천사거리.봉천중앙시장 버스정류장 (21138),"정류소(버스,택시 등)",일반쓰레기,37.4831396,126.9537648,11210610.0,중앙동,정상 지오코딩
4879,관악구,관악로 198,서울대입구역2호선 버스정류장 (21540),"정류소(버스,택시 등)",일반쓰레기,37.4825379,126.9539758,11210570.0,행운동,정상 지오코딩
4880,관악구,봉천로 482,"서울대입구 7번 출구 직진, KT대리점",도로변(횡단보도 포함),일반쓰레기,37.4817364,126.9534,11210570.0,행운동,정상 지오코딩
4881,관악구,관악로 145,관악구청 앞,도로변(횡단보도 포함),일반쓰레기,37.4782107,126.9515012,11210800.0,청룡동,정상 지오코딩
4882,관악구,관악로 145,관악구청 앞,도로변(횡단보도 포함),재활용쓰레기,37.4782107,126.9515012,11210800.0,청룡동,정상 지오코딩
4883,관악구,관악로 161,"서울대입구역 3번 출구 직진, 베스킨 라빈슨 앞",도로변(횡단보도 포함),일반쓰레기,37.4796071,126.9521839,11210800.0,청룡동,정상 지오코딩
4884,관악구,관악로 161,"서울대입구역 3번 출구 직진, 베스킨 라빈슨 앞",도로변(횡단보도 포함),재활용쓰레기,37.4796071,126.9521839,11210800.0,청룡동,정상 지오코딩
4885,관악구,관악로 169,서울대입구역 버스정류장 (21330),"정류소(버스,택시 등)",일반쓰레기,37.4803497,126.9522579,11210800.0,청룡동,정상 지오코딩
4886,관악구,관악로 169,서울대입구역 버스정류장 (21330),"정류소(버스,택시 등)",재활용쓰레기,37.4803497,126.9522579,11210800.0,청룡동,정상 지오코딩
4887,관악구,남부순환로 1814,"서울대입구역 4번 출구 직진, 우리은행 앞",지하철역 입구,일반쓰레기,37.4810358,126.9515661,11210800.0,청룡동,정상 지오코딩
4888,관악구,남부순환로 1817,서울대입구역 5번 출구,지하철역 입구,일반쓰레기,37.4816412,126.9521444,11210610.0,중앙동,정상 지오코딩
4889,관악구,남부순환로 1817,서울대입구역 5번 출구,지하철역 입구,재활용쓰레기,37.4816412,126.9521444,11210610.0,중앙동,정상 지오코딩
4890,관악구,관악로 185,서울대입구역 6번 출구,지하철역 입구,일반쓰레기,37.4817919,126.9526562,11210610.0,중앙동,정상 지오코딩
4891,관악구,남부순환로 1831,서울대입구역 8번 출구,지하철역 입구,일반쓰레기,37.481194,126.9536733,11210570.0,행운동,정상 지오코딩
4892,관악구,남부순환로 1830,서울대입구역 1번 출구,지하철역 입구,일반쓰레기,37.4807765,126.9531729,11210580.0,낙성대동,정상 지오코딩
4893,관악구,관악로 172 ,서울대입구역 2번 출구,지하철역 입구,일반쓰레기,37.4805127,126.9529494,11210580.0,낙성대동,정상 지오코딩
4894,관악구,관악로 164,"서울대입구역 2번 출구 직진, 공차 앞",도로변(횡단보도 포함),일반쓰레기,37.4797395,126.9528756,11210580.0,낙성대동,정상 지오코딩
4895,관악구,관악로 164,"서울대입구역 2번 출구 직진, 공차 앞",도로변(횡단보도 포함),재활용쓰레기,37.4797395,126.9528756,11210580.0,낙성대동,정상 지오코딩
4896,관악구,봉천로 219,달래해장 당곡역점 앞,도로변(횡단보도 포함),재활용쓰레기,37.4901328,126.9261527,11210520.0,보라매동,정상 지오코딩
4897,관악구,난곡로 359,올리브영 앞,"정류소(버스,택시 등)",일반쓰레기,37.4860944,126.9134881,11210720.0,조원동,정상 지오코딩
4898,관악구,난곡로 359,올리브영 앞,"정류소(버스,택시 등)",재활용쓰레기,37.4860944,126.9134881,11210720.0,조원동,정상 지오코딩
4899,관악구,관악구 신림동 1655,구로디지털단지역 정류소(21-001),"정류소(버스,택시 등)",일반쓰레기,37.483538,126.902466,11210720.0,조원동,정상 지오코딩
4900,관악구,관악구 신림동 1655,구로디지털단지역 정류소(21-001),"정류소(버스,택시 등)",일반쓰레기,37.483538,126.902466,11210720.0,조원동,정상 지오코딩
4901,관악구,은천로 179,중앙동성당앞 버스정류장 (21197),"정류소(버스,택시 등)",재활용쓰레기,37.4858761,126.9556594,11210790.0,성현동,정상 지오코딩
4902,관악구,관악로 198,서울대입구역2호선 버스정류장 (21540),"정류소(버스,택시 등)",재활용쓰레기,37.4825379,126.9539758,11210570.0,행운동,정상 지오코딩
4903,관악구,봉천로 482,"서울대입구 7번 출구 직진, KT대리점",도로변(횡단보도 포함),재활용쓰레기,37.4817364,126.9534,11210570.0,행운동,정상 지오코딩
4904,관악구,관악로 185,서울대입구역 6번 출구,지하철역 입구,재활용쓰레기,37.4817919,126.9526562,11210610.0,중앙동,정상 지오코딩
4905,관악구,남부순환로 1831,서울대입구역 8번 출구,지하철역 입구,재활용쓰레기,37.481194,126.9536733,11210570.0,행운동,정상 지오코딩
4906,관악구,신림로46길 1,서원역 앞,지하철역 입구,일반쓰레기,37.478457,126.9330222,11210640.0,서원동,정상 지오코딩
4907,관악구,신림로46길 1,서원역 앞,지하철역 입구,재활용쓰레기,37.478457,126.9330222,11210640.0,서원동,정상 지오코딩
4908,관악구,관악로242,강남고려병원 앞,도로변(횡단보도 포함),일반쓰레기,37.4856188,126.9567817,11210570.0,행운동,정상 지오코딩
4909,관악구,관악로242,강남고려병원 앞,도로변(횡단보도 포함),재활용쓰레기,37.4856188,126.9567817,11210570.0,행운동,정상 지오코딩
4910,관악구,낙성대로 77,낙성대공원 버스정류장 (21738),"정류소(버스,택시 등)",일반쓰레기,37.4719721,126.959371,11210580.0,낙성대동,정상 지오코딩
4911,관악구,낙성대로 77,낙성대공원 버스정류장 (21738),"정류소(버스,택시 등)",재활용쓰레기,37.4719721,126.959371,11210580.0,낙성대동,정상 지오코딩
4912,관악구,남부순환로 1592,신림역 4번출구(와인갤러리 앞) ,"정류소(버스,택시 등)",일반쓰레기,37.4836907,126.9275832,11210640.0,서원동,정상 지오코딩
4913,관악구,남부순환로 1592,신림역 4번출구(와인갤러리 앞) ,"정류소(버스,택시 등)",재활용쓰레기,37.4836907,126.9275832,11210640.0,서원동,정상 지오코딩
4914,관악구,호암로 417,산장아파트 버스정류장(21170),"정류소(버스,택시 등)",일반쓰레기,37.4613351,126.9274799,11210820.0,삼성동,정상 지오코딩
4915,관악구,호암로 417,산장아파트 버스정류장(21170),"정류소(버스,택시 등)",재활용쓰레기,37.4613351,126.9274799,11210820.0,삼성동,정상 지오코딩
4916,관악구,호암로 498,신우초등학교 버스정류장(21175),"정류소(버스,택시 등)",일반쓰레기,37.4632725,126.9325352,11210820.0,삼성동,정상 지오코딩
4917,관악구,호암로 498,신우초등학교 버스정류장(21175),"정류소(버스,택시 등)",재활용쓰레기,37.4632725,126.9325352,11210820.0,삼성동,정상 지오코딩
4918,관악구,신림로 160,서울대벤처타운역1번출구 버스정류장(21145),"정류소(버스,택시 등)",일반쓰레기,37.4731477,126.9337508,11210660.0,서림동,정상 지오코딩
4919,관악구,신림로 160,서울대벤처타운역1번출구 버스정류장(21145),"정류소(버스,택시 등)",재활용쓰레기,37.4731477,126.9337508,11210660.0,서림동,정상 지오코딩
4920,관악구,남부순환로 1734 ,봉천역 1번출구 앞,"정류소(버스,택시 등)",일반쓰레기,37.4819857,126.9427729,11210800.0,청룡동,정상 지오코딩
4921,관악구,남부순환로 1734 ,봉천역 1번출구 앞,"정류소(버스,택시 등)",재활용쓰레기,37.4819857,126.9427729,11210800.0,청룡동,정상 지오코딩
4922,관악구,난곡로 162,관악구난곡보건분소 앞,도로변(횡단보도 포함),재활용쓰레기,37.4694916,126.9203288,11210810.0,난곡동,정상 지오코딩
4923,관악구,난곡로 162,관악구난곡보건분소 앞,도로변(횡단보도 포함),일반쓰레기,37.4694916,126.9203288,11210810.0,난곡동,정상 지오코딩
4924,관악구,남부순환로 1534,남서울중 성보중고등학교 버스정류장(21116),"정류소(버스,택시 등)",일반쓰레기,37.4827497,126.921068,11210830.0,미성동,정상 지오코딩
4925,관악구,남부순환로 1534,남서울중 성보중고등학교 버스정류장(21116),"정류소(버스,택시 등)",재활용쓰레기,37.4827497,126.921068,11210830.0,미성동,정상 지오코딩
4926,관악구,관악로 168,서울대입구역 2번 출구 앞 버스정류장(21252),도로변(횡단보도 포함),재활용쓰레기,37.4802159,126.9529848,11210580.0,낙성대동,정상 지오코딩
4927,관악구,남부순환로 1814,"서울대입구역 4번 출구 직진, 우리은행 앞",지하철역 입구,재활용쓰레기,37.4810358,126.9515661,11210800.0,청룡동,정상 지오코딩
4928,관악구,관악로 40길,봉천고개관악현대아파트 버스정류장 (20986),"정류소(버스,택시 등)",재활용쓰레기,37.4918402,126.9589782,11210540.0,청림동,정상 지오코딩
4929,관악구,남부순환로 1490,난곡입구 버스정류장 (21115),"정류소(버스,택시 등)",재활용쓰레기,37.4818529,126.916112,11210830.0,미성동,정상 지오코딩
4930,관악구,과천대로,사당역 버스정류장 (21028),"정류소(버스,택시 등)",재활용쓰레기,37.4676786,126.9868885,11210630.0,남현동,정상 지오코딩
4931,관악구,호암로 546,미림여자정보과학고등학교 앞,도로변(횡단보도 포함),재활용쓰레기,37.4661018,126.9319279,11210730.0,대학동,정상 지오코딩
4932,관악구,신림로 375,동신공인중개사 앞,도로변(횡단보도 포함),재활용쓰레기,37.4876525,126.9285162,11210690.0,신림동,정상 지오코딩
4933,관악구,낙성대로 42,낙성대현대아파트 버스정류장(21844) 기둥 옆,"정류소(버스,택시 등)",일반쓰레기,37.4740893,126.9580246,11210580.0,낙성대동,정상 지오코딩
4934,관악구,낙성대로 42,낙성대현대아파트 버스정류장(21844) 기둥 옆,"정류소(버스,택시 등)",재활용쓰레기,37.4740893,126.9580246,11210580.0,낙성대동,정상 지오코딩
4935,관악구,낙성대로 70,관악복합평생교육센터 앞 신호등 옆 나무,도로변(횡단보도 포함),일반쓰레기,37.4722179,126.9583352,11210580.0,낙성대동,정상 지오코딩
4936,관악구,낙성대로 70,관악복합평생교육센터 앞 신호등 옆 나무,도로변(횡단보도 포함),재활용쓰레기,37.4722179,126.9583352,11210580.0,낙성대동,정상 지오코딩
4937,관악구,낙성대로 76,낙성대공원.관악복합평생교육센터 버스정류장(21858) 기둥 앞,"정류소(버스,택시 등)",일반쓰레기,37.4717157,126.9582321,11210580.0,낙성대동,정상 지오코딩
4938,관악구,낙성대로 76,낙성대공원.관악복합평생교육센터 버스정류장(21858) 기둥 앞,"정류소(버스,택시 등)",재활용쓰레기,37.4717157,126.9582321,11210580.0,낙성대동,정상 지오코딩
4939,관악구,낙성대로 76 맞은편,가로수 옆,도로변(횡단보도 포함),일반쓰레기,37.4717157,126.9582321,11210580.0,낙성대동,정상 지오코딩
4940,관악구,낙성대로 76 맞은편,가로수 옆,도로변(횡단보도 포함),재활용쓰레기,37.4717157,126.9582321,11210580.0,낙성대동,정상 지오코딩
4941,관악구,낙성대로 96,강감찬도시농업센터 담장끝 나무 앞,도로변(횡단보도 포함),일반쓰레기,37.4699519,126.9576611,11210580.0,낙성대동,정상 지오코딩
4942,관악구,낙성대로 96,강감찬도시농업센터 담장끝 나무 앞,도로변(횡단보도 포함),재활용쓰레기,37.4699519,126.9576611,11210580.0,낙성대동,정상 지오코딩
4943,관악구,낙성대로 96,서울융합과학교육원 버스정류장(21864) 전봇대 옆,"정류소(버스,택시 등)",일반쓰레기,37.4699519,126.9576611,11210580.0,낙성대동,정상 지오코딩
4944,관악구,낙성대로 96,서울융합과학교육원 버스정류장(21864) 전봇대 옆,"정류소(버스,택시 등)",재활용쓰레기,37.4699519,126.9576611,11210580.0,낙성대동,정상 지오코딩
4945,관악구,봉천동 738-52,서울융합과학교육원 버스정류장(21689) ,"정류소(버스,택시 등)",일반쓰레기,37.4694935,126.9584981,11210580.0,낙성대동,정상 지오코딩
4946,관악구,봉천동 738-52,서울융합과학교육원 버스정류장(21689) ,"정류소(버스,택시 등)",재활용쓰레기,37.4694935,126.9584981,11210580.0,낙성대동,정상 지오코딩
4947,관악구,낙성대로 101,서울융합과학교육원 주차장 앞 신호등 옆,도로변(횡단보도 포함),일반쓰레기,37.4688289,126.9593828,11210580.0,낙성대동,정상 지오코딩
4948,관악구,낙성대로 101,서울융합과학교육원 주차장 앞 신호등 옆,도로변(횡단보도 포함),재활용쓰레기,37.4688289,126.9593828,11210580.0,낙성대동,정상 지오코딩
4949,관악구,낙성대로 37,낙성대현대아파트 버스정류장(21752) 가로수 옆,"정류소(버스,택시 등)",일반쓰레기,37.4752365,126.9593965,11210580.0,낙성대동,정상 지오코딩
4950,관악구,낙성대로 37,낙성대현대아파트 버스정류장(21752) 가로수 옆,"정류소(버스,택시 등)",재활용쓰레기,37.4752365,126.9593965,11210580.0,낙성대동,정상 지오코딩
4951,관악구,낙성대로 23,인헌초등학교 버스정류장(21765) 뒤쪽,"정류소(버스,택시 등)",일반쓰레기,37.4767754,126.9598758,11210580.0,낙성대동,정상 지오코딩
4952,관악구,낙성대로 23,인헌초등학교 버스정류장(21765) 뒤쪽,"정류소(버스,택시 등)",재활용쓰레기,37.4767754,126.9598758,11210580.0,낙성대동,정상 지오코딩
4953,관악구,과천대로 851,남태령역 버스정류장(21163),"정류소(버스,택시 등)",일반쓰레기,37.4665469,126.9872769,11210630.0,남현동,정상 지오코딩
4954,관악구,과천대로 851,남태령역 버스정류장(21163),"정류소(버스,택시 등)",재활용쓰레기,37.4665469,126.9872769,11210630.0,남현동,정상 지오코딩
4955,관악구,서초구 방배동 2956-2,남태령역 버스정류장(22026),"정류소(버스,택시 등)",일반쓰레기,37.46425,126.9890853,11220630.0,방배2동,API 재시도-키워드검색-핵심지명
4956,관악구,서초구 방배동 2956-2,남태령역 버스정류장(22026),"정류소(버스,택시 등)",재활용쓰레기,37.46425,126.9890853,11220630.0,방배2동,API 재시도-키워드검색-핵심지명
4957,관악구,신림로 137,KB국민은행 신림남부지점 앞 가로수,도로변(횡단보도 포함),재활용쓰레기,37.4711521,126.9340553,11210730.0,대학동,정상 지오코딩
4958,관악구,신림로 137,KB국민은행 신림남부지점 앞 가로수,도로변(횡단보도 포함),일반쓰레기,37.4711521,126.9340553,11210730.0,대학동,정상 지오코딩
4959,관악구,남부순환로 1512,호림박물관 버스정류장(21361) 가로등 옆,"정류소(버스,택시 등)",일반쓰레기,37.4823229,126.9186732,11210830.0,미성동,정상 지오코딩
4960,관악구,남부순환로 1512,호림박물관 버스정류장(21361) 가로등 옆,"정류소(버스,택시 등)",재활용쓰레기,37.4823229,126.9186732,11210830.0,미성동,정상 지오코딩
4961,관악구,난향삼거리 부근,삼성산주공아파트 버스정류장(21174) 벽쪽으로 붙여서,"정류소(버스,택시 등)",일반쓰레기,37.4625082,126.9261306,11210820.0,삼성동,API 재시도-키워드검색-핵심지명
4962,관악구,난향삼거리 부근,삼성산주공아파트 버스정류장(21174) 벽쪽으로 붙여서,"정류소(버스,택시 등)",재활용쓰레기,37.4625082,126.9261306,11210820.0,삼성동,API 재시도-키워드검색-핵심지명
4963,관악구,신림로 169,e마트 24 편의점 앞 가로수,도로변(횡단보도 포함),일반쓰레기,37.4742374,126.933712,11210660.0,서림동,정상 지오코딩
4964,관악구,신림로 169,e마트 24 편의점 앞 가로수,도로변(횡단보도 포함),재활용쓰레기,37.4742374,126.933712,11210660.0,서림동,정상 지오코딩
4965,관악구,관악로1,서울대학교 버스정류장(21376) 뒤쪽으로 붙여서,"정류소(버스,택시 등)",일반쓰레기,37.4662873,126.9481564,11210730.0,대학동,정상 지오코딩
4966,관악구,관악로1,서울대학교 버스정류장(21376) 뒤쪽으로 붙여서,"정류소(버스,택시 등)",재활용쓰레기,37.4662873,126.9481564,11210730.0,대학동,정상 지오코딩
4967,관악구,신림로 222,신림2교 버스정류장(21375),"정류소(버스,택시 등)",일반쓰레기,37.4775383,126.9369599,11210640.0,서원동,정상 지오코딩
4968,관악구,신림로 222,신림2교 버스정류장(21375),"정류소(버스,택시 등)",재활용쓰레기,37.4775383,126.9369599,11210640.0,서원동,정상 지오코딩
4969,관악구,신원로 35,삼모더프라임타워 뒤편 탐앤탐스 맞은편 테라스 부근,도로변(횡단보도 포함),일반쓰레기,37.4823122,126.9290234,11210640.0,서원동,정상 지오코딩
4970,관악구,신원로 35,삼모더프라임타워 뒤편 탐앤탐스 맞은편 테라스 부근,도로변(횡단보도 포함),재활용쓰레기,37.4823122,126.9290234,11210640.0,서원동,정상 지오코딩
4971,관악구,신원로 35,삼모더프라임타워 뒤편 탐앤탐스 맞은편 테라스 부근,도로변(횡단보도 포함),일반쓰레기,37.4823122,126.9290234,11210640.0,서원동,정상 지오코딩
4972,관악구,신원로 35,삼모더프라임타워 뒤편 탐앤탐스 맞은편 테라스 부근,도로변(횡단보도 포함),재활용쓰레기,37.4823122,126.9290234,11210640.0,서원동,정상 지오코딩
4973,관악구,은천로 133,신영자동차공업사 앞,도로변(횡단보도 포함),일반쓰레기,37.4867241,126.9501202,11210790.0,성현동,정상 지오코딩
4974,관악구,은천로 133,신영자동차공업사 앞,도로변(횡단보도 포함),재활용쓰레기,37.4867241,126.9501202,11210790.0,성현동,정상 지오코딩
4975,관악구,성현로 80,관악드림타운북문 버스정류장(21242) 가로수 옆,"정류소(버스,택시 등)",일반쓰레기,37.4898474,126.9529855,11210790.0,성현동,정상 지오코딩
4976,관악구,성현로 80,관악드림타운북문 버스정류장(21242) 가로수 옆,"정류소(버스,택시 등)",재활용쓰레기,37.4898474,126.9529855,11210790.0,성현동,정상 지오코딩
4977,관악구,성현로 80,관악드림타운115동 버스정류장(21240) 전봇대 옆,"정류소(버스,택시 등)",일반쓰레기,37.4898474,126.9529855,11210790.0,성현동,정상 지오코딩
4978,관악구,성현로 80,관악드림타운115동 버스정류장(21240) 전봇대 옆,"정류소(버스,택시 등)",재활용쓰레기,37.4898474,126.9529855,11210790.0,성현동,정상 지오코딩
4979,관악구,남부순환로 1643,관악우체국.에이치플러스양지병원 버스정류장(21261) 전봇대 옆,"정류소(버스,택시 등)",일반쓰레기,37.4850142,126.9331367,11210690.0,신림동,정상 지오코딩
4980,관악구,남부순환로 1643,관악우체국.에이치플러스양지병원 버스정류장(21261) 전봇대 옆,"정류소(버스,택시 등)",재활용쓰레기,37.4850142,126.9331367,11210690.0,신림동,정상 지오코딩
4981,관악구,남부순환로 1653,양지병원 의생명연구원 앞 따릉이 표지판 옆,도로변(횡단보도 포함),일반쓰레기,37.4851707,126.9344373,11210780.0,은천동,정상 지오코딩
4982,관악구,남부순환로 1653,양지병원 의생명연구원 앞 따릉이 표지판 옆,도로변(횡단보도 포함),재활용쓰레기,37.4851707,126.9344373,11210780.0,은천동,정상 지오코딩
4983,관악구,남부순환로 1761,서원빌딩 앞,도로변(횡단보도 포함),일반쓰레기,37.482243,126.9459861,11210780.0,은천동,정상 지오코딩
4984,관악구,남부순환로 1761,서원빌딩 앞,도로변(횡단보도 포함),재활용쓰레기,37.482243,126.9459861,11210780.0,은천동,정상 지오코딩
4985,관악구,은천로 174,중앙동성당 버스정류장(21196) 전기함과 전봇대 사이,"정류소(버스,택시 등)",일반쓰레기,37.4856971,126.9541767,11210610.0,중앙동,정상 지오코딩
4986,관악구,은천로 174,중앙동성당 버스정류장(21196) 전기함과 전봇대 사이,"정류소(버스,택시 등)",재활용쓰레기,37.4856971,126.9541767,11210610.0,중앙동,정상 지오코딩
4987,관악구,양녕로 12,관악신협 본점 앞,도로변(횡단보도 포함),일반쓰레기,37.4830909,126.9466826,11210610.0,중앙동,정상 지오코딩
4988,관악구,양녕로 12,관악신협 본점 앞,도로변(횡단보도 포함),재활용쓰레기,37.4830909,126.9466826,11210610.0,중앙동,정상 지오코딩
4989,관악구,쑥고개로 29,쑥고개 버스정류장(21181) 옆 소화전 바로옆(세차장 맞은편),"정류소(버스,택시 등)",일반쓰레기,37.4785687,126.9399697,11210800.0,청룡동,정상 지오코딩
4990,관악구,쑥고개로 29,쑥고개 버스정류장(21181) 옆 소화전 바로옆(세차장 맞은편),"정류소(버스,택시 등)",재활용쓰레기,37.4785687,126.9399697,11210800.0,청룡동,정상 지오코딩
4991,관악구,쑥고개로 100,생모리츠타운 버스정류장(21184) 뒤편으로 붙여서,"정류소(버스,택시 등)",일반쓰레기,37.4789463,126.9476488,11210800.0,청룡동,정상 지오코딩
4992,관악구,쑥고개로 100,생모리츠타운 버스정류장(21184) 뒤편으로 붙여서,"정류소(버스,택시 등)",재활용쓰레기,37.4789463,126.9476488,11210800.0,청룡동,정상 지오코딩
4993,관악구,남부순환로 1704,강남효요양병원앞 가로등 옆,도로변(횡단보도 포함),일반쓰레기,37.4830441,126.9393971,11210800.0,청룡동,정상 지오코딩
4994,관악구,남부순환로 1704,강남효요양병원앞 가로등 옆,도로변(횡단보도 포함),재활용쓰레기,37.4830441,126.9393971,11210800.0,청룡동,정상 지오코딩
4995,관악구,남부순환로 1768,노브랜드 피자 앞 소화전 옆,도로변(횡단보도 포함),일반쓰레기,37.4816628,126.9463608,11210800.0,청룡동,정상 지오코딩
4996,관악구,남부순환로 1768,노브랜드 피자 앞 소화전 옆,도로변(횡단보도 포함),재활용쓰레기,37.4816628,126.9463608,11210800.0,청룡동,정상 지오코딩
4997,관악구,관악로 228,봉원중학교.행운동우성아파트 버스정류장(21132) 옆 전봇대,"정류소(버스,택시 등)",일반쓰레기,37.4858643,126.955955,11210790.0,성현동,인근 도로명번지 추정(번지차 9)
4998,관악구,관악로 228,봉원중학교.행운동우성아파트 버스정류장(21132) 옆 전봇대,"정류소(버스,택시 등)",재활용쓰레기,37.4858643,126.955955,11210790.0,성현동,인근 도로명번지 추정(번지차 9)
4999,관악구,남부순환로 1935,낙성대역 8번 출구 입구,지하철역 입구,일반쓰레기,37.4769913,126.9644863,11210570.0,행운동,정상 지오코딩
5000,관악구,남부순환로 1935,낙성대역 8번 출구 입구,지하철역 입구,재활용쓰레기,37.4769913,126.9644863,11210570.0,행운동,정상 지오코딩
5001,관악구,남부순환로 1903,포트캔커피 낙성대점 앞(가로수와 가로수 사이 빈공간),"정류소(버스,택시 등)",일반쓰레기,37.478373,126.9609662,11210570.0,행운동,정상 지오코딩
5002,관악구,남부순환로 1903,포트캔커피 낙성대점 앞(가로수와 가로수 사이 빈공간),"정류소(버스,택시 등)",재활용쓰레기,37.478373,126.9609662,11210570.0,행운동,정상 지오코딩
5003,관악구,남부순환로 1933,낙성대역 7번 출구 앞,지하철역 입구,일반쓰레기,37.4771333,126.9641473,11210570.0,행운동,정상 지오코딩
5004,관악구,남부순환로 1933,낙성대역 7번 출구 앞,지하철역 입구,재활용쓰레기,37.4771333,126.9641473,11210570.0,행운동,정상 지오코딩
5005,관악구,봉천로 505,서울원당초등학교 앞(펜스 쪽),도로변(횡단보도 포함),일반쓰레기,37.4813048,126.9557666,11210570.0,행운동,정상 지오코딩
5006,관악구,봉천로 505,서울원당초등학교 앞(펜스 쪽),도로변(횡단보도 포함),재활용쓰레기,37.4813048,126.9557666,11210570.0,행운동,정상 지오코딩
5007,관악구,관천로 89,서울자동차공업사 앞,도로변(횡단보도 포함),일반쓰레기,37.4862,126.9229098,11210680.0,신사동,정상 지오코딩
5008,관악구,관천로 89,서울자동차공업사 앞,도로변(횡단보도 포함),재활용쓰레기,37.4862,126.9229098,11210680.0,신사동,정상 지오코딩
5009,관악구,관천로 95,일심기사식당 맞은편 도림천쪽 ,도로변(횡단보도 포함),일반쓰레기,37.4869971,126.9223915,11210680.0,신사동,정상 지오코딩
5010,관악구,관천로 95,일심기사식당 맞은편 도림천쪽 ,도로변(횡단보도 포함),재활용쓰레기,37.4869971,126.9223915,11210680.0,신사동,정상 지오코딩
5011,관악구,조원로 148,신사동주민센터 옆 교회 앞 전봇대 옆,도로변(횡단보도 포함),일반쓰레기,37.4855264,126.9188923,11210680.0,신사동,정상 지오코딩
5012,관악구,조원로 148,신사동주민센터 옆 교회 앞 전봇대 옆,도로변(횡단보도 포함),재활용쓰레기,37.4855264,126.9188923,11210680.0,신사동,정상 지오코딩
5013,관악구,남부순환로 1429,관악구보훈회관 부근 공사장 앞 전봇대 옆,도로변(횡단보도 포함),일반쓰레기,37.4811776,126.9095731,11210720.0,조원동,정상 지오코딩
5014,관악구,남부순환로 1429,관악구보훈회관 부근 공사장 앞 전봇대 옆,도로변(횡단보도 포함),재활용쓰레기,37.4811776,126.9095731,11210720.0,조원동,정상 지오코딩
5015,관악구,조원로 25,힐스테이트 뉴포레아파트 뒤편 놀이터 부근 대로변(신사로),도로변(횡단보도 포함),일반쓰레기,37.4837083,126.9054333,11210720.0,조원동,정상 지오코딩
5016,관악구,조원로 25,힐스테이트 뉴포레아파트 뒤편 놀이터 부근 대로변(신사로),도로변(횡단보도 포함),재활용쓰레기,37.4837083,126.9054333,11210720.0,조원동,정상 지오코딩
5017,관악구,남부순환로 1383,독도참치 앞 신호등 부근,도로변(횡단보도 포함),일반쓰레기,37.4802505,126.9044696,11210720.0,조원동,정상 지오코딩
5018,관악구,남부순환로 1383,독도참치 앞 신호등 부근,도로변(횡단보도 포함),재활용쓰레기,37.4802505,126.9044696,11210720.0,조원동,정상 지오코딩
5019,관악구,쑥고개로 97,오븐마루 앞,도로변(횡단보도 포함),일반쓰레기,37.4793042,126.9474845,11210800.0,청룡동,정상 지오코딩
5020,관악구,난곡로 211,건물 앞 가로수 옆,도로변(횡단보도 포함),일반쓰레기,37.4735972,126.9180189,11210810.0,난곡동,정상 지오코딩
5021,관악구,난곡로 211,건물 앞 가로수 옆,도로변(횡단보도 포함),재활용쓰레기,37.4735972,126.9180189,11210810.0,난곡동,정상 지오코딩
5022,관악구,난곡로 162,난곡보건분소 맞은편 대로변 가로수 옆,도로변(횡단보도 포함),일반쓰레기,37.4694916,126.9203288,11210810.0,난곡동,정상 지오코딩
5023,관악구,난곡로 162,난곡보건분소 맞은편 대로변 가로수 옆,도로변(횡단보도 포함),재활용쓰레기,37.4694916,126.9203288,11210810.0,난곡동,정상 지오코딩
5024,관악구,난곡로 93,난향동공영차고지(21502) 앞 전봇대 옆,도로변(횡단보도 포함),일반쓰레기,37.4638666,126.9184265,11210710.0,난향동,정상 지오코딩
5025,관악구,난곡로 93,난향동공영차고지(21502) 앞 전봇대 옆,도로변(횡단보도 포함),재활용쓰레기,37.4638666,126.9184265,11210710.0,난향동,정상 지오코딩
5026,관악구,관악구 문성로 187,관악세무서 앞 버스정류장(21792),"정류소(버스,택시 등)",일반쓰레기,37.4793364,126.9243295,11210650.0,신원동,정상 지오코딩
5027,관악구,관악구 문성로 187,관악세무서 앞 버스정류장(21792),"정류소(버스,택시 등)",재활용쓰레기,37.4793364,126.9243295,11210650.0,신원동,정상 지오코딩
5028,관악구,낙성대로15길 66,인헌아파트 버스정류장(21663) 전화 부스 앞,"정류소(버스,택시 등)",일반쓰레기,37.4680348,126.961769,11210580.0,낙성대동,정상 지오코딩
5029,관악구,낙성대로15길 66,인헌아파트 버스정류장(21663) 전화 부스 앞,"정류소(버스,택시 등)",재활용쓰레기,37.4680348,126.961769,11210580.0,낙성대동,정상 지오코딩
5030,관악구,난곡로282,삼모프라임과 나은요양원 사이 전봇대 나무 사이,도로변(횡단보도 포함),일반쓰레기,37.4791377,126.9152774,11210830.0,미성동,정상 지오코딩
5031,관악구,난곡로282,삼모프라임과 나은요양원 사이 전봇대 나무 사이,도로변(횡단보도 포함),재활용쓰레기,37.4791377,126.9152774,11210830.0,미성동,정상 지오코딩
5032,관악구,신림동길 14,신림동 주민센터 입구 앞,도로변(횡단보도 포함),일반쓰레기,37.4870561,126.9266175,11210690.0,신림동,인근 도로명번지 추정(번지차 5)
5033,관악구,신림동길 14,신림동 주민센터 입구 앞,도로변(횡단보도 포함),재활용쓰레기,37.4870561,126.9266175,11210690.0,신림동,인근 도로명번지 추정(번지차 5)
5034,관악구,관악로 97,관악소방서 앞 단속중 표시 밑,도로변(횡단보도 포함),일반쓰레기,37.4741248,126.9526855,11210800.0,청룡동,정상 지오코딩
5035,관악구,관악로 97,관악소방서 앞 단속중 표시 밑,도로변(횡단보도 포함),재활용쓰레기,37.4741248,126.9526855,11210800.0,청룡동,정상 지오코딩
5036,관악구,관악로 85,서울여상.서울문영여중고앞 버스정류장(21141) 옆 가로수쪽,"정류소(버스,택시 등)",일반쓰레기,37.4729046,126.9509181,11210800.0,청룡동,정상 지오코딩
5037,관악구,관악로 85,서울여상.서울문영여중고앞 버스정류장(21141) 옆 가로수쪽,"정류소(버스,택시 등)",재활용쓰레기,37.4729046,126.9509181,11210800.0,청룡동,정상 지오코딩
5038,관악구,관악로 1,서울대학교.치과병원.동물병원 버스정류장(21374) 뒤로 붙여서,"정류소(버스,택시 등)",일반쓰레기,37.4662873,126.9481564,11210730.0,대학동,정상 지오코딩
5039,관악구,관악로 1,서울대학교.치과병원.동물병원 버스정류장(21374) 뒤로 붙여서,"정류소(버스,택시 등)",재활용쓰레기,37.4662873,126.9481564,11210730.0,대학동,정상 지오코딩
5040,관악구,신림동 217-5,나들목공원 따릉이 정류소 앞 펜스쪽으로 붙여서,도로변(횡단보도 포함),일반쓰레기,37.4693517,126.9444418,11210730.0,대학동,정상 지오코딩
5041,관악구,신림동 217-5,나들목공원 따릉이 정류소 앞 펜스쪽으로 붙여서,도로변(횡단보도 포함),재활용쓰레기,37.4693517,126.9444418,11210730.0,대학동,정상 지오코딩
5042,관악구,신림로 246,예음뮤직 앞 나무 전봇대 사이,"정류소(버스,택시 등)",일반쓰레기,37.478003,126.9341947,11210640.0,서원동,정상 지오코딩
5043,관악구,신림로 246,예음뮤직 앞 나무 전봇대 사이,"정류소(버스,택시 등)",재활용쓰레기,37.478003,126.9341947,11210640.0,서원동,정상 지오코딩
5044,관악구,남부순환로 1491,관악가족행복센터 계단내려오는부근 나무 옆,도로변(횡단보도 포함),일반쓰레기,37.4824644,126.9164058,11210680.0,신사동,정상 지오코딩
5045,관악구,남부순환로 1491,관악가족행복센터 계단내려오는부근 나무 옆,도로변(횡단보도 포함),재활용쓰레기,37.4824644,126.9164058,11210680.0,신사동,정상 지오코딩
5046,관악구,남부순환로 1440,그레이스파티 앞 펜스에 붙여서,도로변(횡단보도 포함),일반쓰레기,37.4807653,126.910726,11210830.0,미성동,정상 지오코딩
5047,관악구,남부순환로 1440,그레이스파티 앞 펜스에 붙여서,도로변(횡단보도 포함),재활용쓰레기,37.4807653,126.910726,11210830.0,미성동,정상 지오코딩
5048,관악구,남부순환로 1415,영일중고사랑 앞 나무와 가로등 사이,"정류소(버스,택시 등)",일반쓰레기,37.4808612,126.9078624,11210720.0,조원동,정상 지오코딩
5049,관악구,남부순환로 1415,영일중고사랑 앞 나무와 가로등 사이,"정류소(버스,택시 등)",재활용쓰레기,37.4808612,126.9078624,11210720.0,조원동,정상 지오코딩
5050,관악구,난곡로 333,평화어린이집 앞 나무 옆,도로변(횡단보도 포함),일반쓰레기,37.4838014,126.9139126,11210720.0,조원동,정상 지오코딩
5051,관악구,난곡로 333,평화어린이집 앞 나무 옆,도로변(횡단보도 포함),재활용쓰레기,37.4838014,126.9139126,11210720.0,조원동,정상 지오코딩
5052,관악구,난곡로 324,신대방베스트원오피스텔 앞 제설함 옆,"정류소(버스,택시 등)",일반쓰레기,37.4830305,126.9146265,11210680.0,신사동,정상 지오코딩
5053,관악구,난곡로 324,신대방베스트원오피스텔 앞 제설함 옆,"정류소(버스,택시 등)",재활용쓰레기,37.4830305,126.9146265,11210680.0,신사동,정상 지오코딩
5054,관악구,신림로 304,GS25 신림왕성점 앞 전봇대 옆,도로변(횡단보도 포함),일반쓰레기,37.4813637,126.9302239,11210640.0,서원동,정상 지오코딩
5055,관악구,신림로 304,GS25 신림왕성점 앞 전봇대 옆,도로변(횡단보도 포함),재활용쓰레기,37.4813637,126.9302239,11210640.0,서원동,정상 지오코딩
5056,관악구,신림로 310,신림사거리 버스정류장(21148) 앞,"정류소(버스,택시 등)",일반쓰레기,37.4819355,126.9301852,11210640.0,서원동,정상 지오코딩
5057,관악구,신림로 310,신림사거리 버스정류장(21148) 앞,"정류소(버스,택시 등)",재활용쓰레기,37.4819355,126.9301852,11210640.0,서원동,정상 지오코딩
5058,관악구,신사로 92 맞은편,"신대방역 버스정류장(21225, 20937) 앞","정류소(버스,택시 등)",일반쓰레기,37.486596,126.9130076,11210720.0,조원동,정상 지오코딩
5059,관악구,신사로 92 맞은편,"신대방역 버스정류장(21225, 20937) 앞","정류소(버스,택시 등)",재활용쓰레기,37.486596,126.9130076,11210720.0,조원동,정상 지오코딩
5060,관악구,신림로 377,남서울중앙교회 앞,도로변(횡단보도 포함),일반쓰레기,37.4879235,126.9282886,11210690.0,신림동,정상 지오코딩
5061,관악구,신림로 377,남서울중앙교회 앞,도로변(횡단보도 포함),재활용쓰레기,37.4879235,126.9282886,11210690.0,신림동,정상 지오코딩
5062,관악구,신림로 376,뱅뱅 관악점 앞,도로변(횡단보도 포함),일반쓰레기,37.4879105,126.9289325,11210690.0,신림동,정상 지오코딩
5063,관악구,신림로 376,뱅뱅 관악점 앞,도로변(횡단보도 포함),재활용쓰레기,37.4879105,126.9289325,11210690.0,신림동,정상 지오코딩
5064,관악구,관악로 172,ABC마트 앞 ,"정류소(버스,택시 등)",일반쓰레기,37.4805127,126.9529494,11210580.0,낙성대동,정상 지오코딩
5065,관악구,관악로 172,ABC마트 앞 ,"정류소(버스,택시 등)",재활용쓰레기,37.4805127,126.9529494,11210580.0,낙성대동,정상 지오코딩
5066,관악구,남부순환로 1801,NH농협은행 서울대역센터지점 앞 나무에 붙여서,도로변(횡단보도 포함),일반쓰레기,37.4818221,126.9503819,11210610.0,중앙동,정상 지오코딩
5067,관악구,남부순환로 1801,NH농협은행 서울대역센터지점 앞 나무에 붙여서,도로변(횡단보도 포함),재활용쓰레기,37.4818221,126.9503819,11210610.0,중앙동,정상 지오코딩
5068,관악구,남부순환로 1892,서울정직한치과의원 앞 소화전 옆에 붙여서,도로변(횡단보도 포함),일반쓰레기,37.4783826,126.9595407,11210580.0,낙성대동,정상 지오코딩
5069,관악구,남부순환로 1892,서울정직한치과의원 앞 소화전 옆에 붙여서,도로변(횡단보도 포함),재활용쓰레기,37.4783826,126.9595407,11210580.0,낙성대동,정상 지오코딩
5070,관악구,신림로 201,"서림동주민센터, 신화단지 정류장(정류장번호: 21155)","정류소(버스,택시 등)",일반쓰레기,37.4756757,126.936276,11210660.0,서림동,정상 지오코딩
5071,관악구,신림로 201,"서림동주민센터, 신화단지 정류장(정류장번호: 21155)","정류소(버스,택시 등)",재활용쓰레기,37.4756757,126.936276,11210660.0,서림동,정상 지오코딩
5072,관악구,관악구 호암로 399,삼성산주공아파트 버스정류장(21171) 옆,도로변(횡단보도 포함),일반쓰레기,37.4613715,126.925455,11210820.0,삼성동,정상 지오코딩
5073,관악구,관악구 호암로 399,삼성산주공아파트 버스정류장(21171) 옆,도로변(횡단보도 포함),재활용쓰레기,37.4613715,126.925455,11210820.0,삼성동,정상 지오코딩
5074,관악구,관악구 봉천로 167,관악구 보라매집하장(타장소로 이동예정),기타 장소,일반쓰레기,37.4903812,126.9207961,11210690.0,신림동,정상 지오코딩
5075,관악구,관악구 봉천로 167,관악구 보라매집하장(타장소로 이동예정),기타 장소,재활용쓰레기,37.4903812,126.9207961,11210690.0,신림동,정상 지오코딩
5076,관악구,관악구 봉천로 167,관악구 보라매집하장(타장소로 이동예정),기타 장소,일반쓰레기,37.4903812,126.9207961,11210690.0,신림동,정상 지오코딩
5077,관악구,관악구 봉천로 167,관악구 보라매집하장(타장소로 이동예정),기타 장소,재활용쓰레기,37.4903812,126.9207961,11210690.0,신림동,정상 지오코딩
5078,관악구,쑥고개로 30,쑥고개 버스정류장(21181) 옆,"정류소(버스,택시 등)",일반쓰레기,37.4783997,126.9405363,11210800.0,청룡동,정상 지오코딩
5079,관악구,쑥고개로 30,쑥고개 버스정류장(21181) 옆,"정류소(버스,택시 등)",재활용쓰레기,37.4783997,126.9405363,11210800.0,청룡동,정상 지오코딩
5080,관악구,쑥고개로 66,크린토피아 플러스 옆,도로변(횡단보도 포함),일반쓰레기,37.479397,126.9436599,11210800.0,청룡동,정상 지오코딩
5081,관악구,쑥고개로 66,크린토피아 플러스 옆,도로변(횡단보도 포함),재활용쓰레기,37.479397,126.9436599,11210800.0,청룡동,정상 지오코딩
5082,관악구,쑥고개로 111,GS더프레시 관악점 주차장 앞,도로변(횡단보도 포함),일반쓰레기,37.4793391,126.9490155,11210800.0,청룡동,정상 지오코딩
5083,관악구,쑥고개로 111,GS더프레시 관악점 주차장 앞,도로변(횡단보도 포함),재활용쓰레기,37.4793391,126.9490155,11210800.0,청룡동,정상 지오코딩
5084,관악구,관악로 96,"서울여상,서울문영여중고 버스정류장(21129) 옆","정류소(버스,택시 등)",일반쓰레기,37.4737979,126.9534952,11210580.0,낙성대동,정상 지오코딩
5085,관악구,관악로 96,"서울여상,서울문영여중고 버스정류장(21129) 옆","정류소(버스,택시 등)",재활용쓰레기,37.4737979,126.9534952,11210580.0,낙성대동,정상 지오코딩
5086,관악구,관악로 1,"서울대학교 치과병원,동물병원 버스정류장(21373) 옆","정류소(버스,택시 등)",일반쓰레기,37.4662873,126.9481564,11210730.0,대학동,정상 지오코딩
5087,관악구,관악로 1,"서울대학교 치과병원,동물병원 버스정류장(21373) 옆","정류소(버스,택시 등)",재활용쓰레기,37.4662873,126.9481564,11210730.0,대학동,정상 지오코딩
5088,관악구,남부순환로 1842,봉천사거리 버스정류장(21121) 옆,"정류소(버스,택시 등)",일반쓰레기,37.4802904,126.9545533,11210580.0,낙성대동,정상 지오코딩
5089,관악구,남부순환로 1842,봉천사거리 버스정류장(21121) 옆,"정류소(버스,택시 등)",재활용쓰레기,37.4802904,126.9545533,11210580.0,낙성대동,정상 지오코딩
5090,관악구,신림로 153,"서울대벤처타운역,삼성동 시장 버스정류장(21156) 옆","정류소(버스,택시 등)",일반쓰레기,37.4727043,126.9329167,11210820.0,삼성동,정상 지오코딩
5091,관악구,신림로 153,"서울대벤처타운역,삼성동 시장 버스정류장(21156) 옆","정류소(버스,택시 등)",재활용쓰레기,37.4727043,126.9329167,11210820.0,삼성동,정상 지오코딩
5092,관악구,남부순환로 1904,낙성대입구 버스정류장(21123) 옆,"정류소(버스,택시 등)",일반쓰레기,37.4778656,126.9606899,11210580.0,낙성대동,정상 지오코딩
5093,관악구,남부순환로 1904,낙성대입구 버스정류장(21123) 옆,"정류소(버스,택시 등)",재활용쓰레기,37.4778656,126.9606899,11210580.0,낙성대동,정상 지오코딩
5094,관악구,신림로 40,신림중.삼성고.관악아트홀·도서관 버스정류장(21142) 옆,"정류소(버스,택시 등)",일반쓰레기,37.4703273,126.946004,11210660.0,서림동,정상 지오코딩
5095,관악구,신림로 40,신림중.삼성고.관악아트홀·도서관 버스정류장(21142) 옆,"정류소(버스,택시 등)",재활용쓰레기,37.4703273,126.946004,11210660.0,서림동,정상 지오코딩
5096,관악구,신림로 98,한남운수 서림동 차고지 앞,도로변(횡단보도 포함),일반쓰레기,37.4709514,126.93883,11210660.0,서림동,정상 지오코딩
5097,관악구,신림로 98,한남운수 서림동 차고지 앞,도로변(횡단보도 포함),재활용쓰레기,37.4709514,126.93883,11210660.0,서림동,정상 지오코딩
5098,관악구,신림로 108,신성초등학교 버스정류장(21144) 옆,"정류소(버스,택시 등)",일반쓰레기,37.4711305,126.937598,11210660.0,서림동,정상 지오코딩
5099,관악구,신림로 108,신성초등학교 버스정류장(21144) 옆,"정류소(버스,택시 등)",재활용쓰레기,37.4711305,126.937598,11210660.0,서림동,정상 지오코딩
5100,관악구,남부순환로 1468,일가한의원 앞,도로변(횡단보도 포함),일반쓰레기,37.481337,126.91373,11210830.0,미성동,정상 지오코딩
5101,관악구,남부순환로 1468,일가한의원 앞,도로변(횡단보도 포함),재활용쓰레기,37.481337,126.91373,11210830.0,미성동,정상 지오코딩
5102,관악구,남부순환로 1687,한국모터트레이딩 야마하모터싸이클 서울점 옆,도로변(횡단보도 포함),일반쓰레기,37.4842632,126.9381396,11210780.0,은천동,정상 지오코딩
5103,관악구,남부순환로 1687,한국모터트레이딩 야마하모터싸이클 서울점 옆,도로변(횡단보도 포함),재활용쓰레기,37.4842632,126.9381396,11210780.0,은천동,정상 지오코딩
5104,관악구,남부순환로 1679,KT&G관악지점 버스정류장(21107) 옆,"정류소(버스,택시 등)",일반쓰레기,37.4845469,126.9375063,11210780.0,은천동,정상 지오코딩
5105,관악구,남부순환로 1679,KT&G관악지점 버스정류장(21107) 옆,"정류소(버스,택시 등)",재활용쓰레기,37.4845469,126.9375063,11210780.0,은천동,정상 지오코딩
5106,관악구,남부순환로 1802,연소바 서울대점 앞,도로변(횡단보도 포함),일반쓰레기,37.4811701,126.9502849,11210800.0,청룡동,정상 지오코딩
5107,관악구,남부순환로 1802,연소바 서울대점 앞,도로변(횡단보도 포함),재활용쓰레기,37.4811701,126.9502849,11210800.0,청룡동,정상 지오코딩
5108,관악구,호암로 20길 1,"미림고개,고시촌입구 버스정류장(21179) 옆","정류소(버스,택시 등)",일반쓰레기,37.4677931,126.9321635,11210730.0,대학동,정상 지오코딩
5109,관악구,호암로 20길 1,"미림고개,고시촌입구 버스정류장(21179) 옆","정류소(버스,택시 등)",재활용쓰레기,37.4677931,126.9321635,11210730.0,대학동,정상 지오코딩
5110,관악구,호암로 541,"미림여고, 미림여자정보과학고 버스정류장(21167) 옆","정류소(버스,택시 등)",일반쓰레기,37.4660217,126.931073,11210820.0,삼성동,정상 지오코딩
5111,관악구,호암로 541,"미림여고, 미림여자정보과학고 버스정류장(21167) 옆","정류소(버스,택시 등)",재활용쓰레기,37.4660217,126.931073,11210820.0,삼성동,정상 지오코딩
5112,관악구,호암로 498,신우초등학교 버스정류장(21168) 옆,"정류소(버스,택시 등)",일반쓰레기,37.4632725,126.9325352,11210820.0,삼성동,정상 지오코딩
5113,관악구,호암로 498,신우초등학교 버스정류장(21168) 옆,"정류소(버스,택시 등)",재활용쓰레기,37.4632725,126.9325352,11210820.0,삼성동,정상 지오코딩
5114,관악구,호암로 417,산장아파트 버스정류장(21170) 옆,"정류소(버스,택시 등)",일반쓰레기,37.4613351,126.9274799,11210820.0,삼성동,정상 지오코딩
5115,관악구,호암로 417,산장아파트 버스정류장(21170) 옆,"정류소(버스,택시 등)",재활용쓰레기,37.4613351,126.9274799,11210820.0,삼성동,정상 지오코딩
5116,관악구,난곡로 38 ,관악산휴먼시아아파트 1단지 버스정류장(21266) 옆,"정류소(버스,택시 등)",일반쓰레기,37.4607201,126.9210072,11210710.0,난향동,정상 지오코딩
5117,관악구,난곡로 38 ,관악산휴먼시아아파트 1단지 버스정류장(21266) 옆,"정류소(버스,택시 등)",재활용쓰레기,37.4607201,126.9210072,11210710.0,난향동,정상 지오코딩
5118,관악구,난곡로 78,난곡주민도서관 앞,도로변(횡단보도 포함),일반쓰레기,37.4624572,126.9192452,11210710.0,난향동,정상 지오코딩
5119,관악구,난곡로 78,난곡주민도서관 앞,도로변(횡단보도 포함),재활용쓰레기,37.4624572,126.9192452,11210710.0,난향동,정상 지오코딩
5120,관악구,난곡로 71,면류관교회 옆,도로변(횡단보도 포함),일반쓰레기,37.4618974,126.9187547,11210710.0,난향동,정상 지오코딩
5121,관악구,난곡로 71,면류관교회 옆,도로변(횡단보도 포함),재활용쓰레기,37.4618974,126.9187547,11210710.0,난향동,정상 지오코딩
5122,관악구,조원로 25,조원생활스포츠 센터 앞,도로변(횡단보도 포함),일반쓰레기,37.4837083,126.9054333,11210720.0,조원동,정상 지오코딩
5123,관악구,조원로 25,조원생활스포츠 센터 앞,도로변(횡단보도 포함),재활용쓰레기,37.4837083,126.9054333,11210720.0,조원동,정상 지오코딩
5124,관악구,조원로 16길,"신도브래뉴 아파트,구펭귄아파트 버스정류장(21742) 옆","정류소(버스,택시 등)",일반쓰레기,37.483074,126.911111,11210720.0,조원동,정상 지오코딩
5125,관악구,조원로 16길,"신도브래뉴 아파트,구펭귄아파트 버스정류장(21742) 옆","정류소(버스,택시 등)",재활용쓰레기,37.483074,126.911111,11210720.0,조원동,정상 지오코딩
5126,관악구,신림로 98,대학동 고시촌입구 버스정류장(21157)옆,"정류소(버스,택시 등)",일반쓰레기,37.4709514,126.93883,11210660.0,서림동,정상 지오코딩
5127,관악구,신림로 98,대학동 고시촌입구 버스정류장(21157)옆,"정류소(버스,택시 등)",재활용쓰레기,37.4709514,126.93883,11210660.0,서림동,정상 지오코딩
5128,관악구,신림로 75,무지개출력 앞,도로변(횡단보도 포함),일반쓰레기,37.4704696,126.9410665,11210730.0,대학동,정상 지오코딩
5129,관악구,신림로 75,무지개출력 앞,도로변(횡단보도 포함),재활용쓰레기,37.4704696,126.9410665,11210730.0,대학동,정상 지오코딩
5130,관악구,신림로 41,삼성고등학교 앞,도로변(횡단보도 포함),일반쓰레기,37.4691077,126.9440108,11210730.0,대학동,정상 지오코딩
5131,관악구,신림로 41,삼성고등학교 앞,도로변(횡단보도 포함),재활용쓰레기,37.4691077,126.9440108,11210730.0,대학동,정상 지오코딩
5132,관악구,신림로 129,매일식당 옆 ,도로변(횡단보도 포함),일반쓰레기,37.4708558,126.9349262,11210730.0,대학동,정상 지오코딩
5133,관악구,신림로 129,매일식당 옆 ,도로변(횡단보도 포함),재활용쓰레기,37.4708558,126.9349262,11210730.0,대학동,정상 지오코딩
5134,관악구,양녕로 63,경기닭축산 건물 옆,도로변(횡단보도 포함),일반쓰레기,37.4875903,126.9464095,11210780.0,은천동,정상 지오코딩
5135,관악구,양녕로 63,경기닭축산 건물 옆,도로변(횡단보도 포함),재활용쓰레기,37.4875903,126.9464095,11210780.0,은천동,정상 지오코딩
5136,관악구,은천로 69,은천초등학교 앞,도로변(횡단보도 포함),일반쓰레기,37.4865852,126.9426791,11210780.0,은천동,정상 지오코딩
5137,관악구,은천로 69,은천초등학교 앞,도로변(횡단보도 포함),재활용쓰레기,37.4865852,126.9426791,11210780.0,은천동,정상 지오코딩
5138,관악구,은천로 118,스타벅스 봉천현대시장점 앞,도로변(횡단보도 포함),일반쓰레기,37.4865773,126.9482971,11210610.0,중앙동,정상 지오코딩
5139,관악구,은천로 118,스타벅스 봉천현대시장점 앞,도로변(횡단보도 포함),재활용쓰레기,37.4865773,126.9482971,11210610.0,중앙동,정상 지오코딩
5140,관악구,호암로 453,삼성산성지 버스정류장(21169) 옆,"정류소(버스,택시 등)",일반쓰레기,37.4588231,126.9296093,11210820.0,삼성동,정상 지오코딩
5141,관악구,호암로 453,삼성산성지 버스정류장(21169) 옆,"정류소(버스,택시 등)",재활용쓰레기,37.4588231,126.9296093,11210820.0,삼성동,정상 지오코딩
5142,관악구,호암로 587,삼성동주민센터 버스정류장(21165) 옆,"정류소(버스,택시 등)",일반쓰레기,37.4698888,126.9328845,11210820.0,삼성동,정상 지오코딩
5143,관악구,호암로 587,삼성동주민센터 버스정류장(21165) 옆,"정류소(버스,택시 등)",재활용쓰레기,37.4698888,126.9328845,11210820.0,삼성동,정상 지오코딩
5144,관악구,난곡로 38 ,관악산휴먼시아아파트 1단지 버스정류장(21267) 옆,"정류소(버스,택시 등)",일반쓰레기,37.4607201,126.9210072,11210710.0,난향동,정상 지오코딩
5145,관악구,난곡로 38 ,관악산휴먼시아아파트 1단지 버스정류장(21267) 옆,"정류소(버스,택시 등)",재활용쓰레기,37.4607201,126.9210072,11210710.0,난향동,정상 지오코딩
5146,관악구,신림역 7번 출구,신림역 7번출구,지하철역 입구,재활용쓰레기,37.484697,126.9298196,11210690.0,신림동,정상 지오코딩
5147,관악구,관악로 105,관악로 105 앞,도로변(횡단보도 포함),재활용쓰레기,37.4746296,126.9525993,11210800.0,청룡동,정상 지오코딩
5148,관악구,신림로 315,연세공감치과의원 앞,도로변(횡단보도 포함),재활용쓰레기,37.4824893,126.9296275,11210640.0,서원동,정상 지오코딩
5149,관악구,신림로 347,우리은행 앞,도로변(횡단보도 포함),재활용쓰레기,37.4853489,126.9292386,11210690.0,신림동,정상 지오코딩
5150,관악구,신림로 355-1,스타벅스 신림점 앞,도로변(횡단보도 포함),재활용쓰레기,37.4860989,126.9291718,11210690.0,신림동,정상 지오코딩
5151,관악구,난우길58,하이포토 앞,도로변(횡단보도 포함),재활용쓰레기,37.4776252,126.9167568,11210830.0,미성동,정상 지오코딩
5152,관악구,남부순환로 1545,남부초등학교 버스정류장(21109) 앞,"정류소(버스,택시 등)",재활용쓰레기,37.4834858,126.9221799,11210680.0,신사동,정상 지오코딩
5153,관악구,관악로 237,고고플라워 앞,도로변(횡단보도 포함),재활용쓰레기,37.4858643,126.955955,11210790.0,성현동,정상 지오코딩
5154,관악구,보라매집하장,보라매집하장 입구 오른쪽(타장소로 이동예정),기타 장소,재활용쓰레기,37.4904001,126.9209198,11210690.0,신림동,정상 지오코딩
5155,관악구,서울대입구역 1번 출구,서울대입구역 1번 출구,지하철역 입구,재활용쓰레기,37.4808972,126.9531476,11210580.0,낙성대동,정상 지오코딩
5156,관악구,쑥고개로 97,오븐마루 앞,도로변(횡단보도 포함),재활용쓰레기,37.4793042,126.9474845,11210800.0,청룡동,정상 지오코딩
5157,관악구,보라매집하장,보라매집하장 입구 오른쪽(타장소로 이동예정),기타 장소,재활용쓰레기,37.4904001,126.9209198,11210690.0,신림동,정상 지오코딩
5158,관악구,관악로14길 70,고기굽는 사람들 앞 전신주,상가지역,담배꽁초 수거함,37.4782408,126.9563475,11210580.0,낙성대동,정상 지오코딩
5159,관악구,관악로14길 70,면화당 앞 전신주,상가지역,담배꽁초 수거함,37.4782408,126.9563475,11210580.0,낙성대동,정상 지오코딩
5160,관악구,난우10가길 40,주차장,"광장, 공원",담배꽁초 수거함,37.4776017,126.9199415,11210830.0,미성동,정상 지오코딩
5161,관악구,난곡로 233 ,건물 뒤편,기타,담배꽁초 수거함,37.4751424,126.9165751,11210830.0,미성동,정상 지오코딩
5162,관악구,난곡로 220,건물 벽면 밑,상가지역,담배꽁초 수거함,37.4742854,126.9180585,11210830.0,미성동,정상 지오코딩
5163,관악구,조원로 12-2,가로등 앞,상가지역,담배꽁초 수거함,37.483626,126.9039041,11210720.0,조원동,인근 도로명번지 추정(번지차 1)
5164,관악구,시흥대로 566,상무초밥 주차장앞,상가지역,담배꽁초 수거함,37.4832011,126.9023577,11210720.0,조원동,정상 지오코딩
5165,관악구,조원로10-1,은행골앞,상가지역,담배꽁초 수거함,37.4832968,126.9034492,11210720.0,조원동,정상 지오코딩
5166,관악구,남부순환로1369,주차장 입구,상가지역,담배꽁초 수거함,37.4801331,126.9029078,11210720.0,조원동,정상 지오코딩
5167,관악구,난곡로365-13,코너,상가지역,담배꽁초 수거함,37.4862704,126.9128468,11210720.0,조원동,정상 지오코딩
5168,관악구,난곡로367,주차장입구,상가지역,담배꽁초 수거함,37.486701,126.9133541,11210720.0,조원동,정상 지오코딩
5169,관악구,난곡로65길2,횡단보도 앞,상가지역,담배꽁초 수거함,37.4825001,126.9140266,11210720.0,조원동,정상 지오코딩
5170,관악구,조원로13,이모네곱창앞,상가지역,담배꽁초 수거함,37.483626,126.9039041,11210720.0,조원동,정상 지오코딩
5171,관악구,신원로3길 13,주민센터 주차장 뒤편,기타,담배꽁초 수거함,37.4816106,126.9273799,11210650.0,신원동,정상 지오코딩
5172,관악구,신원로3길 13,주민센터 주차장 뒤편,기타,담배꽁초 수거함,37.4816106,126.9273799,11210650.0,신원동,정상 지오코딩
5173,관악구,봉천로14길 17,더카페 앞,상가지역,담배꽁초 수거함,37.4874933,126.930416,11210690.0,신림동,정상 지오코딩
5174,관악구,봉천로 412,현대자동차 블루핸즈(관악안전자동차 검사장) 앞 화단,상가지역,담배꽁초 수거함,37.4824866,126.9455949,11210780.0,은천동,정상 지오코딩
5175,관악구,봉천로 407,가야촌 유황오리 앞 횡단보도변,상가지역,담배꽁초 수거함,37.4831878,126.9451733,11210780.0,은천동,정상 지오코딩
5176,관악구,양녕로 45,농장사람들 현대시장직영점 건물 옆,상가지역,담배꽁초 수거함,37.4861173,126.9466621,11210780.0,은천동,정상 지오코딩
5177,관악구,양녕로 9,한국부동산 앞,상가지역,담배꽁초 수거함,37.4830707,126.9463182,11210780.0,은천동,정상 지오코딩
5178,관악구,과천대로 945,건물 뒷편,상가지역,담배꽁초 수거함,37.4749813,126.9813842,11210630.0,남현동,정상 지오코딩
5179,관악구,과천대로 945,건물 뒷편,상가지역,담배꽁초 수거함,37.4749813,126.9813842,11210630.0,남현동,정상 지오코딩
5180,관악구,과천대로 953,건물 뒷편,상가지역,담배꽁초 수거함,37.4756966,126.9812794,11210630.0,남현동,정상 지오코딩
5181,관악구,서울 관악구 관악로 172,상가앞,상가지역,담배꽁초 수거함,37.4805127,126.9529494,11210580.0,낙성대동,API 재시도-주소검색-원본
5182,관악구,신림로 328,건물 옆면,상가지역,담배꽁초 수거함,37.4834547,126.9299829,11210640.0,서원동,정상 지오코딩
5183,관악구,신림로 328,건물 옆면,상가지역,담배꽁초 수거함,37.4834547,126.9299829,11210640.0,서원동,정상 지오코딩
5184,관악구,서울 관악구 신림동 1471-5,,"광장, 공원",담배꽁초 수거함,37.4851365,126.9265968,11210690.0,신림동,API 재시도-주소검색-원본
5185,관악구,과천대로 945,건물 뒷편,상가지역,담배꽁초 수거함,37.4749813,126.9813842,11210630.0,남현동,정상 지오코딩
5186,관악구,신림로 328,건물 옆면,상가지역,담배꽁초 수거함,37.4834547,126.9299829,11210640.0,서원동,정상 지오코딩
5187,관악구,신사로10길 108,상가 앞,상가지역,담배꽁초 수거함,37.4872286,126.914683,11210680.0,신사동,인근 도로명번지 추정(번지차 99)
5188,관악구,신사로10길 8,상가 앞,상가지역,담배꽁초 수거함,37.4871591,126.9144676,11210680.0,신사동,정상 지오코딩
5189,관악구,신사로10길 9,상가 앞,상가지역,담배꽁초 수거함,37.4872286,126.914683,11210680.0,신사동,정상 지오코딩
5190,관악구,남부순환로 1600-7,상가 앞,상가지역,담배꽁초 수거함,37.4838299,126.9288823,11210640.0,서원동,정상 지오코딩
5191,관악구,남부순환로 1600-11,상가 앞,상가지역,담배꽁초 수거함,37.4837206,126.9290874,11210640.0,서원동,정상 지오코딩
5192,관악구,남부순환로 1600-21,상가 앞,상가지역,담배꽁초 수거함,37.4836414,126.9292482,11210640.0,서원동,정상 지오코딩
5193,관악구,신림로59길 145,상가 앞,상가지역,담배꽁초 수거함,37.4829945,126.928368,11210640.0,서원동,인근 도로명번지 추정(번지차 121)
5194,관악구,신림로59길 8,상가 앞,상가지역,담배꽁초 수거함,37.4831829,126.9293703,11210640.0,서원동,정상 지오코딩
5195,관악구,신림로59길 12,상가 앞,상가지역,담배꽁초 수거함,37.4833604,126.929194,11210640.0,서원동,정상 지오코딩
5196,관악구,신림로59길 17,상가 앞,상가지역,담배꽁초 수거함,37.4829532,126.9287764,11210640.0,서원동,정상 지오코딩
5197,관악구,신림로59길 24,상가 앞,상가지역,담배꽁초 수거함,37.4829945,126.928368,11210640.0,서원동,정상 지오코딩
5198,관악구,신원로38,상가 앞,상가지역,담배꽁초 수거함,37.4819176,126.9293784,11210640.0,서원동,정상 지오코딩
5199,관악구,신림로 309,상가 앞,상가지역,담배꽁초 수거함,37.4820078,126.9296422,11210640.0,서원동,정상 지오코딩
5200,관악구,신림로 40-9,상가 앞,상가지역,담배꽁초 수거함,37.4703273,126.946004,11210660.0,서림동,인근 도로명번지 추정(번지차 0)
5201,관악구,신림로 40-16,상가 앞,상가지역,담배꽁초 수거함,37.4703273,126.946004,11210660.0,서림동,인근 도로명번지 추정(번지차 0)
5202,관악구,신림로 328,건물 옆면,상가지역,담배꽁초 수거함,37.4834547,126.9299829,11210640.0,서원동,정상 지오코딩
5203,관악구,신림로 328,건물 옆면,상가지역,담배꽁초 수거함,37.4834547,126.9299829,11210640.0,서원동,정상 지오코딩
5204,관악구,신림로111,대학동주민센터 앞 도로변,도로변(횡단보도 포함),담배꽁초 수거함,37.470596,126.9369573,11210730.0,대학동,정상 지오코딩
5205,관악구,대학18길30-5,주택 앞,기타,담배꽁초 수거함,37.4646511,126.9365915,11210730.0,대학동,정상 지오코딩
5206,관악구,신림로29길 6 ,주민센터 주차장 뒤편,기타,담배꽁초 수거함,37.4749959,126.9349996,11210660.0,서림동,정상 지오코딩
5207,관악구,서림11가길 28 옆 계단,계단과 계단 사이 공간,기타,담배꽁초 수거함,37.4712703,126.9415856,11210660.0,서림동,정상 지오코딩
5208,관악구,신림로 140 맞은편,무인판매대 옆,상가지역,담배꽁초 수거함,37.4718304,126.9343545,11210660.0,서림동,정상 지오코딩
5209,관악구,신림로 140-6 맞은편,간이 휴게실 안,상가지역,담배꽁초 수거함,37.4720076,126.9344485,11210660.0,서림동,정상 지오코딩
5210,관악구,신림로18가길 23,건물 앞,상가지역,담배꽁초 수거함,37.4719593,126.9350122,11210660.0,서림동,정상 지오코딩
5211,관악구,신림로26길 24-12 ,가게 앞,상가지역,담배꽁초 수거함,37.4724281,126.9346614,11210660.0,서림동,정상 지오코딩
5212,관악구,신림로26길 21 ,가게 앞,상가지역,담배꽁초 수거함,37.4729943,126.9348716,11210660.0,서림동,정상 지오코딩
5213,관악구,신림로26길 13,가게 앞,상가지역,담배꽁초 수거함,37.4730424,126.9343748,11210660.0,서림동,정상 지오코딩
5214,관악구,서울특별시 관악구 청림길 12,주차장,상가지역,담배꽁초 수거함,37.4881887,126.9593577,11210540.0,청림동,API 재시도-주소검색-원본
5215,관악구,청림6길 20,상가앞,상가지역,담배꽁초 수거함,37.4867002,126.9591872,11210540.0,청림동,정상 지오코딩
5216,관악구,남부순환로 1583,공원,"광장, 공원",담배꽁초 수거함,37.4840578,126.9264804,11210690.0,신림동,정상 지오코딩
5217,관악구,신림로29길 6 ,주민센터 주차장 뒤편,기타,담배꽁초 수거함,37.4749959,126.9349996,11210660.0,서림동,정상 지오코딩
5218,관악구,서림11가길 28 옆 계단,계단과 계단 사이 공간,기타,담배꽁초 수거함,37.4712703,126.9415856,11210660.0,서림동,정상 지오코딩
5219,관악구,신림로 140 맞은편,무인판매대 옆,상가지역,담배꽁초 수거함,37.4718304,126.9343545,11210660.0,서림동,정상 지오코딩
5220,관악구,신림로 140-6 맞은편,간이 휴게실 안,상가지역,담배꽁초 수거함,37.4720076,126.9344485,11210660.0,서림동,정상 지오코딩
5221,관악구,신림로18가길 23,건물 앞,상가지역,담배꽁초 수거함,37.4719593,126.9350122,11210660.0,서림동,정상 지오코딩
5222,관악구,신림로26길 24-12 ,가게 앞,상가지역,담배꽁초 수거함,37.4724281,126.9346614,11210660.0,서림동,정상 지오코딩
5223,관악구,신림로26길 21 ,가게 앞,상가지역,담배꽁초 수거함,37.4729943,126.9348716,11210660.0,서림동,정상 지오코딩
5224,관악구,신림로26길 13,가게 앞,상가지역,담배꽁초 수거함,37.4730424,126.9343748,11210660.0,서림동,정상 지오코딩
5225,관악구,신림로22길 24,건물 앞,상가지역,담배꽁초 수거함,37.4723367,126.9356847,11210660.0,서림동,정상 지오코딩
5226,관악구,신림로111,대학동주민센터 앞 도로변,도로변(횡단보도 포함),담배꽁초 수거함,37.470596,126.9369573,11210730.0,대학동,정상 지오코딩
5227,관악구,대학18길30-5,주택 앞,기타,담배꽁초 수거함,37.4646511,126.9365915,11210730.0,대학동,정상 지오코딩
5228,관악구,봉천로 279-8(주민센터),주차장,기타,담배꽁초 수거함,37.4881759,126.932778,11210520.0,보라매동,정상 지오코딩
5229,관악구,서울특별시 관악구 청림길 12,주차장,상가지역,담배꽁초 수거함,37.4881887,126.9593577,11210540.0,청림동,API 재시도-주소검색-원본
5230,관악구,청림6길 20,상가앞,상가지역,담배꽁초 수거함,37.4867002,126.9591872,11210540.0,청림동,정상 지오코딩
5231,관악구,관악로 172,서울대입구역2번출구 ABC마트,상가지역,담배꽁초 수거함,37.4805127,126.9529494,11210580.0,낙성대동,정상 지오코딩
5232,관악구,신림로 328,타임스트림 주차장 진입로 우편 ,상가지역,담배꽁초 수거함,37.4834547,126.9299829,11210640.0,서원동,정상 지오코딩
5233,관악구,신림로 339,공사판 벽 근처 부동산 앞,상가지역,담배꽁초 수거함,37.4845587,126.9292787,11210690.0,신림동,정상 지오코딩
5234,관악구,관천로 79,,상가지역,담배꽁초 수거함,37.4856056,126.9235566,11210680.0,신사동,정상 지오코딩
5235,관악구,남부순환로 1599-4,장어가게 ,상가지역,담배꽁초 수거함,37.4845321,126.9284255,11210690.0,신림동,정상 지오코딩
5236,관악구,남부순환로 1599-4,장어가게 ,상가지역,담배꽁초 수거함,37.4845321,126.9284255,11210690.0,신림동,정상 지오코딩
5237,관악구,신사로10길 6,경찰지구대 앞,상가지역,담배꽁초 수거함,37.4872573,126.9143764,11210680.0,신사동,정상 지오코딩
5238,관악구,남부순환로 1487,,상가지역,담배꽁초 수거함,37.482381,126.9159691,11210680.0,신사동,정상 지오코딩
5239,관악구,관천로11길 112,,상가지역,담배꽁초 수거함,37.4833508,126.9186932,11210680.0,신사동,정상 지오코딩
5240,관악구,관천로45-1,"생생조개 1,2",상가지역,담배꽁초 수거함,37.4833312,126.9261663,11210650.0,신원동,정상 지오코딩
5241,관악구,남부순환로 1770,짬뽕지존 봉천점,상가지역,담배꽁초 수거함,37.4816376,126.9466535,11210800.0,청룡동,정상 지오코딩
5242,관악구,남부순환로 1718,버거스 올마이티 가게 근처,상가지역,담배꽁초 수거함,37.4824557,126.940812,11210800.0,청룡동,정상 지오코딩
5243,관악구,봉천로 493,플러스치킨 앞,상가지역,담배꽁초 수거함,37.4816773,126.9547568,11210570.0,행운동,정상 지오코딩
5244,관악구,봉천로53길 6,,상가지역,담배꽁초 수거함,37.4821092,126.9543018,11210570.0,행운동,정상 지오코딩
5245,관악구,봉천동 40-26,한빛오피스텔 뒤쪽,상가지역,담배꽁초 수거함,37.4861497,126.9557049,11210790.0,성현동,정상 지오코딩
5246,관악구,은천로23길 16,발해화장품 앞,상가지역,담배꽁초 수거함,37.4873512,126.9482829,11210790.0,성현동,정상 지오코딩
5247,관악구,남부순환로 1895,한양화로 음식점 앞,상가지역,담배꽁초 수거함,37.4787202,126.9602848,11210570.0,행운동,정상 지오코딩
5248,관악구,솔밭로2길 21,프로부동산 중개법인 가게 앞,상가지역,담배꽁초 수거함,37.4778358,126.9639074,11210570.0,행운동,정상 지오코딩
5249,관악구,남부순환로230길 26,야구장 앞,상가지역,담배꽁초 수거함,37.4789763,126.9553724,11210580.0,낙성대동,정상 지오코딩
5250,관악구,신림로 354,다이소 건물 옆 골목길,상가지역,담배꽁초 수거함,37.4859847,126.9299458,11210690.0,신림동,정상 지오코딩
5251,관악구,신림동 1433-26,신림역 6번 출구,상가지역,담배꽁초 수거함,37.4845883,126.9289152,11210690.0,신림동,정상 지오코딩
5252,관악구,남부순환로161가길 20,치킨마루 신사시장점,상가지역,담배꽁초 수거함,37.4851258,126.9176515,11210680.0,신사동,정상 지오코딩
5253,관악구,신원로15-1,음식점(황토밭) 옆,상가지역,담배꽁초 수거함,37.4808816,126.9275834,11210650.0,신원동,정상 지오코딩
5254,관악구,서울특별시 관악구 남부순환로141길 22,,상가지역,담배꽁초 수거함,37.4820744,126.9095231,11210720.0,조원동,API 재시도-주소검색-원본
5255,관악구,신림로 322-3,A노래방,상가지역,담배꽁초 수거함,37.4831058,126.9302344,11210640.0,서원동,정상 지오코딩
5256,관악구,신림로 322-1,홍미집,상가지역,담배꽁초 수거함,37.483171,126.9301097,11210640.0,서원동,정상 지오코딩
5257,관악구,남부순환로 1600-24,재활용장,상가지역,담배꽁초 수거함,37.4834601,126.9291601,11210640.0,서원동,정상 지오코딩
5258,관악구,남부순환로 1600-8,광장 한가운데,상가지역,담배꽁초 수거함,37.483613,126.9287456,11210640.0,서원동,정상 지오코딩
5259,관악구,신림동길 19,별빛맥주 앞,상가지역,담배꽁초 수거함,37.4870561,126.9266175,11210690.0,신림동,정상 지오코딩
5260,관악구,관악로5길 30,사바나코끼리 증명사진 부스 옆,상가지역,담배꽁초 수거함,37.4742706,126.9522439,11210800.0,청룡동,정상 지오코딩
5261,관악구,청룡중앙길 23-4,청룡중앙길 23-4 주택 앞 전봇대,상가지역,담배꽁초 수거함,37.4779041,126.9473394,11210800.0,청룡동,정상 지오코딩
5262,관악구,신원로 38,무궁화반점 뒷편,상가지역,담배꽁초 수거함,37.4819176,126.9293784,11210640.0,서원동,정상 지오코딩
5263,관악구,관악로 158,전신주 옆,상가지역,담배꽁초 수거함,37.4793104,126.9528083,11210580.0,낙성대동,정상 지오코딩
5264,관악구,남현1길 58,전신주 옆,상가지역,담배꽁초 수거함,37.4755926,126.9804987,11210630.0,남현동,정상 지오코딩
5265,관악구,신림로59길 23,교통제어기 옆,상가지역,담배꽁초 수거함,37.4828609,126.9285864,11210640.0,서원동,정상 지오코딩
5266,관악구,남부순환로230길 18,담배가게 앞,상가지역,담배꽁초 수거함,37.479279,126.9553197,11210580.0,낙성대동,정상 지오코딩
5267,서초구,강남대로623,"오르셀의원 앞(신사역5번출구근처,정류장-22186)",상가지역,재활용쓰레기,37.5174081,127.0187331,11220550.0,잠원동,정상 지오코딩
5268,서초구,강남대로623,"오르셀의원 앞(신사역5번출구근처,정류장-22186)",상가지역,재활용쓰레기,37.5174081,127.0187331,11220550.0,잠원동,정상 지오코딩
5269,서초구,강남대로603-2,신사역4번출구 옆,지하철역 입구,재활용쓰레기,37.5155552,127.0194711,11220550.0,잠원동,정상 지오코딩
5270,서초구,강남대로603-2,신사역4번출구 옆,지하철역 입구,재활용쓰레기,37.5155552,127.0194711,11220550.0,잠원동,정상 지오코딩
5271,서초구,강남대로567,KDB산업은행옆,상가지역,재활용쓰레기,37.5123938,127.0200688,11220550.0,잠원동,정상 지오코딩
5272,서초구,강남대로567,KDB산업은행옆,상가지역,재활용쓰레기,37.5123938,127.0200688,11220550.0,잠원동,정상 지오코딩
5273,서초구,강남대로505,고도일병원 앞,상가지역,재활용쓰레기,37.5070145,127.0227028,11220570.0,반포1동,정상 지오코딩
5274,서초구,강남대로505,고도일병원 앞,상가지역,재활용쓰레기,37.5070145,127.0227028,11220570.0,반포1동,정상 지오코딩
5275,서초구,강남대로483,스타벅스 앞,상가지역,재활용쓰레기,37.5053254,127.0236489,11220570.0,반포1동,정상 지오코딩
5276,서초구,강남대로483,스타벅스 앞,상가지역,재활용쓰레기,37.5053254,127.0236489,11220570.0,반포1동,정상 지오코딩
5277,서초구,강남대로477-2,신논현역2번출구 뒤,지하철역 입구,재활용쓰레기,37.504919,127.0240413,11220570.0,반포1동,정상 지오코딩
5278,서초구,강남대로477-2,신논현역2번출구 뒤,지하철역 입구,재활용쓰레기,37.504919,127.0240413,11220570.0,반포1동,정상 지오코딩
5279,서초구,강남대로447,자라 앞,도로변(횡단보도 포함),재활용쓰레기,37.502192,127.0250968,11220540.0,서초4동,정상 지오코딩
5280,서초구,강남대로447,자라 앞,도로변(횡단보도 포함),재활용쓰레기,37.502192,127.0250968,11220540.0,서초4동,정상 지오코딩
5281,서초구,강남대로441,유화빌딩 앞,상가지역,재활용쓰레기,37.5017358,127.0252785,11220540.0,서초4동,정상 지오코딩
5282,서초구,강남대로441,유화빌딩 앞,상가지역,재활용쓰레기,37.5017358,127.0252785,11220540.0,서초4동,정상 지오코딩
5283,서초구,강남대로415,대동빌딩 앞,상가지역,재활용쓰레기,37.4995604,127.0263398,11220540.0,서초4동,정상 지오코딩
5284,서초구,강남대로415,대동빌딩 앞,상가지역,재활용쓰레기,37.4995604,127.0263398,11220540.0,서초4동,정상 지오코딩
5285,서초구,강남대로373,던킨도너츠 앞,지하철역 입구,재활용쓰레기,37.4959829,127.0280101,11220520.0,서초2동,정상 지오코딩
5286,서초구,강남대로373,던킨도너츠 앞,지하철역 입구,재활용쓰레기,37.4959829,127.0280101,11220520.0,서초2동,정상 지오코딩
5287,서초구,강남대로365,도씨에빛 1 앞,상가지역,재활용쓰레기,37.4953234,127.0283489,11220520.0,서초2동,정상 지오코딩
5288,서초구,강남대로365,도씨에빛 1 앞,상가지역,재활용쓰레기,37.4953234,127.0283489,11220520.0,서초2동,정상 지오코딩
5289,서초구,강남대로359,도씨에빛 2 앞,상가지역,재활용쓰레기,37.494799,127.0286098,11220520.0,서초2동,정상 지오코딩
5290,서초구,강남대로359,도씨에빛 2 앞,상가지역,재활용쓰레기,37.494799,127.0286098,11220520.0,서초2동,정상 지오코딩
5291,서초구,강남대로343,신한금융투자 강남중앙지점 앞,상가지역,재활용쓰레기,37.4935196,127.0292412,11220520.0,서초2동,정상 지오코딩
5292,서초구,강남대로343,신한금융투자 강남중앙지점 앞,상가지역,재활용쓰레기,37.4935196,127.0292412,11220520.0,서초2동,정상 지오코딩
5293,서초구,강남대로299,하나금융그룹,지하철역 입구,재활용쓰레기,37.4897067,127.0309921,11220520.0,서초2동,정상 지오코딩
5294,서초구,강남대로299,하나금융그룹,지하철역 입구,재활용쓰레기,37.4897067,127.0309921,11220520.0,서초2동,정상 지오코딩
5295,서초구,남부순환로2585,양재역 1번출구 옆,지하철역 입구,재활용쓰레기,37.4839347,127.0345442,11220660.0,양재1동,정상 지오코딩
5296,서초구,남부순환로2585,양재역 1번출구 옆,지하철역 입구,재활용쓰레기,37.4839347,127.0345442,11220660.0,양재1동,정상 지오코딩
5297,서초구,남부순환로2585,양재역 11번출구 옆,지하철역 입구,재활용쓰레기,37.4839347,127.0345442,11220660.0,양재1동,정상 지오코딩
5298,서초구,남부순환로2585,양재역 11번출구 옆,지하철역 입구,재활용쓰레기,37.4839347,127.0345442,11220660.0,양재1동,정상 지오코딩
5299,서초구,강남대로213,맥도널드 앞(엘타워),상가지역,재활용쓰레기,37.4827666,127.0349496,11220660.0,양재1동,정상 지오코딩
5300,서초구,강남대로213,맥도널드 앞(엘타워),상가지역,재활용쓰레기,37.4827666,127.0349496,11220660.0,양재1동,정상 지오코딩
5301,서초구,남부순환로2585,양재역 7번출구 옆(기업은행 앞),지하철역 입구,재활용쓰레기,37.4839347,127.0345442,11220660.0,양재1동,정상 지오코딩
5302,서초구,남부순환로2585,양재역 7번출구 옆(기업은행 앞),지하철역 입구,재활용쓰레기,37.4839347,127.0345442,11220660.0,양재1동,정상 지오코딩
5303,서초구,강남대로148,상록빌딩 앞(일동제약사거리 맥도날드옆),상가지역,재활용쓰레기,37.477888,127.0391803,11220660.0,양재1동,정상 지오코딩
5304,서초구,강남대로148,상록빌딩 앞(일동제약사거리 맥도날드옆),상가지역,재활용쓰레기,37.477888,127.0391803,11220660.0,양재1동,정상 지오코딩
5305,서초구,양재동 105-4(강남대로),일동제약사거리 버스정류장(22-291),정류소(버스 가로변),재활용쓰레기,37.478592,127.038431,11220660.0,양재1동,정상 지오코딩
5306,서초구,양재동 105-4(강남대로),일동제약사거리 버스정류장(22-291),정류소(버스 가로변),재활용쓰레기,37.478592,127.038431,11220660.0,양재1동,정상 지오코딩
5307,서초구,강남대로48-3,"양재시민의 숲 3번출구,버스정류장(22293)",지하철역 입구,재활용쓰레기,37.469282,127.0399092,11220670.0,양재2동,정상 지오코딩
5308,서초구,강남대로48-3,"양재시민의 숲 3번출구,버스정류장(22293)",지하철역 입구,재활용쓰레기,37.469282,127.0399092,11220670.0,양재2동,정상 지오코딩
5309,서초구,강남대로45-2,양재시민의 숲 1번출구 앞 버스정류장(222-96),정류소(버스 가로변),재활용쓰레기,37.4686038,127.0395902,11220670.0,양재2동,정상 지오코딩
5310,서초구,강남대로45-2,양재시민의 숲 1번출구 앞 버스정류장(222-96),정류소(버스 가로변),재활용쓰레기,37.4686038,127.0395902,11220670.0,양재2동,정상 지오코딩
5311,서초구,효령로22,버스정류장 앞(22979),정류소(버스 가로변),재활용쓰레기,37.4773868,126.9874824,11220640.0,방배3동,정상 지오코딩
5312,서초구,효령로22,버스정류장 앞(22979),정류소(버스 가로변),재활용쓰레기,37.4773868,126.9874824,11220640.0,방배3동,정상 지오코딩
5313,서초구,효령로92,버스정류장 앞(22250),정류소(버스 가로변),재활용쓰레기,37.4801618,126.9945968,11220640.0,방배3동,정상 지오코딩
5314,서초구,효령로92,버스정류장 앞(22250),정류소(버스 가로변),재활용쓰레기,37.4801618,126.9945968,11220640.0,방배3동,정상 지오코딩
5315,서초구,효령로292,남부터미널 역 5번출구 옆,지하철역 입구,재활용쓰레기,37.4835466,127.0151109,11220530.0,서초3동,정상 지오코딩
5316,서초구,효령로292,남부터미널 역 5번출구 옆,지하철역 입구,재활용쓰레기,37.4835466,127.0151109,11220530.0,서초3동,정상 지오코딩
5317,서초구,강남대로259,페이토호텔 앞,상가지역,재활용쓰레기,37.4865732,127.0326334,11220520.0,서초2동,정상 지오코딩
5318,서초구,강남대로259,페이토호텔 앞,상가지역,재활용쓰레기,37.4865732,127.0326334,11220520.0,서초2동,정상 지오코딩
5319,서초구,강남대로27,양재시민의 숲 4번출구,지하철역 입구,재활용쓰레기,37.4682787,127.0391364,11220670.0,양재2동,정상 지오코딩
5320,서초구,강남대로27,양재시민의 숲 4번출구,지하철역 입구,재활용쓰레기,37.4682787,127.0391364,11220670.0,양재2동,정상 지오코딩
5321,서초구,효령로336,버스정류장 앞(22446),정류소(버스 가로변),재활용쓰레기,37.4860262,127.0209888,11220510.0,서초1동,정상 지오코딩
5322,서초구,효령로336,버스정류장 앞(22446),정류소(버스 가로변),재활용쓰레기,37.4860262,127.0209888,11220510.0,서초1동,정상 지오코딩
5323,서초구,효령로418,버스정류장 앞(22126),정류소(버스 가로변),재활용쓰레기,37.4886106,127.0295891,11220520.0,서초2동,정상 지오코딩
5324,서초구,효령로418,버스정류장 앞(22126),정류소(버스 가로변),재활용쓰레기,37.4886106,127.0295891,11220520.0,서초2동,정상 지오코딩
5325,서초구,효령로341,버스정류장 앞(22112),정류소(버스 가로변),재활용쓰레기,37.4866397,127.0213145,11220510.0,서초1동,정상 지오코딩
5326,서초구,효령로341,버스정류장 앞(22112),정류소(버스 가로변),재활용쓰레기,37.4866397,127.0213145,11220510.0,서초1동,정상 지오코딩
5327,서초구,반포대로38,와라와라 앞,상가지역,재활용쓰레기,37.4839348,127.0119318,11220530.0,서초3동,정상 지오코딩
5328,서초구,반포대로38,와라와라 앞,상가지역,재활용쓰레기,37.4839348,127.0119318,11220530.0,서초3동,정상 지오코딩
5329,서초구,반포대로43,서초고용센터 앞,도로변(횡단보도 포함),재활용쓰레기,37.4842298,127.0108415,11220530.0,서초3동,정상 지오코딩
5330,서초구,반포대로43,서초고용센터 앞,도로변(횡단보도 포함),재활용쓰레기,37.4842298,127.0108415,11220530.0,서초3동,정상 지오코딩
5331,서초구,반포대로72,한독모터스 앞,상가지역,재활용쓰레기,37.4869287,127.0105871,11220530.0,서초3동,정상 지오코딩
5332,서초구,반포대로72,한독모터스 앞,상가지역,재활용쓰레기,37.4869287,127.0105871,11220530.0,서초3동,정상 지오코딩
5333,서초구,서초동1541-5(반포대로),서초역 3번출구 앞,지하철역 입구,재활용쓰레기,37.4909216,127.0079134,11220530.0,서초3동,정상 지오코딩
5334,서초구,서초동1541-5(반포대로),서초역 3번출구 앞,지하철역 입구,재활용쓰레기,37.4909216,127.0079134,11220530.0,서초3동,정상 지오코딩
5335,서초구,서초대로 240,서초역 2번출구 앞,지하철역 입구,재활용쓰레기,37.4915771,127.0083435,11220530.0,서초3동,정상 지오코딩
5336,서초구,서초대로 240,서초역 2번출구 앞,지하철역 입구,재활용쓰레기,37.4915771,127.0083435,11220530.0,서초3동,정상 지오코딩
5337,서초구,반포대로95,버스정류장 앞(22142),정류소(버스 가로변),재활용쓰레기,37.4886846,127.0087399,11220530.0,서초3동,정상 지오코딩
5338,서초구,반포대로95,버스정류장 앞(22142),정류소(버스 가로변),재활용쓰레기,37.4886846,127.0087399,11220530.0,서초3동,정상 지오코딩
5339,서초구,효령로 120,방배역 3번출구 옆,지하철역 입구,재활용쓰레기,37.48108,126.9974964,11220640.0,방배3동,정상 지오코딩
5340,서초구,효령로 120,방배역 3번출구 옆,지하철역 입구,재활용쓰레기,37.48108,126.9974964,11220640.0,방배3동,정상 지오코딩
5341,서초구,반포대로94,버스정류장 앞(22140),정류소(버스 가로변),재활용쓰레기,37.4887112,127.0095838,11220530.0,서초3동,정상 지오코딩
5342,서초구,반포대로94,버스정류장 앞(22140),정류소(버스 가로변),재활용쓰레기,37.4887112,127.0095838,11220530.0,서초3동,정상 지오코딩
5343,서초구,효령로 34길 4,방배역 1번출구 옆,지하철역 입구,재활용쓰레기,37.481354,126.9990343,11220640.0,방배3동,정상 지오코딩
5344,서초구,효령로 34길 4,방배역 1번출구 옆,지하철역 입구,재활용쓰레기,37.481354,126.9990343,11220640.0,방배3동,정상 지오코딩
5345,서초구,방배로268,"버스정류장 앞(22223),서래초근처",정류소(버스 가로변),재활용쓰레기,37.4966858,126.9884208,11220610.0,방배본동,정상 지오코딩
5346,서초구,방배로268,"버스정류장 앞(22223),서래초근처",정류소(버스 가로변),재활용쓰레기,37.4966858,126.9884208,11220610.0,방배본동,정상 지오코딩
5347,서초구,방배로 173,방배열린문화센터 앞,상가지역,재활용쓰레기,37.4890076,126.9922424,11220650.0,방배4동,정상 지오코딩
5348,서초구,방배로 173,방배열린문화센터 앞,상가지역,재활용쓰레기,37.4890076,126.9922424,11220650.0,방배4동,정상 지오코딩
5349,서초구,방배로 151,내방역 3번출구 앞,지하철역 입구,재활용쓰레기,37.4871583,126.9935602,11220620.0,방배1동,정상 지오코딩
5350,서초구,방배로 151,내방역 3번출구 앞,지하철역 입구,재활용쓰레기,37.4871583,126.9935602,11220620.0,방배1동,정상 지오코딩
5351,서초구,서초대로 101,내방역 5번출구 뒤,지하철역 입구,재활용쓰레기,37.487902,126.993196,11220650.0,방배4동,정상 지오코딩
5352,서초구,서초대로 101,내방역 5번출구 뒤,지하철역 입구,재활용쓰레기,37.487902,126.993196,11220650.0,방배4동,정상 지오코딩
5353,서초구,효령로 120,방배역 2번출구 앞,지하철역 입구,재활용쓰레기,37.48108,126.9974964,11220640.0,방배3동,정상 지오코딩
5354,서초구,효령로 120,방배역 2번출구 앞,지하철역 입구,재활용쓰레기,37.48108,126.9974964,11220640.0,방배3동,정상 지오코딩
5355,서초구,방배로16,버스정류장 앞(22548),정류소(버스 가로변),재활용쓰레기,37.4765228,127.0012438,11220640.0,방배3동,정상 지오코딩
5356,서초구,방배로16,버스정류장 앞(22548),정류소(버스 가로변),재활용쓰레기,37.4765228,127.0012438,11220640.0,방배3동,정상 지오코딩
5357,서초구,신반포로17,구반포역 2번출구 앞,지하철역 입구,재활용쓰레기,37.5014498,126.9873749,11220560.0,반포본동,정상 지오코딩
5358,서초구,신반포로17,구반포역 2번출구 앞,지하철역 입구,재활용쓰레기,37.5014498,126.9873749,11220560.0,반포본동,정상 지오코딩
5359,서초구,신반포로200,고속터미널 역 8-1번 출구 뒤,지하철역 입구,재활용쓰레기,37.5062203,127.0050517,11220590.0,반포3동,정상 지오코딩
5360,서초구,신반포로200,고속터미널 역 8-1번 출구 뒤,지하철역 입구,재활용쓰레기,37.5062203,127.0050517,11220590.0,반포3동,정상 지오코딩
5361,서초구,반포대로275,버스정류장 옆(22990),정류소(버스 가로변),재활용쓰레기,37.5023903,126.9959653,11220580.0,반포2동,정상 지오코딩
5362,서초구,반포대로275,버스정류장 옆(22990),정류소(버스 가로변),재활용쓰레기,37.5023903,126.9959653,11220580.0,반포2동,정상 지오코딩
5363,서초구,신반포로105,신반포역 3번출구 앞,지하철역 입구,재활용쓰레기,37.5034137,126.995899,11220580.0,반포2동,정상 지오코딩
5364,서초구,신반포로105,신반포역 3번출구 앞,지하철역 입구,재활용쓰레기,37.5034137,126.995899,11220580.0,반포2동,정상 지오코딩
5365,서초구,잠원로69,킴스클럽 앞,상가지역,재활용쓰레기,37.5102605,127.0069708,11220590.0,반포3동,정상 지오코딩
5366,서초구,잠원로69,킴스클럽 앞,상가지역,재활용쓰레기,37.5102605,127.0069708,11220590.0,반포3동,정상 지오코딩
5367,서초구,잠원동160-2(잠원로),버스정류장 앞(22208),정류소(버스 가로변),재활용쓰레기,37.5099491,127.0077759,11220590.0,반포3동,정상 지오코딩
5368,서초구,잠원동160-2(잠원로),버스정류장 앞(22208),정류소(버스 가로변),재활용쓰레기,37.5099491,127.0077759,11220590.0,반포3동,정상 지오코딩
5369,서초구,잠원로117,버스정류장 앞(22205),정류소(버스 가로변),재활용쓰레기,37.5145189,127.0069957,11220590.0,반포3동,정상 지오코딩
5370,서초구,잠원로117,버스정류장 앞(22205),정류소(버스 가로변),재활용쓰레기,37.5145189,127.0069957,11220590.0,반포3동,정상 지오코딩
5371,서초구,남부순환로2183,버스정류장 앞(22417),정류소(버스 가로변),재활용쓰레기,37.4751168,126.9910912,11220640.0,방배3동,정상 지오코딩
5372,서초구,남부순환로2183,버스정류장 앞(22417),정류소(버스 가로변),재활용쓰레기,37.4751168,126.9910912,11220640.0,방배3동,정상 지오코딩
5373,서초구,남부순환로2406,예술의 전당 앞(22592),정류소(버스 가로변),재활용쓰레기,37.4802402,127.0142152,11220530.0,서초3동,정상 지오코딩
5374,서초구,남부순환로2406,예술의 전당 앞(22592),정류소(버스 가로변),재활용쓰레기,37.4802402,127.0142152,11220530.0,서초3동,정상 지오코딩
5375,서초구,남부순환로2406,예술의 전당 앞 마임건너편(22025),정류소(버스 가로변),재활용쓰레기,37.4802402,127.0142152,11220530.0,서초3동,정상 지오코딩
5376,서초구,남부순환로2406,예술의 전당 앞 마임건너편(22025),정류소(버스 가로변),재활용쓰레기,37.4802402,127.0142152,11220530.0,서초3동,정상 지오코딩
5377,서초구,사평대로55,버스정류장 앞(22380),정류소(버스 가로변),재활용쓰레기,37.4988531,126.9905157,11220580.0,반포2동,정상 지오코딩
5378,서초구,사평대로55,버스정류장 앞(22380),정류소(버스 가로변),재활용쓰레기,37.4988531,126.9905157,11220580.0,반포2동,정상 지오코딩
5379,서초구,사평대로98,골프존마켓 앞,상가지역,재활용쓰레기,37.4986515,126.9954558,11220600.0,반포4동,정상 지오코딩
5380,서초구,사평대로98,골프존마켓 앞,상가지역,재활용쓰레기,37.4986515,126.9954558,11220600.0,반포4동,정상 지오코딩
5381,서초구,사평대로130,버스정류장 앞(22543),정류소(버스 가로변),재활용쓰레기,37.499893,126.9986286,11220600.0,반포4동,정상 지오코딩
5382,서초구,사평대로130,버스정류장 앞(22543),정류소(버스 가로변),재활용쓰레기,37.499893,126.9986286,11220600.0,반포4동,정상 지오코딩
5383,서초구,사평대로142,버스정류장 앞(22544),정류소(버스 가로변),재활용쓰레기,37.500373,127.0010603,11220600.0,반포4동,정상 지오코딩
5384,서초구,사평대로142,버스정류장 앞(22544),정류소(버스 가로변),재활용쓰레기,37.500373,127.0010603,11220600.0,반포4동,정상 지오코딩
5385,서초구,사평대로66,버스정류장 앞(22433),정류소(버스 가로변),재활용쓰레기,37.4978969,126.9918371,11220600.0,반포4동,정상 지오코딩
5386,서초구,사평대로66,버스정류장 앞(22433),정류소(버스 가로변),재활용쓰레기,37.4978969,126.9918371,11220600.0,반포4동,정상 지오코딩
5387,서초구,반포동20-49(사평대로),버스정류장 앞(22195),정류소(버스 가로변),재활용쓰레기,37.5049483,127.0142969,11220570.0,반포1동,정상 지오코딩
5388,서초구,반포동20-49(사평대로),버스정류장 앞(22195),정류소(버스 가로변),재활용쓰레기,37.5049483,127.0142969,11220570.0,반포1동,정상 지오코딩
5389,서초구,사평대로285,버스정류장 앞(22196),정류소(버스 가로변),재활용쓰레기,37.5041589,127.0154342,11220570.0,반포1동,정상 지오코딩
5390,서초구,사평대로285,버스정류장 앞(22196),정류소(버스 가로변),재활용쓰레기,37.5041589,127.0154342,11220570.0,반포1동,정상 지오코딩
5391,서초구,동작대로 130,이수역 1번 출구 뒤,지하철역 입구,재활용쓰레기,37.4880129,126.9826363,11220650.0,방배4동,정상 지오코딩
5392,서초구,동작대로 130,이수역 1번 출구 뒤,지하철역 입구,재활용쓰레기,37.4880129,126.9826363,11220650.0,방배4동,정상 지오코딩
5393,서초구,동작대로 108,이수역 4번 출구 앞,정류소(버스 가로변),재활용쓰레기,37.4860911,126.9826166,11220650.0,방배4동,정상 지오코딩
5394,서초구,동작대로 108,이수역 4번 출구 앞,정류소(버스 가로변),재활용쓰레기,37.4860911,126.9826166,11220650.0,방배4동,정상 지오코딩
5395,서초구,방배천로 91,이수역 5번 출구 앞,지하철역 입구,재활용쓰레기,37.4847928,126.9825989,11220630.0,방배2동,정상 지오코딩
5396,서초구,방배천로 91,이수역 5번 출구 앞,지하철역 입구,재활용쓰레기,37.4847928,126.9825989,11220630.0,방배2동,정상 지오코딩
5397,서초구,동작대로 24,사당역 11번 출구 앞,지하철역 입구,재활용쓰레기,37.4786625,126.9821522,11220630.0,방배2동,정상 지오코딩
5398,서초구,동작대로 24,사당역 11번 출구 앞,지하철역 입구,재활용쓰레기,37.4786625,126.9821522,11220630.0,방배2동,정상 지오코딩
5399,서초구,방배천로 11,사당역 12번 출구 앞,지하철역 입구,재활용쓰레기,37.4777008,126.9822361,11220630.0,방배2동,정상 지오코딩
5400,서초구,방배천로 11,사당역 12번 출구 앞,지하철역 입구,재활용쓰레기,37.4777008,126.9822361,11220630.0,방배2동,정상 지오코딩
5401,서초구,방배중앙로 215,이수교차로 교통섬,기타,재활용쓰레기,37.4982931,126.9848286,11220610.0,방배본동,정상 지오코딩
5402,서초구,방배중앙로 215,이수교차로 교통섬,기타,재활용쓰레기,37.4982931,126.9848286,11220610.0,방배본동,정상 지오코딩
5403,서초구,서초중앙로238,신한은행 반포남금융센터 앞,상가지역,재활용쓰레기,37.5029619,127.012071,11220570.0,반포1동,정상 지오코딩
5404,서초구,서초중앙로238,신한은행 반포남금융센터 앞,상가지역,재활용쓰레기,37.5029619,127.012071,11220570.0,반포1동,정상 지오코딩
5405,서초구,명달로134,"버스정류장 앞(22922),세란병원앞",정류소(버스 가로변),재활용쓰레기,37.4892426,127.0048247,11220530.0,서초3동,정상 지오코딩
5406,서초구,명달로134,"버스정류장 앞(22922),세란병원앞",정류소(버스 가로변),재활용쓰레기,37.4892426,127.0048247,11220530.0,서초3동,정상 지오코딩
5407,서초구,고무래로34,버스정류장 앞(22466),정류소(버스 가로변),재활용쓰레기,37.5024871,127.0125134,11220570.0,반포1동,정상 지오코딩
5408,서초구,고무래로34,버스정류장 앞(22466),정류소(버스 가로변),재활용쓰레기,37.5024871,127.0125134,11220570.0,반포1동,정상 지오코딩
5409,서초구,서운로104,버스정류장 앞(22117),정류소(버스 가로변),재활용쓰레기,37.4934156,127.0264914,11220520.0,서초2동,정상 지오코딩
5410,서초구,서운로104,버스정류장 앞(22117),정류소(버스 가로변),재활용쓰레기,37.4934156,127.0264914,11220520.0,서초2동,정상 지오코딩
5411,서초구,서운로107,버스정류장 앞(22118),정류소(버스 가로변),재활용쓰레기,37.4930294,127.0255199,11220520.0,서초2동,정상 지오코딩
5412,서초구,서운로107,버스정류장 앞(22118),정류소(버스 가로변),재활용쓰레기,37.4930294,127.0255199,11220520.0,서초2동,정상 지오코딩
5413,서초구,서운로212,버스정류장 앞(22164),정류소(버스 가로변),재활용쓰레기,37.5018579,127.0224228,11220540.0,서초4동,정상 지오코딩
5414,서초구,서운로212,버스정류장 앞(22164),정류소(버스 가로변),재활용쓰레기,37.5018579,127.0224228,11220540.0,서초4동,정상 지오코딩
5415,서초구,서운로201,버스정류장 앞(22163),정류소(버스 가로변),재활용쓰레기,37.5013246,127.0201266,11220540.0,서초4동,정상 지오코딩
5416,서초구,서운로201,버스정류장 앞(22163),정류소(버스 가로변),재활용쓰레기,37.5013246,127.0201266,11220540.0,서초4동,정상 지오코딩
5417,서초구,양재대로54,버스정류장 앞(22607),정류소(버스 가로변),재활용쓰레기,37.4597639,127.0253605,11220660.0,양재1동,정상 지오코딩
5418,서초구,양재대로54,버스정류장 앞(22607),정류소(버스 가로변),재활용쓰레기,37.4597639,127.0253605,11220660.0,양재1동,정상 지오코딩
5419,서초구,양재대로2길 90,"서초힐스아파트 앞, 버스정류장(22286)",정류소(버스 가로변),재활용쓰레기,37.4576053,127.0175705,11220660.0,양재1동,정상 지오코딩
5420,서초구,양재대로2길 90,"서초힐스아파트 앞, 버스정류장(22286)",정류소(버스 가로변),재활용쓰레기,37.4576053,127.0175705,11220660.0,양재1동,정상 지오코딩
5421,서초구,매헌로24,버스정류장 앞(22422),정류소(버스 가로변),재활용쓰레기,37.4634173,127.0355591,11220670.0,양재2동,정상 지오코딩
5422,서초구,매헌로24,버스정류장 앞(22422),정류소(버스 가로변),재활용쓰레기,37.4634173,127.0355591,11220670.0,양재2동,정상 지오코딩
5423,서초구,매헌로116,양재시민의 숲 5번 출구 앞,지하철역 입구,재활용쓰레기,37.4699787,127.0383258,11220670.0,양재2동,정상 지오코딩
5424,서초구,매헌로116,양재시민의 숲 5번 출구 앞,지하철역 입구,재활용쓰레기,37.4699787,127.0383258,11220670.0,양재2동,정상 지오코딩
5425,서초구,헌릉로13,"버스정류장 앞(22302), 코트라앞",정류소(버스 가로변),재활용쓰레기,37.4651225,127.0447513,11220680.0,내곡동,정상 지오코딩
5426,서초구,헌릉로13,"버스정류장 앞(22302), 코트라앞",정류소(버스 가로변),재활용쓰레기,37.4651225,127.0447513,11220680.0,내곡동,정상 지오코딩
5427,서초구,원지동594-10(청계산로),청계산입구 역 2번 출구,지하철역 입구,재활용쓰레기,37.4472497,127.0555784,11220670.0,양재2동,정상 지오코딩
5428,서초구,원지동594-10(청계산로),청계산입구 역 2번 출구,지하철역 입구,재활용쓰레기,37.4472497,127.0555784,11220670.0,양재2동,정상 지오코딩
5429,서초구,잠원로14길 32,버스정류장(22175),정류소(버스 가로변),재활용쓰레기,37.5179454,127.0140557,11220550.0,잠원동,정상 지오코딩
5430,서초구,잠원로14길 32,버스정류장(22175),정류소(버스 가로변),재활용쓰레기,37.5179454,127.0140557,11220550.0,잠원동,정상 지오코딩
5431,서초구,신반포로 105,반포 푸르지오101동 횡단보도앞,도로변(횡단보도 포함),재활용쓰레기,37.5034137,126.995899,11220580.0,반포2동,정상 지오코딩
5432,서초구,신반포로 105,반포 푸르지오101동 횡단보도앞,도로변(횡단보도 포함),재활용쓰레기,37.5034137,126.995899,11220580.0,반포2동,정상 지오코딩
5433,서초구,신반포로 194,버스정류장(22211),정류소(버스 가로변),재활용쓰레기,37.5064357,127.0068344,11220600.0,반포4동,정상 지오코딩
5434,서초구,신반포로 194,버스정류장(22211),정류소(버스 가로변),재활용쓰레기,37.5064357,127.0068344,11220600.0,반포4동,정상 지오코딩
5435,서초구,효령로 386,버스정류장(22128),정류소(버스 가로변),재활용쓰레기,37.4876125,127.0261892,11220520.0,서초2동,정상 지오코딩
5436,서초구,효령로 386,버스정류장(22128),정류소(버스 가로변),재활용쓰레기,37.4876125,127.0261892,11220520.0,서초2동,정상 지오코딩
5437,서초구,남부순환로 350길4,양재역 5번 출구뒤,지하철역 입구,재활용쓰레기,37.4843381,127.0351785,11220660.0,양재1동,정상 지오코딩
5438,서초구,남부순환로 350길4,양재역 5번 출구뒤,지하철역 입구,재활용쓰레기,37.4843381,127.0351785,11220660.0,양재1동,정상 지오코딩
5439,서초구,반포동1-13,원베일리정류장(22381),정류소(버스 가로변),재활용쓰레기,37.5071889,126.9997795,11220580.0,반포2동,정상 지오코딩
5440,서초구,반포동1-13,원베일리정류장(22381),정류소(버스 가로변),재활용쓰레기,37.5071889,126.9997795,11220580.0,반포2동,정상 지오코딩
5441,서초구,방배동2522,사당역 3번출구 뒤,지하철역 입구,재활용쓰레기,37.4753858,126.9820249,11220630.0,방배2동,정상 지오코딩
5442,서초구,방배동2522,사당역 3번출구 뒤,지하철역 입구,재활용쓰레기,37.4753858,126.9820249,11220630.0,방배2동,정상 지오코딩
5443,서초구,양재동 80,교육개발원 입구I3 ,정류소(버스 중앙차로),일반쓰레기,37.4779647,127.0391917,11220660.0,양재1동,정상 지오코딩
5444,서초구,양재동 80,교육개발원 입구I3 ,정류소(버스 중앙차로),일반쓰레기,37.4779647,127.0391917,11220660.0,양재1동,정상 지오코딩
5445,서초구,양재동 80,교육개발원 입구I3 ,정류소(버스 중앙차로),일반쓰레기,37.4779647,127.0391917,11220660.0,양재1동,정상 지오코딩
5446,서초구,양재동 14,양재역I3,정류소(버스 중앙차로),일반쓰레기,37.4725605,127.0325217,11220660.0,양재1동,정상 지오코딩
5447,서초구,서초동 1357,뱅뱅사거리I3,정류소(버스 중앙차로),일반쓰레기,37.4884395,127.0303529,11220520.0,서초2동,정상 지오코딩
5448,서초구,서초동 1357,뱅뱅사거리I3,정류소(버스 중앙차로),일반쓰레기,37.4884395,127.0303529,11220520.0,서초2동,정상 지오코딩
5449,서초구,서초동 1357,뱅뱅사거리I3,정류소(버스 중앙차로),일반쓰레기,37.4884395,127.0303529,11220520.0,서초2동,정상 지오코딩
5450,서초구,서초동 1328,우성아파트I3,정류소(버스 중앙차로),일반쓰레기,37.4960993,127.0279698,11220520.0,서초2동,정상 지오코딩
5451,서초구,서초동 1328,우성아파트I3,정류소(버스 중앙차로),일반쓰레기,37.4960993,127.0279698,11220520.0,서초2동,정상 지오코딩
5452,서초구,서초동 1328,우성아파트I3,정류소(버스 중앙차로),일반쓰레기,37.4960993,127.0279698,11220520.0,서초2동,정상 지오코딩
5453,서초구,서초동 1305,신분당선. 강남역I3,정류소(버스 중앙차로),일반쓰레기,37.5017078,127.0251796,11220540.0,서초4동,정상 지오코딩
5454,서초구,서초동 1305,신분당선. 강남역I3,정류소(버스 중앙차로),일반쓰레기,37.5017078,127.0251796,11220540.0,서초4동,정상 지오코딩
5455,서초구,반포동 736,지하철2호선. 강남역I3,정류소(버스 중앙차로),일반쓰레기,37.5073777,127.022278,11220570.0,반포1동,정상 지오코딩
5456,서초구,반포동 736,지하철2호선. 강남역I3,정류소(버스 중앙차로),일반쓰레기,37.5073777,127.022278,11220570.0,반포1동,정상 지오코딩
5457,서초구,반포동 736,지하철2호선. 강남역I3,정류소(버스 중앙차로),일반쓰레기,37.5073777,127.022278,11220570.0,반포1동,정상 지오코딩
5458,서초구,서울특별시 서초구 잠원동 28-1,논현역I3,정류소(버스 중앙차로),일반쓰레기,37.513616,127.0196141,11220550.0,잠원동,API 재시도-주소검색-원본
5459,서초구,서울특별시 서초구 잠원동 28-1,논현역I3,정류소(버스 중앙차로),일반쓰레기,37.513616,127.0196141,11220550.0,잠원동,API 재시도-주소검색-원본
5460,서초구,서울특별시 서초구 잠원동 28-1,논현역I3,정류소(버스 중앙차로),일반쓰레기,37.513616,127.0196141,11220550.0,잠원동,API 재시도-주소검색-원본
5461,서초구,잠원동 27,신사역I3,정류소(버스 중앙차로),일반쓰레기,37.5159282,127.0098398,11220550.0,잠원동,정상 지오코딩
5462,서초구,잠원동 27,신사역I3,정류소(버스 중앙차로),일반쓰레기,37.5159282,127.0098398,11220550.0,잠원동,정상 지오코딩
5463,서초구,잠원동 27,신사역. 푸른저축은행O3,정류소(버스 중앙차로),일반쓰레기,37.5159282,127.0098398,11220550.0,잠원동,정상 지오코딩
5464,서초구,잠원동 27,신사역. 푸른저축은행O3,정류소(버스 중앙차로),일반쓰레기,37.5159282,127.0098398,11220550.0,잠원동,정상 지오코딩
5465,서초구,서울특별시 서초구 잠원동 28-1,논현역O3,정류소(버스 중앙차로),일반쓰레기,37.513616,127.0196141,11220550.0,잠원동,API 재시도-주소검색-원본
5466,서초구,서울특별시 서초구 잠원동 28-1,논현역O3,정류소(버스 중앙차로),일반쓰레기,37.513616,127.0196141,11220550.0,잠원동,API 재시도-주소검색-원본
5467,서초구,반포동 736,지하철2호선. 강남역O3,정류소(버스 중앙차로),일반쓰레기,37.5073777,127.022278,11220570.0,반포1동,정상 지오코딩
5468,서초구,반포동 736,지하철2호선. 강남역O3,정류소(버스 중앙차로),일반쓰레기,37.5073777,127.022278,11220570.0,반포1동,정상 지오코딩
5469,서초구,반포동 736,지하철2호선. 강남역O3,정류소(버스 중앙차로),일반쓰레기,37.5073777,127.022278,11220570.0,반포1동,정상 지오코딩
5470,서초구,서초동 1305,신분당선. 강남역O3,정류소(버스 중앙차로),일반쓰레기,37.5017078,127.0251796,11220540.0,서초4동,정상 지오코딩
5471,서초구,서초동 1305,신분당선. 강남역O3,정류소(버스 중앙차로),일반쓰레기,37.5017078,127.0251796,11220540.0,서초4동,정상 지오코딩
5472,서초구,서초동 1328,우성아파트O3,정류소(버스 중앙차로),일반쓰레기,37.4960993,127.0279698,11220520.0,서초2동,정상 지오코딩
5473,서초구,서초동 1328,우성아파트O3,정류소(버스 중앙차로),일반쓰레기,37.4960993,127.0279698,11220520.0,서초2동,정상 지오코딩
5474,서초구,서초동 1328,우성아파트O3,정류소(버스 중앙차로),일반쓰레기,37.4960993,127.0279698,11220520.0,서초2동,정상 지오코딩
5475,서초구,서초동 1357,뱅뱅사거리O3,정류소(버스 중앙차로),일반쓰레기,37.4884395,127.0303529,11220520.0,서초2동,정상 지오코딩
5476,서초구,서초동 1357,뱅뱅사거리O3,정류소(버스 중앙차로),일반쓰레기,37.4884395,127.0303529,11220520.0,서초2동,정상 지오코딩
5477,서초구,양재동 24,양재역O3,정류소(버스 중앙차로),일반쓰레기,37.4828855,127.0350216,11220660.0,양재1동,정상 지오코딩
5478,서초구,양재동 67,교육개발원 입구O3 ,정류소(버스 중앙차로),일반쓰레기,37.479201,127.0378634,11220660.0,양재1동,정상 지오코딩
5479,서초구,양재동 67,교육개발원 입구O3 ,정류소(버스 중앙차로),일반쓰레기,37.479201,127.0378634,11220660.0,양재1동,정상 지오코딩
5480,서초구,양재동 67,교육개발원 입구O3 ,정류소(버스 중앙차로),일반쓰레기,37.479201,127.0378634,11220660.0,양재1동,정상 지오코딩
5481,서초구,방배중앙로 166,(방배카페거리 송이족발 앞),도로변(횡단보도 포함),담배꽁초/재활용쓰레기,37.4938393,126.9865437,11220610.0,방배본동,정상 지오코딩
5482,서초구,서초대로 88 ,이수명가 부대찌개 앞 ,도로변(횡단보도 포함),담배꽁초/재활용쓰레기,37.4868521,126.9921812,11220620.0,방배1동,정상 지오코딩
5483,서초구,서초대로 68,아구랜드 앞,도로변(횡단보도 포함),담배꽁초/재활용쓰레기,37.4868521,126.9921812,11220620.0,방배1동,인근 도로명번지 추정(번지차 20)
5484,서초구,서초동 1679-8,서초1교 밑 강남방면,도로변(횡단보도 포함),담배꽁초/재활용쓰레기,37.4953471,127.0210461,11220510.0,서초1동,정상 지오코딩
5485,서초구,서초동 1366-14 ,서희빌딩 옆 이면도로,상가지역,담배꽁초/재활용쓰레기,37.4847588,127.0327773,11220520.0,서초2동,정상 지오코딩
5486,서초구,서초대로 398 ,BNK디지털타워 따릉이 옆,도로변(횡단보도 포함),담배꽁초/재활용쓰레기,37.4966368,127.0251043,11220520.0,서초2동,정상 지오코딩
5487,서초구,서초대로 405,삼성타운 A동 맞은편,도로변(횡단보도 포함),담배꽁초/재활용쓰레기,37.4976598,127.02541,11220540.0,서초4동,정상 지오코딩
5488,서초구,서초동 1319-1 ,강남역 8번 출구 뒤편 흡연부스 구역,지하철역 입구,담배꽁초/재활용쓰레기,37.4975203,127.0272911,11220520.0,서초2동,정상 지오코딩
5489,서초구,서초동 1319-1 ,강남역 8번 출구 뒤편 흡연부스 구역,지하철역 입구,담배꽁초/재활용쓰레기,37.4975203,127.0272911,11220520.0,서초2동,정상 지오코딩
5490,서초구,신원동 277-1 ,277-1 도로변,도로변(횡단보도 포함),담배꽁초/재활용쓰레기,37.4493164,127.0538221,11220680.0,내곡동,정상 지오코딩
5491,서초구,강남대로6길 16,도토리편백집 앞,도로변(횡단보도 포함),담배꽁초/재활용쓰레기,37.4671962,127.0420291,11220670.0,양재2동,정상 지오코딩
5492,서초구,중앙로 584 ,에비뉴클래식 앞,도로변(횡단보도 포함),담배꽁초/재활용쓰레기,37.4572137,127.015684,11220660.0,양재1동,정상 지오코딩
5493,서초구,강남대로4길 5,블루핸즈 앞,도로변(횡단보도 포함),담배꽁초/재활용쓰레기,37.4668412,127.0424803,11220670.0,양재2동,정상 지오코딩
5494,서초구,강남대로 291,남강빌딩 흡연지역,상가지역,담배꽁초/재활용쓰레기,37.4891206,127.0314113,11220520.0,서초2동,정상 지오코딩
5495,서초구,바우뫼로12길 15,2기동대 앞,도로변(횡단보도 포함),담배꽁초/재활용쓰레기,37.4718899,127.0310675,11220660.0,양재1동,정상 지오코딩
5496,서초구,바우뫼로 128,건물 앞 전신주 주변,상가지역,담배꽁초/재활용쓰레기,37.4755194,127.0351631,11220660.0,양재1동,정상 지오코딩
5497,서초구,논현로1길 83,녹지옆,도로변(횡단보도 포함),담배꽁초/재활용쓰레기,37.4696535,127.0478136,11220670.0,양재2동,정상 지오코딩
5498,서초구,강남대로8길 77,동산마을 구립주차장,기타,담배꽁초/재활용쓰레기,37.4700464,127.044349,11220670.0,양재2동,정상 지오코딩
5499,서초구,강남대로6길 60-23,건물후면 양재대로변,도로변(횡단보도 포함),담배꽁초/재활용쓰레기,37.467588,127.0449111,11220670.0,양재2동,정상 지오코딩
5500,서초구,강남대로8길 3,건물 앞 보도 끝지점,도로변(횡단보도 포함),담배꽁초/재활용쓰레기,37.4678346,127.0413186,11220670.0,양재2동,정상 지오코딩
5501,서초구,방배동 493-3,방배복개도로 흡연구역 내 파스텔시티 앞,상가지역,담배꽁초/재활용쓰레기,37.4780858,126.982573,11220630.0,방배2동,정상 지오코딩
5502,서초구,방배동 438-38,방배복개도로 흡연구역 내 서울자전거 컨테이너 옆 ,도로변(횡단보도 포함),담배꽁초/재활용쓰레기,37.4840207,126.9824464,11220630.0,방배2동,정상 지오코딩
5503,서초구,방배동 455-10 (방배천로 54),방배복개도로 흡연구역 내 구 방배경찰서 앞,상가지역,담배꽁초/재활용쓰레기,37.4813952,126.9830197,11220630.0,방배2동,정상 지오코딩
5504,서초구,방배동 452-1 (방배천로 24),방배복개도로 흡연구역 내 그린골프장 앞,상가지역,담배꽁초/재활용쓰레기,37.478918,126.9829367,11220630.0,방배2동,정상 지오코딩
5505,서초구,방배로 87 방배역 3번 출구 북측,방배역 3번 출구 북측,도로변(횡단보도 포함),담배꽁초/재활용쓰레기,37.4821781,126.9969088,11220620.0,방배1동,정상 지오코딩
5506,서초구,반포동 63-7 반포효성빌딩 페라리 매장 앞, 반포효성빌딩 페라리 매장 앞,도로변(횡단보도 포함),담배꽁초/재활용쓰레기,37.5006992,127.0032604,11220600.0,반포4동,정상 지오코딩
5507,서초구,강남대로 415,대동빌딩 앞,상가지역,담배꽁초/재활용쓰레기,37.4995604,127.0263398,11220540.0,서초4동,정상 지오코딩
5508,서초구,강남대로 429,동일빌딩 앞,상가지역,담배꽁초/재활용쓰레기,37.5007944,127.0257729,11220540.0,서초4동,정상 지오코딩
5509,서초구,강남대로 441,서산빌딩 앞,상가지역,담배꽁초/재활용쓰레기,37.5017358,127.0252785,11220540.0,서초4동,정상 지오코딩
5510,강남구,압구정로 429,비포앤애프터클리닉,도로변(횡단보도 포함),일반쓰레기,37.5272095,127.0440575,11230780.0,청담동,정상 지오코딩
5511,강남구,압구정로 429,비포앤애프터클리닉,도로변(횡단보도 포함),재활용쓰레기,37.5272095,127.0440575,11230780.0,청담동,정상 지오코딩
5512,강남구,압구정로 407,갤러리아(EAST점),도로변(횡단보도 포함),일반쓰레기,37.5279182,127.0418317,11230770.0,압구정동,정상 지오코딩
5513,강남구,압구정로 407,갤러리아(EAST점),도로변(횡단보도 포함),재활용쓰레기,37.5279182,127.0418317,11230770.0,압구정동,정상 지오코딩
5514,강남구,압구정로 343,갤러리아(WEST점),도로변(횡단보도 포함),일반쓰레기,37.5284754,127.0400527,11230770.0,압구정동,정상 지오코딩
5515,강남구,압구정로 343,갤러리아(WEST점),도로변(횡단보도 포함),재활용쓰레기,37.5284754,127.0400527,11230770.0,압구정동,정상 지오코딩
5516,강남구,압구정로 343,갤러리아(생활관) 버스정류장 23158,"정류소(버스,택시 등)",일반쓰레기,37.5284754,127.0400527,11230770.0,압구정동,정상 지오코딩
5517,강남구,압구정로 343,갤러리아(생활관) 버스정류장 23158,"정류소(버스,택시 등)",재활용쓰레기,37.5284754,127.0400527,11230770.0,압구정동,정상 지오코딩
5518,강남구,압구정로 321,한양아파트 35동,도로변(횡단보도 포함),일반쓰레기,37.529512,127.0383765,11230770.0,압구정동,정상 지오코딩
5519,강남구,압구정로 321,한양아파트 35동,도로변(횡단보도 포함),재활용쓰레기,37.529512,127.0383765,11230770.0,압구정동,정상 지오코딩
5520,강남구,압구정로 313,한양아파트 61동 버스정류장 23156,"정류소(버스,택시 등)",일반쓰레기,37.5298739,127.0359958,11230770.0,압구정동,정상 지오코딩
5521,강남구,압구정로 313,한양아파트 61동 버스정류장 23156,"정류소(버스,택시 등)",재활용쓰레기,37.5298739,127.0359958,11230770.0,압구정동,정상 지오코딩
5522,강남구,압구정로 309,현대아파트 91동,도로변(횡단보도 포함),일반쓰레기,37.5319211,127.0355385,11230770.0,압구정동,정상 지오코딩
5523,강남구,압구정로 309,현대아파트 91동,도로변(횡단보도 포함),재활용쓰레기,37.5319211,127.0355385,11230770.0,압구정동,정상 지오코딩
5524,강남구,압구정로 201,현대아파트 84동 버스정류장 23148,"정류소(버스,택시 등)",일반쓰레기,37.5315342,127.0292731,11230770.0,압구정동,정상 지오코딩
5525,강남구,압구정로 201,현대아파트 84동 버스정류장 23148,"정류소(버스,택시 등)",재활용쓰레기,37.5315342,127.0292731,11230770.0,압구정동,정상 지오코딩
5526,강남구,압구정역,압구정역 1번출구,지하철역 입구,일반쓰레기,37.5264913,127.0285087,11230770.0,압구정동,정상 지오코딩
5527,강남구,압구정역,압구정역 1번출구,지하철역 입구,재활용쓰레기,37.5264913,127.0285087,11230770.0,압구정동,정상 지오코딩
5528,강남구,압구정로 151,신현대아파트 103동,도로변(횡단보도 포함),일반쓰레기,37.5267858,127.024455,11230510.0,신사동,정상 지오코딩
5529,강남구,압구정로 151,신현대아파트 103동,도로변(횡단보도 포함),재활용쓰레기,37.5267858,127.024455,11230510.0,신사동,정상 지오코딩
5530,강남구,압구정로 151,경희마루한의원 버스정류장 23104,"정류소(버스,택시 등)",일반쓰레기,37.5267858,127.024455,11230510.0,신사동,정상 지오코딩
5531,강남구,압구정로 151,경희마루한의원 버스정류장 23104,"정류소(버스,택시 등)",재활용쓰레기,37.5267858,127.024455,11230510.0,신사동,정상 지오코딩
5532,강남구,압구정로 151,현대아파트 101동,도로변(횡단보도 포함),일반쓰레기,37.5267858,127.024455,11230510.0,신사동,정상 지오코딩
5533,강남구,압구정로 151,현대아파트 101동,도로변(횡단보도 포함),재활용쓰레기,37.5267858,127.024455,11230510.0,신사동,정상 지오코딩
5534,강남구,압구정로 123,신사중학교,도로변(횡단보도 포함),일반쓰레기,37.5246516,127.0209188,11230510.0,신사동,정상 지오코딩
5535,강남구,압구정로 123,신사중학교,도로변(횡단보도 포함),재활용쓰레기,37.5246516,127.0209188,11230510.0,신사동,정상 지오코딩
5536,강남구,압구정로 123,신사중학교 버스정류장 23102,"정류소(버스,택시 등)",일반쓰레기,37.5246516,127.0209188,11230510.0,신사동,정상 지오코딩
5537,강남구,압구정로 123,신사중학교 버스정류장 23102,"정류소(버스,택시 등)",재활용쓰레기,37.5246516,127.0209188,11230510.0,신사동,정상 지오코딩
5538,강남구,압구정로 113,미성2차 23동앞,도로변(횡단보도 포함),일반쓰레기,37.5244043,127.0184456,11230510.0,신사동,정상 지오코딩
5539,강남구,압구정로 113,미성2차 23동앞,도로변(횡단보도 포함),재활용쓰레기,37.5244043,127.0184456,11230510.0,신사동,정상 지오코딩
5540,강남구,압구정로 108,덕산빌딩 버스정류장 23101,"정류소(버스,택시 등)",일반쓰레기,37.5228889,127.0206,11230510.0,신사동,정상 지오코딩
5541,강남구,압구정로 108,덕산빌딩 버스정류장 23101,"정류소(버스,택시 등)",재활용쓰레기,37.5228889,127.0206,11230510.0,신사동,정상 지오코딩
5542,강남구,압구정로 128,신사동사무소,도로변(횡단보도 포함),일반쓰레기,37.5239745,127.0227964,11230510.0,신사동,정상 지오코딩
5543,강남구,압구정로 128,신사동사무소,도로변(횡단보도 포함),재활용쓰레기,37.5239745,127.0227964,11230510.0,신사동,정상 지오코딩
5544,강남구,압구정로 150,대일부동산 버스정류장 23103,"정류소(버스,택시 등)",일반쓰레기,37.5253438,127.0253586,11230510.0,신사동,정상 지오코딩
5545,강남구,압구정로 150,대일부동산 버스정류장 23103,"정류소(버스,택시 등)",재활용쓰레기,37.5253438,127.0253586,11230510.0,신사동,정상 지오코딩
5546,강남구,압구정역,압구정역 5번출구,지하철역 입구,일반쓰레기,37.5264913,127.0285087,11230770.0,압구정동,정상 지오코딩
5547,강남구,압구정역,압구정역 5번출구,지하철역 입구,재활용쓰레기,37.5264913,127.0285087,11230770.0,압구정동,정상 지오코딩
5548,강남구,압구정로 216,소망부동산 버스정류장 23149,"정류소(버스,택시 등)",일반쓰레기,37.5280853,127.0310246,11230770.0,압구정동,정상 지오코딩
5549,강남구,압구정로 216,소망부동산 버스정류장 23149,"정류소(버스,택시 등)",재활용쓰레기,37.5280853,127.0310246,11230770.0,압구정동,정상 지오코딩
5550,강남구,압구정로 230,라움,도로변(횡단보도 포함),일반쓰레기,37.5287543,127.0331844,11230770.0,압구정동,정상 지오코딩
5551,강남구,압구정로 230,라움,도로변(횡단보도 포함),재활용쓰레기,37.5287543,127.0331844,11230770.0,압구정동,정상 지오코딩
5552,강남구,압구정로 310,대영부동산,도로변(횡단보도 포함),일반쓰레기,37.5287835,127.035292,11230770.0,압구정동,정상 지오코딩
5553,강남구,압구정로 310,대영부동산,도로변(횡단보도 포함),재활용쓰레기,37.5287835,127.035292,11230770.0,압구정동,정상 지오코딩
5554,강남구,압구정로 316,더블유 수약국 버스정류장 23157,"정류소(버스,택시 등)",일반쓰레기,37.5287141,127.0360269,11230770.0,압구정동,정상 지오코딩
5555,강남구,압구정로 316,더블유 수약국 버스정류장 23157,"정류소(버스,택시 등)",재활용쓰레기,37.5287141,127.0360269,11230770.0,압구정동,정상 지오코딩
5556,강남구,압구정로 328,우리은행,도로변(횡단보도 포함),일반쓰레기,37.5283379,127.037468,11230770.0,압구정동,정상 지오코딩
5557,강남구,압구정로 328,우리은행,도로변(횡단보도 포함),재활용쓰레기,37.5283379,127.037468,11230770.0,압구정동,정상 지오코딩
5558,강남구,압구정로 338,동서상가 버스정류장 23159,"정류소(버스,택시 등)",일반쓰레기,37.5279245,127.038878,11230770.0,압구정동,정상 지오코딩
5559,강남구,압구정로 338,동서상가 버스정류장 23159,"정류소(버스,택시 등)",재활용쓰레기,37.5279245,127.038878,11230770.0,압구정동,정상 지오코딩
5560,강남구,압구정로데오역,압구정로데오역 6번출구,지하철역 입구,일반쓰레기,37.5275185,127.0406028,11230780.0,청담동,정상 지오코딩
5561,강남구,압구정로데오역,압구정로데오역 6번출구,지하철역 입구,재활용쓰레기,37.5275185,127.0406028,11230780.0,청담동,정상 지오코딩
5562,강남구,선릉로 846,CJ성형외과,도로변(횡단보도 포함),일반쓰레기,37.5274484,127.0408256,11230780.0,청담동,정상 지오코딩
5563,강남구,선릉로 846,CJ성형외과,도로변(횡단보도 포함),재활용쓰레기,37.5274484,127.0408256,11230780.0,청담동,정상 지오코딩
5564,강남구,압구정로 440,삼아약품 버스정류장 23182,"정류소(버스,택시 등)",일반쓰레기,37.5263887,127.0451089,11230780.0,청담동,정상 지오코딩
5565,강남구,압구정로 440,삼아약품 버스정류장 23182,"정류소(버스,택시 등)",재활용쓰레기,37.5263887,127.0451089,11230780.0,청담동,정상 지오코딩
5566,강남구,도산대로 459,버버리,도로변(횡단보도 포함),일반쓰레기,37.524486,127.0467938,11230780.0,청담동,정상 지오코딩
5567,강남구,도산대로 459,버버리,도로변(횡단보도 포함),재활용쓰레기,37.524486,127.0467938,11230780.0,청담동,정상 지오코딩
5568,강남구,도산대로 521,이디야커피 청담사거리점,도로변(횡단보도 포함),일반쓰레기,37.5248723,127.0503794,11230780.0,청담동,정상 지오코딩
5569,강남구,도산대로 521,이디야커피 청담사거리점,도로변(횡단보도 포함),재활용쓰레기,37.5248723,127.0503794,11230780.0,청담동,정상 지오코딩
5570,강남구,도산대로 511,도직한우 버스정류장 23166,"정류소(버스,택시 등)",일반쓰레기,37.5247543,127.0491793,11230780.0,청담동,정상 지오코딩
5571,강남구,도산대로 511,도직한우 버스정류장 23166,"정류소(버스,택시 등)",재활용쓰레기,37.5247543,127.0491793,11230780.0,청담동,정상 지오코딩
5572,강남구,도산대로 443,벤틀리 서울강남전시장,도로변(횡단보도 포함),일반쓰레기,37.5241615,127.044452,11230780.0,청담동,정상 지오코딩
5573,강남구,도산대로 443,벤틀리 서울강남전시장,도로변(횡단보도 포함),재활용쓰레기,37.5241615,127.044452,11230780.0,청담동,정상 지오코딩
5574,강남구,도산대로 419,밀레,도로변(횡단보도 포함),일반쓰레기,37.5238471,127.0416492,11230780.0,청담동,정상 지오코딩
5575,강남구,도산대로 419,밀레,도로변(횡단보도 포함),재활용쓰레기,37.5238471,127.0416492,11230780.0,청담동,정상 지오코딩
5576,강남구,선릉로 801,국민은행,도로변(횡단보도 포함),일반쓰레기,37.5235717,127.0388327,11230770.0,압구정동,정상 지오코딩
5577,강남구,선릉로 801,국민은행,도로변(횡단보도 포함),재활용쓰레기,37.5235717,127.0388327,11230770.0,압구정동,정상 지오코딩
5578,강남구,도산대로 327,쉐이크쉑 버스정류장 23161,"정류소(버스,택시 등)",일반쓰레기,37.5231196,127.0375986,11230770.0,압구정동,정상 지오코딩
5579,강남구,도산대로 327,쉐이크쉑 버스정류장 23161,"정류소(버스,택시 등)",재활용쓰레기,37.5231196,127.0375986,11230770.0,압구정동,정상 지오코딩
5580,강남구,도산대로 307,기업은행,도로변(횡단보도 포함),일반쓰레기,37.522276,127.0348969,11230770.0,압구정동,정상 지오코딩
5581,강남구,도산대로 307,기업은행,도로변(횡단보도 포함),재활용쓰레기,37.522276,127.0348969,11230770.0,압구정동,정상 지오코딩
5582,강남구,도산대로 239,한성모터스,도로변(횡단보도 포함),일반쓰레기,37.5217621,127.0332704,11230770.0,압구정동,정상 지오코딩
5583,강남구,도산대로 239,한성모터스,도로변(횡단보도 포함),재활용쓰레기,37.5217621,127.0332704,11230770.0,압구정동,정상 지오코딩
5584,강남구,도산대로 221,마세라티 강남전시장 버스정류장 23151,"정류소(버스,택시 등)",일반쓰레기,37.5210047,127.030896,11230770.0,압구정동,정상 지오코딩
5585,강남구,도산대로 221,마세라티 강남전시장 버스정류장 23151,"정류소(버스,택시 등)",재활용쓰레기,37.5210047,127.030896,11230770.0,압구정동,정상 지오코딩
5586,강남구,도산대로 157,바른약국,도로변(횡단보도 포함),일반쓰레기,37.5190319,127.0256428,11230510.0,신사동,정상 지오코딩
5587,강남구,도산대로 157,바른약국,도로변(횡단보도 포함),재활용쓰레기,37.5190319,127.0256428,11230510.0,신사동,정상 지오코딩
5588,강남구,도산대로 127,KT 버스정류장 23108,"정류소(버스,택시 등)",일반쓰레기,37.5176251,127.0223273,11230510.0,신사동,정상 지오코딩
5589,강남구,도산대로 127,KT 버스정류장 23108,"정류소(버스,택시 등)",재활용쓰레기,37.5176251,127.0223273,11230510.0,신사동,정상 지오코딩
5590,강남구,신사역,신사역 8번출구,지하철역 입구,일반쓰레기,37.516436,127.0203086,11230520.0,논현1동,정상 지오코딩
5591,강남구,신사역,신사역 8번출구,지하철역 입구,재활용쓰레기,37.516436,127.0203086,11230520.0,논현1동,정상 지오코딩
5592,강남구,신사역,신사역 7번출구,지하철역 입구,일반쓰레기,37.516436,127.0203086,11230520.0,논현1동,정상 지오코딩
5593,강남구,신사역,신사역 7번출구,지하철역 입구,재활용쓰레기,37.516436,127.0203086,11230520.0,논현1동,정상 지오코딩
5594,강남구,신사역,신사역 2번출구,지하철역 입구,일반쓰레기,37.516436,127.0203086,11230520.0,논현1동,정상 지오코딩
5595,강남구,신사역,신사역 2번출구,지하철역 입구,재활용쓰레기,37.516436,127.0203086,11230520.0,논현1동,정상 지오코딩
5596,강남구,신사역,신사역 1번출구,지하철역 입구,일반쓰레기,37.516436,127.0203086,11230520.0,논현1동,정상 지오코딩
5597,강남구,신사역,신사역 1번출구,지하철역 입구,재활용쓰레기,37.516436,127.0203086,11230520.0,논현1동,정상 지오코딩
5598,강남구,도산대로 120,청호빌딩 버스정류장 23111,"정류소(버스,택시 등)",일반쓰레기,37.5167334,127.0218773,11230520.0,논현1동,정상 지오코딩
5599,강남구,도산대로 120,청호빌딩 버스정류장 23111,"정류소(버스,택시 등)",재활용쓰레기,37.5167334,127.0218773,11230520.0,논현1동,정상 지오코딩
5600,강남구,도산대로 134,애플,도로변(횡단보도 포함),일반쓰레기,37.5173532,127.0233806,11230520.0,논현1동,정상 지오코딩
5601,강남구,도산대로 134,애플,도로변(횡단보도 포함),재활용쓰레기,37.5173532,127.0233806,11230520.0,논현1동,정상 지오코딩
5602,강남구,도산대로 202,을지병원,도로변(횡단보도 포함),일반쓰레기,37.5194081,127.0286272,11230530.0,논현2동,정상 지오코딩
5603,강남구,도산대로 202,을지병원,도로변(횡단보도 포함),재활용쓰레기,37.5194081,127.0286272,11230530.0,논현2동,정상 지오코딩
5604,강남구,도산대로 218,에이스침대,도로변(횡단보도 포함),일반쓰레기,37.5201749,127.0308509,11230530.0,논현2동,정상 지오코딩
5605,강남구,도산대로 218,에이스침대,도로변(횡단보도 포함),재활용쓰레기,37.5201749,127.0308509,11230530.0,논현2동,정상 지오코딩
5606,강남구,도산대로 306 ,아우디,도로변(횡단보도 포함),일반쓰레기,37.5214439,127.0348706,11230530.0,논현2동,정상 지오코딩
5607,강남구,도산대로 306 ,아우디,도로변(횡단보도 포함),재활용쓰레기,37.5214439,127.0348706,11230530.0,논현2동,정상 지오코딩
5608,강남구,도산대로 318,신한은행,도로변(횡단보도 포함),일반쓰레기,37.5218418,127.0368952,11230530.0,논현2동,정상 지오코딩
5609,강남구,도산대로 318,신한은행,도로변(횡단보도 포함),재활용쓰레기,37.5218418,127.0368952,11230530.0,논현2동,정상 지오코딩
5610,강남구,도산대로 336,삼성전자서비스센터,도로변(횡단보도 포함),일반쓰레기,37.5226332,127.0389078,11230530.0,논현2동,정상 지오코딩
5611,강남구,도산대로 336,삼성전자서비스센터,도로변(횡단보도 포함),재활용쓰레기,37.5226332,127.0389078,11230530.0,논현2동,정상 지오코딩
5612,강남구,선릉로 762,하나금융프라자,도로변(횡단보도 포함),일반쓰레기,37.522869,127.0395508,11230780.0,청담동,정상 지오코딩
5613,강남구,선릉로 762,하나금융프라자,도로변(횡단보도 포함),재활용쓰레기,37.522869,127.0395508,11230780.0,청담동,정상 지오코딩
5614,강남구,도산대로 420,포르쉐스튜디오,도로변(횡단보도 포함),일반쓰레기,37.5230539,127.0421951,11230780.0,청담동,정상 지오코딩
5615,강남구,도산대로 420,포르쉐스튜디오,도로변(횡단보도 포함),재활용쓰레기,37.5230539,127.0421951,11230780.0,청담동,정상 지오코딩
5616,강남구,도산대로 442,SSG푸드마켓 버스정류장 23185,"정류소(버스,택시 등)",일반쓰레기,37.5233112,127.044119,11230780.0,청담동,정상 지오코딩
5617,강남구,도산대로 442,SSG푸드마켓 버스정류장 23185,"정류소(버스,택시 등)",재활용쓰레기,37.5233112,127.044119,11230780.0,청담동,정상 지오코딩
5618,강남구,도산대로 502,보테가라운지,도로변(횡단보도 포함),일반쓰레기,37.5239327,127.0479451,11230780.0,청담동,정상 지오코딩
5619,강남구,도산대로 502,보테가라운지,도로변(횡단보도 포함),재활용쓰레기,37.5239327,127.0479451,11230780.0,청담동,정상 지오코딩
5620,강남구,도산대로 524,청담빌딩,도로변(횡단보도 포함),일반쓰레기,37.5242672,127.0508389,11230780.0,청담동,정상 지오코딩
5621,강남구,도산대로 524,청담빌딩,도로변(횡단보도 포함),재활용쓰레기,37.5242672,127.0508389,11230780.0,청담동,정상 지오코딩
5622,강남구,도산대로 532,스타벅스커피 버스정류장 23167,"정류소(버스,택시 등)",일반쓰레기,37.5243445,127.051592,11230780.0,청담동,정상 지오코딩
5623,강남구,도산대로 532,스타벅스커피 버스정류장 23167,"정류소(버스,택시 등)",재활용쓰레기,37.5243445,127.051592,11230780.0,청담동,정상 지오코딩
5624,강남구,도산대로 536,프리마호텔,도로변(횡단보도 포함),일반쓰레기,37.5243445,127.051592,11230780.0,청담동,인근 도로명번지 추정(번지차 4)
5625,강남구,도산대로 536,프리마호텔,도로변(횡단보도 포함),재활용쓰레기,37.5243445,127.051592,11230780.0,청담동,인근 도로명번지 추정(번지차 4)
5626,강남구,학동로 523,세븐일레븐 버스정류장 23172,"정류소(버스,택시 등)",일반쓰레기,37.5201167,127.0560704,11230780.0,청담동,정상 지오코딩
5627,강남구,학동로 523,세븐일레븐 버스정류장 23172,"정류소(버스,택시 등)",재활용쓰레기,37.5201167,127.0560704,11230780.0,청담동,정상 지오코딩
5628,강남구,학동로 513,진흥아파트 5동 앞,지하철역 입구,일반쓰레기,37.5200198,127.0542167,11230780.0,청담동,정상 지오코딩
5629,강남구,학동로 513,진흥아파트 5동 앞,지하철역 입구,재활용쓰레기,37.5200198,127.0542167,11230780.0,청담동,정상 지오코딩
5630,강남구,청담역,청담역 11번출구,지하철역 입구,일반쓰레기,37.5194556,127.0537179,11230780.0,청담동,정상 지오코딩
5631,강남구,청담역,청담역 11번출구,지하철역 입구,재활용쓰레기,37.5194556,127.0537179,11230780.0,청담동,정상 지오코딩
5632,강남구,청담역,청담역 10번출구,지하철역 입구,일반쓰레기,37.5194556,127.0537179,11230780.0,청담동,정상 지오코딩
5633,강남구,청담역,청담역 10번출구,지하철역 입구,재활용쓰레기,37.5194556,127.0537179,11230780.0,청담동,정상 지오코딩
5634,강남구,학동로 425,강남세무서 버스정류장 23176,"정류소(버스,택시 등)",일반쓰레기,37.518716,127.0469585,11230780.0,청담동,정상 지오코딩
5635,강남구,학동로 425,강남세무서 버스정류장 23176,"정류소(버스,택시 등)",재활용쓰레기,37.518716,127.0469585,11230780.0,청담동,정상 지오코딩
5636,강남구,학동로 405,삼성아파트 101동 앞 버스정류장 23177,"정류소(버스,택시 등)",일반쓰레기,37.5178177,127.042236,11230780.0,청담동,정상 지오코딩
5637,강남구,학동로 405,삼성아파트 101동 앞 버스정류장 23177,"정류소(버스,택시 등)",재활용쓰레기,37.5178177,127.042236,11230780.0,청담동,정상 지오코딩
5638,강남구,강남구청역,강남구청역 4번출구,지하철역 입구,일반쓰레기,37.5172162,127.0413109,11230590.0,삼성2동,정상 지오코딩
5639,강남구,강남구청역,강남구청역 4번출구,지하철역 입구,재활용쓰레기,37.5172162,127.0413109,11230590.0,삼성2동,정상 지오코딩
5640,강남구,강남구청역,강남구청역 3번출구,지하철역 입구,일반쓰레기,37.5172162,127.0413109,11230590.0,삼성2동,정상 지오코딩
5641,강남구,강남구청역,강남구청역 3번출구,지하철역 입구,재활용쓰레기,37.5172162,127.0413109,11230590.0,삼성2동,정상 지오코딩
5642,강남구,학동로 337,T-world 버스정류장 23128,"정류소(버스,택시 등)",일반쓰레기,37.5170719,127.039928,11230530.0,논현2동,정상 지오코딩
5643,강남구,학동로 337,T-world 버스정류장 23128,"정류소(버스,택시 등)",재활용쓰레기,37.5170719,127.039928,11230530.0,논현2동,정상 지오코딩
5644,강남구,언주로 702,바나프레소,도로변(횡단보도 포함),일반쓰레기,37.5158174,127.0357434,11230530.0,논현2동,정상 지오코딩
5645,강남구,언주로 702,바나프레소,도로변(횡단보도 포함),재활용쓰레기,37.5158174,127.0357434,11230530.0,논현2동,정상 지오코딩
5646,강남구,학동로 233,서울제이에스병원 버스정류장 23147,"정류소(버스,택시 등)",일반쓰레기,37.5154979,127.0346989,11230530.0,논현2동,정상 지오코딩
5647,강남구,학동로 233,서울제이에스병원 버스정류장 23147,"정류소(버스,택시 등)",재활용쓰레기,37.5154979,127.0346989,11230530.0,논현2동,정상 지오코딩
5648,강남구,학동로 227,논현2동파출소,도로변(횡단보도 포함),일반쓰레기,37.5152038,127.0338464,11230530.0,논현2동,정상 지오코딩
5649,강남구,학동로 227,논현2동파출소,도로변(횡단보도 포함),재활용쓰레기,37.5152038,127.0338464,11230530.0,논현2동,정상 지오코딩
5650,강남구,학동로 207,학동역 9번출구,지하철역 입구,일반쓰레기,37.5145661,127.0316081,11230530.0,논현2동,정상 지오코딩
5651,강남구,학동로 207,학동역 9번출구,지하철역 입구,재활용쓰레기,37.5145661,127.0316081,11230530.0,논현2동,정상 지오코딩
5652,강남구,학동역,학동역 6번출구,지하철역 입구,일반쓰레기,37.5143458,127.0319019,11230530.0,논현2동,정상 지오코딩
5653,강남구,학동역,학동역 6번출구,지하철역 입구,재활용쓰레기,37.5143458,127.0319019,11230530.0,논현2동,정상 지오코딩
5654,강남구,학동로 171,삼익뮤직프라자 버스정류장 23115,"정류소(버스,택시 등)",일반쓰레기,37.5140467,127.0295507,11230520.0,논현1동,정상 지오코딩
5655,강남구,학동로 171,삼익뮤직프라자 버스정류장 23115,"정류소(버스,택시 등)",재활용쓰레기,37.5140467,127.0295507,11230520.0,논현1동,정상 지오코딩
5656,강남구,학동로 143,나뚜찌,도로변(횡단보도 포함),일반쓰레기,37.5129456,127.0265557,11230520.0,논현1동,정상 지오코딩
5657,강남구,학동로 143,나뚜찌,도로변(횡단보도 포함),재활용쓰레기,37.5129456,127.0265557,11230520.0,논현1동,정상 지오코딩
5658,강남구,학동로 117,포레힐호텔 버스정류장 23116,"정류소(버스,택시 등)",일반쓰레기,37.5120754,127.0236484,11230520.0,논현1동,정상 지오코딩
5659,강남구,학동로 117,포레힐호텔 버스정류장 23116,"정류소(버스,택시 등)",재활용쓰레기,37.5120754,127.0236484,11230520.0,논현1동,정상 지오코딩
5660,강남구,논현역,논현역 8번출구,지하철역 입구,일반쓰레기,37.5112,127.0216542,11230520.0,논현1동,정상 지오코딩
5661,강남구,논현역,논현역 8번출구,지하철역 입구,재활용쓰레기,37.5112,127.0216542,11230520.0,논현1동,정상 지오코딩
5662,강남구,학동로 106,동일빌딩 버스정류장 23117,"정류소(버스,택시 등)",일반쓰레기,37.5112241,127.0225493,11230520.0,논현1동,정상 지오코딩
5663,강남구,학동로 106,동일빌딩 버스정류장 23117,"정류소(버스,택시 등)",재활용쓰레기,37.5112241,127.0225493,11230520.0,논현1동,정상 지오코딩
5664,강남구,학동역,학동로 5번출구,지하철역 입구,일반쓰레기,37.5143458,127.0319019,11230530.0,논현2동,정상 지오코딩
5665,강남구,학동역,학동로 5번출구,지하철역 입구,재활용쓰레기,37.5143458,127.0319019,11230530.0,논현2동,정상 지오코딩
5666,강남구,학동역,학동역 2번출구,지하철역 입구,일반쓰레기,37.5143458,127.0319019,11230530.0,논현2동,정상 지오코딩
5667,강남구,학동역,학동역 2번출구,지하철역 입구,재활용쓰레기,37.5143458,127.0319019,11230530.0,논현2동,정상 지오코딩
5668,강남구,학동역,학동역 1번출구,지하철역 입구,일반쓰레기,37.5143458,127.0319019,11230530.0,논현2동,정상 지오코딩
5669,강남구,학동역,학동역 1번출구,지하철역 입구,재활용쓰레기,37.5143458,127.0319019,11230530.0,논현2동,정상 지오코딩
5670,강남구,언주로 652,단스시,도로변(횡단보도 포함),일반쓰레기,37.5151314,127.0357806,11230530.0,논현2동,정상 지오코딩
5671,강남구,언주로 652,단스시,도로변(횡단보도 포함),재활용쓰레기,37.5151314,127.0357806,11230530.0,논현2동,정상 지오코딩
5672,강남구,학동로 310,카페마스터 버스정류장 23134,"정류소(버스,택시 등)",일반쓰레기,37.5154809,127.0366159,11230530.0,논현2동,정상 지오코딩
5673,강남구,학동로 310,카페마스터 버스정류장 23134,"정류소(버스,택시 등)",재활용쓰레기,37.5154809,127.0366159,11230530.0,논현2동,정상 지오코딩
5674,강남구,학동로 338,정관장 버스정류장 23135,"정류소(버스,택시 등)",일반쓰레기,37.5165403,127.0401622,11230530.0,논현2동,정상 지오코딩
5675,강남구,학동로 338,정관장 버스정류장 23135,"정류소(버스,택시 등)",재활용쓰레기,37.5165403,127.0401622,11230530.0,논현2동,정상 지오코딩
5676,강남구,학동로 342,허브프라자,도로변(횡단보도 포함),일반쓰레기,37.516756,127.0408413,11230530.0,논현2동,정상 지오코딩
5677,강남구,학동로 342,허브프라자,도로변(횡단보도 포함),재활용쓰레기,37.516756,127.0408413,11230530.0,논현2동,정상 지오코딩
5678,강남구,선릉로 130길 19,서광아파트 101동앞 버스정류장 23205,"정류소(버스,택시 등)",일반쓰레기,37.5170321,127.0429371,11230590.0,삼성2동,정상 지오코딩
5679,강남구,선릉로 130길 19,서광아파트 101동앞 버스정류장 23205,"정류소(버스,택시 등)",재활용쓰레기,37.5170321,127.0429371,11230590.0,삼성2동,정상 지오코딩
5680,강남구,학동로 408,삼성월드 아파트 앞,도로변(횡단보도 포함),일반쓰레기,37.5174731,127.0440829,11230590.0,삼성2동,정상 지오코딩
5681,강남구,학동로 408,삼성월드 아파트 앞,도로변(횡단보도 포함),재활용쓰레기,37.5174731,127.0440829,11230590.0,삼성2동,정상 지오코딩
5682,강남구,학동로 412,한솔아파트 101동 앞,도로변(횡단보도 포함),일반쓰레기,37.5174154,127.044965,11230590.0,삼성2동,정상 지오코딩
5683,강남구,학동로 412,한솔아파트 101동 앞,도로변(횡단보도 포함),재활용쓰레기,37.5174154,127.044965,11230590.0,삼성2동,정상 지오코딩
5684,강남구,학동로 426,강남구청,도로변(횡단보도 포함),일반쓰레기,37.5179682,127.0470598,11230590.0,삼성2동,정상 지오코딩
5685,강남구,학동로 426,강남구청,도로변(횡단보도 포함),재활용쓰레기,37.5179682,127.0470598,11230590.0,삼성2동,정상 지오코딩
5686,강남구,학동로 426,강남구청 버스정류장 23206,"정류소(버스,택시 등)",일반쓰레기,37.5179682,127.0470598,11230590.0,삼성2동,정상 지오코딩
5687,강남구,학동로 426,강남구청 버스정류장 23206,"정류소(버스,택시 등)",재활용쓰레기,37.5179682,127.0470598,11230590.0,삼성2동,정상 지오코딩
5688,강남구,학동로 446,청담역 7번출구,도로변(횡단보도 포함),일반쓰레기,37.5179682,127.0470598,11230590.0,삼성2동,인근 도로명번지 추정(번지차 20)
5689,강남구,학동로 446,청담역 7번출구,도로변(횡단보도 포함),재활용쓰레기,37.5179682,127.0470598,11230590.0,삼성2동,인근 도로명번지 추정(번지차 20)
5690,강남구,청담역,청담역 4번출구,지하철역 입구,일반쓰레기,37.5194556,127.0537179,11230780.0,청담동,정상 지오코딩
5691,강남구,청담역,청담역 4번출구,지하철역 입구,재활용쓰레기,37.5194556,127.0537179,11230780.0,청담동,정상 지오코딩
5692,강남구,학동로 524,청담불한증막 버스정류장 23187,"정류소(버스,택시 등)",일반쓰레기,37.5201167,127.0560704,11230780.0,청담동,인근 도로명번지 추정(번지차 1)
5693,강남구,학동로 524,청담불한증막 버스정류장 23187,"정류소(버스,택시 등)",재활용쓰레기,37.5201167,127.0560704,11230780.0,청담동,인근 도로명번지 추정(번지차 1)
5694,강남구,봉은사로 645,삼성라테라스아파트,도로변(횡단보도 포함),일반쓰레기,37.5155495,127.0657975,11230580.0,삼성1동,정상 지오코딩
5695,강남구,봉은사로 645,삼성라테라스아파트,도로변(횡단보도 포함),재활용쓰레기,37.5155495,127.0657975,11230580.0,삼성1동,정상 지오코딩
5696,강남구,봉은사로 633,달콤커피 버스정류장 23855,"정류소(버스,택시 등)",일반쓰레기,37.5152132,127.064509,11230580.0,삼성1동,정상 지오코딩
5697,강남구,봉은사로 633,달콤커피 버스정류장 23855,"정류소(버스,택시 등)",재활용쓰레기,37.5152132,127.064509,11230580.0,삼성1동,정상 지오코딩
5698,강남구,영동대로 602,미켈란 107,도로변(횡단보도 포함),일반쓰레기,37.5147216,127.0604839,11230580.0,삼성1동,정상 지오코딩
5699,강남구,영동대로 602,미켈란 107,도로변(횡단보도 포함),재활용쓰레기,37.5147216,127.0604839,11230580.0,삼성1동,정상 지오코딩
5700,강남구,봉은사역,봉은사역 1번출구,도로변(횡단보도 포함),일반쓰레기,37.5142554,127.0602339,11230580.0,삼성1동,정상 지오코딩
5701,강남구,봉은사역,봉은사역 1번출구,도로변(횡단보도 포함),재활용쓰레기,37.5142554,127.0602339,11230580.0,삼성1동,정상 지오코딩
5702,강남구,봉은사로 535,GS25 버스정류장 23190,"정류소(버스,택시 등)",일반쓰레기,37.5142581,127.0586744,11230580.0,삼성1동,정상 지오코딩
5703,강남구,봉은사로 535,GS25 버스정류장 23190,"정류소(버스,택시 등)",재활용쓰레기,37.5142581,127.0586744,11230580.0,삼성1동,정상 지오코딩
5704,강남구,봉은사로 531,봉은사,도로변(횡단보도 포함),일반쓰레기,37.5158257,127.0577345,11230580.0,삼성1동,정상 지오코딩
5705,강남구,봉은사로 531,봉은사,도로변(횡단보도 포함),재활용쓰레기,37.5158257,127.0577345,11230580.0,삼성1동,정상 지오코딩
5706,강남구,삼성1동 75,더라빌입구,도로변(횡단보도 포함),일반쓰레기,37.5139124,127.0554918,11230580.0,삼성1동,정상 지오코딩
5707,강남구,삼성1동 75,더라빌입구,도로변(횡단보도 포함),재활용쓰레기,37.5139124,127.0554918,11230580.0,삼성1동,정상 지오코딩
5708,강남구,봉은사로 503,오천주유소,도로변(횡단보도 포함),일반쓰레기,37.513515,127.0538104,11230580.0,삼성1동,정상 지오코딩
5709,강남구,봉은사로 503,오천주유소,도로변(횡단보도 포함),재활용쓰레기,37.513515,127.0538104,11230580.0,삼성1동,정상 지오코딩
5710,강남구,봉은사로 479,국민은행,도로변(횡단보도 포함),일반쓰레기,37.513191,127.0527545,11230590.0,삼성2동,정상 지오코딩
5711,강남구,봉은사로 479,국민은행,도로변(횡단보도 포함),재활용쓰레기,37.513191,127.0527545,11230590.0,삼성2동,정상 지오코딩
5712,강남구,봉은사로 471,총각네 삼성힐스테이트점 버스정류장 23210,"정류소(버스,택시 등)",일반쓰레기,37.5127263,127.0512395,11230590.0,삼성2동,정상 지오코딩
5713,강남구,봉은사로 471,총각네 삼성힐스테이트점 버스정류장 23210,"정류소(버스,택시 등)",재활용쓰레기,37.5127263,127.0512395,11230590.0,삼성2동,정상 지오코딩
5714,강남구,봉은사로 435,한국통신사업자 버스정류장 23575,"정류소(버스,택시 등)",일반쓰레기,37.5116297,127.0474084,11230590.0,삼성2동,정상 지오코딩
5715,강남구,봉은사로 435,한국통신사업자 버스정류장 23575,"정류소(버스,택시 등)",재활용쓰레기,37.5116297,127.0474084,11230590.0,삼성2동,정상 지오코딩
5716,강남구,봉은사로 419,삼성2동주민센터 버스정류장 23212,"정류소(버스,택시 등)",일반쓰레기,37.5112073,127.0459769,11230590.0,삼성2동,정상 지오코딩
5717,강남구,봉은사로 419,삼성2동주민센터 버스정류장 23212,"정류소(버스,택시 등)",재활용쓰레기,37.5112073,127.0459769,11230590.0,삼성2동,정상 지오코딩
5718,강남구,봉은사로 323,T-모터스,도로변(횡단보도 포함),일반쓰레기,37.5100955,127.0420941,11230530.0,논현2동,정상 지오코딩
5719,강남구,봉은사로 323,T-모터스,도로변(횡단보도 포함),재활용쓰레기,37.5100955,127.0420941,11230530.0,논현2동,정상 지오코딩
5720,강남구,언주로 604,쿨마트 앞 버스정류장 23138,"정류소(버스,택시 등)",일반쓰레기,37.5095303,127.0384212,11230530.0,논현2동,정상 지오코딩
5721,강남구,언주로 604,쿨마트 앞 버스정류장 23138,"정류소(버스,택시 등)",재활용쓰레기,37.5095303,127.0384212,11230530.0,논현2동,정상 지오코딩
5722,강남구,언주로 604,아크로힐스,도로변(횡단보도 포함),일반쓰레기,37.5095303,127.0384212,11230530.0,논현2동,정상 지오코딩
5723,강남구,언주로 604,아크로힐스,도로변(횡단보도 포함),재활용쓰레기,37.5095303,127.0384212,11230530.0,논현2동,정상 지오코딩
5724,강남구,봉은사로 229,경복주차장 버스정류장 23143,"정류소(버스,택시 등)",일반쓰레기,37.5077509,127.0362545,11230640.0,역삼1동,인근 도로명번지 추정(번지차 9)
5725,강남구,봉은사로 229,경복주차장 버스정류장 23143,"정류소(버스,택시 등)",재활용쓰레기,37.5077509,127.0362545,11230640.0,역삼1동,인근 도로명번지 추정(번지차 9)
5726,강남구,봉은사로 209,올리브영 버스정류장 23144,"정류소(버스,택시 등)",일반쓰레기,37.5079323,127.0350129,11230530.0,논현2동,정상 지오코딩
5727,강남구,봉은사로 209,올리브영 버스정류장 23144,"정류소(버스,택시 등)",재활용쓰레기,37.5079323,127.0350129,11230530.0,논현2동,정상 지오코딩
5728,강남구,봉은사로 129,거평타운,도로변(횡단보도 포함),일반쓰레기,37.5059165,127.0283134,11230520.0,논현1동,정상 지오코딩
5729,강남구,봉은사로 129,거평타운,도로변(횡단보도 포함),재활용쓰레기,37.5059165,127.0283134,11230520.0,논현1동,정상 지오코딩
5730,강남구,봉은사로 111,ES타워 버스정류장 23121,"정류소(버스,택시 등)",일반쓰레기,37.5051961,127.0257003,11230520.0,논현1동,정상 지오코딩
5731,강남구,봉은사로 111,ES타워 버스정류장 23121,"정류소(버스,택시 등)",재활용쓰레기,37.5051961,127.0257003,11230520.0,논현1동,정상 지오코딩
5732,강남구,봉은사로 110,신논현역 4번출구 버스정류장 23266,"정류소(버스,택시 등)",일반쓰레기,37.5045805,127.0258188,11230640.0,역삼1동,정상 지오코딩
5733,강남구,봉은사로 110,신논현역 4번출구 버스정류장 23266,"정류소(버스,택시 등)",재활용쓰레기,37.5045805,127.0258188,11230640.0,역삼1동,정상 지오코딩
5734,강남구,봉은사로 150,삼정호텔 차병원 건강검진센터 버스정류장 23267,"정류소(버스,택시 등)",일반쓰레기,37.5058875,127.0311586,11230640.0,역삼1동,정상 지오코딩
5735,강남구,봉은사로 150,삼정호텔 차병원 건강검진센터 버스정류장 23267,"정류소(버스,택시 등)",재활용쓰레기,37.5058875,127.0311586,11230640.0,역삼1동,정상 지오코딩
5736,강남구,봉은사로 204,언주역 5번출구,도로변(횡단보도 포함),일반쓰레기,37.5071708,127.0344728,11230640.0,역삼1동,정상 지오코딩
5737,강남구,봉은사로 204,언주역 5번출구,도로변(횡단보도 포함),재활용쓰레기,37.5071708,127.0344728,11230640.0,역삼1동,정상 지오코딩
5738,강남구,봉은사로 210,송산빌딩 버스정류장 23270,"정류소(버스,택시 등)",일반쓰레기,37.5074403,127.0352489,11230640.0,역삼1동,정상 지오코딩
5739,강남구,봉은사로 210,송산빌딩 버스정류장 23270,"정류소(버스,택시 등)",재활용쓰레기,37.5074403,127.0352489,11230640.0,역삼1동,정상 지오코딩
5740,강남구,봉은사로 220,휴베이스 웃는약국,도로변(횡단보도 포함),일반쓰레기,37.5077509,127.0362545,11230640.0,역삼1동,정상 지오코딩
5741,강남구,봉은사로 220,휴베이스 웃는약국,도로변(횡단보도 포함),재활용쓰레기,37.5077509,127.0362545,11230640.0,역삼1동,정상 지오코딩
5742,강남구,언주로 565,상지카일룸블랙오피스텔,도로변(횡단보도 포함),일반쓰레기,37.5083279,127.0383641,11230640.0,역삼1동,정상 지오코딩
5743,강남구,언주로 565,상지카일룸블랙오피스텔,도로변(횡단보도 포함),재활용쓰레기,37.5083279,127.0383641,11230640.0,역삼1동,정상 지오코딩
5744,강남구,봉은사로 302,우리은행,도로변(횡단보도 포함),일반쓰레기,37.5086904,127.0394028,11230640.0,역삼1동,정상 지오코딩
5745,강남구,봉은사로 302,우리은행,도로변(횡단보도 포함),재활용쓰레기,37.5086904,127.0394028,11230640.0,역삼1동,정상 지오코딩
5746,강남구,봉은사로 306,NK타워 버스정류장 23273,"정류소(버스,택시 등)",일반쓰레기,37.5090977,127.0406531,11230640.0,역삼1동,정상 지오코딩
5747,강남구,봉은사로 306,NK타워 버스정류장 23273,"정류소(버스,택시 등)",재활용쓰레기,37.5090977,127.0406531,11230640.0,역삼1동,정상 지오코딩
5748,강남구,봉은사로 328,창일빌딩 버스정류장 23274,"정류소(버스,택시 등)",일반쓰레기,37.5097245,127.0429083,11230640.0,역삼1동,정상 지오코딩
5749,강남구,봉은사로 328,창일빌딩 버스정류장 23274,"정류소(버스,택시 등)",재활용쓰레기,37.5097245,127.0429083,11230640.0,역삼1동,정상 지오코딩
5750,강남구,봉은사로 410,라마다호텔,도로변(횡단보도 포함),일반쓰레기,37.5103474,127.045279,11230590.0,삼성2동,정상 지오코딩
5751,강남구,봉은사로 410,라마다호텔,도로변(횡단보도 포함),재활용쓰레기,37.5103474,127.045279,11230590.0,삼성2동,정상 지오코딩
5752,강남구,봉은사로 422,구다모 버스정류장 23213,"정류소(버스,택시 등)",일반쓰레기,37.5106063,127.0463809,11230590.0,삼성2동,정상 지오코딩
5753,강남구,봉은사로 422,구다모 버스정류장 23213,"정류소(버스,택시 등)",재활용쓰레기,37.5106063,127.0463809,11230590.0,삼성2동,정상 지오코딩
5754,강남구,봉은사로 476,우리은행,도로변(횡단보도 포함),일반쓰레기,37.5125058,127.0524277,11230590.0,삼성2동,정상 지오코딩
5755,강남구,봉은사로 476,우리은행,도로변(횡단보도 포함),재활용쓰레기,37.5125058,127.0524277,11230590.0,삼성2동,정상 지오코딩
5756,강남구,봉은사로 502,버거킹,도로변(횡단보도 포함),일반쓰레기,37.5128826,127.0538517,11230580.0,삼성1동,정상 지오코딩
5757,강남구,봉은사로 502,버거킹,도로변(횡단보도 포함),재활용쓰레기,37.5128826,127.0538517,11230580.0,삼성1동,정상 지오코딩
5758,강남구,봉은사로 524,아셈회의장 버스정류장 23191,"정류소(버스,택시 등)",일반쓰레기,37.5129534,127.0571156,11230580.0,삼성1동,정상 지오코딩
5759,강남구,봉은사로 524,아셈회의장 버스정류장 23191,"정류소(버스,택시 등)",재활용쓰레기,37.5129534,127.0571156,11230580.0,삼성1동,정상 지오코딩
5760,강남구,봉은사로 612,광동한방병원 버스정류장 23193,"정류소(버스,택시 등)",일반쓰레기,37.514281,127.0621468,11230580.0,삼성1동,정상 지오코딩
5761,강남구,봉은사로 612,광동한방병원 버스정류장 23193,"정류소(버스,택시 등)",재활용쓰레기,37.514281,127.0621468,11230580.0,삼성1동,정상 지오코딩
5762,강남구,봉은사로 634,신의주찹쌀순대 버스정류장 23194,"정류소(버스,택시 등)",일반쓰레기,37.514765,127.0646782,11230580.0,삼성1동,정상 지오코딩
5763,강남구,봉은사로 634,신의주찹쌀순대 버스정류장 23194,"정류소(버스,택시 등)",재활용쓰레기,37.514765,127.0646782,11230580.0,삼성1동,정상 지오코딩
5764,강남구,봉은사로 623,삼성빌딩 버스정류장 23196,"정류소(버스,택시 등)",일반쓰레기,37.515119,127.0635513,11230580.0,삼성1동,정상 지오코딩
5765,강남구,봉은사로 623,삼성빌딩 버스정류장 23196,"정류소(버스,택시 등)",재활용쓰레기,37.515119,127.0635513,11230580.0,삼성1동,정상 지오코딩
5766,강남구,삼성역,삼성역 8번출구,지하철역 입구,일반쓰레기,37.5088227,127.0630232,11230580.0,삼성1동,정상 지오코딩
5767,강남구,삼성역,삼성역 8번출구,지하철역 입구,재활용쓰레기,37.5088227,127.0630232,11230580.0,삼성1동,정상 지오코딩
5768,강남구,삼성역,삼성역 5번출구,지하철역 입구,일반쓰레기,37.5088227,127.0630232,11230580.0,삼성1동,정상 지오코딩
5769,강남구,삼성역,삼성역 5번출구,지하철역 입구,재활용쓰레기,37.5088227,127.0630232,11230580.0,삼성1동,정상 지오코딩
5770,강남구,봉은사로 524,인터콘티넨탈호텔(테헤란로) 버스정류장 23201,"정류소(버스,택시 등)",일반쓰레기,37.5129534,127.0571156,11230580.0,삼성1동,정상 지오코딩
5771,강남구,봉은사로 524,인터콘티넨탈호텔(테헤란로) 버스정류장 23201,"정류소(버스,택시 등)",재활용쓰레기,37.5129534,127.0571156,11230580.0,삼성1동,정상 지오코딩
5772,강남구,테헤란로 509,NC타워,도로변(횡단보도 포함),일반쓰레기,37.5077826,127.0582055,11230580.0,삼성1동,정상 지오코딩
5773,강남구,테헤란로 509,NC타워,도로변(횡단보도 포함),재활용쓰레기,37.5077826,127.0582055,11230580.0,삼성1동,정상 지오코딩
5774,강남구,테헤란로 507,위워크빌딩 하나은행 버스정류장 23514,"정류소(버스,택시 등)",일반쓰레기,37.5076652,127.0577262,11230580.0,삼성1동,정상 지오코딩
5775,강남구,테헤란로 507,위워크빌딩 하나은행 버스정류장 23514,"정류소(버스,택시 등)",재활용쓰레기,37.5076652,127.0577262,11230580.0,삼성1동,정상 지오코딩
5776,강남구,테헤란로 501,IBK기업은행,도로변(횡단보도 포함),일반쓰레기,37.5073809,127.0568213,11230580.0,삼성1동,정상 지오코딩
5777,강남구,테헤란로 501,IBK기업은행,도로변(횡단보도 포함),재활용쓰레기,37.5073809,127.0568213,11230580.0,삼성1동,정상 지오코딩
5778,강남구,테헤란로 447,KB우준타워,도로변(횡단보도 포함),일반쓰레기,37.5071236,127.0560614,11230590.0,삼성2동,정상 지오코딩
5779,강남구,테헤란로 447,KB우준타워,도로변(횡단보도 포함),재활용쓰레기,37.5071236,127.0560614,11230590.0,삼성2동,정상 지오코딩
5780,강남구,테헤란로 439,송암빌딩 버스정류장 23217,"정류소(버스,택시 등)",일반쓰레기,37.506829,127.0551873,11230590.0,삼성2동,정상 지오코딩
5781,강남구,테헤란로 439,송암빌딩 버스정류장 23217,"정류소(버스,택시 등)",재활용쓰레기,37.506829,127.0551873,11230590.0,삼성2동,정상 지오코딩
5782,강남구,테헤란로 419,삼성생명,도로변(횡단보도 포함),일반쓰레기,37.5058701,127.0521804,11230590.0,삼성2동,정상 지오코딩
5783,강남구,테헤란로 419,삼성생명,도로변(횡단보도 포함),재활용쓰레기,37.5058701,127.0521804,11230590.0,삼성2동,정상 지오코딩
5784,강남구,테헤란로 413,카페베네 버스정류장 23241,"정류소(버스,택시 등)",일반쓰레기,37.5055813,127.051282,11230590.0,삼성2동,정상 지오코딩
5785,강남구,테헤란로 413,카페베네 버스정류장 23241,"정류소(버스,택시 등)",재활용쓰레기,37.5055813,127.051282,11230590.0,삼성2동,정상 지오코딩
5786,강남구,선릉역,선릉역 10번출구,지하철역 입구,일반쓰레기,37.5051678,127.0487099,11230590.0,삼성2동,정상 지오코딩
5787,강남구,선릉역,선릉역 10번출구,지하철역 입구,재활용쓰레기,37.5051678,127.0487099,11230590.0,삼성2동,정상 지오코딩
5788,강남구,선릉역,선릉역 6번출구,지하철역 입구,일반쓰레기,37.5051678,127.0487099,11230590.0,삼성2동,정상 지오코딩
5789,강남구,선릉역,선릉역 6번출구,지하철역 입구,재활용쓰레기,37.5051678,127.0487099,11230590.0,삼성2동,정상 지오코딩
5790,강남구,선릉역,선릉역 5번출구,지하철역 입구,일반쓰레기,37.5051678,127.0487099,11230590.0,삼성2동,정상 지오코딩
5791,강남구,선릉역,선릉역 5번출구,지하철역 입구,재활용쓰레기,37.5051678,127.0487099,11230590.0,삼성2동,정상 지오코딩
5792,강남구,테헤란로 317,동훈타워,도로변(횡단보도 포함),일반쓰레기,37.5039742,127.0457632,11230640.0,역삼1동,정상 지오코딩
5793,강남구,테헤란로 317,동훈타워,도로변(횡단보도 포함),재활용쓰레기,37.5039742,127.0457632,11230640.0,역삼1동,정상 지오코딩
5794,강남구,테헤란로 305,한국기술센터 버스정류장 23277,"정류소(버스,택시 등)",일반쓰레기,37.5033406,127.0437808,11230640.0,역삼1동,정상 지오코딩
5795,강남구,테헤란로 305,한국기술센터 버스정류장 23277,"정류소(버스,택시 등)",재활용쓰레기,37.5033406,127.0437808,11230640.0,역삼1동,정상 지오코딩
5796,강남구,테헤란로 237,라마다르네상스,도로변(횡단보도 포함),일반쓰레기,37.4976617,127.029278,11230640.0,역삼1동,정상 지오코딩
5797,강남구,테헤란로 237,라마다르네상스,도로변(횡단보도 포함),재활용쓰레기,37.4976617,127.029278,11230640.0,역삼1동,정상 지오코딩
5798,강남구,테헤란로 223,"스타벅스 큰길타워점, 큰길타워빌딩",도로변(횡단보도 포함),일반쓰레기,37.5024002,127.0406729,11230640.0,역삼1동,정상 지오코딩
5799,강남구,테헤란로 223,"스타벅스 큰길타워점, 큰길타워빌딩",도로변(횡단보도 포함),재활용쓰레기,37.5024002,127.0406729,11230640.0,역삼1동,정상 지오코딩
5800,강남구,테헤란로 217,오렌지플래닛,도로변(횡단보도 포함),일반쓰레기,37.5021097,127.0398444,11230640.0,역삼1동,정상 지오코딩
5801,강남구,테헤란로 217,오렌지플래닛,도로변(횡단보도 포함),재활용쓰레기,37.5021097,127.0398444,11230640.0,역삼1동,정상 지오코딩
5802,강남구,테헤란로 205,역삼빌딩 버스정류장 23280,"정류소(버스,택시 등)",일반쓰레기,37.5016245,127.0383931,11230640.0,역삼1동,정상 지오코딩
5803,강남구,테헤란로 205,역삼빌딩 버스정류장 23280,"정류소(버스,택시 등)",재활용쓰레기,37.5016245,127.0383931,11230640.0,역삼1동,정상 지오코딩
5804,강남구,테헤란로 203,ing빌딩,도로변(횡단보도 포함),일반쓰레기,37.5015976,127.0377229,11230640.0,역삼1동,정상 지오코딩
5805,강남구,테헤란로 203,ing빌딩,도로변(횡단보도 포함),재활용쓰레기,37.5015976,127.0377229,11230640.0,역삼1동,정상 지오코딩
5806,강남구,역삼역,역삼역 8번출구,지하철역 입구,일반쓰레기,37.5006744,127.0364695,11230640.0,역삼1동,정상 지오코딩
5807,강남구,역삼역,역삼역 8번출구,지하철역 입구,재활용쓰레기,37.5006744,127.0364695,11230640.0,역삼1동,정상 지오코딩
5808,강남구,역삼역,역삼역 5번출구,지하철역 입구,일반쓰레기,37.5006744,127.0364695,11230640.0,역삼1동,정상 지오코딩
5809,강남구,역삼역,역삼역 5번출구,지하철역 입구,재활용쓰레기,37.5006744,127.0364695,11230640.0,역삼1동,정상 지오코딩
5810,강남구,역삼역,역삼역 4번출구,지하철역 입구,일반쓰레기,37.5006744,127.0364695,11230640.0,역삼1동,정상 지오코딩
5811,강남구,역삼역,역삼역 4번출구,지하철역 입구,재활용쓰레기,37.5006744,127.0364695,11230640.0,역삼1동,정상 지오코딩
5812,강남구,테헤란로 131,특허청,도로변(횡단보도 포함),일반쓰레기,37.5000819,127.032938,11230640.0,역삼1동,정상 지오코딩
5813,강남구,테헤란로 131,특허청,도로변(횡단보도 포함),재활용쓰레기,37.5000819,127.032938,11230640.0,역삼1동,정상 지오코딩
5814,강남구,테헤란로 129,"블루보틀 역삼카페, 강남N타워",도로변(횡단보도 포함),일반쓰레기,37.4999398,127.0323664,11230640.0,역삼1동,정상 지오코딩
5815,강남구,테헤란로 129,"블루보틀 역삼카페, 강남N타워",도로변(횡단보도 포함),재활용쓰레기,37.4999398,127.0323664,11230640.0,역삼1동,정상 지오코딩
5816,강남구,테헤란로 123,여삼빌딩,도로변(횡단보도 포함),일반쓰레기,37.4995539,127.0313935,11230640.0,역삼1동,정상 지오코딩
5817,강남구,테헤란로 123,여삼빌딩,도로변(횡단보도 포함),재활용쓰레기,37.4995539,127.0313935,11230640.0,역삼1동,정상 지오코딩
5818,강남구,테헤란로 121,원빌딩,도로변(횡단보도 포함),일반쓰레기,37.4994162,127.0310628,11230640.0,역삼1동,정상 지오코딩
5819,강남구,테헤란로 121,원빌딩,도로변(횡단보도 포함),재활용쓰레기,37.4994162,127.0310628,11230640.0,역삼1동,정상 지오코딩
5820,강남구,테헤란로 113,"목화밀라트, 대진도원참치 버스정류장 23284","정류소(버스,택시 등)",일반쓰레기,37.4989781,127.0295333,11230640.0,역삼1동,정상 지오코딩
5821,강남구,테헤란로 113,"목화밀라트, 대진도원참치 버스정류장 23284","정류소(버스,택시 등)",재활용쓰레기,37.4989781,127.0295333,11230640.0,역삼1동,정상 지오코딩
5822,강남구,강남역,강남역 12번출구,지하철역 입구,일반쓰레기,37.4980863,127.0280014,11230640.0,역삼1동,정상 지오코딩
5823,강남구,강남역,강남역 12번출구,지하철역 입구,재활용쓰레기,37.4980863,127.0280014,11230640.0,역삼1동,정상 지오코딩
5824,강남구,강남대로 624,신사빌딩 버스정류장 23109,"정류소(버스,택시 등)",일반쓰레기,37.5175039,127.0195009,11230510.0,신사동,정상 지오코딩
5825,강남구,강남대로 624,신사빌딩 버스정류장 23109,"정류소(버스,택시 등)",재활용쓰레기,37.5175039,127.0195009,11230510.0,신사동,정상 지오코딩
5826,강남구,신사역,신사역 6번출구,지하철역 입구,일반쓰레기,37.516436,127.0203086,11230520.0,논현1동,정상 지오코딩
5827,강남구,신사역,신사역 6번출구,지하철역 입구,재활용쓰레기,37.516436,127.0203086,11230520.0,논현1동,정상 지오코딩
5828,강남구,신사역,신사역 3번출구,지하철역 입구,일반쓰레기,37.516436,127.0203086,11230520.0,논현1동,정상 지오코딩
5829,강남구,신사역,신사역 3번출구,지하철역 입구,재활용쓰레기,37.516436,127.0203086,11230520.0,논현1동,정상 지오코딩
5830,강남구,강남대로 600,동신빌딩 버스정류장 23110,"정류소(버스,택시 등)",일반쓰레기,37.5175039,127.0195009,11230510.0,신사동,인근 도로명번지 추정(번지차 24)
5831,강남구,강남대로 600,동신빌딩 버스정류장 23110,"정류소(버스,택시 등)",재활용쓰레기,37.5175039,127.0195009,11230510.0,신사동,인근 도로명번지 추정(번지차 24)
5832,강남구,강남대로 574,전기공사공제조합,도로변(횡단보도 포함),일반쓰레기,37.5131068,127.0208682,11230520.0,논현1동,정상 지오코딩
5833,강남구,강남대로 574,전기공사공제조합,도로변(횡단보도 포함),재활용쓰레기,37.5131068,127.0208682,11230520.0,논현1동,정상 지오코딩
5834,강남구,강남대로 528,원맨원 B/D 버스정류장 23123,"정류소(버스,택시 등)",일반쓰레기,37.5092956,127.0226432,11230520.0,논현1동,정상 지오코딩
5835,강남구,강남대로 528,원맨원 B/D 버스정류장 23123,"정류소(버스,택시 등)",재활용쓰레기,37.5092956,127.0226432,11230520.0,논현1동,정상 지오코딩
5836,강남구,강남대로 506,강남에스엠여성의원,도로변(횡단보도 포함),일반쓰레기,37.5074835,127.0234974,11230520.0,논현1동,정상 지오코딩
5837,강남구,강남대로 506,강남에스엠여성의원,도로변(횡단보도 포함),재활용쓰레기,37.5074835,127.0234974,11230520.0,논현1동,정상 지오코딩
5838,강남구,강남대로 484,HK빌딩 버스정류장 23122,"정류소(버스,택시 등)",일반쓰레기,37.5056249,127.024374,11230520.0,논현1동,정상 지오코딩
5839,강남구,강남대로 484,HK빌딩 버스정류장 23122,"정류소(버스,택시 등)",재활용쓰레기,37.5056249,127.024374,11230520.0,논현1동,정상 지오코딩
5840,강남구,강남대로 476,온누리건강약국,도로변(횡단보도 포함),일반쓰레기,37.5049096,127.0247897,11230520.0,논현1동,정상 지오코딩
5841,강남구,강남대로 476,온누리건강약국,도로변(횡단보도 포함),재활용쓰레기,37.5049096,127.0247897,11230520.0,논현1동,정상 지오코딩
5842,강남구,강남대로 468,신논현역 5번출구,지하철역 입구,일반쓰레기,37.5041557,127.0251455,11230640.0,역삼1동,정상 지오코딩
5843,강남구,강남대로 468,신논현역 5번출구,지하철역 입구,재활용쓰레기,37.5041557,127.0251455,11230640.0,역삼1동,정상 지오코딩
5844,강남구,강남대로 450,한국자산관리공사 버스정류장 23286,"정류소(버스,택시 등)",일반쓰레기,37.502623,127.0258963,11230640.0,역삼1동,정상 지오코딩
5845,강남구,강남대로 450,한국자산관리공사 버스정류장 23286,"정류소(버스,택시 등)",재활용쓰레기,37.502623,127.0258963,11230640.0,역삼1동,정상 지오코딩
5846,강남구,강남대로 430,ABC마트,도로변(횡단보도 포함),일반쓰레기,37.5009663,127.0266717,11230640.0,역삼1동,정상 지오코딩
5847,강남구,강남대로 430,ABC마트,도로변(횡단보도 포함),재활용쓰레기,37.5009663,127.0266717,11230640.0,역삼1동,정상 지오코딩
5848,강남구,강남대로 416,씨티약국 버스정류장 23285,"정류소(버스,택시 등)",일반쓰레기,37.4997988,127.0271576,11230640.0,역삼1동,정상 지오코딩
5849,강남구,강남대로 416,씨티약국 버스정류장 23285,"정류소(버스,택시 등)",재활용쓰레기,37.4997988,127.0271576,11230640.0,역삼1동,정상 지오코딩
5850,강남구,강남대로 412,뉴발란스,도로변(횡단보도 포함),일반쓰레기,37.4995059,127.027273,11230640.0,역삼1동,정상 지오코딩
5851,강남구,강남대로 412,뉴발란스,도로변(횡단보도 포함),재활용쓰레기,37.4995059,127.027273,11230640.0,역삼1동,정상 지오코딩
5852,강남구,강남대로 408,YBM어학원,도로변(횡단보도 포함),일반쓰레기,37.4992182,127.027542,11230640.0,역삼1동,정상 지오코딩
5853,강남구,강남대로 408,YBM어학원,도로변(횡단보도 포함),재활용쓰레기,37.4992182,127.027542,11230640.0,역삼1동,정상 지오코딩
5854,강남구,압구정역,압구정역 4번출구,지하철역 입구,일반쓰레기,37.5264913,127.0285087,11230770.0,압구정동,정상 지오코딩
5855,강남구,압구정역,압구정역 4번출구,지하철역 입구,재활용쓰레기,37.5264913,127.0285087,11230770.0,압구정동,정상 지오코딩
5856,강남구,논현로 857,노블레스뷰결혼정보,도로변(횡단보도 포함),일반쓰레기,37.5253453,127.0280999,11230510.0,신사동,정상 지오코딩
5857,강남구,논현로 857,노블레스뷰결혼정보,도로변(횡단보도 포함),재활용쓰레기,37.5253453,127.0280999,11230510.0,신사동,정상 지오코딩
5858,강남구,논현로 837,팝성형외과 버스정류장 23106,"정류소(버스,택시 등)",일반쓰레기,37.5233391,127.0279619,11230510.0,신사동,정상 지오코딩
5859,강남구,논현로 837,팝성형외과 버스정류장 23106,"정류소(버스,택시 등)",재활용쓰레기,37.5233391,127.0279619,11230510.0,신사동,정상 지오코딩
5860,강남구,도산대로 173,하이마트,도로변(횡단보도 포함),일반쓰레기,37.5199313,127.0274979,11230510.0,신사동,정상 지오코딩
5861,강남구,도산대로 173,하이마트,도로변(횡단보도 포함),재활용쓰레기,37.5199313,127.0274979,11230510.0,신사동,정상 지오코딩
5862,강남구,논현로 743,희성빌딩 버스정류장 23113,"정류소(버스,택시 등)",일반쓰레기,37.5181743,127.0284812,11230520.0,논현1동,정상 지오코딩
5863,강남구,논현로 743,희성빌딩 버스정류장 23113,"정류소(버스,택시 등)",재활용쓰레기,37.5181743,127.0284812,11230520.0,논현1동,정상 지오코딩
5864,강남구,논현로 705,더조은병원 버스정류장 23114,"정류소(버스,택시 등)",일반쓰레기,37.5148984,127.0299765,11230520.0,논현1동,정상 지오코딩
5865,강남구,논현로 705,더조은병원 버스정류장 23114,"정류소(버스,택시 등)",재활용쓰레기,37.5148984,127.0299765,11230520.0,논현1동,정상 지오코딩
5866,강남구,학동역,학동로 7번출구,지하철역 입구,일반쓰레기,37.5143458,127.0319019,11230530.0,논현2동,정상 지오코딩
5867,강남구,학동역,학동로 7번출구,지하철역 입구,재활용쓰레기,37.5143458,127.0319019,11230530.0,논현2동,정상 지오코딩
5868,강남구,논현로 667,학동로 4번출구,지하철역 입구,일반쓰레기,37.5135684,127.0305413,11230520.0,논현1동,정상 지오코딩
5869,강남구,논현로 667,학동로 4번출구,지하철역 입구,재활용쓰레기,37.5135684,127.0305413,11230520.0,논현1동,정상 지오코딩
5870,강남구,논현로 605,LG U+ 버스정류장 23431,"정류소(버스,택시 등)",일반쓰레기,37.507755,127.0333603,11230520.0,논현1동,정상 지오코딩
5871,강남구,논현로 605,LG U+ 버스정류장 23431,"정류소(버스,택시 등)",재활용쓰레기,37.507755,127.0333603,11230520.0,논현1동,정상 지오코딩
5872,강남구,봉은사로 179,기업은행,도로변(횡단보도 포함),일반쓰레기,37.5074604,127.033396,11230520.0,논현1동,정상 지오코딩
5873,강남구,봉은사로 179,기업은행,도로변(횡단보도 포함),재활용쓰레기,37.5074604,127.033396,11230520.0,논현1동,정상 지오코딩
5874,강남구,논현로 569,차병원연구소,도로변(횡단보도 포함),일반쓰레기,37.5069065,127.0337043,11230640.0,역삼1동,정상 지오코딩
5875,강남구,논현로 569,차병원연구소,도로변(횡단보도 포함),재활용쓰레기,37.5069065,127.0337043,11230640.0,역삼1동,정상 지오코딩
5876,강남구,논현로 557,안덕빌딩 버스정류장 23268,"정류소(버스,택시 등)",일반쓰레기,37.5057878,127.0342553,11230640.0,역삼1동,정상 지오코딩
5877,강남구,논현로 557,안덕빌딩 버스정류장 23268,"정류소(버스,택시 등)",재활용쓰레기,37.5057878,127.0342553,11230640.0,역삼1동,정상 지오코딩
5878,강남구,논현로 545,딜리버리앤,도로변(횡단보도 포함),일반쓰레기,37.5049064,127.0346066,11230640.0,역삼1동,정상 지오코딩
5879,강남구,논현로 545,딜리버리앤,도로변(횡단보도 포함),재활용쓰레기,37.5049064,127.0346066,11230640.0,역삼1동,정상 지오코딩
5880,강남구,논현로 529,마린텍,도로변(횡단보도 포함),일반쓰레기,37.5034803,127.035127,11230640.0,역삼1동,정상 지오코딩
5881,강남구,논현로 529,마린텍,도로변(횡단보도 포함),재활용쓰레기,37.5034803,127.035127,11230640.0,역삼1동,정상 지오코딩
5882,강남구,논현로 507,수협은행 버스정류장 23282,"정류소(버스,택시 등)",일반쓰레기,37.5015785,127.0361572,11230640.0,역삼1동,정상 지오코딩
5883,강남구,논현로 507,수협은행 버스정류장 23282,"정류소(버스,택시 등)",재활용쓰레기,37.5015785,127.0361572,11230640.0,역삼1동,정상 지오코딩
5884,강남구,논현로 508,GS빌딩 버스정류장 23281,"정류소(버스,택시 등)",일반쓰레기,37.5019949,127.0373364,11230640.0,역삼1동,정상 지오코딩
5885,강남구,논현로 508,GS빌딩 버스정류장 23281,"정류소(버스,택시 등)",재활용쓰레기,37.5019949,127.0373364,11230640.0,역삼1동,정상 지오코딩
5886,강남구,논현로 528,이화정,도로변(횡단보도 포함),일반쓰레기,37.5036589,127.0359134,11230640.0,역삼1동,정상 지오코딩
5887,강남구,논현로 528,이화정,도로변(횡단보도 포함),재활용쓰레기,37.5036589,127.0359134,11230640.0,역삼1동,정상 지오코딩
5888,강남구,논현로 548,MUL호텔,도로변(횡단보도 포함),일반쓰레기,37.5051287,127.0353107,11230640.0,역삼1동,정상 지오코딩
5889,강남구,논현로 548,MUL호텔,도로변(횡단보도 포함),재활용쓰레기,37.5051287,127.0353107,11230640.0,역삼1동,정상 지오코딩
5890,강남구,논현로 608,언주역 3번출구,지하철역 입구,일반쓰레기,37.508049,127.0339577,11230530.0,논현2동,정상 지오코딩
5891,강남구,논현로 608,언주역 3번출구,지하철역 입구,재활용쓰레기,37.508049,127.0339577,11230530.0,논현2동,정상 지오코딩
5892,강남구,논현로 634,이자카야찬,도로변(횡단보도 포함),일반쓰레기,37.5102246,127.0328835,11230530.0,논현2동,정상 지오코딩
5893,강남구,논현로 634,이자카야찬,도로변(횡단보도 포함),재활용쓰레기,37.5102246,127.0328835,11230530.0,논현2동,정상 지오코딩
5894,강남구,논현로 648,스타벅스커피 버스정류장 23146,"정류소(버스,택시 등)",일반쓰레기,37.5115947,127.0322766,11230530.0,논현2동,정상 지오코딩
5895,강남구,논현로 648,스타벅스커피 버스정류장 23146,"정류소(버스,택시 등)",재활용쓰레기,37.5115947,127.0322766,11230530.0,논현2동,정상 지오코딩
5896,강남구,학동로 204,학동역 3번출구,지하철역 입구,일반쓰레기,37.5137816,127.0311955,11230530.0,논현2동,정상 지오코딩
5897,강남구,학동로 204,학동역 3번출구,지하철역 입구,재활용쓰레기,37.5137816,127.0311955,11230530.0,논현2동,정상 지오코딩
5898,강남구,논현로 706,아이케슬 버스정류장 23132,"정류소(버스,택시 등)",일반쓰레기,37.515043,127.0306385,11230530.0,논현2동,정상 지오코딩
5899,강남구,논현로 706,아이케슬 버스정류장 23132,"정류소(버스,택시 등)",재활용쓰레기,37.515043,127.0306385,11230530.0,논현2동,정상 지오코딩
5900,강남구,논현로 722,국제모피,도로변(횡단보도 포함),일반쓰레기,37.5166329,127.0299188,11230530.0,논현2동,정상 지오코딩
5901,강남구,논현로 722,국제모피,도로변(횡단보도 포함),재활용쓰레기,37.5166329,127.0299188,11230530.0,논현2동,정상 지오코딩
5902,강남구,논현로 822,로뎀빌딩,도로변(횡단보도 포함),일반쓰레기,37.5217787,127.0284471,11230770.0,압구정동,정상 지오코딩
5903,강남구,논현로 822,로뎀빌딩,도로변(횡단보도 포함),재활용쓰레기,37.5217787,127.0284471,11230770.0,압구정동,정상 지오코딩
5904,강남구,논현로 838,농협 버스정류장 23430,"정류소(버스,택시 등)",일반쓰레기,37.5233461,127.0286523,11230770.0,압구정동,정상 지오코딩
5905,강남구,논현로 838,농협 버스정류장 23430,"정류소(버스,택시 등)",재활용쓰레기,37.5233461,127.0286523,11230770.0,압구정동,정상 지오코딩
5906,강남구,논현로 854,압구정역 3번출구,지하철역 입구,일반쓰레기,37.5253216,127.0288651,11230770.0,압구정동,정상 지오코딩
5907,강남구,논현로 854,압구정역 3번출구,지하철역 입구,재활용쓰레기,37.5253216,127.0288651,11230770.0,압구정동,정상 지오코딩
5908,강남구,논현로 878,압구정역 2번출구,지하철역 입구,일반쓰레기,37.5270914,127.0289521,11230770.0,압구정동,정상 지오코딩
5909,강남구,논현로 878,압구정역 2번출구,지하철역 입구,재활용쓰레기,37.5270914,127.0289521,11230770.0,압구정동,정상 지오코딩
5910,강남구,압구정로 29길 57,현대아파트 203동 앞,도로변(횡단보도 포함),일반쓰레기,37.5312338,127.0269367,11230770.0,압구정동,정상 지오코딩
5911,강남구,압구정로 29길 57,현대아파트 203동 앞,도로변(횡단보도 포함),재활용쓰레기,37.5312338,127.0269367,11230770.0,압구정동,정상 지오코딩
5912,강남구,압구정로 201,현대아파트 79동 앞,도로변(횡단보도 포함),일반쓰레기,37.5315342,127.0292731,11230770.0,압구정동,정상 지오코딩
5913,강남구,압구정로 201,현대아파트 79동 앞,도로변(횡단보도 포함),재활용쓰레기,37.5315342,127.0292731,11230770.0,압구정동,정상 지오코딩
5914,강남구,압구정로 29길 23,현대아파트 211동 앞,도로변(횡단보도 포함),일반쓰레기,37.5298193,127.0273644,11230770.0,압구정동,정상 지오코딩
5915,강남구,압구정로 29길 23,현대아파트 211동 앞,도로변(횡단보도 포함),재활용쓰레기,37.5298193,127.0273644,11230770.0,압구정동,정상 지오코딩
5916,강남구,압구정로 201,현대아파트 71동 앞,도로변(횡단보도 포함),일반쓰레기,37.5315342,127.0292731,11230770.0,압구정동,정상 지오코딩
5917,강남구,압구정로 201,현대아파트 71동 앞,도로변(횡단보도 포함),재활용쓰레기,37.5315342,127.0292731,11230770.0,압구정동,정상 지오코딩
5918,강남구,압구정로 225,압구정중고 버스정류장 23154,"정류소(버스,택시 등)",일반쓰레기,37.5302422,127.0330027,11230770.0,압구정동,정상 지오코딩
5919,강남구,압구정로 225,압구정중고 버스정류장 23154,"정류소(버스,택시 등)",재활용쓰레기,37.5302422,127.0330027,11230770.0,압구정동,정상 지오코딩
5920,강남구,압구정로 230,라움,도로변(횡단보도 포함),일반쓰레기,37.5287543,127.0331844,11230770.0,압구정동,정상 지오코딩
5921,강남구,압구정로 230,라움,도로변(횡단보도 포함),재활용쓰레기,37.5287543,127.0331844,11230770.0,압구정동,정상 지오코딩
5922,강남구,언주로 865,글로벌뱅앤올룹슨,도로변(횡단보도 포함),일반쓰레기,37.5277648,127.033224,11230770.0,압구정동,정상 지오코딩
5923,강남구,언주로 865,글로벌뱅앤올룹슨,도로변(횡단보도 포함),재활용쓰레기,37.5277648,127.033224,11230770.0,압구정동,정상 지오코딩
5924,강남구,도산대로 240,남양유업 본사,도로변(횡단보도 포함),일반쓰레기,37.5209893,127.0334839,11230530.0,논현2동,정상 지오코딩
5925,강남구,도산대로 240,남양유업 본사,도로변(횡단보도 포함),재활용쓰레기,37.5209893,127.0334839,11230530.0,논현2동,정상 지오코딩
5926,강남구,언주로 721,서울세관,도로변(횡단보도 포함),일반쓰레기,37.5182832,127.0337847,11230530.0,논현2동,정상 지오코딩
5927,강남구,언주로 721,서울세관,도로변(횡단보도 포함),재활용쓰레기,37.5182832,127.0337847,11230530.0,논현2동,정상 지오코딩
5928,강남구,언주로 709,신한은행 버스정류장 23131,"정류소(버스,택시 등)",일반쓰레기,37.5167914,127.0349228,11230530.0,논현2동,정상 지오코딩
5929,강남구,언주로 709,신한은행 버스정류장 23131,"정류소(버스,택시 등)",재활용쓰레기,37.5167914,127.0349228,11230530.0,논현2동,정상 지오코딩
5930,강남구,학동로 235,올리브영,도로변(횡단보도 포함),일반쓰레기,37.5155804,127.0350116,11230530.0,논현2동,정상 지오코딩
5931,강남구,학동로 235,올리브영,도로변(횡단보도 포함),재활용쓰레기,37.5155804,127.0350116,11230530.0,논현2동,정상 지오코딩
5932,강남구,언주로 641,포스코주택전시관 버스정류장 23141,"정류소(버스,택시 등)",일반쓰레기,37.5139309,127.0348707,11230530.0,논현2동,정상 지오코딩
5933,강남구,언주로 641,포스코주택전시관 버스정류장 23141,"정류소(버스,택시 등)",재활용쓰레기,37.5139309,127.0348707,11230530.0,논현2동,정상 지오코딩
5934,강남구,언주로 631,강남지인병원,도로변(횡단보도 포함),일반쓰레기,37.5128026,127.0350682,11230530.0,논현2동,정상 지오코딩
5935,강남구,언주로 631,강남지인병원,도로변(횡단보도 포함),재활용쓰레기,37.5128026,127.0350682,11230530.0,논현2동,정상 지오코딩
5936,강남구,언주로 617,메르세데스벤츠 버스정류장 23142,"정류소(버스,택시 등)",일반쓰레기,37.5111169,127.0357075,11230530.0,논현2동,정상 지오코딩
5937,강남구,언주로 617,메르세데스벤츠 버스정류장 23142,"정류소(버스,택시 등)",재활용쓰레기,37.5111169,127.0357075,11230530.0,논현2동,정상 지오코딩
5938,강남구,언주로 563,강남어린이회관 버스정류장 23271,"정류소(버스,택시 등)",일반쓰레기,37.5079337,127.0381684,11230640.0,역삼1동,정상 지오코딩
5939,강남구,언주로 563,강남어린이회관 버스정류장 23271,"정류소(버스,택시 등)",재활용쓰레기,37.5079337,127.0381684,11230640.0,역삼1동,정상 지오코딩
5940,강남구,언주로 551,르노삼성자동차,도로변(횡단보도 포함),일반쓰레기,37.5069931,127.0396545,11230640.0,역삼1동,정상 지오코딩
5941,강남구,언주로 551,르노삼성자동차,도로변(횡단보도 포함),재활용쓰레기,37.5069931,127.0396545,11230640.0,역삼1동,정상 지오코딩
5942,강남구,언주로 517,영동전화국 버스정류장 23279,"정류소(버스,택시 등)",일반쓰레기,37.5042815,127.0415425,11230640.0,역삼1동,정상 지오코딩
5943,강남구,언주로 517,영동전화국 버스정류장 23279,"정류소(버스,택시 등)",재활용쓰레기,37.5042815,127.0415425,11230640.0,역삼1동,정상 지오코딩
5944,강남구,테헤란로 301,역삼지하보도,도로변(횡단보도 포함),일반쓰레기,37.5031256,127.0430688,11230640.0,역삼1동,정상 지오코딩
5945,강남구,테헤란로 301,역삼지하보도,도로변(횡단보도 포함),재활용쓰레기,37.5031256,127.0430688,11230640.0,역삼1동,정상 지오코딩
5946,강남구,언주로 516,서울 전통 육개장 버스정류장 23278,"정류소(버스,택시 등)",일반쓰레기,37.5042815,127.0415425,11230640.0,역삼1동,인근 도로명번지 추정(번지차 1)
5947,강남구,언주로 516,서울 전통 육개장 버스정류장 23278,"정류소(버스,택시 등)",재활용쓰레기,37.5042815,127.0415425,11230640.0,역삼1동,인근 도로명번지 추정(번지차 1)
5948,강남구,언주로 616,LGU+ 버스정류장 23139,"정류소(버스,택시 등)",일반쓰레기,37.5110466,127.0369839,11230530.0,논현2동,정상 지오코딩
5949,강남구,언주로 616,LGU+ 버스정류장 23139,"정류소(버스,택시 등)",재활용쓰레기,37.5110466,127.0369839,11230530.0,논현2동,정상 지오코딩
5950,강남구,언주로 640,임페리얼 팔레스 버스정류장 23140,"정류소(버스,택시 등)",일반쓰레기,37.5140814,127.0358843,11230530.0,논현2동,정상 지오코딩
5951,강남구,언주로 640,임페리얼 팔레스 버스정류장 23140,"정류소(버스,택시 등)",재활용쓰레기,37.5140814,127.0358843,11230530.0,논현2동,정상 지오코딩
5952,강남구,언주로 712,강남행복한의원 버스정류장 23130,"정류소(버스,택시 등)",일반쓰레기,37.5167914,127.0349228,11230530.0,논현2동,인근 도로명번지 추정(번지차 3)
5953,강남구,언주로 712,강남행복한의원 버스정류장 23130,"정류소(버스,택시 등)",재활용쓰레기,37.5167914,127.0349228,11230530.0,논현2동,인근 도로명번지 추정(번지차 3)
5954,강남구,언주로 726,두산타워,도로변(횡단보도 포함),일반쓰레기,37.5193816,127.0351975,11230530.0,논현2동,정상 지오코딩
5955,강남구,언주로 726,두산타워,도로변(횡단보도 포함),재활용쓰레기,37.5193816,127.0351975,11230530.0,논현2동,정상 지오코딩
5956,강남구,언주로 812,아크로갤러리 버스정류장 23162,"정류소(버스,택시 등)",일반쓰레기,37.5229623,127.0338735,11230770.0,압구정동,정상 지오코딩
5957,강남구,언주로 812,아크로갤러리 버스정류장 23162,"정류소(버스,택시 등)",재활용쓰레기,37.5229623,127.0338735,11230770.0,압구정동,정상 지오코딩
5958,강남구,언주로 844,윤당 아트홀 버스정류장 23163,"정류소(버스,택시 등)",일반쓰레기,37.5256551,127.0337298,11230770.0,압구정동,정상 지오코딩
5959,강남구,언주로 844,윤당 아트홀 버스정류장 23163,"정류소(버스,택시 등)",재활용쓰레기,37.5256551,127.0337298,11230770.0,압구정동,정상 지오코딩
5960,강남구,압구정로 309,현대아파트 92동앞 버스정류장 23164,"정류소(버스,택시 등)",일반쓰레기,37.5319211,127.0355385,11230770.0,압구정동,정상 지오코딩
5961,강남구,압구정로 309,현대아파트 92동앞 버스정류장 23164,"정류소(버스,택시 등)",재활용쓰레기,37.5319211,127.0355385,11230770.0,압구정동,정상 지오코딩
5962,강남구,선릉로 819,올리브영 압구정로데오역점 버스정류장 23160,"정류소(버스,택시 등)",일반쓰레기,37.5251932,127.0394961,11230770.0,압구정동,정상 지오코딩
5963,강남구,선릉로 819,올리브영 압구정로데오역점 버스정류장 23160,"정류소(버스,택시 등)",재활용쓰레기,37.5251932,127.0394961,11230770.0,압구정동,정상 지오코딩
5964,강남구,선릉로 635,LGU+ 버스정류장 23136,"정류소(버스,택시 등)",일반쓰레기,37.5131553,127.0424731,11230530.0,논현2동,정상 지오코딩
5965,강남구,선릉로 635,LGU+ 버스정류장 23136,"정류소(버스,택시 등)",재활용쓰레기,37.5131553,127.0424731,11230530.0,논현2동,정상 지오코딩
5966,강남구,선릉로 571,KS병원 버스정류장 23275,"정류소(버스,택시 등)",일반쓰레기,37.5093182,127.0439442,11230640.0,역삼1동,정상 지오코딩
5967,강남구,선릉로 571,KS병원 버스정류장 23275,"정류소(버스,택시 등)",재활용쓰레기,37.5093182,127.0439442,11230640.0,역삼1동,정상 지오코딩
5968,강남구,선릉역,선릉역 7번출구,지하철역 입구,일반쓰레기,37.5051678,127.0487099,11230590.0,삼성2동,정상 지오코딩
5969,강남구,선릉역,선릉역 7번출구,지하철역 입구,재활용쓰레기,37.5051678,127.0487099,11230590.0,삼성2동,정상 지오코딩
5970,강남구,선릉역,선릉역 8번출구,지하철역 입구,일반쓰레기,37.5051678,127.0487099,11230590.0,삼성2동,정상 지오코딩
5971,강남구,선릉역,선릉역 8번출구,지하철역 입구,재활용쓰레기,37.5051678,127.0487099,11230590.0,삼성2동,정상 지오코딩
5972,강남구,선릉로 524,아크로텔 버스정류장 23214,"정류소(버스,택시 등)",일반쓰레기,37.5066551,127.0483862,11230590.0,삼성2동,정상 지오코딩
5973,강남구,선릉로 524,아크로텔 버스정류장 23214,"정류소(버스,택시 등)",재활용쓰레기,37.5066551,127.0483862,11230590.0,삼성2동,정상 지오코딩
5974,강남구,선릉로 100길 1,선릉공원,도로변(횡단보도 포함),일반쓰레기,37.5073677,127.0471659,11230590.0,삼성2동,정상 지오코딩
5975,강남구,선릉로 100길 1,선릉공원,도로변(횡단보도 포함),재활용쓰레기,37.5073677,127.0471659,11230590.0,삼성2동,정상 지오코딩
5976,강남구,선릉로 630,건우한의원,지하철역 입구,일반쓰레기,37.5128283,127.0431623,11230590.0,삼성2동,정상 지오코딩
5977,강남구,선릉로 630,건우한의원,지하철역 입구,재활용쓰레기,37.5128283,127.0431623,11230590.0,삼성2동,정상 지오코딩
5978,강남구,선릉로 646,지포어기어스코리아,도로변(횡단보도 포함),일반쓰레기,37.5141771,127.0427059,11230590.0,삼성2동,정상 지오코딩
5979,강남구,선릉로 646,지포어기어스코리아,도로변(횡단보도 포함),재활용쓰레기,37.5141771,127.0427059,11230590.0,삼성2동,정상 지오코딩
5980,강남구,선릉로 716,김숙진우리옷 버스정류장 23178,"정류소(버스,택시 등)",일반쓰레기,37.5187971,127.0409314,11230780.0,청담동,정상 지오코딩
5981,강남구,선릉로 716,김숙진우리옷 버스정류장 23178,"정류소(버스,택시 등)",재활용쓰레기,37.5187971,127.0409314,11230780.0,청담동,정상 지오코딩
5982,강남구,선릉로 748,중앙일보 버스정류장 23432,"정류소(버스,택시 등)",일반쓰레기,37.5218379,127.0413577,11230780.0,청담동,정상 지오코딩
5983,강남구,선릉로 748,중앙일보 버스정류장 23432,"정류소(버스,택시 등)",재활용쓰레기,37.5218379,127.0413577,11230780.0,청담동,정상 지오코딩
5984,강남구,선릉로 812,버거킹 버스정류장 23181,"정류소(버스,택시 등)",일반쓰레기,37.5243049,127.0397249,11230780.0,청담동,정상 지오코딩
5985,강남구,선릉로 812,버거킹 버스정류장 23181,"정류소(버스,택시 등)",재활용쓰레기,37.5243049,127.0397249,11230780.0,청담동,정상 지오코딩
5986,강남구,선릉로 828,황정아웨딩앤드레스부티크,도로변(횡단보도 포함),일반쓰레기,37.5258359,127.0402337,11230780.0,청담동,정상 지오코딩
5987,강남구,선릉로 828,황정아웨딩앤드레스부티크,도로변(횡단보도 포함),재활용쓰레기,37.5258359,127.0402337,11230780.0,청담동,정상 지오코딩
5988,강남구,삼성로 771,담미온 버스정류장 23183,"정류소(버스,택시 등)",일반쓰레기,37.5233175,127.0475139,11230780.0,청담동,정상 지오코딩
5989,강남구,삼성로 771,담미온 버스정류장 23183,"정류소(버스,택시 등)",재활용쓰레기,37.5233175,127.0475139,11230780.0,청담동,정상 지오코딩
5990,강남구,삼성로 755,청기와 아트갤러리,도로변(횡단보도 포함),일반쓰레기,37.5222713,127.0480641,11230780.0,청담동,정상 지오코딩
5991,강남구,삼성로 755,청기와 아트갤러리,도로변(횡단보도 포함),재활용쓰레기,37.5222713,127.0480641,11230780.0,청담동,정상 지오코딩
5992,강남구,삼성로 737,소노시즌,도로변(횡단보도 포함),일반쓰레기,37.5211519,127.0486544,11230780.0,청담동,정상 지오코딩
5993,강남구,삼성로 737,소노시즌,도로변(횡단보도 포함),재활용쓰레기,37.5211519,127.0486544,11230780.0,청담동,정상 지오코딩
5994,강남구,삼성로 725,박준뷰티랩 버스정류장 23184,"정류소(버스,택시 등)",일반쓰레기,37.5202181,127.0490704,11230780.0,청담동,정상 지오코딩
5995,강남구,삼성로 725,박준뷰티랩 버스정류장 23184,"정류소(버스,택시 등)",재활용쓰레기,37.5202181,127.0490704,11230780.0,청담동,정상 지오코딩
5996,강남구,청담역,청담역 8번출구,지하철역 입구,일반쓰레기,37.5194556,127.0537179,11230780.0,청담동,정상 지오코딩
5997,강남구,청담역,청담역 8번출구,지하철역 입구,재활용쓰레기,37.5194556,127.0537179,11230780.0,청담동,정상 지오코딩
5998,강남구,학동로 446,래미안라클래시아파트 103동 앞 버스정류장 23207,"정류소(버스,택시 등)",일반쓰레기,37.5179682,127.0470598,11230590.0,삼성2동,인근 도로명번지 추정(번지차 20)
5999,강남구,학동로 446,래미안라클래시아파트 103동 앞 버스정류장 23207,"정류소(버스,택시 등)",재활용쓰레기,37.5179682,127.0470598,11230590.0,삼성2동,인근 도로명번지 추정(번지차 20)
6000,강남구,삼성로 633,노브랜드,도로변(횡단보도 포함),일반쓰레기,37.5162939,127.0511078,11230590.0,삼성2동,정상 지오코딩
6001,강남구,삼성로 633,노브랜드,도로변(횡단보도 포함),재활용쓰레기,37.5162939,127.0511078,11230590.0,삼성2동,정상 지오코딩
6002,강남구,삼성로 629,센트럴 아이파크 304동 앞 버스정류장 23208,"정류소(버스,택시 등)",일반쓰레기,37.5157864,127.0513192,11230590.0,삼성2동,정상 지오코딩
6003,강남구,삼성로 629,센트럴 아이파크 304동 앞 버스정류장 23208,"정류소(버스,택시 등)",재활용쓰레기,37.5157864,127.0513192,11230590.0,삼성2동,정상 지오코딩
6004,강남구,삼성로 547,BK타워,도로변(횡단보도 포함),일반쓰레기,37.5103496,127.0543738,11230590.0,삼성2동,정상 지오코딩
6005,강남구,삼성로 547,BK타워,도로변(횡단보도 포함),재활용쓰레기,37.5103496,127.0543738,11230590.0,삼성2동,정상 지오코딩
6006,강남구,삼성로 521,루시아갤러리 버스정류장 23960,"정류소(버스,택시 등)",일반쓰레기,37.5087063,127.0559201,11230580.0,삼성1동,인근 도로명번지 추정(번지차 1)
6007,강남구,삼성로 521,루시아갤러리 버스정류장 23960,"정류소(버스,택시 등)",재활용쓰레기,37.5087063,127.0559201,11230580.0,삼성1동,인근 도로명번지 추정(번지차 1)
6008,강남구,삼성로 520,리칭,도로변(횡단보도 포함),일반쓰레기,37.5087063,127.0559201,11230580.0,삼성1동,정상 지오코딩
6009,강남구,삼성로 520,리칭,도로변(횡단보도 포함),재활용쓰레기,37.5087063,127.0559201,11230580.0,삼성1동,정상 지오코딩
6010,강남구,삼성로 546,이여곰탕 버스정류장 23203,"정류소(버스,택시 등)",일반쓰레기,37.5103875,127.0550974,11230580.0,삼성1동,정상 지오코딩
6011,강남구,삼성로 546,이여곰탕 버스정류장 23203,"정류소(버스,택시 등)",재활용쓰레기,37.5103875,127.0550974,11230580.0,삼성1동,정상 지오코딩
6012,강남구,삼성로 628,강남구도시관리공단 버스정류장 23204,"정류소(버스,택시 등)",일반쓰레기,37.5159107,127.0521426,11230580.0,삼성1동,정상 지오코딩
6013,강남구,삼성로 628,강남구도시관리공단 버스정류장 23204,"정류소(버스,택시 등)",재활용쓰레기,37.5159107,127.0521426,11230580.0,삼성1동,정상 지오코딩
6014,강남구,청담역,청담역 6번출구,지하철역 입구,일반쓰레기,37.5194556,127.0537179,11230780.0,청담동,정상 지오코딩
6015,강남구,청담역,청담역 6번출구,지하철역 입구,재활용쓰레기,37.5194556,127.0537179,11230780.0,청담동,정상 지오코딩
6016,강남구,청담역,청담역 9번출구,지하철역 입구,일반쓰레기,37.5194556,127.0537179,11230780.0,청담동,정상 지오코딩
6017,강남구,청담역,청담역 9번출구,지하철역 입구,재활용쓰레기,37.5194556,127.0537179,11230780.0,청담동,정상 지오코딩
6018,강남구,삼성로 728,아베뉴주노 버스정류장 23174,"정류소(버스,택시 등)",일반쓰레기,37.5207384,127.0495579,11230780.0,청담동,정상 지오코딩
6019,강남구,삼성로 728,아베뉴주노 버스정류장 23174,"정류소(버스,택시 등)",재활용쓰레기,37.5207384,127.0495579,11230780.0,청담동,정상 지오코딩
6020,강남구,삼성로 758,산돈까스,도로변(횡단보도 포함),일반쓰레기,37.5226072,127.0485448,11230780.0,청담동,정상 지오코딩
6021,강남구,삼성로 758,산돈까스,도로변(횡단보도 포함),재활용쓰레기,37.5226072,127.0485448,11230780.0,청담동,정상 지오코딩
6022,강남구,삼성로 762,유림빌딩 버스정류장 23175,"정류소(버스,택시 등)",일반쓰레기,37.5229817,127.0483601,11230780.0,청담동,정상 지오코딩
6023,강남구,삼성로 762,유림빌딩 버스정류장 23175,"정류소(버스,택시 등)",재활용쓰레기,37.5229817,127.0483601,11230780.0,청담동,정상 지오코딩
6024,강남구,영동대로 735,골프존타워 서울본관,도로변(횡단보도 포함),일반쓰레기,37.523396,127.0545974,11230780.0,청담동,정상 지오코딩
6025,강남구,영동대로 735,골프존타워 서울본관,도로변(횡단보도 포함),재활용쓰레기,37.523396,127.0545974,11230780.0,청담동,정상 지오코딩
6026,강남구,청담1동,중앙분리대,도로변(횡단보도 포함),일반쓰레기,37.5250293,127.049233,11230780.0,청담동,정상 지오코딩
6027,강남구,청담1동,중앙분리대,도로변(횡단보도 포함),재활용쓰레기,37.5250293,127.049233,11230780.0,청담동,정상 지오코딩
6028,강남구,영동대로 721,리버뷰오피스텔 버스정류장 23169,"정류소(버스,택시 등)",일반쓰레기,37.5222044,127.0553049,11230780.0,청담동,정상 지오코딩
6029,강남구,영동대로 721,리버뷰오피스텔 버스정류장 23169,"정류소(버스,택시 등)",재활용쓰레기,37.5222044,127.0553049,11230780.0,청담동,정상 지오코딩
6030,강남구,청담1동,리버뷰오피스텔 앞 중앙분리대,도로변(횡단보도 포함),일반쓰레기,37.5250293,127.049233,11230780.0,청담동,정상 지오코딩
6031,강남구,청담1동,리버뷰오피스텔 앞 중앙분리대,도로변(횡단보도 포함),재활용쓰레기,37.5250293,127.049233,11230780.0,청담동,정상 지오코딩
6032,강남구,영동대로 707,대신증권 ,"정류소(버스,택시 등)",일반쓰레기,37.5207073,127.0559457,11230780.0,청담동,정상 지오코딩
6033,강남구,영동대로 707,대신증권,"정류소(버스,택시 등)",재활용쓰레기,37.5207073,127.0559457,11230780.0,청담동,정상 지오코딩
6034,강남구,청담역,청담역 13번출구,지하철역 입구,일반쓰레기,37.5194556,127.0537179,11230780.0,청담동,정상 지오코딩
6035,강남구,청담역,청담역 13번출구,지하철역 입구,재활용쓰레기,37.5194556,127.0537179,11230780.0,청담동,정상 지오코딩
6036,강남구,청담 1동,혼다 강남점 앞 중앙분리대,도로변(횡단보도 포함),일반쓰레기,37.5250293,127.049233,11230780.0,청담동,정상 지오코딩
6037,강남구,청담 1동,혼다 강남점 앞 중앙분리대,도로변(횡단보도 포함),재활용쓰레기,37.5250293,127.049233,11230780.0,청담동,정상 지오코딩
6038,강남구,청담역,청담역 2번출구,지하철역 입구,일반쓰레기,37.5194556,127.0537179,11230780.0,청담동,정상 지오코딩
6039,강남구,청담역,청담역 2번출구,지하철역 입구,재활용쓰레기,37.5194556,127.0537179,11230780.0,청담동,정상 지오코딩
6040,강남구,삼성1동,청담역 2번출구 앞 중앙분리대,도로변(횡단보도 포함),일반쓰레기,37.5143912,127.0625279,11230580.0,삼성1동,정상 지오코딩
6041,강남구,삼성1동,청담역 2번출구 앞 중앙분리대,도로변(횡단보도 포함),재활용쓰레기,37.5143912,127.0625279,11230580.0,삼성1동,정상 지오코딩
6042,강남구,영동대로 615,동남철물 버스정류장 23189,"정류소(버스,택시 등)",일반쓰레기,37.5150105,127.0592858,11230580.0,삼성1동,정상 지오코딩
6043,강남구,영동대로 615,동남철물 버스정류장 23189,"정류소(버스,택시 등)",재활용쓰레기,37.5150105,127.0592858,11230580.0,삼성1동,정상 지오코딩
6044,강남구,영동대로 602,봉은사역 3번출구,도로변(횡단보도 포함),일반쓰레기,37.5147216,127.0604839,11230580.0,삼성1동,정상 지오코딩
6045,강남구,영동대로 602,봉은사역 3번출구,도로변(횡단보도 포함),재활용쓰레기,37.5147216,127.0604839,11230580.0,삼성1동,정상 지오코딩
6046,강남구,영동대로 517,봉은사역 엘리베이터,도로변(횡단보도 포함),일반쓰레기,37.5131102,127.0597581,11230580.0,삼성1동,정상 지오코딩
6047,강남구,영동대로 517,봉은사역 엘리베이터,도로변(횡단보도 포함),재활용쓰레기,37.5131102,127.0597581,11230580.0,삼성1동,정상 지오코딩
6048,강남구,봉은사로 524,무역센터 공항버스정류장 23818,"정류소(버스,택시 등)",일반쓰레기,37.5129534,127.0571156,11230580.0,삼성1동,정상 지오코딩
6049,강남구,봉은사로 524,무역센터 공항버스정류장 23818,"정류소(버스,택시 등)",재활용쓰레기,37.5129534,127.0571156,11230580.0,삼성1동,정상 지오코딩
6050,강남구,봉은사로 524,무역센터 버스정류장 23198,"정류소(버스,택시 등)",일반쓰레기,37.5129534,127.0571156,11230580.0,삼성1동,정상 지오코딩
6051,강남구,봉은사로 524,무역센터 버스정류장 23198,"정류소(버스,택시 등)",재활용쓰레기,37.5129534,127.0571156,11230580.0,삼성1동,정상 지오코딩
6052,강남구,봉은사로 524,무역센터,도로변(횡단보도 포함),일반쓰레기,37.5129534,127.0571156,11230580.0,삼성1동,정상 지오코딩
6053,강남구,봉은사로 524,무역센터,도로변(횡단보도 포함),재활용쓰레기,37.5129534,127.0571156,11230580.0,삼성1동,정상 지오코딩
6054,강남구,영동대로 512,봉은사역 6번출구,도로변(횡단보도 포함),일반쓰레기,37.5119302,127.0646402,11230580.0,삼성1동,정상 지오코딩
6055,강남구,영동대로 512,봉은사역 6번출구,도로변(횡단보도 포함),재활용쓰레기,37.5119302,127.0646402,11230580.0,삼성1동,정상 지오코딩
6056,강남구,봉은사로 524,인터콘티넨탈호텔(영동대로) 버스정류장 23905,"정류소(버스,택시 등)",일반쓰레기,37.5129534,127.0571156,11230580.0,삼성1동,정상 지오코딩
6057,강남구,봉은사로 524,인터콘티넨탈호텔(영동대로) 버스정류장 23905,"정류소(버스,택시 등)",재활용쓰레기,37.5129534,127.0571156,11230580.0,삼성1동,정상 지오코딩
6058,강남구,삼성역,삼성역 6번출구,지하철역 입구,일반쓰레기,37.5088227,127.0630232,11230580.0,삼성1동,정상 지오코딩
6059,강남구,삼성역,삼성역 6번출구,지하철역 입구,재활용쓰레기,37.5088227,127.0630232,11230580.0,삼성1동,정상 지오코딩
6060,강남구,삼성역,삼성역 7번출구,지하철역 입구,일반쓰레기,37.5088227,127.0630232,11230580.0,삼성1동,정상 지오코딩
6061,강남구,삼성역,삼성역 7번출구,지하철역 입구,재활용쓰레기,37.5088227,127.0630232,11230580.0,삼성1동,정상 지오코딩
6062,강남구,영동대로 508,한국산업은행 버스정류장 23906,"정류소(버스,택시 등)",일반쓰레기,37.5102983,127.0629669,11230580.0,삼성1동,정상 지오코딩
6063,강남구,영동대로 508,한국산업은행 버스정류장 23906,"정류소(버스,택시 등)",재활용쓰레기,37.5102983,127.0629669,11230580.0,삼성1동,정상 지오코딩
6064,강남구,영동대로 512,한전앞,도로변(횡단보도 포함),일반쓰레기,37.5119302,127.0646402,11230580.0,삼성1동,정상 지오코딩
6065,강남구,영동대로 512,한전앞,도로변(횡단보도 포함),재활용쓰레기,37.5119302,127.0646402,11230580.0,삼성1동,정상 지오코딩
6066,강남구,영동대로 618,호텔인나인 버스정류장 23192,"정류소(버스,택시 등)",일반쓰레기,37.5155323,127.0600616,11230580.0,삼성1동,정상 지오코딩
6067,강남구,영동대로 618,호텔인나인 버스정류장 23192,"정류소(버스,택시 등)",재활용쓰레기,37.5155323,127.0600616,11230580.0,삼성1동,정상 지오코딩
6068,강남구,영동대로 644,원일빌딩 버스정류장 23188,"정류소(버스,택시 등)",일반쓰레기,37.519357,127.058025,11230580.0,삼성1동,정상 지오코딩
6069,강남구,영동대로 644,원일빌딩 버스정류장 23188,"정류소(버스,택시 등)",재활용쓰레기,37.519357,127.058025,11230580.0,삼성1동,정상 지오코딩
6070,강남구,청담역,청담역 1번출구,지하철역 입구,일반쓰레기,37.5194556,127.0537179,11230780.0,청담동,정상 지오코딩
6071,강남구,청담역,청담역 1번출구,지하철역 입구,재활용쓰레기,37.5194556,127.0537179,11230780.0,청담동,정상 지오코딩
6072,강남구,청담역,청담역 14번출구,지하철역 입구,일반쓰레기,37.5194556,127.0537179,11230780.0,청담동,정상 지오코딩
6073,강남구,청담역,청담역 14번출구,지하철역 입구,재활용쓰레기,37.5194556,127.0537179,11230780.0,청담동,정상 지오코딩
6074,강남구,영동대로 708,이안빌딩 국민은행 365 자동화지점 버스정류장 23171,"정류소(버스,택시 등)",일반쓰레기,37.5210573,127.0571374,11230780.0,청담동,정상 지오코딩
6075,강남구,영동대로 708,이안빌딩 국민은행 365 자동화지점 버스정류장 23171,"정류소(버스,택시 등)",재활용쓰레기,37.5210573,127.0571374,11230780.0,청담동,정상 지오코딩
6076,강남구,영동대로 720,스타벅스커피,도로변(횡단보도 포함),일반쓰레기,37.5221877,127.0564609,11230780.0,청담동,정상 지오코딩
6077,강남구,영동대로 720,스타벅스커피,도로변(횡단보도 포함),재활용쓰레기,37.5221877,127.0564609,11230780.0,청담동,정상 지오코딩
6078,강남구,영동대로 726,제일정형외과 버스정류장 23168,"정류소(버스,택시 등)",일반쓰레기,37.5228208,127.0561406,11230780.0,청담동,정상 지오코딩
6079,강남구,영동대로 726,제일정형외과 버스정류장 23168,"정류소(버스,택시 등)",재활용쓰레기,37.5228208,127.0561406,11230780.0,청담동,정상 지오코딩
6080,강남구,봉은사로 516,미켈란 107,도로변(횡단보도 포함),일반쓰레기,37.5132365,127.0559958,11230580.0,삼성1동,정상 지오코딩
6081,강남구,봉은사로 516,미켈란 107,도로변(횡단보도 포함),재활용쓰레기,37.5132365,127.0559958,11230580.0,삼성1동,정상 지오코딩
6082,강남구,테헤란로 87길 30,명인등심,도로변(횡단보도 포함),일반쓰레기,37.51034,127.0576427,11230580.0,삼성1동,인근 도로명번지 추정(번지차 0)
6083,강남구,테헤란로 87길 30,명인등심,도로변(횡단보도 포함),재활용쓰레기,37.51034,127.0576427,11230580.0,삼성1동,인근 도로명번지 추정(번지차 0)
6084,강남구,테헤란로 87길 39,심스빌딩,도로변(횡단보도 포함),일반쓰레기,37.51034,127.0576427,11230580.0,삼성1동,정상 지오코딩
6085,강남구,테헤란로 87길 39,심스빌딩,도로변(횡단보도 포함),재활용쓰레기,37.51034,127.0576427,11230580.0,삼성1동,정상 지오코딩
6086,강남구,봉은사로 524,세븐럭카지노,도로변(횡단보도 포함),일반쓰레기,37.5129534,127.0571156,11230580.0,삼성1동,정상 지오코딩
6087,강남구,봉은사로 524,세븐럭카지노,도로변(횡단보도 포함),재활용쓰레기,37.5129534,127.0571156,11230580.0,삼성1동,정상 지오코딩
6088,강남구,봉은사로 114길 20,서울의료원 버스정류장 23195,"정류소(버스,택시 등)",일반쓰레기,37.5137519,127.0653587,11230580.0,삼성1동,정상 지오코딩
6089,강남구,봉은사로 114길 20,서울의료원 버스정류장 23195,"정류소(버스,택시 등)",재활용쓰레기,37.5137519,127.0653587,11230580.0,삼성1동,정상 지오코딩
6090,강남구,봉은사로 114길 32,서울의료원,도로변(횡단보도 포함),일반쓰레기,37.512938,127.0653367,11230580.0,삼성1동,정상 지오코딩
6091,강남구,봉은사로 114길 32,서울의료원,도로변(횡단보도 포함),재활용쓰레기,37.512938,127.0653367,11230580.0,삼성1동,정상 지오코딩
6092,강남구,테헤란로 113길 12,현대오트론,도로변(횡단보도 포함),일반쓰레기,37.511293,127.0665296,11230580.0,삼성1동,정상 지오코딩
6093,강남구,테헤란로 113길 12,현대오트론,도로변(횡단보도 포함),재활용쓰레기,37.511293,127.0665296,11230580.0,삼성1동,정상 지오코딩
6094,강남구,강남대로240,"양재역3,4번출구사이",도로변(횡단보도 포함),일반쓰레기,37.4852596,127.0344297,11230660.0,도곡1동,정상 지오코딩
6095,강남구,강남대로240,"양재역3,4번출구사이",도로변(횡단보도 포함),재활용쓰레기,37.4852596,127.0344297,11230660.0,도곡1동,정상 지오코딩
6096,강남구,강남대로262,양재캠코빌딩주차장입구,도로변(횡단보도 포함),일반쓰레기,37.4869604,127.0334452,11230660.0,도곡1동,정상 지오코딩
6097,강남구,강남대로262,양재캠코빌딩주차장입구,도로변(횡단보도 포함),재활용쓰레기,37.4869604,127.0334452,11230660.0,도곡1동,정상 지오코딩
6098,강남구,강남대로318,타워837빌딩앞,도로변(횡단보도 포함),일반쓰레기,37.4915694,127.0311803,11230640.0,역삼1동,정상 지오코딩
6099,강남구,강남대로318,타워837빌딩앞,도로변(횡단보도 포함),재활용쓰레기,37.4915694,127.0311803,11230640.0,역삼1동,정상 지오코딩
6100,강남구,강남대로328,강남쉐르빌 버스정류장(23-295),"정류소(버스,택시 등)",일반쓰레기,37.4924273,127.0309212,11230640.0,역삼1동,정상 지오코딩
6101,강남구,강남대로328,강남쉐르빌 버스정류장(23-295),"정류소(버스,택시 등)",재활용쓰레기,37.4924273,127.0309212,11230640.0,역삼1동,정상 지오코딩
6102,강남구,강남대로362,강남대륭빌딩앞,도로변(횡단보도 포함),일반쓰레기,37.4953056,127.029416,11230640.0,역삼1동,정상 지오코딩
6103,강남구,강남대로362,강남대륭빌딩앞,도로변(횡단보도 포함),재활용쓰레기,37.4953056,127.029416,11230640.0,역삼1동,정상 지오코딩
6104,강남구,강남대로382,강남역2번출구앞,지하철역 입구,일반쓰레기,37.4970487,127.0286271,11230640.0,역삼1동,정상 지오코딩
6105,강남구,강남대로382,강남역2번출구앞,지하철역 입구,재활용쓰레기,37.4970487,127.0286271,11230640.0,역삼1동,정상 지오코딩
6106,강남구,테헤란로108,강남역1번출구앞,지하철역 입구,일반쓰레기,37.4979696,127.0291232,11230640.0,역삼1동,정상 지오코딩
6107,강남구,테헤란로108,강남역1번출구앞,지하철역 입구,재활용쓰레기,37.4979696,127.0291232,11230640.0,역삼1동,정상 지오코딩
6108,강남구,테헤란로110,캠브리지빌딩앞버스정류장(23-287),"정류소(버스,택시 등)",일반쓰레기,37.4980657,127.0293824,11230640.0,역삼1동,정상 지오코딩
6109,강남구,테헤란로110,캠브리지빌딩앞버스정류장(23-287),"정류소(버스,택시 등)",재활용쓰레기,37.4980657,127.0293824,11230640.0,역삼1동,정상 지오코딩
6110,강남구,테헤란로124,삼원타워 앞,도로변(횡단보도 포함),일반쓰레기,37.4987847,127.0317036,11230640.0,역삼1동,정상 지오코딩
6111,강남구,테헤란로124,삼원타워 앞,도로변(횡단보도 포함),재활용쓰레기,37.4987847,127.0317036,11230640.0,역삼1동,정상 지오코딩
6112,강남구,테헤란로132,한독약품빌딩앞버스정류장(23-288),"정류소(버스,택시 등)",일반쓰레기,37.4993193,127.0332056,11230640.0,역삼1동,정상 지오코딩
6113,강남구,테헤란로132,한독약품빌딩앞버스정류장(23-288),"정류소(버스,택시 등)",재활용쓰레기,37.4993193,127.0332056,11230640.0,역삼1동,정상 지오코딩
6114,강남구,테헤란로142,역삼역3번출구앞,지하철역 입구,일반쓰레기,37.499744,127.0349548,11230640.0,역삼1동,정상 지오코딩
6115,강남구,테헤란로142,역삼역3번출구앞,지하철역 입구,재활용쓰레기,37.499744,127.0349548,11230640.0,역삼1동,정상 지오코딩
6116,강남구,테헤란로208,클래시스빌딩앞버스정류장(23-305),"정류소(버스,택시 등)",일반쓰레기,37.5011301,127.0390986,11230650.0,역삼2동,정상 지오코딩
6117,강남구,테헤란로208,클래시스빌딩앞버스정류장(23-305),"정류소(버스,택시 등)",재활용쓰레기,37.5011301,127.0390986,11230650.0,역삼2동,정상 지오코딩
6118,강남구,테헤란로306,카이트빌딩앞버스정류장(23-306),"정류소(버스,택시 등)",일반쓰레기,37.5025953,127.044102,11230650.0,역삼2동,정상 지오코딩
6119,강남구,테헤란로306,카이트빌딩앞버스정류장(23-306),"정류소(버스,택시 등)",재활용쓰레기,37.5025953,127.044102,11230650.0,역삼2동,정상 지오코딩
6120,강남구,테헤란로332,선릉역4번출구,지하철역 입구,일반쓰레기,37.5037746,127.0481921,11230650.0,역삼2동,정상 지오코딩
6121,강남구,테헤란로332,선릉역4번출구,지하철역 입구,재활용쓰레기,37.5037746,127.0481921,11230650.0,역삼2동,정상 지오코딩
6122,강남구,테헤란로406,선릉역1번출구버스정류장(23-259),"정류소(버스,택시 등)",일반쓰레기,37.504381,127.049964,11230630.0,대치4동,정상 지오코딩
6123,강남구,테헤란로406,선릉역1번출구버스정류장(23-259),"정류소(버스,택시 등)",재활용쓰레기,37.504381,127.049964,11230630.0,대치4동,정상 지오코딩
6124,강남구,테헤란로414,L&B타워앞,도로변(횡단보도 포함),일반쓰레기,37.5049128,127.0516273,11230630.0,대치4동,정상 지오코딩
6125,강남구,테헤란로414,L&B타워앞,도로변(횡단보도 포함),재활용쓰레기,37.5049128,127.0516273,11230630.0,대치4동,정상 지오코딩
6126,강남구,테헤란로428,대우디오빌 앞,도로변(횡단보도 포함),일반쓰레기,37.505692,127.0541832,11230630.0,대치4동,정상 지오코딩
6127,강남구,테헤란로428,대우디오빌 앞,도로변(횡단보도 포함),재활용쓰레기,37.505692,127.0541832,11230630.0,대치4동,정상 지오코딩
6128,강남구,테헤란로432,DB빌딩앞버스정류장(23-260),"정류소(버스,택시 등)",일반쓰레기,37.5058806,127.0548106,11230630.0,대치4동,정상 지오코딩
6129,강남구,테헤란로432,DB빌딩앞버스정류장(23-260),"정류소(버스,택시 등)",재활용쓰레기,37.5058806,127.0548106,11230630.0,대치4동,정상 지오코딩
6130,강남구,테헤란로440,포스코빌딩,도로변(횡단보도 포함),일반쓰레기,37.505815,127.056131,11230630.0,대치4동,정상 지오코딩
6131,강남구,테헤란로440,포스코빌딩,도로변(횡단보도 포함),재활용쓰레기,37.505815,127.056131,11230630.0,대치4동,정상 지오코딩
6132,강남구,테헤란로440,포스코빌딩,도로변(횡단보도 포함),일반쓰레기,37.505815,127.056131,11230630.0,대치4동,정상 지오코딩
6133,강남구,테헤란로440,포스코빌딩,도로변(횡단보도 포함),재활용쓰레기,37.505815,127.056131,11230630.0,대치4동,정상 지오코딩
6134,강남구,테헤란로508,해성2빌딩앞버스정류장(23-523),"정류소(버스,택시 등)",일반쓰레기,37.5068166,127.0579783,11230790.0,대치2동,정상 지오코딩
6135,강남구,테헤란로508,해성2빌딩앞버스정류장(23-523),"정류소(버스,택시 등)",재활용쓰레기,37.5068166,127.0579783,11230790.0,대치2동,정상 지오코딩
6136,강남구,테헤란로510,루첸타워,도로변(횡단보도 포함),일반쓰레기,37.5070015,127.0586561,11230790.0,대치2동,정상 지오코딩
6137,강남구,테헤란로510,루첸타워,도로변(횡단보도 포함),재활용쓰레기,37.5070015,127.0586561,11230790.0,대치2동,정상 지오코딩
6138,강남구,테헤란로516,정헌빌딩앞,도로변(횡단보도 포함),일반쓰레기,37.507413,127.0600791,11230790.0,대치2동,정상 지오코딩
6139,강남구,테헤란로516,정헌빌딩앞,도로변(횡단보도 포함),재활용쓰레기,37.507413,127.0600791,11230790.0,대치2동,정상 지오코딩
6140,강남구,테헤란로524,삼성대세빌딩앞버스정류장(23-251),"정류소(버스,택시 등)",일반쓰레기,37.5079798,127.0615952,11230790.0,대치2동,정상 지오코딩
6141,강남구,테헤란로524,삼성대세빌딩앞버스정류장(23-251),"정류소(버스,택시 등)",재활용쓰레기,37.5079798,127.0615952,11230790.0,대치2동,정상 지오코딩
6142,강남구,테헤란로610,삼성역1번출구앞,도로변(횡단보도 포함),일반쓰레기,37.5088229,127.0645418,11230790.0,대치2동,정상 지오코딩
6143,강남구,테헤란로610,삼성역1번출구앞,도로변(횡단보도 포함),재활용쓰레기,37.5088229,127.0645418,11230790.0,대치2동,정상 지오코딩
6144,강남구,테헤란로626,메디톡스빌딩,도로변(횡단보도 포함),일반쓰레기,37.5093582,127.0664069,11230790.0,대치2동,정상 지오코딩
6145,강남구,테헤란로626,메디톡스빌딩,도로변(횡단보도 포함),재활용쓰레기,37.5093582,127.0664069,11230790.0,대치2동,정상 지오코딩
6146,강남구,테헤란로114길11,강남경찰서앞버스정류장(23-243),"정류소(버스,택시 등)",일반쓰레기,37.5093667,127.0670999,11230790.0,대치2동,정상 지오코딩
6147,강남구,테헤란로114길11,강남경찰서앞버스정류장(23-243),"정류소(버스,택시 등)",재활용쓰레기,37.5093667,127.0670999,11230790.0,대치2동,정상 지오코딩
6148,강남구,역삼로315,SK뷰아파트상가버스정류장(23-598),"정류소(버스,택시 등)",일반쓰레기,37.5005552,127.0503146,11230650.0,역삼2동,정상 지오코딩
6149,강남구,역삼로315,SK뷰아파트상가버스정류장(23-598),"정류소(버스,택시 등)",재활용쓰레기,37.5005552,127.0503146,11230650.0,역삼2동,정상 지오코딩
6150,강남구,역삼로541,"휘문중,고교앞버스정류장(23-249)","정류소(버스,택시 등)",일반쓰레기,37.5052895,127.0619939,11230790.0,대치2동,정상 지오코딩
6151,강남구,역삼로541,"휘문중,고교앞버스정류장(23-249)","정류소(버스,택시 등)",재활용쓰레기,37.5052895,127.0619939,11230790.0,대치2동,정상 지오코딩
6152,강남구,역삼로538,매머드커피숍앞버스정류장(23-248),"정류소(버스,택시 등)",일반쓰레기,37.503937,127.0618586,11230790.0,대치2동,정상 지오코딩
6153,강남구,역삼로538,매머드커피숍앞버스정류장(23-248),"정류소(버스,택시 등)",재활용쓰레기,37.503937,127.0618586,11230790.0,대치2동,정상 지오코딩
6154,강남구,역삼로,창진빌딩앞(삼성로352),도로변(횡단보도 포함),일반쓰레기,37.4997643,127.0484532,11230650.0,역삼2동,정상 지오코딩
6155,강남구,역삼로,창진빌딩앞(삼성로352),도로변(횡단보도 포함),재활용쓰레기,37.4997643,127.0484532,11230650.0,역삼2동,정상 지오코딩
6156,강남구,도곡로531,대치빌딩앞,도로변(횡단보도 포함),일반쓰레기,37.5003238,127.0644752,11230790.0,대치2동,정상 지오코딩
6157,강남구,도곡로531,대치빌딩앞,도로변(횡단보도 포함),재활용쓰레기,37.5003238,127.0644752,11230790.0,대치2동,정상 지오코딩
6158,강남구,도곡로449,줌바댄스학원앞,도로변(횡단보도 포함),일반쓰레기,37.4988301,127.0595582,11230630.0,대치4동,정상 지오코딩
6159,강남구,도곡로449,줌바댄스학원앞,도로변(횡단보도 포함),재활용쓰레기,37.4988301,127.0595582,11230630.0,대치4동,정상 지오코딩
6160,강남구,도곡로421,공영주차장입구,도로변(횡단보도 포함),일반쓰레기,37.4976796,127.0564506,11230630.0,대치4동,정상 지오코딩
6161,강남구,도곡로421,공영주차장입구,도로변(횡단보도 포함),재활용쓰레기,37.4976796,127.0564506,11230630.0,대치4동,정상 지오코딩
6162,강남구,도곡로407,까사미야매장앞,도로변(횡단보도 포함),일반쓰레기,37.4973133,127.0549786,11230630.0,대치4동,정상 지오코딩
6163,강남구,도곡로407,까사미야매장앞,도로변(횡단보도 포함),재활용쓰레기,37.4973133,127.0549786,11230630.0,대치4동,정상 지오코딩
6164,강남구,도곡로418,강원빌딩앞,도로변(횡단보도 포함),일반쓰레기,37.4969569,127.0562485,11230600.0,대치1동,정상 지오코딩
6165,강남구,도곡로418,강원빌딩앞,도로변(횡단보도 포함),재활용쓰레기,37.4969569,127.0562485,11230600.0,대치1동,정상 지오코딩
6166,강남구,도곡로440,청운빌딩앞,도로변(횡단보도 포함),일반쓰레기,37.497888,127.0586362,11230600.0,대치1동,정상 지오코딩
6167,강남구,도곡로440,청운빌딩앞,도로변(횡단보도 포함),재활용쓰레기,37.497888,127.0586362,11230600.0,대치1동,정상 지오코딩
6168,강남구,도곡로458,정일빌딩앞,도로변(횡단보도 포함),일반쓰레기,37.49834,127.0604541,11230600.0,대치1동,정상 지오코딩
6169,강남구,도곡로458,정일빌딩앞,도로변(횡단보도 포함),재활용쓰레기,37.49834,127.0604541,11230600.0,대치1동,정상 지오코딩
6170,강남구,도곡로504,샤보텐매장앞,도로변(횡단보도 포함),일반쓰레기,37.4988081,127.0616123,11230790.0,대치2동,정상 지오코딩
6171,강남구,도곡로504,샤보텐매장앞,도로변(횡단보도 포함),재활용쓰레기,37.4988081,127.0616123,11230790.0,대치2동,정상 지오코딩
6172,강남구,도곡로516,삼성상가앞버스정류장(23-235),"정류소(버스,택시 등)",일반쓰레기,37.4991813,127.0629879,11230790.0,대치2동,정상 지오코딩
6173,강남구,도곡로516,삼성상가앞버스정류장(23-235),"정류소(버스,택시 등)",재활용쓰레기,37.4991813,127.0629879,11230790.0,대치2동,정상 지오코딩
6174,강남구,도곡로327,한티역7번출구버스정류장(23-310),"정류소(버스,택시 등)",일반쓰레기,37.4961577,127.0516645,11230650.0,역삼2동,정상 지오코딩
6175,강남구,도곡로327,한티역7번출구버스정류장(23-310),"정류소(버스,택시 등)",재활용쓰레기,37.4961577,127.0516645,11230650.0,역삼2동,정상 지오코딩
6176,강남구,도곡로43길21,래미안그레이트아파트버스정류장(23-311),"정류소(버스,택시 등)",일반쓰레기,37.4957278,127.0470116,11230650.0,역삼2동,정상 지오코딩
6177,강남구,도곡로43길21,래미안그레이트아파트버스정류장(23-311),"정류소(버스,택시 등)",재활용쓰레기,37.4957278,127.0470116,11230650.0,역삼2동,정상 지오코딩
6178,강남구,도곡로253,BMW오토바이매장앞,도로변(횡단보도 포함),일반쓰레기,37.494329,127.0459016,11230650.0,역삼2동,정상 지오코딩
6179,강남구,도곡로253,BMW오토바이매장앞,도로변(횡단보도 포함),재활용쓰레기,37.494329,127.0459016,11230650.0,역삼2동,정상 지오코딩
6180,강남구,도곡로213,마고빌딩앞버스정류장(23-312),"정류소(버스,택시 등)",일반쓰레기,37.4930748,127.0421039,11230650.0,역삼2동,정상 지오코딩
6181,강남구,도곡로213,마고빌딩앞버스정류장(23-312),"정류소(버스,택시 등)",재활용쓰레기,37.4930748,127.0421039,11230650.0,역삼2동,정상 지오코딩
6182,강남구,도곡로175,창림빌딩앞버스정류장(23-291),"정류소(버스,택시 등)",일반쓰레기,37.4919385,127.0385599,11230640.0,역삼1동,정상 지오코딩
6183,강남구,도곡로175,창림빌딩앞버스정류장(23-291),"정류소(버스,택시 등)",재활용쓰레기,37.4919385,127.0385599,11230640.0,역삼1동,정상 지오코딩
6184,강남구,도곡로121,아우디도곡전시장버스정류장(23-294),"정류소(버스,택시 등)",일반쓰레기,37.4903909,127.0335468,11230640.0,역삼1동,정상 지오코딩
6185,강남구,도곡로121,아우디도곡전시장버스정류장(23-294),"정류소(버스,택시 등)",재활용쓰레기,37.4903909,127.0335468,11230640.0,역삼1동,정상 지오코딩
6186,강남구,도곡로112,서한빌딩앞버스정류장(23-321),"정류소(버스,택시 등)",일반쓰레기,37.4896537,127.0328391,11230660.0,도곡1동,정상 지오코딩
6187,강남구,도곡로112,서한빌딩앞버스정류장(23-321),"정류소(버스,택시 등)",재활용쓰레기,37.4896537,127.0328391,11230660.0,도곡1동,정상 지오코딩
6188,강남구,도곡로176,크리스빌딩앞버스정류장(23-314),"정류소(버스,택시 등)",일반쓰레기,37.4914492,127.0388585,11230660.0,도곡1동,정상 지오코딩
6189,강남구,도곡로176,크리스빌딩앞버스정류장(23-314),"정류소(버스,택시 등)",재활용쓰레기,37.4914492,127.0388585,11230660.0,도곡1동,정상 지오코딩
6190,강남구,도곡로214,롤스웰빌딩앞버스정류장(23-315),"정류소(버스,택시 등)",일반쓰레기,37.4924616,127.0424176,11230660.0,도곡1동,정상 지오코딩
6191,강남구,도곡로214,롤스웰빌딩앞버스정류장(23-315),"정류소(버스,택시 등)",재활용쓰레기,37.4924616,127.0424176,11230660.0,도곡1동,정상 지오코딩
6192,강남구,도곡로43길21,래미안그레이트아파트버스정류장(23-330),"정류소(버스,택시 등)",일반쓰레기,37.4957278,127.0470116,11230650.0,역삼2동,정상 지오코딩
6193,강남구,도곡로43길21,래미안그레이트아파트버스정류장(23-330),"정류소(버스,택시 등)",재활용쓰레기,37.4957278,127.0470116,11230650.0,역삼2동,정상 지오코딩
6194,강남구,도곡로435,다이소대치점앞,도로변(횡단보도 포함),일반쓰레기,37.4983794,127.0579572,11230630.0,대치4동,정상 지오코딩
6195,강남구,도곡로435,다이소대치점앞,도로변(횡단보도 포함),재활용쓰레기,37.4983794,127.0579572,11230630.0,대치4동,정상 지오코딩
6196,강남구,도곡로404,한티역3번출구앞버스정류장(23-222),"정류소(버스,택시 등)",일반쓰레기,37.4961856,127.0535538,11230600.0,대치1동,정상 지오코딩
6197,강남구,도곡로404,한티역3번출구앞버스정류장(23-222),"정류소(버스,택시 등)",재활용쓰레기,37.4961856,127.0535538,11230600.0,대치1동,정상 지오코딩
6198,강남구,남부순환로,은마아파트2동앞버스정류장(23-237),"정류소(버스,택시 등)",일반쓰레기,37.4969598,127.0714487,11230790.0,대치2동,정상 지오코딩
6199,강남구,남부순환로,은마아파트2동앞버스정류장(23-237),"정류소(버스,택시 등)",재활용쓰레기,37.4969598,127.0714487,11230790.0,대치2동,정상 지오코딩
6200,강남구,남부순환로2935,대치프라자앞버스정류장(23-226),"정류소(버스,택시 등)",일반쓰레기,37.4939941,127.0613344,11230600.0,대치1동,정상 지오코딩
6201,강남구,남부순환로2935,대치프라자앞버스정류장(23-226),"정류소(버스,택시 등)",재활용쓰레기,37.4939941,127.0613344,11230600.0,대치1동,정상 지오코딩
6202,강남구,남부순환로2913,동하빌딩앞버스정류장(23-227),"정류소(버스,택시 등)",일반쓰레기,37.4927522,127.0585294,11230600.0,대치1동,정상 지오코딩
6203,강남구,남부순환로2913,동하빌딩앞버스정류장(23-227),"정류소(버스,택시 등)",재활용쓰레기,37.4927522,127.0585294,11230600.0,대치1동,정상 지오코딩
6204,강남구,남부순환로2909,여천빌딩앞,도로변(횡단보도 포함),일반쓰레기,37.4921823,127.0574107,11230600.0,대치1동,정상 지오코딩
6205,강남구,남부순환로2909,여천빌딩앞,도로변(횡단보도 포함),재활용쓰레기,37.4921823,127.0574107,11230600.0,대치1동,정상 지오코딩
6206,강남구,남부순환로2753,롯데시네마앞,도로변(횡단보도 포함),일반쓰레기,37.4874808,127.0469896,11230660.0,도곡1동,정상 지오코딩
6207,강남구,남부순환로2753,롯데시네마앞,도로변(횡단보도 포함),재활용쓰레기,37.4874808,127.0469896,11230660.0,도곡1동,정상 지오코딩
6208,강남구,남부순환로,도곡역2번출구앞,지하철역 입구,일반쓰레기,37.4969598,127.0714487,11230790.0,대치2동,정상 지오코딩
6209,강남구,남부순환로,도곡역2번출구앞,지하철역 입구,재활용쓰레기,37.4969598,127.0714487,11230790.0,대치2동,정상 지오코딩
6210,강남구,남부순환로2912,그랑프리상가앞버스정류장(23-228),"정류소(버스,택시 등)",일반쓰레기,37.490706,127.0561429,11230600.0,대치1동,정상 지오코딩
6211,강남구,남부순환로2912,그랑프리상가앞버스정류장(23-228),"정류소(버스,택시 등)",재활용쓰레기,37.490706,127.0561429,11230600.0,대치1동,정상 지오코딩
6212,강남구,남부순환로,대치역7번출구앞,지하철역 입구,일반쓰레기,37.4969598,127.0714487,11230790.0,대치2동,정상 지오코딩
6213,강남구,남부순환로,대치역7번출구앞,지하철역 입구,재활용쓰레기,37.4969598,127.0714487,11230790.0,대치2동,정상 지오코딩
6214,강남구,남부순환로,미도아파트201동앞버스정류장(23-238),"정류소(버스,택시 등)",일반쓰레기,37.4969598,127.0714487,11230790.0,대치2동,정상 지오코딩
6215,강남구,남부순환로,미도아파트201동앞버스정류장(23-238),"정류소(버스,택시 등)",재활용쓰레기,37.4969598,127.0714487,11230790.0,대치2동,정상 지오코딩
6216,강남구,남부순환로3104,학여울역1번출구앞,지하철역 입구,일반쓰레기,37.4956787,127.071912,11230790.0,대치2동,정상 지오코딩
6217,강남구,남부순환로3104,학여울역2번출구앞,지하철역 입구,재활용쓰레기,37.4956787,127.071912,11230790.0,대치2동,정상 지오코딩
6218,강남구,남부순환로2807,숙명여고앞버스정류장(23-329),"정류소(버스,택시 등)",일반쓰레기,37.4914754,127.0526126,11230670.0,도곡2동,정상 지오코딩
6219,강남구,남부순환로2807,숙명여고앞버스정류장(23-329),"정류소(버스,택시 등)",재활용쓰레기,37.4914754,127.0526126,11230670.0,도곡2동,정상 지오코딩
6220,강남구,남부순환로2747,도곡동 매봉역2번출구앞,지하철역 입구,일반쓰레기,37.487155,127.0465688,11230660.0,도곡1동,정상 지오코딩
6221,강남구,남부순환로2747,도곡동 매봉역3번출구앞,지하철역 입구,재활용쓰레기,37.487155,127.0465688,11230660.0,도곡1동,정상 지오코딩
6222,강남구,남부순환로2729,바스타빌딩앞버스정류장(23-317),"정류소(버스,택시 등)",일반쓰레기,37.4863438,127.0445664,11230660.0,도곡1동,정상 지오코딩
6223,강남구,남부순환로2729,바스타빌딩앞버스정류장(23-317),"정류소(버스,택시 등)",재활용쓰레기,37.4863438,127.0445664,11230660.0,도곡1동,정상 지오코딩
6224,강남구,남부순환로2736,지앤지빌딩앞버스정류장(23-323),"정류소(버스,택시 등)",일반쓰레기,37.4859208,127.0452374,11230670.0,도곡2동,정상 지오코딩
6225,강남구,남부순환로2736,지앤지빌딩앞버스정류장(23-323),"정류소(버스,택시 등)",재활용쓰레기,37.4859208,127.0452374,11230670.0,도곡2동,정상 지오코딩
6226,강남구,남부순환로2748,아성빌딩앞,도로변(횡단보도 포함),일반쓰레기,37.4866153,127.0471989,11230670.0,도곡2동,정상 지오코딩
6227,강남구,남부순환로2748,아성빌딩앞,도로변(횡단보도 포함),재활용쓰레기,37.4866153,127.0471989,11230670.0,도곡2동,정상 지오코딩
6228,강남구,남부순환로,개포한신아파트앞버스정류장(23-324),"정류소(버스,택시 등)",일반쓰레기,37.4969598,127.0714487,11230790.0,대치2동,정상 지오코딩
6229,강남구,남부순환로,개포한신아파트앞버스정류장(23-324),"정류소(버스,택시 등)",재활용쓰레기,37.4969598,127.0714487,11230790.0,대치2동,정상 지오코딩
6230,강남구,남부순환로,도곡역4번출구앞(언주로30길57),도로변(횡단보도 포함),일반쓰레기,37.4969598,127.0714487,11230790.0,대치2동,정상 지오코딩
6231,강남구,남부순환로,도곡역4번출구앞(언주로30길57),도로변(횡단보도 포함),재활용쓰레기,37.4969598,127.0714487,11230790.0,대치2동,정상 지오코딩
6232,강남구,남부순환로,개포2차우성아파트9동앞(선릉로120),도로변(횡단보도 포함),일반쓰레기,37.4969598,127.0714487,11230790.0,대치2동,정상 지오코딩
6233,강남구,남부순환로,개포2차우성아파트9동앞(선릉로120),도로변(횡단보도 포함),재활용쓰레기,37.4969598,127.0714487,11230790.0,대치2동,정상 지오코딩
6234,강남구,영동대로302,현대자동차전시장앞,도로변(횡단보도 포함),일반쓰레기,37.5015144,127.0677693,11230790.0,대치2동,정상 지오코딩
6235,강남구,영동대로302,현대자동차전시장앞,도로변(횡단보도 포함),재활용쓰레기,37.5015144,127.0677693,11230790.0,대치2동,정상 지오코딩
6236,강남구,영동대로318,아우디대치전시장앞,도로변(횡단보도 포함),일반쓰레기,37.5030184,127.06699,11230790.0,대치2동,정상 지오코딩
6237,강남구,영동대로318,아우디대치전시장앞,도로변(횡단보도 포함),재활용쓰레기,37.5030184,127.06699,11230790.0,대치2동,정상 지오코딩
6238,강남구,영동대로334,벤츠전시장앞버스정류장(23-507),"정류소(버스,택시 등)",일반쓰레기,37.5045448,127.0661416,11230790.0,대치2동,정상 지오코딩
6239,강남구,영동대로334,벤츠전시장앞버스정류장(23-507),"정류소(버스,택시 등)",재활용쓰레기,37.5045448,127.0661416,11230790.0,대치2동,정상 지오코딩
6240,강남구,영동대로430,아이파크모델하우스버스정류장(23-741),"정류소(버스,택시 등)",일반쓰레기,37.5079812,127.0642786,11230790.0,대치2동,정상 지오코딩
6241,강남구,영동대로430,아이파크모델하우스버스정류장(23-741),"정류소(버스,택시 등)",재활용쓰레기,37.5079812,127.0642786,11230790.0,대치2동,정상 지오코딩
6242,강남구,영동대로429,세아빌딩앞,도로변(횡단보도 포함),일반쓰레기,37.5076352,127.0631496,11230790.0,대치2동,정상 지오코딩
6243,강남구,영동대로429,세아빌딩앞,도로변(횡단보도 포함),재활용쓰레기,37.5076352,127.0631496,11230790.0,대치2동,정상 지오코딩
6244,강남구,영동대로401,포르쉐전시장앞,도로변(횡단보도 포함),일반쓰레기,37.5052541,127.0645439,11230790.0,대치2동,정상 지오코딩
6245,강남구,영동대로401,포르쉐전시장앞,도로변(횡단보도 포함),재활용쓰레기,37.5052541,127.0645439,11230790.0,대치2동,정상 지오코딩
6246,강남구,영동대로311,SOMO빌딩앞버스정류장(23-857),"정류소(버스,택시 등)",일반쓰레기,37.5019564,127.0663573,11230790.0,대치2동,정상 지오코딩
6247,강남구,영동대로311,SOMO빌딩앞버스정류장(23-857),"정류소(버스,택시 등)",재활용쓰레기,37.5019564,127.0663573,11230790.0,대치2동,정상 지오코딩
6248,강남구,영동대로301,BMW전시장앞,도로변(횡단보도 포함),일반쓰레기,37.5013458,127.0666674,11230790.0,대치2동,정상 지오코딩
6249,강남구,영동대로301,BMW전시장앞,도로변(횡단보도 포함),재활용쓰레기,37.5013458,127.0666674,11230790.0,대치2동,정상 지오코딩
6250,강남구,영동대로202,LG베스트샵전시장앞,도로변(횡단보도 포함),일반쓰레기,37.4971286,127.0705535,11230790.0,대치2동,정상 지오코딩
6251,강남구,영동대로202,LG베스트샵전시장앞,도로변(횡단보도 포함),재활용쓰레기,37.4971286,127.0705535,11230790.0,대치2동,정상 지오코딩
6252,강남구,영동대로216,상지빌딩앞버스정류장(23-240),"정류소(버스,택시 등)",일반쓰레기,37.4984027,127.0694622,11230790.0,대치2동,정상 지오코딩
6253,강남구,영동대로216,상지빌딩앞버스정류장(23-240),"정류소(버스,택시 등)",재활용쓰레기,37.4984027,127.0694622,11230790.0,대치2동,정상 지오코딩
6254,강남구,영동대로230,대치우성아파트5동앞,도로변(횡단보도 포함),일반쓰레기,37.5009601,127.0684712,11230790.0,대치2동,정상 지오코딩
6255,강남구,영동대로230,대치우성아파트6동앞,도로변(횡단보도 포함),재활용쓰레기,37.5009601,127.0684712,11230790.0,대치2동,정상 지오코딩
6256,강남구,영동대로235,GS칼텍스은마주유소앞,도로변(횡단보도 포함),일반쓰레기,37.5000488,127.0671843,11230790.0,대치2동,정상 지오코딩
6257,강남구,영동대로235,GS칼텍스은마주유소앞,도로변(횡단보도 포함),재활용쓰레기,37.5000488,127.0671843,11230790.0,대치2동,정상 지오코딩
6258,강남구,영동대로227,정산빌딩정상어학원앞,도로변(횡단보도 포함),일반쓰레기,37.4993952,127.0675409,11230790.0,대치2동,정상 지오코딩
6259,강남구,영동대로227,정산빌딩정상어학원앞,도로변(횡단보도 포함),재활용쓰레기,37.4993952,127.0675409,11230790.0,대치2동,정상 지오코딩
6260,강남구,영동대로225,강남나무병원앞,도로변(횡단보도 포함),일반쓰레기,37.4992063,127.0675782,11230790.0,대치2동,정상 지오코딩
6261,강남구,영동대로225,강남나무병원앞,도로변(횡단보도 포함),재활용쓰레기,37.4992063,127.0675782,11230790.0,대치2동,정상 지오코딩
6262,강남구,영동대로221,서림상가앞,도로변(횡단보도 포함),일반쓰레기,37.4986573,127.0681172,11230790.0,대치2동,정상 지오코딩
6263,강남구,영동대로221,서림상가앞,도로변(횡단보도 포함),재활용쓰레기,37.4986573,127.0681172,11230790.0,대치2동,정상 지오코딩
6264,강남구,영동대로219,미소야매장앞버스정류장(23-236),"정류소(버스,택시 등)",일반쓰레기,37.4983618,127.0683265,11230790.0,대치2동,정상 지오코딩
6265,강남구,영동대로219,미소야매장앞버스정류장(23-236),"정류소(버스,택시 등)",재활용쓰레기,37.4983618,127.0683265,11230790.0,대치2동,정상 지오코딩
6266,강남구,영동대로215,일원빌딩스타벅스매장앞,도로변(횡단보도 포함),일반쓰레기,37.4979966,127.0685185,11230790.0,대치2동,정상 지오코딩
6267,강남구,영동대로215,일원빌딩스타벅스매장앞,도로변(횡단보도 포함),재활용쓰레기,37.4979966,127.0685185,11230790.0,대치2동,정상 지오코딩
6268,강남구,영동대로,은마아파트1동앞(삼성로212),도로변(횡단보도 포함),일반쓰레기,37.5096341,127.0627229,11230580.0,삼성1동,정상 지오코딩
6269,강남구,영동대로,은마아파트1동앞(삼성로212),도로변(횡단보도 포함),재활용쓰레기,37.5096341,127.0627229,11230580.0,삼성1동,정상 지오코딩
6270,강남구,삼성로212,은마아파트상가앞버스정류장(23-233),"정류소(버스,택시 등)",일반쓰레기,37.4996158,127.0659154,11230790.0,대치2동,정상 지오코딩
6271,강남구,삼성로212,은마아파트상가앞버스정류장(23-233),"정류소(버스,택시 등)",재활용쓰레기,37.4996158,127.0659154,11230790.0,대치2동,정상 지오코딩
6272,강남구,삼성로236,은마치안센터앞버스정류장(23-234),"정류소(버스,택시 등)",일반쓰레기,37.4983651,127.0614658,11230790.0,대치2동,정상 지오코딩
6273,강남구,삼성로236,은마치안센터앞버스정류장(23-234),"정류소(버스,택시 등)",재활용쓰레기,37.4983651,127.0614658,11230790.0,대치2동,정상 지오코딩
6274,강남구,삼성로,SM타워하나은행앞(도곡로501),도로변(횡단보도 포함),일반쓰레기,37.5032346,127.058567,11230790.0,대치2동,정상 지오코딩
6275,강남구,삼성로,SM타워하나은행앞(도곡로501),도로변(횡단보도 포함),재활용쓰레기,37.5032346,127.058567,11230790.0,대치2동,정상 지오코딩
6276,강남구,삼성로324,신해청상가앞버스정류장(23-247),"정류소(버스,택시 등)",일반쓰레기,37.5008376,127.060138,11230790.0,대치2동,정상 지오코딩
6277,강남구,삼성로324,신해청상가앞버스정류장(23-247),"정류소(버스,택시 등)",재활용쓰레기,37.5008376,127.060138,11230790.0,대치2동,정상 지오코딩
6278,강남구,삼성로334,M빌딩앞,도로변(횡단보도 포함),일반쓰레기,37.5015254,127.0598782,11230790.0,대치2동,정상 지오코딩
6279,강남구,삼성로334,M빌딩앞,도로변(횡단보도 포함),재활용쓰레기,37.5015254,127.0598782,11230790.0,대치2동,정상 지오코딩
6280,강남구,삼성로408,경승빌딩앞버스정류장(23-250),"정류소(버스,택시 등)",일반쓰레기,37.5037332,127.0586449,11230790.0,대치2동,정상 지오코딩
6281,강남구,삼성로408,경승빌딩앞버스정류장(23-250),"정류소(버스,택시 등)",재활용쓰레기,37.5037332,127.0586449,11230790.0,대치2동,정상 지오코딩
6282,강남구,삼성로430,하이글로빌딩앞,도로변(횡단보도 포함),일반쓰레기,37.5052879,127.0577751,11230790.0,대치2동,정상 지오코딩
6283,강남구,삼성로430,하이글로빌딩앞,도로변(횡단보도 포함),재활용쓰레기,37.5052879,127.0577751,11230790.0,대치2동,정상 지오코딩
6284,강남구,삼성로401,아티드빌딩앞버스정류장(23-261),"정류소(버스,택시 등)",일반쓰레기,37.486154,127.0684055,11230800.0,개포2동,정상 지오코딩
6285,강남구,삼성로401,아티드빌딩앞버스정류장(23-261),"정류소(버스,택시 등)",재활용쓰레기,37.486154,127.0684055,11230800.0,개포2동,정상 지오코딩
6286,강남구,삼성로335,GS칼텍스센트럴주유소앞,도로변(횡단보도 포함),일반쓰레기,37.5014264,127.0590742,11230630.0,대치4동,정상 지오코딩
6287,강남구,삼성로335,GS칼텍스센트럴주유소앞,도로변(횡단보도 포함),재활용쓰레기,37.5014264,127.0590742,11230630.0,대치4동,정상 지오코딩
6288,강남구,삼성로233,신사빌딩앞버스정류장(23-224),"정류소(버스,택시 등)",일반쓰레기,37.4980568,127.0609014,11230600.0,대치1동,정상 지오코딩
6289,강남구,삼성로233,신사빌딩앞버스정류장(23-224),"정류소(버스,택시 등)",재활용쓰레기,37.4980568,127.0609014,11230600.0,대치1동,정상 지오코딩
6290,강남구,삼성로,한티근린공원버스정류장(23-225),"정류소(버스,택시 등)",일반쓰레기,37.5032346,127.058567,11230790.0,대치2동,정상 지오코딩
6291,강남구,삼성로,한티근린공원버스정류장(23-225),"정류소(버스,택시 등)",재활용쓰레기,37.5032346,127.058567,11230790.0,대치2동,정상 지오코딩
6292,강남구,삼성로,한티근린공원(대치동212-180),도로변(횡단보도 포함),일반쓰레기,37.5032346,127.058567,11230790.0,대치2동,정상 지오코딩
6293,강남구,삼성로,한티근린공원(대치동212-180),도로변(횡단보도 포함),재활용쓰레기,37.5032346,127.058567,11230790.0,대치2동,정상 지오코딩
6294,강남구,삼성로438,도화타워 앞,도로변(횡단보도 포함),일반쓰레기,37.5061275,127.0575233,11230790.0,대치2동,정상 지오코딩
6295,강남구,삼성로438,도화타워 앞,도로변(횡단보도 포함),재활용쓰레기,37.5061275,127.0575233,11230790.0,대치2동,정상 지오코딩
6296,강남구,삼성로438,도화타워 앞,도로변(횡단보도 포함),일반쓰레기,37.5061275,127.0575233,11230790.0,대치2동,정상 지오코딩
6297,강남구,삼성로438,도화타워 앞,도로변(횡단보도 포함),재활용쓰레기,37.5061275,127.0575233,11230790.0,대치2동,정상 지오코딩
6298,강남구,선릉로424,우리집만두가게앞,도로변(횡단보도 포함),일반쓰레기,37.5029102,127.050065,11230630.0,대치4동,정상 지오코딩
6299,강남구,선릉로424,우리집만두가게앞,도로변(횡단보도 포함),재활용쓰레기,37.5029102,127.050065,11230630.0,대치4동,정상 지오코딩
6300,강남구,선릉로434,(대치동889-33),도로변(횡단보도 포함),일반쓰레기,37.5038096,127.0496158,11230630.0,대치4동,정상 지오코딩
6301,강남구,선릉로434,(대치동889-34),도로변(횡단보도 포함),재활용쓰레기,37.5038096,127.0496158,11230630.0,대치4동,정상 지오코딩
6302,강남구,선릉로423,동부센트레빌앞버스정류장(23-307),"정류소(버스,택시 등)",일반쓰레기,37.5025031,127.0494416,11230650.0,역삼2동,정상 지오코딩
6303,강남구,선릉로423,동부센트레빌앞버스정류장(23-307),"정류소(버스,택시 등)",재활용쓰레기,37.5025031,127.0494416,11230650.0,역삼2동,정상 지오코딩
6304,강남구,선릉로69길20,대림이편한세상앞버스정류장(23-308),"정류소(버스,택시 등)",일반쓰레기,37.4987472,127.0509235,11230650.0,역삼2동,정상 지오코딩
6305,강남구,선릉로69길20,대림이편한세상앞버스정류장(23-308),"정류소(버스,택시 등)",재활용쓰레기,37.4987472,127.0509235,11230650.0,역삼2동,정상 지오코딩
6306,강남구,선릉로209,대도초등학교후문앞,도로변(횡단보도 포함),일반쓰레기,37.4925858,127.0532066,11230670.0,도곡2동,정상 지오코딩
6307,강남구,선릉로209,대도초등학교후문앞,도로변(횡단보도 포함),재활용쓰레기,37.4925858,127.0532066,11230670.0,도곡2동,정상 지오코딩
6308,강남구,선릉로,숙명여고후문육교앞(남부순환로2807),도로변(횡단보도 포함),일반쓰레기,37.5043504,127.0490615,11230650.0,역삼2동,정상 지오코딩
6309,강남구,선릉로,숙명여고후문육교앞(남부순환로2807),도로변(횡단보도 포함),재활용쓰레기,37.5043504,127.0490615,11230650.0,역삼2동,정상 지오코딩
6310,강남구,선릉로206,대치동부센트레빌앞버스정류장(23-220),"정류소(버스,택시 등)",일반쓰레기,37.4914644,127.0556417,11230600.0,대치1동,정상 지오코딩
6311,강남구,선릉로206,대치동부센트레빌앞버스정류장(23-220),"정류소(버스,택시 등)",재활용쓰레기,37.4914644,127.0556417,11230600.0,대치1동,정상 지오코딩
6312,강남구,언주로,래미안그레이트아파트버스정류장(23-925),"정류소(버스,택시 등)",일반쓰레기,37.5070444,127.0400773,11230640.0,역삼1동,정상 지오코딩
6313,강남구,언주로,래미안그레이트아파트버스정류장(23-925),"정류소(버스,택시 등)",재활용쓰레기,37.5070444,127.0400773,11230640.0,역삼1동,정상 지오코딩
6314,강남구,언주로316,대림역삼아파트앞버스정류장(23-296),"정류소(버스,택시 등)",일반쓰레기,37.4962323,127.0462849,11230650.0,역삼2동,정상 지오코딩
6315,강남구,언주로316,대림역삼아파트앞버스정류장(23-296),"정류소(버스,택시 등)",재활용쓰레기,37.4962323,127.0462849,11230650.0,역삼2동,정상 지오코딩
6316,강남구,언주로,개나리래미안아파트앞버스정류장(23-876),"정류소(버스,택시 등)",일반쓰레기,37.5070444,127.0400773,11230640.0,역삼1동,정상 지오코딩
6317,강남구,언주로,개나리래미안아파트앞버스정류장(23-876),"정류소(버스,택시 등)",재활용쓰레기,37.5070444,127.0400773,11230640.0,역삼1동,정상 지오코딩
6318,강남구,언주로420,역삼자이아파트앞버스정류장(23-298),"정류소(버스,택시 등)",일반쓰레기,37.5009626,127.0441686,11230650.0,역삼2동,정상 지오코딩
6319,강남구,언주로420,역삼자이아파트앞버스정류장(23-298),"정류소(버스,택시 등)",재활용쓰레기,37.5009626,127.0441686,11230650.0,역삼2동,정상 지오코딩
6320,강남구,언주로420,역삼자이아파트102동앞,도로변(횡단보도 포함),일반쓰레기,37.5009626,127.0441686,11230650.0,역삼2동,정상 지오코딩
6321,강남구,언주로420,역삼자이아파트102동앞,도로변(횡단보도 포함),재활용쓰레기,37.5009626,127.0441686,11230650.0,역삼2동,정상 지오코딩
6322,강남구,논현로404,정안빌딩앞,도로변(횡단보도 포함),일반쓰레기,37.4962145,127.0394277,11230650.0,역삼2동,정상 지오코딩
6323,강남구,논현로404,정안빌딩앞,도로변(횡단보도 포함),재활용쓰레기,37.4962145,127.0394277,11230650.0,역삼2동,정상 지오코딩
6324,강남구,논현로,역삼역1번출구앞(테헤란로202),도로변(횡단보도 포함),일반쓰레기,37.5131978,127.0311138,11230520.0,논현1동,정상 지오코딩
6325,강남구,논현로,역삼역1번출구앞(테헤란로202),도로변(횡단보도 포함),재활용쓰레기,37.5131978,127.0311138,11230520.0,논현1동,정상 지오코딩
6326,강남구,논현로405,해은빌딩앞,도로변(횡단보도 포함),일반쓰레기,37.4962263,127.0387221,11230640.0,역삼1동,정상 지오코딩
6327,강남구,논현로405,해은빌딩앞,도로변(횡단보도 포함),재활용쓰레기,37.4962263,127.0387221,11230640.0,역삼1동,정상 지오코딩
6328,강남구,개포로,일원1동사무소앞버스정류장(23-872),"정류소(버스,택시 등)",일반쓰레기,37.4888715,127.065278,11230800.0,개포2동,정상 지오코딩
6329,강남구,개포로,일원1동사무소앞버스정류장(23-872),"정류소(버스,택시 등)",재활용쓰레기,37.4888715,127.065278,11230800.0,개포2동,정상 지오코딩
6330,강남구,개포로,(양재대로55길19)버스정류장(23-400),"정류소(버스,택시 등)",일반쓰레기,37.4888715,127.065278,11230800.0,개포2동,정상 지오코딩
6331,강남구,개포로,(양재대로55길19)버스정류장(23-400),"정류소(버스,택시 등)",재활용쓰레기,37.4888715,127.065278,11230800.0,개포2동,정상 지오코딩
6332,강남구,개포로,대청역3번출구(일원로7),도로변(횡단보도 포함),일반쓰레기,37.4888715,127.065278,11230800.0,개포2동,정상 지오코딩
6333,강남구,개포로,대청역3번출구(일원로7),도로변(횡단보도 포함),재활용쓰레기,37.4888715,127.065278,11230800.0,개포2동,정상 지오코딩
6334,강남구,개포로110길15,대청역6번출구앞,도로변(횡단보도 포함),일반쓰레기,37.4932438,127.0791148,11230511.0,개포3동,정상 지오코딩
6335,강남구,개포로110길15,대청역6번출구앞,도로변(횡단보도 포함),재활용쓰레기,37.4932438,127.0791148,11230511.0,개포3동,정상 지오코딩
6336,강남구,개포로513,양전초등학교앞버스정류장(23-357),"정류소(버스,택시 등)",일반쓰레기,37.4902479,127.0691709,11230800.0,개포2동,정상 지오코딩
6337,강남구,개포로513,양전초등학교앞버스정류장(23-357),"정류소(버스,택시 등)",재활용쓰레기,37.4902479,127.0691709,11230800.0,개포2동,정상 지오코딩
6338,강남구,개포로516,개포주공6단지앞버스정류장(23-358),"정류소(버스,택시 등)",일반쓰레기,37.4891407,127.0708715,11230800.0,개포2동,정상 지오코딩
6339,강남구,개포로516,개포주공6단지앞버스정류장(23-358),"정류소(버스,택시 등)",재활용쓰레기,37.4891407,127.0708715,11230800.0,개포2동,정상 지오코딩
6340,강남구,개포로509,개포동근린공원앞버스정류장(23-355),"정류소(버스,택시 등)",일반쓰레기,37.4897071,127.068291,11230800.0,개포2동,정상 지오코딩
6341,강남구,개포로509,개포동근린공원앞버스정류장(23-355),"정류소(버스,택시 등)",재활용쓰레기,37.4897071,127.068291,11230800.0,개포2동,정상 지오코딩
6342,강남구,개포로,청송빌딩앞(삼성로40),도로변(횡단보도 포함),일반쓰레기,37.4888715,127.065278,11230800.0,개포2동,정상 지오코딩
6343,강남구,개포로,청송빌딩앞(삼성로40),도로변(횡단보도 포함),재활용쓰레기,37.4888715,127.065278,11230800.0,개포2동,정상 지오코딩
6344,강남구,개포로,개포주공1단지116동앞(개포동660-4),도로변(횡단보도 포함),일반쓰레기,37.4888715,127.065278,11230800.0,개포2동,정상 지오코딩
6345,강남구,개포로,개포주공1단지116동앞(개포동660-4),도로변(횡단보도 포함),재활용쓰레기,37.4888715,127.065278,11230800.0,개포2동,정상 지오코딩
6346,강남구,개포로,쌍용개포아파트하나은행앞(언주로101),도로변(횡단보도 포함),일반쓰레기,37.4888715,127.065278,11230800.0,개포2동,정상 지오코딩
6347,강남구,개포로,쌍용개포아파트하나은행앞(언주로101),도로변(횡단보도 포함),재활용쓰레기,37.4888715,127.065278,11230800.0,개포2동,정상 지오코딩
6348,강남구,개포로,개포동용바람다리앞버스정류장(23-378),"정류소(버스,택시 등)",일반쓰레기,37.4888715,127.065278,11230800.0,개포2동,정상 지오코딩
6349,강남구,개포로,개포동용바람다리앞버스정류장(23-378),"정류소(버스,택시 등)",재활용쓰레기,37.4888715,127.065278,11230800.0,개포2동,정상 지오코딩
6350,강남구,개포로261,개포지구대앞,도로변(횡단보도 포함),일반쓰레기,37.4797784,127.0511676,11230710.0,개포4동,정상 지오코딩
6351,강남구,개포로261,개포지구대앞,도로변(횡단보도 포함),재활용쓰레기,37.4797784,127.0511676,11230710.0,개포4동,정상 지오코딩
6352,강남구,개포로224,준빌딩앞버스정류장(23-376),"정류소(버스,택시 등)",일반쓰레기,37.4785686,127.0472952,11230710.0,개포4동,정상 지오코딩
6353,강남구,개포로224,준빌딩앞버스정류장(23-376),"정류소(버스,택시 등)",재활용쓰레기,37.4785686,127.0472952,11230710.0,개포4동,정상 지오코딩
6354,강남구,개포로,포이근린공원앞버스정류장(23-373),"정류소(버스,택시 등)",일반쓰레기,37.4888715,127.065278,11230800.0,개포2동,정상 지오코딩
6355,강남구,개포로,포이근린공원앞버스정류장(23-373),"정류소(버스,택시 등)",재활용쓰레기,37.4888715,127.065278,11230800.0,개포2동,정상 지오코딩
6356,강남구,개포로205,양재빌딩앞버스정류장(23-374),"정류소(버스,택시 등)",일반쓰레기,37.4785454,127.0451101,11230710.0,개포4동,정상 지오코딩
6357,강남구,개포로205,양재빌딩앞버스정류장(23-374),"정류소(버스,택시 등)",재활용쓰레기,37.4785454,127.0451101,11230710.0,개포4동,정상 지오코딩
6358,강남구,개포로211,파워엠빌딩앞,도로변(횡단보도 포함),일반쓰레기,37.478755,127.045918,11230710.0,개포4동,정상 지오코딩
6359,강남구,개포로211,파워엠빌딩앞,도로변(횡단보도 포함),재활용쓰레기,37.478755,127.045918,11230710.0,개포4동,정상 지오코딩
6360,강남구,영동대로101,대모산역2번출구앞버스정류장(23-360),"정류소(버스,택시 등)",일반쓰레기,37.4915905,127.0719003,11230800.0,개포2동,정상 지오코딩
6361,강남구,영동대로101,대모산역2번출구앞버스정류장(23-360),"정류소(버스,택시 등)",재활용쓰레기,37.4915905,127.0719003,11230800.0,개포2동,정상 지오코딩
6362,강남구,영동대로,대모산역7번출구앞(개포로516),도로변(횡단보도 포함),일반쓰레기,37.5096341,127.0627229,11230580.0,삼성1동,정상 지오코딩
6363,강남구,영동대로,대모산역7번출구앞(개포로516),도로변(횡단보도 포함),재활용쓰레기,37.5096341,127.0627229,11230580.0,삼성1동,정상 지오코딩
6364,강남구,영동대로,개포주공7단지앞버스정류장(23-361),"정류소(버스,택시 등)",일반쓰레기,37.5096341,127.0627229,11230580.0,삼성1동,정상 지오코딩
6365,강남구,영동대로,개포주공7단지앞버스정류장(23-361),"정류소(버스,택시 등)",재활용쓰레기,37.5096341,127.0627229,11230580.0,삼성1동,정상 지오코딩
6366,강남구,영동대로22,대모산역5번출구앞,도로변(횡단보도 포함),일반쓰레기,37.4910941,127.074164,11230800.0,개포2동,정상 지오코딩
6367,강남구,영동대로22,대모산역5번출구앞,도로변(횡단보도 포함),재활용쓰레기,37.4910941,127.074164,11230800.0,개포2동,정상 지오코딩
6368,강남구,영동대로,일원동대치1단지앞버스정류장(23-395),"정류소(버스,택시 등)",일반쓰레기,37.5096341,127.0627229,11230580.0,삼성1동,정상 지오코딩
6369,강남구,영동대로,일원동대치1단지앞버스정류장(23-395),"정류소(버스,택시 등)",재활용쓰레기,37.5096341,127.0627229,11230580.0,삼성1동,정상 지오코딩
6370,강남구,삼성로151,대치선경2차아파트버스정류장(23-231),"정류소(버스,택시 등)",일반쓰레기,37.493155,127.063,11230600.0,대치1동,정상 지오코딩
6371,강남구,삼성로151,대치선경2차아파트버스정류장(23-231),"정류소(버스,택시 등)",재활용쓰레기,37.493155,127.063,11230600.0,대치1동,정상 지오코딩
6372,강남구,삼성로,개포동역7번출구앞버스정류장(23-352),"정류소(버스,택시 등)",일반쓰레기,37.5032346,127.058567,11230790.0,대치2동,정상 지오코딩
6373,강남구,삼성로,개포동역7번출구앞버스정류장(23-352),"정류소(버스,택시 등)",재활용쓰레기,37.5032346,127.058567,11230790.0,대치2동,정상 지오코딩
6374,강남구,삼성로29,경기여고앞버스정류장(23-351),"정류소(버스,택시 등)",일반쓰레기,37.4869545,127.0661236,11230800.0,개포2동,정상 지오코딩
6375,강남구,삼성로29,경기여고앞버스정류장(23-351),"정류소(버스,택시 등)",재활용쓰레기,37.4869545,127.0661236,11230800.0,개포2동,정상 지오코딩
6376,강남구,삼성로11,디에이치아너힐즈앞버스정류장(23-349),"정류소(버스,택시 등)",일반쓰레기,37.4844402,127.0679602,11230800.0,개포2동,정상 지오코딩
6377,강남구,삼성로11,디에이치아너힐즈앞버스정류장(23-349),"정류소(버스,택시 등)",재활용쓰레기,37.4844402,127.0679602,11230800.0,개포2동,정상 지오코딩
6378,강남구,삼성로,개포자이프레지던스앞버스정류장(23-350),"정류소(버스,택시 등)",일반쓰레기,37.5032346,127.058567,11230790.0,대치2동,정상 지오코딩
6379,강남구,삼성로,개포자이프레지던스앞버스정류장(23-350),"정류소(버스,택시 등)",재활용쓰레기,37.5032346,127.058567,11230790.0,대치2동,정상 지오코딩
6380,강남구,삼성로150,대치미도1차아파트앞버스정류장(23-239),"정류소(버스,택시 등)",일반쓰레기,37.4956953,127.0685647,11230790.0,대치2동,정상 지오코딩
6381,강남구,삼성로150,대치미도1차아파트앞버스정류장(23-239),"정류소(버스,택시 등)",재활용쓰레기,37.4956953,127.0685647,11230790.0,대치2동,정상 지오코딩
6382,강남구,삼성로151,대치선경2차아파트5동앞,도로변(횡단보도 포함),일반쓰레기,37.493155,127.063,11230600.0,대치1동,정상 지오코딩
6383,강남구,삼성로151,대치선경2차아파트5동앞,도로변(횡단보도 포함),재활용쓰레기,37.493155,127.063,11230600.0,대치1동,정상 지오코딩
6384,강남구,삼성로,개포주공5단지앞버스정류장(23-353),"정류소(버스,택시 등)",일반쓰레기,37.5032346,127.058567,11230790.0,대치2동,정상 지오코딩
6385,강남구,삼성로,개포주공5단지앞버스정류장(23-353),"정류소(버스,택시 등)",재활용쓰레기,37.5032346,127.058567,11230790.0,대치2동,정상 지오코딩
6386,강남구,삼성로36,KB국민은행개포동지점앞,도로변(횡단보도 포함),일반쓰레기,37.4869545,127.0661236,11230800.0,개포2동,인근 도로명번지 추정(번지차 7)
6387,강남구,삼성로36,KB국민은행개포동지점앞,도로변(횡단보도 포함),재활용쓰레기,37.4869545,127.0661236,11230800.0,개포2동,인근 도로명번지 추정(번지차 7)
6388,강남구,선릉로,타워팰리스F동앞버스정류장(23-456),"정류소(버스,택시 등)",일반쓰레기,37.5043504,127.0490615,11230650.0,역삼2동,정상 지오코딩
6389,강남구,선릉로,타워팰리스F동앞버스정류장(23-456),"정류소(버스,택시 등)",재활용쓰레기,37.5043504,127.0490615,11230650.0,역삼2동,정상 지오코딩
6390,강남구,선릉로103,구룡중학교앞버스정류장(23-334),"정류소(버스,택시 등)",일반쓰레기,37.4862129,127.0565075,11230680.0,개포1동,정상 지오코딩
6391,강남구,선릉로103,구룡중학교앞버스정류장(23-334),"정류소(버스,택시 등)",재활용쓰레기,37.4862129,127.0565075,11230680.0,개포1동,정상 지오코딩
6392,강남구,선릉로,개포주공1단지114동앞버스정류장(23-335),"정류소(버스,택시 등)",일반쓰레기,37.5043504,127.0490615,11230650.0,역삼2동,정상 지오코딩
6393,강남구,선릉로,개포주공1단지114동앞버스정류장(23-335),"정류소(버스,택시 등)",재활용쓰레기,37.5043504,127.0490615,11230650.0,역삼2동,정상 지오코딩
6394,강남구,선릉로,개포주공1단지앞버스정류장(23-336),"정류소(버스,택시 등)",일반쓰레기,37.5043504,127.0490615,11230650.0,역삼2동,정상 지오코딩
6395,강남구,선릉로,개포주공1단지앞버스정류장(23-336),"정류소(버스,택시 등)",재활용쓰레기,37.5043504,127.0490615,11230650.0,역삼2동,정상 지오코딩
6396,강남구,선릉로8,래미안블레스티지앞버스정류장(23-345),"정류소(버스,택시 등)",일반쓰레기,37.4800576,127.0641534,11230800.0,개포2동,정상 지오코딩
6397,강남구,선릉로8,래미안블레스티지앞버스정류장(23-345),"정류소(버스,택시 등)",재활용쓰레기,37.4800576,127.0641534,11230800.0,개포2동,정상 지오코딩
6398,강남구,선릉로32,영동농협지소앞버스정류장(23-344),"정류소(버스,택시 등)",일반쓰레기,37.482696,127.0609267,11230800.0,개포2동,정상 지오코딩
6399,강남구,선릉로32,영동농협지소앞버스정류장(23-344),"정류소(버스,택시 등)",재활용쓰레기,37.482696,127.0609267,11230800.0,개포2동,정상 지오코딩
6400,강남구,선릉로,개포주공1단지160동앞버스정류장(23-457),"정류소(버스,택시 등)",일반쓰레기,37.5043504,127.0490615,11230650.0,역삼2동,정상 지오코딩
6401,강남구,선릉로,개포주공1단지160동앞버스정류장(23-457),"정류소(버스,택시 등)",재활용쓰레기,37.5043504,127.0490615,11230650.0,역삼2동,정상 지오코딩
6402,강남구,언주로,개포래미안포레스트앞버스정류장(23-364),"정류소(버스,택시 등)",일반쓰레기,37.5070444,127.0400773,11230640.0,역삼1동,정상 지오코딩
6403,강남구,언주로,개포래미안포레스트앞버스정류장(23-364),"정류소(버스,택시 등)",재활용쓰레기,37.5070444,127.0400773,11230640.0,역삼1동,정상 지오코딩
6404,강남구,언주로,개포주공1단지140동앞버스정류장(23-459),"정류소(버스,택시 등)",일반쓰레기,37.5070444,127.0400773,11230640.0,역삼1동,정상 지오코딩
6405,강남구,언주로,개포주공1단지140동앞버스정류장(23-459),"정류소(버스,택시 등)",재활용쓰레기,37.5070444,127.0400773,11230640.0,역삼1동,정상 지오코딩
6406,강남구,언주로,개포주공1단지123동앞버스정류장(23-339),"정류소(버스,택시 등)",일반쓰레기,37.5070444,127.0400773,11230640.0,역삼1동,정상 지오코딩
6407,강남구,언주로,개포주공1단지123동앞버스정류장(23-339),"정류소(버스,택시 등)",재활용쓰레기,37.5070444,127.0400773,11230640.0,역삼1동,정상 지오코딩
6408,강남구,언주로110,개포경남아파트상가앞버스정류장(23-340),"정류소(버스,택시 등)",일반쓰레기,37.4854059,127.05471,11230680.0,개포1동,정상 지오코딩
6409,강남구,언주로110,개포경남아파트상가앞버스정류장(23-340),"정류소(버스,택시 등)",재활용쓰레기,37.4854059,127.05471,11230680.0,개포1동,정상 지오코딩
6410,강남구,언주로122,우성캐릭터빌앞버스정류장(23-326),"정류소(버스,택시 등)",일반쓰레기,37.4870825,127.0510176,11230670.0,도곡2동,정상 지오코딩
6411,강남구,언주로122,우성캐릭터빌앞버스정류장(23-326),"정류소(버스,택시 등)",재활용쓰레기,37.4870825,127.0510176,11230670.0,도곡2동,정상 지오코딩
6412,강남구,논현로38,다우빌딩앞버스정류장(23-369),"정류소(버스,택시 등)",일반쓰레기,37.4743705,127.0484326,11230710.0,개포4동,정상 지오코딩
6413,강남구,논현로38,다우빌딩앞버스정류장(23-369),"정류소(버스,택시 등)",재활용쓰레기,37.4743705,127.0484326,11230710.0,개포4동,정상 지오코딩
6414,강남구,논현로82,봉명빌딩앞버스정류장(23-370),"정류소(버스,택시 등)",일반쓰레기,37.4773868,127.0453374,11230710.0,개포4동,정상 지오코딩
6415,강남구,논현로82,봉명빌딩앞버스정류장(23-370),"정류소(버스,택시 등)",재활용쓰레기,37.4773868,127.0453374,11230710.0,개포4동,정상 지오코딩
6416,강남구,논현로142,동현빌딩앞(구벚꽃길),도로변(횡단보도 포함),일반쓰레기,37.4824399,127.043027,11230670.0,도곡2동,정상 지오코딩
6417,강남구,논현로142,동현빌딩앞(구벚꽃길),도로변(횡단보도 포함),재활용쓰레기,37.4824399,127.043027,11230670.0,도곡2동,정상 지오코딩
6418,강남구,양재천로199,강남수도사업소(구매봉길),도로변(횡단보도 포함),일반쓰레기,37.4834257,127.0470805,11230670.0,도곡2동,정상 지오코딩
6419,강남구,양재천로199,강남수도사업소(구매봉길),도로변(횡단보도 포함),재활용쓰레기,37.4834257,127.0470805,11230670.0,도곡2동,정상 지오코딩
6420,강남구,일원로120,일원역6번출구앞버스정류장(23-880),"정류소(버스,택시 등)",일반쓰레기,37.4852019,127.0826728,11230720.0,일원본동,정상 지오코딩
6421,강남구,일원로120,일원역6번출구앞버스정류장(23-880),"정류소(버스,택시 등)",재활용쓰레기,37.4852019,127.0826728,11230720.0,일원본동,정상 지오코딩
6422,강남구,일원로,개포루체하임아파트앞버스정류장(23-489),"정류소(버스,택시 등)",일반쓰레기,37.4876071,127.0823425,11230720.0,일원본동,정상 지오코딩
6423,강남구,일원로,개포루체하임아파트앞버스정류장(23-489),"정류소(버스,택시 등)",재활용쓰레기,37.4876071,127.0823425,11230720.0,일원본동,정상 지오코딩
6424,강남구,일원로,대청역5번출구앞버스정류장(23-728),"정류소(버스,택시 등)",일반쓰레기,37.4876071,127.0823425,11230720.0,일원본동,정상 지오코딩
6425,강남구,일원로,대청역5번출구앞버스정류장(23-728),"정류소(버스,택시 등)",재활용쓰레기,37.4876071,127.0823425,11230720.0,일원본동,정상 지오코딩
6426,강남구,일원로115,일원역1번출구앞버스정류장(23-546),"정류소(버스,택시 등)",일반쓰레기,37.4840224,127.0844597,11230720.0,일원본동,정상 지오코딩
6427,강남구,일원로115,일원역1번출구앞버스정류장(23-546),"정류소(버스,택시 등)",재활용쓰레기,37.4840224,127.0844597,11230720.0,일원본동,정상 지오코딩
6428,강남구,일원로81,삼성의료원정문앞버스정류장(23-386),"정류소(버스,택시 등)",일반쓰레기,37.4903445,127.0895902,11230720.0,일원본동,정상 지오코딩
6429,강남구,일원로81,삼성의료원정문앞버스정류장(23-386),"정류소(버스,택시 등)",재활용쓰레기,37.4903445,127.0895902,11230720.0,일원본동,정상 지오코딩
6430,강남구,일원로21,영희초등학교앞버스정류장(23-586),"정류소(버스,택시 등)",일반쓰레기,37.4923004,127.0811328,11230730.0,일원1동,정상 지오코딩
6431,강남구,일원로21,영희초등학교앞버스정류장(23-586),"정류소(버스,택시 등)",재활용쓰레기,37.4923004,127.0811328,11230730.0,일원1동,정상 지오코딩
6432,강남구,일원로7,중동고등학교앞버스정류장(23-911),"정류소(버스,택시 등)",일반쓰레기,37.4937134,127.0806601,11230730.0,일원1동,정상 지오코딩
6433,강남구,일원로7,중동고등학교앞버스정류장(23-911),"정류소(버스,택시 등)",재활용쓰레기,37.4937134,127.0806601,11230730.0,일원1동,정상 지오코딩
6434,강남구,광평로,수서역1번출구앞버스정류장(23-404),"정류소(버스,택시 등)",일반쓰레기,37.48432,127.0911548,11230720.0,일원본동,정상 지오코딩
6435,강남구,광평로,수서역1번출구앞버스정류장(23-404),"정류소(버스,택시 등)",재활용쓰레기,37.48432,127.0911548,11230720.0,일원본동,정상 지오코딩
6436,강남구,광평로,수서동 북주차장앞(수서동735),도로변(횡단보도 포함),일반쓰레기,37.48432,127.0911548,11230720.0,일원본동,정상 지오코딩
6437,강남구,광평로,수서동 북주차장앞(수서동735),도로변(횡단보도 포함),재활용쓰레기,37.48432,127.0911548,11230720.0,일원본동,정상 지오코딩
6438,강남구,광평로39길3,수서동익아파트앞버스정류장(23-406),"정류소(버스,택시 등)",일반쓰레기,37.4857663,127.0972633,11230750.0,수서동,정상 지오코딩
6439,강남구,광평로39길3,수서동익아파트앞버스정류장(23-406),"정류소(버스,택시 등)",재활용쓰레기,37.4857663,127.0972633,11230750.0,수서동,정상 지오코딩
6440,강남구,광평로115,일원역3번출구앞버스정류장(23-381),"정류소(버스,택시 등)",일반쓰레기,37.4873192,127.1031081,11230750.0,수서동,인근 도로명번지 추정(번지차 165)
6441,강남구,광평로115,일원역3번출구앞버스정류장(23-381),"정류소(버스,택시 등)",재활용쓰레기,37.4873192,127.1031081,11230750.0,수서동,인근 도로명번지 추정(번지차 165)
6442,강남구,광평로,푸른마을아파트앞버스정류장(23-382),"정류소(버스,택시 등)",일반쓰레기,37.48432,127.0911548,11230720.0,일원본동,정상 지오코딩
6443,강남구,광평로,푸른마을아파트앞버스정류장(23-382),"정류소(버스,택시 등)",재활용쓰레기,37.48432,127.0911548,11230720.0,일원본동,정상 지오코딩
6444,강남구,광평로10길6,한솔마을아파트앞버스정류장(23-449),"정류소(버스,택시 등)",일반쓰레기,37.4826292,127.0765203,11230720.0,일원본동,정상 지오코딩
6445,강남구,광평로10길6,한솔마을아파트앞버스정류장(23-449),"정류소(버스,택시 등)",재활용쓰레기,37.4826292,127.0765203,11230720.0,일원본동,정상 지오코딩
6446,강남구,광평로115,일원역5번출구앞,지하철역 입구,일반쓰레기,37.4873192,127.1031081,11230750.0,수서동,인근 도로명번지 추정(번지차 165)
6447,강남구,광평로115,일원역5번출구앞,지하철역 입구,재활용쓰레기,37.4873192,127.1031081,11230750.0,수서동,인근 도로명번지 추정(번지차 165)
6448,강남구,광평로280,로즈데일빌딩앞버스정류장(23-410),"정류소(버스,택시 등)",일반쓰레기,37.4873192,127.1031081,11230750.0,수서동,정상 지오코딩
6449,강남구,광평로280,로즈데일빌딩앞버스정류장(23-410),"정류소(버스,택시 등)",재활용쓰레기,37.4873192,127.1031081,11230750.0,수서동,정상 지오코딩
6450,강남구,밤고개로,수서역6번출구앞버스정류장(23-408),"정류소(버스,택시 등)",일반쓰레기,37.4781783,127.1056497,11230760.0,세곡동,정상 지오코딩
6451,강남구,밤고개로,수서역6번출구앞버스정류장(23-408),"정류소(버스,택시 등)",재활용쓰레기,37.4781783,127.1056497,11230760.0,세곡동,정상 지오코딩
6452,강남구,밤고개로286,세곡동주민센터앞버스정류장(23-411),"정류소(버스,택시 등)",일반쓰레기,37.4690493,127.1069125,11230760.0,세곡동,정상 지오코딩
6453,강남구,밤고개로286,세곡동주민센터앞버스정류장(23-411),"정류소(버스,택시 등)",재활용쓰레기,37.4690493,127.1069125,11230760.0,세곡동,정상 지오코딩
6454,강남구,밤고개로,세곡동사거리 버스정류장(23-415),"정류소(버스,택시 등)",일반쓰레기,37.4781783,127.1056497,11230760.0,세곡동,정상 지오코딩
6455,강남구,밤고개로,세곡동사거리 버스정류장(23-415),"정류소(버스,택시 등)",재활용쓰레기,37.4781783,127.1056497,11230760.0,세곡동,정상 지오코딩
6456,강남구,밤고개로,수서역5번출구앞버스정류장(23-409),"정류소(버스,택시 등)",일반쓰레기,37.4781783,127.1056497,11230760.0,세곡동,정상 지오코딩
6457,강남구,밤고개로,수서역5번출구앞버스정류장(23-409),"정류소(버스,택시 등)",재활용쓰레기,37.4781783,127.1056497,11230760.0,세곡동,정상 지오코딩
6458,강남구,밤고개로99,수서SRT역 입구,"광장, 공원",일반쓰레기,37.4854023,127.1045821,11230750.0,수서동,정상 지오코딩
6459,강남구,밤고개로99,수서SRT역 입구,"광장, 공원",재활용쓰레기,37.4854023,127.1045821,11230750.0,수서동,정상 지오코딩
6460,강남구,밤고개로,수서삼익아파트앞버스정류장(23-402),"정류소(버스,택시 등)",일반쓰레기,37.4781783,127.1056497,11230760.0,세곡동,정상 지오코딩
6461,강남구,밤고개로,수서삼익아파트앞버스정류장(23-402),"정류소(버스,택시 등)",재활용쓰레기,37.4781783,127.1056497,11230760.0,세곡동,정상 지오코딩
6462,강남구,밤고개로248,방죽마을 버스정류장(23-428),"정류소(버스,택시 등)",일반쓰레기,37.4690493,127.1069125,11230760.0,세곡동,인근 도로명번지 추정(번지차 38)
6463,강남구,밤고개로248,방죽마을 버스정류장(23-428),"정류소(버스,택시 등)",재활용쓰레기,37.4690493,127.1069125,11230760.0,세곡동,인근 도로명번지 추정(번지차 38)
6464,강남구,헌릉로,세곡동사거리 버스정류장(23-421),"정류소(버스,택시 등)",일반쓰레기,37.4647812,127.1076434,11230760.0,세곡동,정상 지오코딩
6465,강남구,헌릉로,세곡동사거리 버스정류장(23-421),"정류소(버스,택시 등)",재활용쓰레기,37.4647812,127.1076434,11230760.0,세곡동,정상 지오코딩
6466,강남구,헌릉로590길10,신동아파밀리에2단지앞버스정류장(23-537),"정류소(버스,택시 등)",일반쓰레기,37.4645127,127.1027373,11230760.0,세곡동,정상 지오코딩
6467,강남구,헌릉로590길10,신동아파밀리에2단지앞버스정류장(23-537),"정류소(버스,택시 등)",재활용쓰레기,37.4645127,127.1027373,11230760.0,세곡동,정상 지오코딩
6468,강남구,헌릉로571길20,LH이편한세상1단지앞버스정류장(23-412),"정류소(버스,택시 등)",일반쓰레기,37.4670982,127.1021018,11230760.0,세곡동,정상 지오코딩
6469,강남구,헌릉로571길20,LH이편한세상1단지앞버스정류장(23-412),"정류소(버스,택시 등)",재활용쓰레기,37.4670982,127.1021018,11230760.0,세곡동,정상 지오코딩
6470,강남구,헌릉로623,대왕파출소앞버스정류장(23-884),"정류소(버스,택시 등)",일반쓰레기,37.465176,127.1073624,11230760.0,세곡동,정상 지오코딩
6471,강남구,헌릉로623,대왕파출소앞버스정류장(23-884),"정류소(버스,택시 등)",재활용쓰레기,37.465176,127.1073624,11230760.0,세곡동,정상 지오코딩
6472,강남구,헌릉로569길9,은곡마을상업지구앞버스정류장(23-942),"정류소(버스,택시 등)",일반쓰레기,37.4667896,127.1007773,11230760.0,세곡동,정상 지오코딩
6473,강남구,헌릉로569길9,은곡마을상업지구앞버스정류장(23-942),"정류소(버스,택시 등)",재활용쓰레기,37.4667896,127.1007773,11230760.0,세곡동,정상 지오코딩
6474,강남구,헌릉로590길60,구립행복요양병원앞버스정류장(23-961),"정류소(버스,택시 등)",일반쓰레기,37.4611766,127.1033226,11230760.0,세곡동,정상 지오코딩
6475,강남구,헌릉로590길60,구립행복요양병원앞버스정류장(23-961),"정류소(버스,택시 등)",재활용쓰레기,37.4611766,127.1033226,11230760.0,세곡동,정상 지오코딩
6476,강남구,양재대로,서울삼성병원건너편버스정류장(23-994),"정류소(버스,택시 등)",일반쓰레기,37.4847143,127.0733999,11230800.0,개포2동,정상 지오코딩
6477,강남구,양재대로,서울삼성병원건너편버스정류장(23-994),"정류소(버스,택시 등)",재활용쓰레기,37.4847143,127.0733999,11230800.0,개포2동,정상 지오코딩
6478,강남구,영동대로3길,개포주공6단지앞버스정류장(23-492),"정류소(버스,택시 등)",일반쓰레기,37.48734,127.072793,11230800.0,개포2동,정상 지오코딩
6479,강남구,영동대로3길,개포주공6단지앞버스정류장(23-492),"정류소(버스,택시 등)",재활용쓰레기,37.48734,127.072793,11230800.0,개포2동,정상 지오코딩
6480,강남구,선릉로4길30,개포시립도서관앞버스정류장(23-346),"정류소(버스,택시 등)",일반쓰레기,37.4830502,127.0639035,11230800.0,개포2동,정상 지오코딩
6481,강남구,선릉로4길30,개포시립도서관앞버스정류장(23-346),"정류소(버스,택시 등)",재활용쓰레기,37.4830502,127.0639035,11230800.0,개포2동,정상 지오코딩
6482,강남구,언주로7길,개포래미안포레스트앞버스정류장(23-516),"정류소(버스,택시 등)",일반쓰레기,37.4771539,127.055166,11230710.0,개포4동,정상 지오코딩
6483,강남구,언주로7길,개포래미안포레스트앞버스정류장(23-516),"정류소(버스,택시 등)",재활용쓰레기,37.4771539,127.055166,11230710.0,개포4동,정상 지오코딩
6484,강남구,개포로22길65,국립국악고등학교앞버스정류장(23-518),"정류소(버스,택시 등)",일반쓰레기,37.4762397,127.0512138,11230710.0,개포4동,정상 지오코딩
6485,강남구,개포로22길65,국립국악고등학교앞버스정류장(23-518),"정류소(버스,택시 등)",재활용쓰레기,37.4762397,127.0512138,11230710.0,개포4동,정상 지오코딩
6486,강남구,자곡로21,세곡푸르지오아파트앞버스정류장(23-480),"정류소(버스,택시 등)",일반쓰레기,37.4673467,127.0932645,11230760.0,세곡동,정상 지오코딩
6487,강남구,자곡로21,세곡푸르지오아파트앞버스정류장(23-480),"정류소(버스,택시 등)",재활용쓰레기,37.4673467,127.0932645,11230760.0,세곡동,정상 지오코딩
6488,강남구,자곡로36,효성해링턴코트아파트앞버스정류장(23-482),"정류소(버스,택시 등)",일반쓰레기,37.4684888,127.0938226,11230760.0,세곡동,정상 지오코딩
6489,강남구,자곡로36,효성해링턴코트아파트앞버스정류장(23-482),"정류소(버스,택시 등)",재활용쓰레기,37.4684888,127.0938226,11230760.0,세곡동,정상 지오코딩
6490,강남구,자곡로3길22,LH강남3단지아파트앞버스정류장(23-447),"정류소(버스,택시 등)",일반쓰레기,37.4699716,127.0910208,11230760.0,세곡동,정상 지오코딩
6491,강남구,자곡로3길22,LH강남3단지아파트앞버스정류장(23-447),"정류소(버스,택시 등)",재활용쓰레기,37.4699716,127.0910208,11230760.0,세곡동,정상 지오코딩
6492,강남구,자곡로,해찬솔공원앞버스정류장(23-448),"정류소(버스,택시 등)",일반쓰레기,37.4728378,127.1000386,11230760.0,세곡동,정상 지오코딩
6493,강남구,자곡로,해찬솔공원앞버스정류장(23-448),"정류소(버스,택시 등)",재활용쓰레기,37.4728378,127.1000386,11230760.0,세곡동,정상 지오코딩
6494,강남구,자곡로101,래미안강남힐즈아파트앞버스정류장(23-471),"정류소(버스,택시 등)",일반쓰레기,37.4726551,127.0958055,11230760.0,세곡동,정상 지오코딩
6495,강남구,자곡로101,래미안강남힐즈아파트앞버스정류장(23-471),"정류소(버스,택시 등)",재활용쓰레기,37.4726551,127.0958055,11230760.0,세곡동,정상 지오코딩
6496,강남구,자곡로120,못골마을방면버스정류장(23-446),"정류소(버스,택시 등)",일반쓰레기,37.4721456,127.0965024,11230760.0,세곡동,정상 지오코딩
6497,강남구,자곡로120,못골마을방면버스정류장(23-446),"정류소(버스,택시 등)",재활용쓰레기,37.4721456,127.0965024,11230760.0,세곡동,정상 지오코딩
6498,강남구,자곡로3길21,LH강남힐스테이트505동옆,"광장, 공원",일반쓰레기,37.4718527,127.0882312,11230760.0,세곡동,정상 지오코딩
6499,강남구,자곡로3길21,LH강남힐스테이트505동옆,"광장, 공원",재활용쓰레기,37.4718527,127.0882312,11230760.0,세곡동,정상 지오코딩
6500,강남구,자곡로260,한양수자인아파트앞버스정류장(23-394),"정류소(버스,택시 등)",일반쓰레기,37.4765634,127.1117521,11230760.0,세곡동,정상 지오코딩
6501,강남구,자곡로260,한양수자인아파트앞버스정류장(23-394),"정류소(버스,택시 등)",재활용쓰레기,37.4765634,127.1117521,11230760.0,세곡동,정상 지오코딩
6502,강남구,자곡로,수서차량사무소후문앞버스정류장(23-393),"정류소(버스,택시 등)",일반쓰레기,37.4728378,127.1000386,11230760.0,세곡동,정상 지오코딩
6503,강남구,자곡로,수서차량사무소후문앞버스정류장(23-393),"정류소(버스,택시 등)",재활용쓰레기,37.4728378,127.1000386,11230760.0,세곡동,정상 지오코딩
6504,강남구,영동대로,"휘문고,대치2동주민센터 버스정류장(23-245)","정류소(버스,택시 등)",일반쓰레기,37.5096341,127.0627229,11230580.0,삼성1동,정상 지오코딩
6505,강남구,영동대로,"휘문고,대치2동주민센터 버스정류장(23-245)","정류소(버스,택시 등)",재활용쓰레기,37.5096341,127.0627229,11230580.0,삼성1동,정상 지오코딩
6506,강남구,논현로,총지사 버스정류장(23-313),"정류소(버스,택시 등)",일반쓰레기,37.5131978,127.0311138,11230520.0,논현1동,정상 지오코딩
6507,강남구,논현로,총지사 버스정류장(23-313),"정류소(버스,택시 등)",재활용쓰레기,37.5131978,127.0311138,11230520.0,논현1동,정상 지오코딩
6508,강남구,밤고개로,고속철도수서역 버스정류장(23-320),"정류소(버스,택시 등)",일반쓰레기,37.4781783,127.1056497,11230760.0,세곡동,정상 지오코딩
6509,강남구,밤고개로,고속철도수서역 버스정류장(23-320),"정류소(버스,택시 등)",재활용쓰레기,37.4781783,127.1056497,11230760.0,세곡동,정상 지오코딩
6510,강남구,밤고개로,LH수서아파트 버스정류장(23-440),"정류소(버스,택시 등)",일반쓰레기,37.4781783,127.1056497,11230760.0,세곡동,정상 지오코딩
6511,강남구,밤고개로,LH수서아파트 버스정류장(23-440),"정류소(버스,택시 등)",재활용쓰레기,37.4781783,127.1056497,11230760.0,세곡동,정상 지오코딩
6512,강남구,언주로,개포우성아파트 버스정류장(23-445),"정류소(버스,택시 등)",일반쓰레기,37.5070444,127.0400773,11230640.0,역삼1동,정상 지오코딩
6513,강남구,언주로,개포우성아파트 버스정류장(23-445),"정류소(버스,택시 등)",재활용쓰레기,37.5070444,127.0400773,11230640.0,역삼1동,정상 지오코딩
6514,강남구,개포로22길87,포이초교 버스정류장(23-517),"정류소(버스,택시 등)",일반쓰레기,37.4758166,127.0520457,11230710.0,개포4동,정상 지오코딩
6515,강남구,개포로22길87,포이초교 버스정류장(23-517),"정류소(버스,택시 등)",재활용쓰레기,37.4758166,127.0520457,11230710.0,개포4동,정상 지오코딩
6516,강남구,강남대로,"신분당선,강남역4번출구 버스정류장(23-572)","정류소(버스,택시 등)",일반쓰레기,37.526228,127.0139534,11230510.0,신사동,정상 지오코딩
6517,강남구,강남대로,"신분당선,강남역4번출구 버스정류장(23-572)","정류소(버스,택시 등)",재활용쓰레기,37.526228,127.0139534,11230510.0,신사동,정상 지오코딩
6518,송파구,잠실동 42(잠실로),롯데호텔 공항버스정류장 옆,"정류소(버스,택시 등)",일반쓰레기,37.5103437,127.0997951,11240800.0,잠실3동,정상 지오코딩
6519,송파구,올림픽로 240,"롯데마트 주차장 출구, 갤러리아팰리스 앞",도로변(횡단보도 포함),일반쓰레기,37.5113096,127.0981418,11240800.0,잠실3동,정상 지오코딩
6520,송파구,올림픽로 145,잠실새내역 8번출구 뒤,지하철역 입구,일반쓰레기,37.5119805,127.0870419,11240790.0,잠실2동,정상 지오코딩
6521,송파구,올림픽로 215,잠실역 5번출구 앞,지하철역 입구,일반쓰레기,37.5140078,127.0950365,11240800.0,잠실3동,정상 지오코딩
6522,송파구,송파대로 567,잠실역 6번출구 앞,지하철역 입구,일반쓰레기,37.5131382,127.0930487,11240800.0,잠실3동,정상 지오코딩
6523,송파구,송파대로 567,잠실역.잠실대교.남단(24-002),"정류소(버스,택시 등)",일반쓰레기,37.5131382,127.0930487,11240800.0,잠실3동,정상 지오코딩
6524,송파구,송파대로 567,잠실역.잠실대교.남단(24-002),"정류소(버스,택시 등)",재활용쓰레기,37.5131382,127.0930487,11240800.0,잠실3동,정상 지오코딩
6525,송파구,올림픽로 215,잠실역.롯데월드(24-138),"정류소(버스,택시 등)",일반쓰레기,37.5140078,127.0950365,11240800.0,잠실3동,정상 지오코딩
6526,송파구,올림픽로 99,잠실엘스아파트앞(24-142),"정류소(버스,택시 등)",일반쓰레기,37.5151252,127.07813,11240790.0,잠실2동,정상 지오코딩
6527,송파구,올림픽로 99,잠실엘스아파트앞(24-142),"정류소(버스,택시 등)",재활용쓰레기,37.5151252,127.07813,11240790.0,잠실2동,정상 지오코딩
6528,송파구,잠실동 18(석촌호수로),잠실새내역 6번출구 앞,지하철역 입구,일반쓰레기,37.5119427,127.0854535,11240790.0,잠실2동,정상 지오코딩
6529,송파구,삼학사로 31, 횡단보도 앞,도로변(횡단보도 포함),일반쓰레기,37.5000447,127.0964877,11240640.0,삼전동,정상 지오코딩
6530,송파구,송파대로 455,석촌호수.한솔병원(24-004),"정류소(버스,택시 등)",재활용쓰레기,37.5070042,127.1050923,11240630.0,석촌동,정상 지오코딩
6531,송파구,송파대로 411,석촌역(24-006),"정류소(버스,택시 등)",일반쓰레기,37.5036339,127.1081541,11240630.0,석촌동,정상 지오코딩
6532,송파구,송파대로 371,송파역(24-008),"정류소(버스,택시 등)",일반쓰레기,37.50078,127.1107509,11240630.0,석촌동,정상 지오코딩
6533,송파구,올림픽로 25,잠실종합운동장(24-154),"정류소(버스,택시 등)",일반쓰레기,37.5161988,127.0759406,11240790.0,잠실2동,정상 지오코딩
6534,송파구,올림픽로 25,잠실종합운동장(24-154),"정류소(버스,택시 등)",재활용쓰레기,37.5161988,127.0759406,11240790.0,잠실2동,정상 지오코딩
6535,송파구,올림픽로 25,종합운동장역 5번출구 앞,지하철역 입구,일반쓰레기,37.5161988,127.0759406,11240790.0,잠실2동,정상 지오코딩
6536,송파구,올림픽로 25,종합운동장역 5번출구 앞,지하철역 입구,일반쓰레기,37.5161988,127.0759406,11240790.0,잠실2동,정상 지오코딩
6537,송파구,가락로 2,배명야구장 옆 횡단보도,도로변(횡단보도 포함),일반쓰레기,37.4976564,127.0969446,11240630.0,석촌동,정상 지오코딩
6538,송파구,올림픽로 118,맘스터치 앞 도로변,도로변(횡단보도 포함),일반쓰레기,37.5114152,127.0838299,11240710.0,잠실본동,정상 지오코딩
6539,송파구,석촌호수로 151,잠실119안전센터(24-153),"정류소(버스,택시 등)",재활용쓰레기,37.5073166,127.093893,11240800.0,잠실3동,정상 지오코딩
6540,송파구,올림픽로 76,종합운동장사거리(24-157),"정류소(버스,택시 등)",일반쓰레기,37.5115604,127.0791814,11240710.0,잠실본동,정상 지오코딩
6541,송파구,올림픽로 99,종합운동장사거리(24-143),"정류소(버스,택시 등)",일반쓰레기,37.5151252,127.07813,11240790.0,잠실2동,정상 지오코딩
6542,송파구,백제고분로 69,아시아선수촌아파트(24-155),"정류소(버스,택시 등)",일반쓰레기,37.5105548,127.0790732,11240710.0,잠실본동,정상 지오코딩
6543,송파구,도곡로 438,아주중학교(24-156),"정류소(버스,택시 등)",일반쓰레기,37.5046107,127.0773939,11240710.0,잠실본동,정상 지오코딩
6544,송파구,백제고분로 170,잠실우성4차현대아파트(24-161),"정류소(버스,택시 등)",일반쓰레기,37.504787,127.0855731,11240710.0,잠실본동,정상 지오코딩
6545,송파구,석촌호수로 61,잠실새내역 앞(24-458),"정류소(버스,택시 등)",일반쓰레기,37.510696,127.0862248,11240800.0,잠실3동,정상 지오코딩
6546,송파구,백제고분로 284,도로변,도로변(횡단보도 포함),일반쓰레기,37.5022693,127.097976,11240630.0,석촌동,정상 지오코딩
6547,송파구,올림픽로 140,잠실트리지움 346동 앞,도로변(횡단보도 포함),일반쓰레기,37.5115918,127.0863753,11240800.0,잠실3동,정상 지오코딩
6548,송파구,백제고분로 204,도로변,도로변(횡단보도 포함),일반쓰레기,37.5037487,127.0892345,11240640.0,삼전동,정상 지오코딩
6549,송파구,올림픽로 130,잠실새내역 4번출구 앞,지하철역 입구,일반쓰레기,37.5113722,127.0849758,11240710.0,잠실본동,정상 지오코딩
6550,송파구,오금로 91,구 KT 건물 앞,도로변(횡단보도 포함),일반쓰레기,37.514057,127.107667,11240580.0,방이2동,정상 지오코딩
6551,송파구,올림픽로 300,잠실역1번.11번출구(24-134),"정류소(버스,택시 등)",일반쓰레기,37.513713,127.1043018,11240770.0,잠실6동,정상 지오코딩
6552,송파구,올림픽로 300,잠실역1번.11번출구(24-134),"정류소(버스,택시 등)",재활용쓰레기,37.513713,127.1043018,11240770.0,잠실6동,정상 지오코딩
6553,송파구,오금로 95,도로변,도로변(횡단보도 포함),일반쓰레기,37.5137872,127.1076973,11240580.0,방이2동,정상 지오코딩
6554,송파구,오금로 101,방이삼거리(석촌호수 동호) 앞,도로변(횡단보도 포함),일반쓰레기,37.5132115,127.1079405,11240580.0,방이2동,정상 지오코딩
6555,송파구,백제고분로 437,송파나루역 1번출구 앞,지하철역 입구,일반쓰레기,37.5099993,127.1116617,11240610.0,송파1동,정상 지오코딩
6556,송파구,오금로 204,방이동 고분군사거리 앞,도로변(횡단보도 포함),일반쓰레기,37.5076181,127.116145,11240610.0,송파1동,정상 지오코딩
6557,송파구,양재대로 1222,올림픽공원역 1번출구 앞,지하철역 입구,일반쓰레기,37.5157276,127.1310632,11240590.0,오륜동,정상 지오코딩
6558,송파구,양재대로 1222,올림픽공원역 1번출구 앞,지하철역 입구,재활용쓰레기,37.5157276,127.1310632,11240590.0,오륜동,정상 지오코딩
6559,송파구,양재대로 1223-2,올림픽공원역 4번출구 뒤,지하철역 입구,일반쓰레기,37.516149,127.130618,11240590.0,오륜동,정상 지오코딩
6560,송파구,양재대로 1178,맞은편 올림픽공원테니스장(24-246),"정류소(버스,택시 등)",일반쓰레기,37.5121457,127.1289184,11240590.0,오륜동,정상 지오코딩
6561,송파구,위례성대로 128,맞은편 올림픽공원장미광장(24-239),"정류소(버스,택시 등)",일반쓰레기,37.5122191,127.1258294,11240570.0,방이1동,정상 지오코딩
6562,송파구,위례성대로 29,한성백제역 2번출구 옆,지하철역 입구,일반쓰레기,37.5164648,127.1163033,11240590.0,오륜동,정상 지오코딩
6563,송파구,위례성대로 29,몽촌토성역.한성백제역(24-241),"정류소(버스,택시 등)",일반쓰레기,37.5164648,127.1163033,11240590.0,오륜동,정상 지오코딩
6564,송파구,위례성대로 29,몽촌토성역.한성백제역(24-241),"정류소(버스,택시 등)",재활용쓰레기,37.5164648,127.1163033,11240590.0,오륜동,정상 지오코딩
6565,송파구,올림픽로 448,올림픽회관(24-231),"정류소(버스,택시 등)",일반쓰레기,37.5222821,127.1165151,11240590.0,오륜동,정상 지오코딩
6566,송파구,올림픽로 550,강동구청역 4번 출구 앞,지하철역 입구,일반쓰레기,37.5264263,127.1177113,11240520.0,풍납2동,인근 도로명번지 추정(번지차 57)
6567,송파구,올림픽로 493,풍납동극동.쌍용아파트(24-110),"정류소(버스,택시 등)",일반쓰레기,37.5264263,127.1177113,11240520.0,풍납2동,정상 지오코딩
6568,송파구,올림픽로 35길,잠실나루역사거리(파크리오101동) 앞,도로변(횡단보도 포함),일반쓰레기,37.5188117,127.1058359,11240750.0,잠실4동,정상 지오코딩
6569,송파구,올림픽로 35길,잠실나루역사거리(더샵스타리버) 앞,도로변(횡단보도 포함),일반쓰레기,37.5188117,127.1058359,11240750.0,잠실4동,정상 지오코딩
6570,송파구,올림픽로 35길,잠실나루역사거리(장미3차맨션) 앞,도로변(횡단보도 포함),일반쓰레기,37.5188117,127.1058359,11240750.0,잠실4동,정상 지오코딩
6571,송파구,올림픽로 37길,잠실나루역 1번출구 옆,지하철역 입구,일반쓰레기,37.5230729,127.1080181,11240750.0,잠실4동,정상 지오코딩
6572,송파구,올림픽로 37길,잠실나루역 2번출구 옆,지하철역 입구,일반쓰레기,37.5230729,127.1080181,11240750.0,잠실4동,정상 지오코딩
6573,송파구,올림픽로 35길,장미1차아파트 입구,도로변(횡단보도 포함),일반쓰레기,37.5188117,127.1058359,11240750.0,잠실4동,정상 지오코딩
6574,송파구,송파대로554-2,잠실역.잠실대교.남단(24-001),"정류소(버스,택시 등)",일반쓰레기,37.5144818,127.0996014,11240770.0,잠실6동,정상 지오코딩
6575,송파구,잠실동 41(송파대로),잠실역.롯데월드몰(24-017),"정류소(버스,택시 등)",일반쓰레기,37.5120753,127.1008508,11240800.0,잠실3동,정상 지오코딩
6576,송파구,올림픽로 305,잠실역 9번출구(24-135),"정류소(버스,택시 등)",일반쓰레기,37.5149772,127.1042164,11240770.0,잠실6동,정상 지오코딩
6577,송파구,올림픽로 275-2,잠실역 8번출구 앞,지하철역 입구,일반쓰레기,37.5138666,127.101348,11240770.0,잠실6동,정상 지오코딩
6578,송파구,송파대로 450,석촌호수.한솔병원(24-003),"정류소(버스,택시 등)",일반쓰레기,37.5068502,127.106151,11240610.0,송파1동,정상 지오코딩
6579,송파구,송파대로 450,석촌호수.한솔병원(24-003),"정류소(버스,택시 등)",재활용쓰레기,37.5068502,127.106151,11240610.0,송파1동,정상 지오코딩
6580,송파구,가락로 285,방이초등학교 후문 맞은편,도로변(횡단보도 포함),일반쓰레기,37.5132734,127.1198959,11240580.0,방이2동,정상 지오코딩
6581,송파구,송파대로 366,송파역(24-007),"정류소(버스,택시 등)",일반쓰레기,37.5007231,127.1117026,11240620.0,송파2동,정상 지오코딩
6582,송파구,양재대로 1109,방이역3번출구대림아파트(24-223),"정류소(버스,택시 등)",일반쓰레기,37.5081718,127.1250575,11240570.0,방이1동,정상 지오코딩
6583,송파구,양재대로 1109,방이역3번출구대림아파트(24-223),"정류소(버스,택시 등)",재활용쓰레기,37.5081718,127.1250575,11240570.0,방이1동,정상 지오코딩
6584,송파구,오금동 17-20(양재대로),방이역 1번출구 앞,지하철역 입구,일반쓰레기,37.5102199,127.1272244,11240600.0,오금동,정상 지오코딩
6585,송파구,양재대로 1218,올림픽선수촌아파트(24-247),"정류소(버스,택시 등)",일반쓰레기,37.516691,127.1377124,11240590.0,오륜동,정상 지오코딩
6586,송파구,방이동 89-29(강동대로),보성중학교 후문 옆,도로변(횡단보도 포함),일반쓰레기,37.5198408,127.1370572,11240590.0,오륜동,정상 지오코딩
6587,송파구,방이동 452-12(위례성대로),송파레미니스아파트(24-912),"정류소(버스,택시 등)",일반쓰레기,37.507974,127.137365,11240590.0,오륜동,정상 지오코딩
6588,송파구,방이동 452-4(위례성대로),오륜초.올림픽선수촌아파트(24-911),"정류소(버스,택시 등)",일반쓰레기,37.5088029,127.1351476,11240590.0,오륜동,정상 지오코딩
6589,송파구,성내천로 211,남천초.마천동우아파트앞(24-296),"정류소(버스,택시 등)",일반쓰레기,37.5000222,127.1520609,11240560.0,마천2동,정상 지오코딩
6590,송파구,마천로 392,남한산성 만남의장소 옆,"광장, 공원",일반쓰레기,37.4904268,127.156624,11240820.0,위례동,정상 지오코딩
6591,송파구,마천로 392,남한산성 만남의장소 옆,"광장, 공원",재활용쓰레기,37.4904268,127.156624,11240820.0,위례동,정상 지오코딩
6592,송파구,거마로 63,마천동사거리(24-299),"정류소(버스,택시 등)",일반쓰레기,37.4986662,127.1465615,11240560.0,마천2동,정상 지오코딩
6593,송파구,양산로 15,송파구 체육문화회관 앞,도로변(횡단보도 포함),일반쓰레기,37.4907258,127.1428534,11240530.0,거여1동,정상 지오코딩
6594,송파구,오금로 407,오금동상아파트(24-251),"정류소(버스,택시 등)",일반쓰레기,37.4986414,127.1365867,11240600.0,오금동,정상 지오코딩
6595,송파구,동남로 305,오금동사거리(24-268),"정류소(버스,택시 등)",일반쓰레기,37.5027657,127.1376791,11240600.0,오금동,정상 지오코딩
6596,송파구,오금로 241,맞은편 삼익미성아파트(24-206),"정류소(버스,택시 등)",일반쓰레기,37.5065368,127.1204856,11240570.0,방이1동,정상 지오코딩
6597,송파구,오금로 307,오금동현대아파트(24-249),"정류소(버스,택시 등)",일반쓰레기,37.5034739,127.1266739,11240600.0,오금동,정상 지오코딩
6598,송파구,오금로 432,삼환아파트(24-349),"정류소(버스,택시 등)",일반쓰레기,37.4961833,127.1368189,11240670.0,가락2동,정상 지오코딩
6599,송파구,중대로 221,송파경찰서 앞,도로변(횡단보도 포함),일반쓰레기,37.5018486,127.127601,11240650.0,가락본동,정상 지오코딩
6600,송파구,송이로 123,경찰병원.KT가락지사(24-378),"정류소(버스,택시 등)",일반쓰레기,37.4964146,127.1234875,11240650.0,가락본동,정상 지오코딩
6601,송파구,중대로 97,가락시장역 4번출구 앞,지하철역 입구,일반쓰레기,37.4931695,127.1193172,11240650.0,가락본동,정상 지오코딩
6602,송파구,충민로 115,문현고등학교(24-467),"정류소(버스,택시 등)",일반쓰레기,37.4813135,127.1287623,11240810.0,장지동,정상 지오코딩
6603,송파구,중대로 20,문정2동주민센터,도로변(횡단보도 포함),일반쓰레기,37.4900237,127.1112679,11240690.0,문정2동,정상 지오코딩
6604,송파구,법원로 114,맞은편 도로변,도로변(횡단보도 포함),일반쓰레기,37.4860553,127.1210094,11240690.0,문정2동,정상 지오코딩
6605,송파구,문정동 645-1(정의로),문정동 375 맞은편,도로변(횡단보도 포함),일반쓰레기,37.4843881,127.11608,11240690.0,문정2동,정상 지오코딩
6606,송파구,송파대로 111,장지역.가든파이브(24-016),"정류소(버스,택시 등)",일반쓰레기,37.4796871,127.1249798,11240690.0,문정2동,정상 지오코딩
6607,송파구,송파대로 93-2,장지역.가든파이브(24-015),"정류소(버스,택시 등)",일반쓰레기,37.4790408,127.1256651,11240690.0,문정2동,정상 지오코딩
6608,송파구,장지동 840-2(송파대로),장지역 1번출구 앞,지하철역 입구,일반쓰레기,37.4788203,127.1264723,11240810.0,장지동,정상 지오코딩
6609,송파구,장지동 608-13(헌릉로),복정역 3번출구 앞,지하철역 입구,일반쓰레기,37.4710136,127.1263426,11240690.0,문정2동,정상 지오코딩
6610,송파구,문정동 2-4(문정로),삼성래미안아파트 후문(24-332),"정류소(버스,택시 등)",일반쓰레기,37.4908472,127.1339789,11240810.0,장지동,정상 지오코딩
6611,송파구,동남로 123,문정로데오거리,상가지역,일반쓰레기,37.4909248,127.1246142,11240650.0,가락본동,정상 지오코딩
6612,송파구,동남로 136,문정로데오거리,상가지역,일반쓰레기,37.4910647,127.1260491,11240680.0,문정1동,정상 지오코딩
6613,송파구,동남로 178,개롱근린공원 사거리,도로변(횡단보도 포함),일반쓰레기,37.4934442,127.1300387,11240670.0,가락2동,정상 지오코딩
6614,송파구,위례광장로 210,위례동주민센터.위례스타힐스(24-416),"정류소(버스,택시 등)",일반쓰레기,37.4811495,127.1439356,11240820.0,위례동,정상 지오코딩
6615,송파구,위례광장로 210,위례동주민센터.위례스타힐스(24-416),"정류소(버스,택시 등)",재활용쓰레기,37.4811495,127.1439356,11240820.0,위례동,정상 지오코딩
6616,송파구,송파대로 404,석촌역(24-005),"정류소(버스,택시 등)",일반쓰레기,37.5033675,127.1093166,11240610.0,송파1동,정상 지오코딩
6617,송파구,송파대로 404,석촌역(24-005),"정류소(버스,택시 등)",재활용쓰레기,37.5033675,127.1093166,11240610.0,송파1동,정상 지오코딩
6618,송파구,동남로 263,송파도서관(24-266),"정류소(버스,택시 등)",일반쓰레기,37.4999954,127.1348515,11240600.0,오금동,정상 지오코딩
6619,송파구,동남로 263,송파도서관(24-266),"정류소(버스,택시 등)",재활용쓰레기,37.4999954,127.1348515,11240600.0,오금동,정상 지오코딩
6620,송파구,위례광장로230(위례순환로),"위례광장로 230, 상가 3동 앞",상가지역,일반쓰레기,37.4786198,127.1435334,11240820.0,위례동,정상 지오코딩
6621,송파구,위례광장로230(위례순환로),"위례광장로 230, 상가 3동 앞",상가지역,재활용쓰레기,37.4786198,127.1435334,11240820.0,위례동,정상 지오코딩
6622,송파구,위례순환로 387,"장지동 892-2, 대신증권02블럭 옆",도로변(횡단보도 포함),일반쓰레기,37.4778496,127.1438878,11240820.0,위례동,정상 지오코딩
6623,송파구,위례순환로 387,"장지동 892-2, 대신증권02블럭 옆",도로변(횡단보도 포함),재활용쓰레기,37.4778496,127.1438878,11240820.0,위례동,정상 지오코딩
6624,송파구,새말로 62,송파푸르지오시티.한화오벨리스크(24-496),"정류소(버스,택시 등)",일반쓰레기,37.4807918,127.1208423,11240690.0,문정2동,정상 지오코딩
6625,송파구,새말로 62,송파푸르지오시티.한화오벨리스크(24-496),"정류소(버스,택시 등)",재활용쓰레기,37.4807918,127.1208423,11240690.0,문정2동,정상 지오코딩
6626,송파구,장지동 878-1(위례서로),위례송파한라비발디.송파푸르지오(24-441),"정류소(버스,택시 등)",일반쓰레기,37.4804239,127.139329,11240820.0,위례동,정상 지오코딩
6627,송파구,장지동 878-1(위례서로),위례송파한라비발디.송파푸르지오(24-441),"정류소(버스,택시 등)",재활용쓰레기,37.4804239,127.139329,11240820.0,위례동,정상 지오코딩
6628,송파구,장지동917-9(위례광장로),위례아이파크아파트(24-492),"정류소(버스,택시 등)",일반쓰레기,37.4762321,127.1412636,11240820.0,위례동,정상 지오코딩
6629,송파구,장지동917-9(위례광장로),위례아이파크아파트(24-492),"정류소(버스,택시 등)",재활용쓰레기,37.4762321,127.1412636,11240820.0,위례동,정상 지오코딩
6630,송파구,장지동 917-2(위례순환로),위례송파한라비발디.송례초앞(24-493),"정류소(버스,택시 등)",일반쓰레기,37.4783931,127.1401273,11240820.0,위례동,정상 지오코딩
6631,송파구,장지동 917-2(위례순환로),위례송파한라비발디.송례초앞(24-493),"정류소(버스,택시 등)",재활용쓰레기,37.4783931,127.1401273,11240820.0,위례동,정상 지오코딩
6632,송파구,장지동 885-1(위례대로),스타필드시티.위례스타힐스(28-533),"정류소(버스,택시 등)",일반쓰레기,37.4800998,127.1472371,11240820.0,위례동,정상 지오코딩
6633,송파구,장지동 885-1(위례대로),스타필드시티.위례스타힐스(28-533),"정류소(버스,택시 등)",재활용쓰레기,37.4800998,127.1472371,11240820.0,위례동,정상 지오코딩
6634,송파구,장지동 896-1(위례중앙로),위례중앙광장(장지동 896-1),"광장, 공원",재활용쓰레기,37.4741378,127.1427435,11240820.0,위례동,정상 지오코딩
6635,송파구,장지동 896-1(위례중앙로),위례중앙광장(장지동 896-1),"광장, 공원",재활용쓰레기,37.4741378,127.1427435,11240820.0,위례동,정상 지오코딩
6636,송파구,장지동 896-1(위례중앙로),위례중앙광장(장지동 896-1),"광장, 공원",재활용쓰레기,37.4741378,127.1427435,11240820.0,위례동,정상 지오코딩
6637,송파구,장지동 896-1(위례중앙로),위례중앙광장(장지동 896-1),"광장, 공원",재활용쓰레기,37.4741378,127.1427435,11240820.0,위례동,정상 지오코딩
6638,송파구,장지동 896-1(위례중앙로),위례중앙광장(장지동 896-1),"광장, 공원",일반쓰레기,37.4741378,127.1427435,11240820.0,위례동,정상 지오코딩
6639,송파구,가락동 172-9(송파대로),가락시장. 가락시장역(24-010),"정류소(버스,택시 등)",일반쓰레기,37.4954519,127.1160283,11240660.0,가락1동,정상 지오코딩
6640,송파구,오금로 162,송파나루역 4번출구,지하철역 입구,일반쓰레기,37.5097808,127.1124663,11240610.0,송파1동,정상 지오코딩
6641,송파구,삼학사로 1길 22,삼전사회복지관(24-176),"정류소(버스,택시 등)",일반쓰레기,37.4981389,127.0943628,11240640.0,삼전동,정상 지오코딩
6642,송파구,백제고분로 253,송파구민회관구의회(24-168),"정류소(버스,택시 등)",일반쓰레기,37.5028177,127.0947038,11240640.0,삼전동,정상 지오코딩
6643,송파구,잠실동 45-1(석촌호수로),잠실119안전센터(24-153),"정류소(버스,택시 등)",일반쓰레기,37.5070293,127.0944982,11240800.0,잠실3동,정상 지오코딩
6644,송파구,백제고분로 377,석촌역 2번출구,지하철역 입구,일반쓰레기,37.5058377,127.107512,11240610.0,송파1동,정상 지오코딩
6645,송파구,백제고분로 466,송파나루역 2번출구,지하철역 입구,일반쓰레기,37.5119346,127.1135909,11240580.0,방이2동,정상 지오코딩
6646,송파구,송파동 166-3(양재대로),송파동삼익아파트(24-205),"정류소(버스,택시 등)",일반쓰레기,37.5021802,127.1212016,11240620.0,송파2동,정상 지오코딩
6647,송파구,위례성대로 22길 11,오금초등학교,도로변(횡단보도 포함),일반쓰레기,37.5093705,127.1319779,11240600.0,오금동,정상 지오코딩
6648,송파구,충민로 73-2,가든파이브 웍스동(24-473),"정류소(버스,택시 등)",일반쓰레기,37.4793613,127.1253547,11240690.0,문정2동,정상 지오코딩
6649,송파구,장지동839-3(충민로 6길),아이코리아(24-448),"정류소(버스,택시 등)",일반쓰레기,37.4811132,127.1340621,11240810.0,장지동,정상 지오코딩
6650,송파구,올림픽로 145,도로변,도로변(횡단보도 포함),일반쓰레기,37.5119805,127.0870419,11240790.0,잠실2동,정상 지오코딩
6651,송파구,잠실로 74,교통센터 앞,도로변(횡단보도 포함),일반쓰레기,37.510659,127.0926367,11240800.0,잠실3동,정상 지오코딩
6652,송파구,올림픽로 340,택시승강장,"정류소(버스,택시 등)",일반쓰레기,37.5155849,127.1080093,11240580.0,방이2동,정상 지오코딩
6653,송파구,석촌호수로 298,방이삼거리 횡단보도,도로변(횡단보도 포함),일반쓰레기,37.5115695,127.1081585,11240610.0,송파1동,정상 지오코딩
6654,송파구,오금동 165-1(오금로),오금역 2번출구(24-338),"정류소(버스,택시 등)",일반쓰레기,37.4986897,127.1339285,11240600.0,오금동,정상 지오코딩
6655,송파구,동남로 342,오륜사거리 버스정류장(24-498),"정류소(버스,택시 등)",일반쓰레기,37.5049807,127.1396597,11240600.0,오금동,정상 지오코딩
6656,송파구,동남로 112-2,올포유 매장 앞,도로변(횡단보도 포함),일반쓰레기,37.490008,127.1237652,11240680.0,문정1동,정상 지오코딩
6657,송파구,가락동 509-11(양재대로),헬리오시티 3번게이트 편의점 앞,도로변(횡단보도 포함),일반쓰레기,37.4946977,127.1052793,11240660.0,가락1동,정상 지오코딩
6658,송파구,백제고분로 274,석촌고분역 4번출구앞,지하철역 입구,일반쓰레기,37.5024703,127.0967037,11240640.0,삼전동,정상 지오코딩
6659,송파구,잠실동 196-5(백제고분로),우리은행 잠실본동 지점 앞,도로변(횡단보도 포함),일반쓰레기,37.509087,127.0792559,11240710.0,잠실본동,정상 지오코딩
6660,송파구,백제고분로 498,뽕사부 앞 횡단보도,도로변(횡단보도 포함),일반쓰레기,37.5146146,127.1152808,11240580.0,방이2동,정상 지오코딩
6661,송파구,백제고분로 368,석촌역 3번출구 앞,지하철역 입구,일반쓰레기,37.5051305,127.1069281,11240630.0,석촌동,정상 지오코딩
6662,송파구,송파대로 554-2,잠실역 7번출구 버스정류장(24-133),"정류소(버스,택시 등)",일반쓰레기,37.5144818,127.0996014,11240770.0,잠실6동,정상 지오코딩
6663,송파구,문정로 271,송파두산위브 송파소방서 정류장(24-117),"정류소(버스,택시 등)",일반쓰레기,37.5021447,127.1427647,11240600.0,오금동,정상 지오코딩
6664,송파구,거여동 657-9(위례송파로,송파레이크파크 호반써밋2차정문(24-182),"정류소(버스,택시 등)",일반쓰레기,37.4851017,127.1433004,11240820.0,위례동,정상 지오코딩
6665,송파구,위례송파로 123(위례북로),포레나송파 버스정류장(24-336),"정류소(버스,택시 등)",일반쓰레기,37.4845655,127.1478035,11240820.0,위례동,정상 지오코딩
6666,송파구,중대로 141-2,경찰병원역 1번출구 앞,지하철역 입구,일반쓰레기,37.4952842,127.1234863,11240650.0,가락본동,정상 지오코딩
6667,송파구,오금로 336,오금역 3번출구 버스정류장(24-339),"정류소(버스,택시 등)",일반쓰레기,37.5012492,127.1286266,11240670.0,가락2동,정상 지오코딩
6668,송파구,문정로 12,문정동 제일은행 앞 버스정류장(24-331),"정류소(버스,택시 등)",일반쓰레기,37.4859495,127.1238939,11240680.0,문정1동,정상 지오코딩
6669,송파구,가락로68(석촌동252-6),송파책박물관(24-188),"정류소(버스,택시 등)",일반쓰레기,37.4998231,127.1039241,11240630.0,석촌동,정상 지오코딩
6670,송파구,백제고분로145(잠실동230-4),잠실본동 주민센터 앞,도로변(횡단보도 포함),일반쓰레기,37.5061079,127.083224,11240710.0,잠실본동,정상 지오코딩
6671,송파구,백제고분로187(잠실동250-5),삼전역 1번출구 앞,지하철역 입구,일반쓰레기,37.5047453,127.0877816,11240710.0,잠실본동,정상 지오코딩
6672,송파구,백제고분로189(삼전동7-8),삼전역 2번출구 앞,지하철역 입구,일반쓰레기,37.5045019,127.0874456,11240710.0,잠실본동,정상 지오코딩
6673,송파구,백제고분로364(석촌동286-5),석촌역 6번출구 앞,지하철역 입구,일반쓰레기,37.5045913,127.1068467,11240630.0,석촌동,정상 지오코딩
6674,송파구,백제고분로242(삼전동62-2),구민회관 앞,도로변(횡단보도 포함),일반쓰레기,37.5023578,127.0934902,11240640.0,삼전동,정상 지오코딩
6675,송파구,백제고분로365(석촌동174-2),석촌역 7번출구 앞,지하철역 입구,일반쓰레기,37.5052665,127.106298,11240630.0,석촌동,정상 지오코딩
6676,송파구,송파대로345(가락동913),송파역 4번출구,지하철역 입구,일반쓰레기,37.4976146,127.1025318,11240660.0,가락1동,정상 지오코딩
6677,송파구,올림픽로240(잠실동40-1),"잠실역, 롯데월드(24-146)","정류소(버스,택시 등)",일반쓰레기,37.5113096,127.0981418,11240800.0,잠실3동,정상 지오코딩
6678,송파구,강동대로232(방이동88-16),올림픽공원 북2문 앞,도로변(횡단보도 포함),일반쓰레기,37.5223304,127.1298226,11240590.0,오륜동,정상 지오코딩
6679,송파구,양재대로1239(방이동88-15),보성중고 버스정류장(24-243),"정류소(버스,택시 등)",일반쓰레기,37.5198704,127.1296605,11240590.0,오륜동,정상 지오코딩
6680,송파구,올림픽로269(신천동7-18),롯데캐슬골드 후문 횡단보도,도로변(횡단보도 포함),일반쓰레기,37.5144273,127.1006114,11240770.0,잠실6동,정상 지오코딩
6681,송파구,서울특별시 송파구 올림픽로33길 26,파크리오201동 앞 횡단보도,도로변(횡단보도 포함),일반쓰레기,37.5195423,127.1084778,11240750.0,잠실4동,API 재시도-키워드검색-핵심지명
6682,송파구,서울특별시 송파구 올림픽로35가길 10,장미아파트 버스정류장(24-160),"정류소(버스,택시 등)",일반쓰레기,37.5169401,127.102633,11240770.0,잠실6동,정상 지오코딩
6683,송파구,올림픽로383(신천동19),몽촌토성역 4번출구 앞,지하철역 입구,일반쓰레기,37.5176236,127.1124299,11240750.0,잠실4동,정상 지오코딩
6684,송파구,토성로49(풍납동404),풍납2동 주민센터 앞,도로변(횡단보도 포함),일반쓰레기,37.5296301,127.115879,11240520.0,풍납2동,정상 지오코딩
6685,송파구,경기도 하남시 감일남로 74,아초원 앞,도로변(횡단보도 포함),일반쓰레기,37.5044519,127.1471383,,감일동,경기도 하남시 소재 - 서울 행정동 아님 (분석 제외 권장)
6686,송파구,마천로51-2(오금동42-15),방이역 2번출구 뒤편,도로변(횡단보도 포함),일반쓰레기,37.5086116,127.1263636,11240600.0,오금동,정상 지오코딩
6687,송파구,문정로225(오금동157-7),송파사회복지관 버스정류장(24-253),"정류소(버스,택시 등)",일반쓰레기,37.4983807,127.1407415,11240600.0,오금동,정상 지오코딩
6688,송파구,문정로259(오금동113-3),마천골 살치살 앞,도로변(횡단보도 포함),일반쓰레기,37.5013286,127.1421023,11240600.0,오금동,정상 지오코딩
6689,송파구,송이로50(송파동170),신가초등학교 사거리,도로변(횡단보도 포함),일반쓰레기,37.5005988,127.1181615,11240620.0,송파2동,정상 지오코딩
6690,송파구,오금로551(거여동696),"마천역, 송파파크센트럴 버스정류장(24-122)","정류소(버스,택시 등)",일반쓰레기,37.4931824,127.1503678,11240540.0,거여2동,정상 지오코딩
6691,송파구,위례성대로 12길 11,정목 누룽지백숙 앞,도로변(횡단보도 포함),일반쓰레기,37.5125836,127.1225708,11240570.0,방이1동,정상 지오코딩
6692,송파구,서울특별시 송파구 위례북로 10,덕수고 버스정류장(24-405),"정류소(버스,택시 등)",일반쓰레기,37.4855916,127.1470596,11240820.0,위례동,API 재시도-주소검색-원본
6693,송파구,위례서로(거여동657),송파레이크파크호반써밋1차 버스정류장(24-424),"정류소(버스,택시 등)",일반쓰레기,37.4815819,127.1396368,11240820.0,위례동,정상 지오코딩
6694,송파구,중대로(오금동6-2),세륜중학교 버스정류장(24513),"정류소(버스,택시 등)",일반쓰레기,37.4961306,127.1245941,11240670.0,가락2동,정상 지오코딩
6695,송파구,동남로(문정동502),훼미리아파트 239동 앞 횡단보도,도로변(횡단보도 포함),일반쓰레기,37.4978156,127.1333879,11240670.0,가락2동,정상 지오코딩
6696,송파구,문정로(문정동2-4),두댐이공원 앞 횡단보도,도로변(횡단보도 포함),일반쓰레기,37.4926972,127.1360851,11240810.0,장지동,정상 지오코딩
6697,송파구,새말로62(문정동620),송파푸르지오시티.한화오벨리스크(24-497),"정류소(버스,택시 등)",일반쓰레기,37.4807918,127.1208423,11240690.0,문정2동,정상 지오코딩
6698,송파구,송파대로141(문정동305-3),문정법조단지 버스정류장(24-014),"정류소(버스,택시 등)",일반쓰레기,37.4827982,127.1233399,11240690.0,문정2동,정상 지오코딩
6699,송파구,양재대로932(가락동509-11),"가락시장, 헬리오시티 버스정류장(24-388)","정류소(버스,택시 등)",일반쓰레기,37.4945377,127.1087136,11240660.0,가락1동,정상 지오코딩
6700,송파구,중대로193(가락동36),자연치유한의원 앞 횡단보도,도로변(횡단보도 포함),일반쓰레기,37.4993475,127.1257851,11240650.0,가락본동,정상 지오코딩
6701,송파구,서울 송파구 오금로40길 40,가동초등학교 버스정류장(24-360),"정류소(버스,택시 등)",일반쓰레기,37.4971899,127.1287575,11240670.0,가락2동,API 재시도-주소검색-원본
6702,송파구,충민로10(문정동628),가든파이브 웍스동 버스정류장(24-472),"정류소(버스,택시 등)",일반쓰레기,37.4786173,127.1191067,11240690.0,문정2동,정상 지오코딩
6703,송파구,충민로151(장지동853),파인타운2단지 버스정류장(24-528),"정류소(버스,택시 등)",일반쓰레기,37.4835171,127.1313064,11240810.0,장지동,정상 지오코딩
6704,강동구,고덕로 227,배재고등학교 버스정류장 삼거리,버스정류장,일반쓰레기,37.555056,127.1501605,11250550.0,고덕1동,정상 지오코딩
6705,강동구,고덕로 276,명일이마트 정문 앞,도로변(횡단보도 포함),일반쓰레기,37.5547067,127.1556131,11250540.0,명일2동,정상 지오코딩
6706,강동구,고덕로 269,명덕교회 앞,도로변(횡단보도 포함),일반쓰레기,37.5555872,127.1554466,11250550.0,고덕1동,정상 지오코딩
6707,강동구,풍성로 207,둔촌역아치스톤아파트 앞 도로변,도로변(횡단보도 포함),일반쓰레기,37.5294231,127.1348905,11250670.0,성내3동,정상 지오코딩
6708,강동구,고덕로 162,버스정류장 옆,버스정류장,일반쓰레기,37.5545279,127.1433608,11250530.0,명일1동,정상 지오코딩
6709,강동구,고덕동 469,고덕아남아파트 앞 정류장,버스정류장,일반쓰레기,37.5571885,127.1447431,11250550.0,고덕1동,정상 지오코딩
6710,강동구,구천면로,광진교 위(한강공원화장실광나루9 옆),도로변(횡단보도 포함),일반쓰레기,37.5504164,127.1386015,11250720.0,암사1동,정상 지오코딩
6711,강동구,천호대로,천호이마트 앞 중앙차로 버스정류장(25014),버스정류장,일반쓰레기,37.5350983,127.1450552,11250710.0,둔촌2동,정상 지오코딩
6712,강동구,올림픽로 663,천호역현대백화점(25-161)(아스하임건물 앞),도로변(횡단보도 포함),일반쓰레기,37.5408177,127.1237541,11250730.0,천호2동,정상 지오코딩
6713,강동구,천호대로 1131,천호대로 1131 앞 버스정류장(25724),버스정류장,일반쓰레기,37.5347985,127.1372389,11250740.0,길동,정상 지오코딩
6714,강동구,올림픽로 811 ,올림픽로 811 버스정류장 옆(25153),버스정류장,일반쓰레기,37.5534805,127.1283745,11250580.0,암사2동,정상 지오코딩
6715,강동구,올림픽로 806,올림픽로 806 버스정류장,버스정류장,일반쓰레기,37.552928,127.1288303,11250720.0,암사1동,정상 지오코딩
6716,강동구,천호대로 1120,롯데리아 길동점 앞 중앙차로 버스정류장(25010),버스정류장,일반쓰레기,37.5344505,127.1356292,11250670.0,성내3동,정상 지오코딩
6717,강동구,천호대로, 강동역 중앙차로 버스정류장(25012),버스정류장,일반쓰레기,37.5350983,127.1450552,11250710.0,둔촌2동,정상 지오코딩
6718,강동구,강동대로 305, 동북고등학교 앞 버스정류장(25187),버스정류장,일반쓰레기,37.5202406,127.1394507,11250700.0,둔촌1동,정상 지오코딩
6719,강동구,고덕로 276,강동아트센터 앞 버스정류장 옆(25179),버스정류장,일반쓰레기,37.5547067,127.1556131,11250540.0,명일2동,정상 지오코딩
6720,강동구,동남로 832,한영외고 앞 버스정류장 옆(25181),버스정류장,일반쓰레기,37.5490845,127.1569276,11250760.0,상일1동,정상 지오코딩
6721,강동구,명일동 60,한영외고 반대편 버스정류장(25180),버스정류장,일반쓰레기,37.5484001,127.1558715,11250540.0,명일2동,정상 지오코딩
6722,강동구,구천면로 476,명일여고앞 교차로,도로변(횡단보도 포함),일반쓰레기,37.548966,127.151109,11250540.0,명일2동,정상 지오코딩
6723,강동구,동남로71길 41,명일동현대아파트 버스정류장 옆(25260),버스정류장,일반쓰레기,37.5500951,127.1534128,11250540.0,명일2동,정상 지오코딩
6724,강동구,상일동 440-3,상일초등학교 앞 중앙차로 버스정류장(25001),버스정류장,일반쓰레기,37.5463259,127.1714617,11250760.0,상일1동,정상 지오코딩
6725,강동구,상일로11,상일우체국,도로변(횡단보도 포함),일반쓰레기,37.5481513,127.1731217,11250760.0,상일1동,정상 지오코딩
6726,강동구,상일동 512,상일업무단지 앞 버스정류장(25310),버스정류장,일반쓰레기,37.5521709,127.1726949,11250770.0,상일2동,정상 지오코딩
6727,강동구,천호대로1132,천호대로1132길동사거리.강동세무서(25124),버스정류장,일반쓰레기,37.5340717,127.1369819,11250670.0,성내3동,정상 지오코딩
6728,강동구,상일동 520-7,고덕천교차로 버스정류장(25107),버스정류장,일반쓰레기,37.5554608,127.1711621,11250760.0,상일1동,정상 지오코딩
6729,강동구,상일로,상일로 해뜨는 주유소 건너편 버스정류장(25105),버스정류장,일반쓰레기,37.5545586,127.1719341,11250770.0,상일2동,정상 지오코딩
6730,강동구,상일로,상일로 해뜨는 주유소 버스정류장(25106),버스정류장,일반쓰레기,37.5545586,127.1719341,11250770.0,상일2동,정상 지오코딩
6731,강동구,명일동 48-25,주양쇼핑 따릉이 대여소,도로변(횡단보도 포함),일반쓰레기,37.5520221,127.1534063,11250540.0,명일2동,정상 지오코딩
6732,강동구,양재대로 1634,명일역 4번 출구,지하철역 입구,일반쓰레기,37.5512617,127.1443451,11250530.0,명일1동,정상 지오코딩
6733,강동구,경기 하남시 천호대로 1364-1,초이동 버스정류소 상일초교방면 중앙버스정류소(25004),버스정류장,일반쓰레기,37.5240189,127.1779786,,초이동,경기도 하남시 소재 - 서울 행정동 아님 (분석 제외 권장)
6734,강동구,명일동79,명일여고 사거리 주차장쪽,도로변(횡단보도 포함),일반쓰레기,37.5494441,127.1491839,11250530.0,명일1동,정상 지오코딩
6735,강동구,길동 176-3,강동자이.프라자아파트(중)길동주민센터 중앙버스정류소(25005),버스정류장,일반쓰레기,37.5367389,127.1489354,11250740.0,길동,정상 지오코딩
6736,강동구,양재대로 1576,굽은다리역 3번출구 앞,지하철역 입구,일반쓰레기,37.5461618,127.1434543,11250530.0,명일1동,정상 지오코딩
6737,강동구,양재대로 1596,명일동 대신증권,도로변(횡단보도 포함),일반쓰레기,37.5480839,127.1437897,11250530.0,명일1동,정상 지오코딩
6738,강동구,길동 348-6,천동초교입구사거리 버스정류소(25311),버스정류장,일반쓰레기,37.5398827,127.1411204,11250740.0,길동,정상 지오코딩
6739,강동구,구천면로395,건널목,도로변(횡단보도 포함),일반쓰레기,37.551023,127.1429095,11250530.0,명일1동,정상 지오코딩
6740,강동구,양재대로1528,남도전기조명 앞 대로변,도로변(횡단보도 포함),일반쓰레기,37.5420601,127.1418815,11250740.0,길동,정상 지오코딩
6741,강동구,경기 하남시 천호대로 1364-1 12호,초이동 중앙버스정류소(25003),버스정류장,일반쓰레기,37.5240189,127.1779786,,초이동,경기도 하남시 소재 - 서울 행정동 아님 (분석 제외 권장)
6742,강동구,고덕로266,고덕역4번출구방면 버스정류소(25140),버스정류장,일반쓰레기,37.5546937,127.1551146,11250540.0,명일2동,정상 지오코딩
6743,강동구,길동 176-3,"강동자이.프라자아파트(중) 중앙버스정류소
(25006)",버스정류장,일반쓰레기,37.5367389,127.1489354,11250740.0,길동,정상 지오코딩
6744,강동구,길동 413-46,서울프라임한방병원 버스정류소(25242),버스정류장,일반쓰레기,37.5357017,127.1388826,11250740.0,길동,정상 지오코딩
6745,강동구,성내동 416-4,둔촌동역 4번출구(25246),지하철역 입구,일반쓰레기,37.5283837,127.1359277,11250670.0,성내3동,정상 지오코딩
6746,강동구,아리수로 419,강동공영차고지 버스정류소(25101),버스정류장,일반쓰레기,37.5644131,127.1737078,11250750.0,강일동,정상 지오코딩
6747,강동구,길동 467,길동사거리.강동세무서 중앙버스정류소(25009),버스정류장,일반쓰레기,37.5341396,127.1383932,11250740.0,길동,정상 지오코딩
6748,강동구,아리수로93길 61,금화사 앞,도로변(횡단보도 포함),일반쓰레기,37.5671219,127.1730432,11250750.0,강일동,정상 지오코딩
6749,강동구,아리수로93가길,"강동리버스트 6,7단지 버스정류소(25376)",버스정류장,일반쓰레기,37.5715917,127.1717229,11250750.0,강일동,정상 지오코딩
6750,강동구,아리수로93나길,힐스데이트리슈빌 501동 버스정류소(25378),버스정류장,일반쓰레기,37.5722925,127.1744201,11250750.0,강일동,정상 지오코딩
6751,강동구,상일동 359-3,상일초교 황산사거리.미사3동행정복지센터.하남수산물시장(중) 방면 중앙버스정류소(25002),버스정류장,일반쓰레기,37.5461742,127.1717015,11250760.0,상일1동,정상 지오코딩
6752,강동구,아리수로98길,강일고등학교 강일리버파크 7단지 버스정류소(25322),버스정류장,일반쓰레기,37.5646083,127.1782441,11250750.0,강일동,정상 지오코딩
6753,강동구,성내동 320-7,강동구청역 2번출구,지하철역 입구,일반쓰레기,37.5307344,127.1215002,11250650.0,성내1동,정상 지오코딩
6754,강동구,아리수로97길 20,강일리버파크 4·5단지 버스정류소(25334),버스정류장,일반쓰레기,37.5685143,127.1781372,11250750.0,강일동,정상 지오코딩
6755,강동구,강일동 699-4,강일역2번출구 버스정류소(25388),버스정류장,일반쓰레기,37.5581737,127.1774547,11250750.0,강일동,정상 지오코딩
6756,강동구,강일동 724,고덕리앤파크 2·3단지 버스정류소(25342),버스정류장,일반쓰레기,37.5573441,127.1736982,11250750.0,강일동,정상 지오코딩
6757,강동구,둔촌동 64-1,"길동주민센터.둔촌2동주민센터 중앙버스정류소
(25008)",버스정류장,일반쓰레기,37.5339057,127.142238,11250710.0,둔촌2동,정상 지오코딩
6758,강동구,상일동 519-3,상일동역5번출구 버스정류소(25740),버스정류장,일반쓰레기,37.5567422,127.1676617,11250760.0,상일1동,정상 지오코딩
6759,강동구,성내동 439-15,한국전력공사강동송파지사 보성중고등학교 방면버스정류소(25248),버스정류장,일반쓰레기,37.5248143,127.1345852,11250670.0,성내3동,정상 지오코딩
6760,강동구,상일동 536,강일역4번출구 버스정류소(25343),버스정류장,일반쓰레기,37.5564278,127.1745491,11250770.0,상일2동,정상 지오코딩
6761,강동구,상일로12길,강명초등학교.고덕리엔파크3단지 버스정류소(25345),버스정류장,일반쓰레기,37.5548198,127.1739773,11250770.0,상일2동,정상 지오코딩
6762,강동구,강일동 682-2,강동공영차고지 종점방면 버스정류소(25102),버스정류장,일반쓰레기,37.5641595,127.1743748,11250750.0,강일동,정상 지오코딩
6763,강동구,성내동 449-7,오륜교회앞 JYP엔터테인먼트.윤선생영어교실 방면 버스정류소(25188),버스정류장,일반쓰레기,37.5228724,127.1323611,11250670.0,성내3동,정상 지오코딩
6764,강동구,상일로10길,고덕리엔3단지서문 버스정류소(25353),버스정류장,일반쓰레기,37.5509732,127.174475,11250770.0,상일2동,정상 지오코딩
6765,강동구,명일동 48-22,강동아트센터.강동경희대병원 고덕현대아파트방면 버스정류소(25178),버스정류장,일반쓰레기,37.5523216,127.1561214,11250540.0,명일2동,정상 지오코딩
6766,강동구,고덕동 296,"고덕평생학습관.온조대왕체육관 강동아트센터.강동경희대병원 방면 버스정류소
(25137)",버스정류장,일반쓰레기,37.558133,127.1580836,11250560.0,고덕2동,정상 지오코딩
6767,강동구,성내동 509-5,성내2동주민센터.성내복지관 버스정류소(25212),버스정류장,일반쓰레기,37.5312803,127.1281348,11250660.0,성내2동,정상 지오코딩
6768,강동구,천호대로157길 40,로데오거리 하나공인중개사 앞,상가지역,일반쓰레기,37.539479,127.1278052,11250630.0,천호3동,정상 지오코딩
6769,강동구,양재대로1406,백제추어탕 앞,도로변(횡단보도 포함),일반쓰레기,37.5314544,127.1381504,11250710.0,둔촌2동,정상 지오코딩
6770,강동구,올림픽로 654,세븐일레븐 앞 버스정류소(25162),버스정류장,일반쓰레기,37.5398393,127.1241393,11250730.0,천호2동,정상 지오코딩
6771,강동구,성내동 446-23,"JYP엔터테인먼트.윤선생영어교실 버스정류소
(25231)",버스정류장,일반쓰레기,37.5249326,127.1295731,11250670.0,성내3동,정상 지오코딩
6772,강동구,성내동 64-13,천호역8번출구,지하철역 입구,일반쓰레기,37.5379789,127.1237925,11250660.0,성내2동,정상 지오코딩
6773,강동구,올림픽로 770,암사역 2번출구 버스정류소(25156),버스정류장,일반쓰레기,37.5497855,127.1276587,11250730.0,천호2동,정상 지오코딩
6774,강동구,올림픽로 702,천호근린공원 앞 횡단보도,도로변(횡단보도 포함),일반쓰레기,37.5439477,127.1255384,11250730.0,천호2동,정상 지오코딩
6775,강동구,암사동 377-3,암사역사공원역 1번출구 버스정류소(25208),버스정류장,일반쓰레기,37.5571878,127.1383056,11250590.0,암사3동,정상 지오코딩
6776,강동구,암사동 244,암사역사공원역 3번출구 버스정류소(25209),버스정류장,일반쓰레기,37.5570388,127.1368982,11250590.0,암사3동,정상 지오코딩
6777,강동구,길동 238,길동주민센터.둔촌2동주민센터 중앙버스정류소(25007),버스정류장,일반쓰레기,37.5341447,127.1422351,11250740.0,길동,정상 지오코딩
6778,강동구,성내동 62-1,천호역(중) 중앙버스정류소(25014),버스정류장,일반쓰레기,37.5348353,127.1221279,11250660.0,성내2동,정상 지오코딩
6779,강동구,성내동 160-52,강동역 중앙버스정류소(25011),버스정류장,일반쓰레기,37.5360826,127.1317343,11250660.0,성내2동,정상 지오코딩
6780,강동구,고덕동 343-4,지식산업센터 버스정류소(25610),버스정류장,일반쓰레기,37.5652961,127.1599376,11250560.0,고덕2동,정상 지오코딩
6781,강동구,고덕비즈밸리로2가길 6,다산정한식뷔페 앞,상가지역,일반쓰레기,37.5660343,127.1616178,11250560.0,고덕2동,정상 지오코딩
6782,강동구,고덕동337,사거리 횡단보도,도로변(횡단보도 포함),일반쓰레기,37.5648426,127.160741,11250560.0,고덕2동,정상 지오코딩
6783,강동구,둔촌동 6-3,중앙보훈병원역3번출구 버스정류소(25331),버스정류장,일반쓰레기,37.5291588,127.1486856,11250710.0,둔촌2동,정상 지오코딩
6784,강동구,둔촌동 산16-5,중앙보훈병원역1번출구 버스정류소(25302),버스정류장,일반쓰레기,37.5277406,127.1481117,11250710.0,둔촌2동,정상 지오코딩
6785,강동구,성내동 459-6,성내유수지체육공원 강동구청역.농협중앙회 방면 버스정류소(25370),버스정류장,일반쓰레기,37.5271684,127.1219201,11250650.0,성내1동,정상 지오코딩
6786,강동구,성내동 541-2,강동보건소앞.강동구청방면 버스정류소(25283),버스정류장,일반쓰레기,37.5292967,127.1256091,11250650.0,성내1동,정상 지오코딩
6787,강동구,암사동 414-23,"암사3동주민센터(강동롯데캐슬퍼스트)
버스정류소(25147)",버스정류장,일반쓰레기,37.5548376,127.1409889,11250590.0,암사3동,정상 지오코딩
6788,강동구,천호동 42-1,굽은다리역 구민회관.강동홈플러스 버스정류소(25348),버스정류장,일반쓰레기,37.5456458,127.1427286,11250610.0,천호1동,정상 지오코딩
6789,강동구,고덕동 693-4,상일동역1번출구 버스정류소(25133),버스정류장,일반쓰레기,37.55624,127.1617068,11250560.0,고덕2동,정상 지오코딩
6790,강동구,고덕동 94-14,우진산전.디엠스퀘어 버스정류소(25607),버스정류장,일반쓰레기,37.5673257,127.1600109,11250560.0,고덕2동,정상 지오코딩
6791,강동구,고덕동 98-12,고덕동 98-12 빽다방 앞 횡단보도,도로변(횡단보도 포함),일반쓰레기,37.5659706,127.1607674,11250560.0,고덕2동,정상 지오코딩
6792,강동구,양재대로 1634,명일역 4번 출구,지하철역 입구,재활용쓰레기,37.5512617,127.1443451,11250530.0,명일1동,정상 지오코딩
6793,강동구,초이동 43,초이동 버스정류소 상일초교방면 중앙버스정류소(25004),버스정류장,재활용쓰레기,37.5240189,127.1779786,,초이동,경기도 하남시 소재 - 서울 행정동 아님 (분석 제외 권장)
6794,강동구,명일동79,명일여고 사거리 주차장쪽,도로변(횡단보도 포함),재활용쓰레기,37.5494441,127.1491839,11250530.0,명일1동,정상 지오코딩
6795,강동구,길동 176-3,강동자이.프라자아파트(중)길동주민센터 중앙버스정류소(25005),버스정류장,재활용쓰레기,37.5367389,127.1489354,11250740.0,길동,정상 지오코딩
6796,강동구,양재대로 1576,굽은다리역 3번출구 앞,지하철역 입구,재활용쓰레기,37.5461618,127.1434543,11250530.0,명일1동,정상 지오코딩
6797,강동구,양재대로 1596,명일동 대신증권,도로변(횡단보도 포함),재활용쓰레기,37.5480839,127.1437897,11250530.0,명일1동,정상 지오코딩
6798,강동구,길동 348-6,천동초교입구사거리 버스정류소(25311),버스정류장,재활용쓰레기,37.5398827,127.1411204,11250740.0,길동,정상 지오코딩
6799,강동구,구천면로395,건널목,도로변(횡단보도 포함),재활용쓰레기,37.551023,127.1429095,11250530.0,명일1동,정상 지오코딩
6800,강동구,양재대로1528,남도전기조명 앞 대로변,도로변(횡단보도 포함),재활용쓰레기,37.5420601,127.1418815,11250740.0,길동,정상 지오코딩
6801,강동구,초이동 43,초이동 중앙버스정류소(25003),버스정류장,재활용쓰레기,37.5240189,127.1779786,,초이동,경기도 하남시 소재 - 서울 행정동 아님 (분석 제외 권장)
6802,강동구,고덕로266,고덕역4번출구방면 버스정류소(25140),버스정류장,재활용쓰레기,37.5546937,127.1551146,11250540.0,명일2동,정상 지오코딩
6803,강동구,길동 176-3,"강동자이.프라자아파트(중) 중앙버스정류소
(25006)",버스정류장,재활용쓰레기,37.5367389,127.1489354,11250740.0,길동,정상 지오코딩
6804,강동구,길동 413-46,서울프라임한방병원 버스정류소(25242),버스정류장,재활용쓰레기,37.5357017,127.1388826,11250740.0,길동,정상 지오코딩
6805,강동구,성내동 416-4,둔촌동역 4번출구(25246),지하철역 입구,재활용쓰레기,37.5283837,127.1359277,11250670.0,성내3동,정상 지오코딩
6806,강동구,아리수로 419,강동공영차고지 버스정류소(25101),버스정류장,재활용쓰레기,37.5644131,127.1737078,11250750.0,강일동,정상 지오코딩
6807,강동구,길동 467,길동사거리.강동세무서 중앙버스정류소(25009),버스정류장,재활용쓰레기,37.5341396,127.1383932,11250740.0,길동,정상 지오코딩
6808,강동구,아리수로93길 61,금화사 앞,도로변(횡단보도 포함),재활용쓰레기,37.5671219,127.1730432,11250750.0,강일동,정상 지오코딩
6809,강동구,아리수로93가길,"강동리버스트 6,7단지 버스정류소(25376)",버스정류장,재활용쓰레기,37.5715917,127.1717229,11250750.0,강일동,정상 지오코딩
6810,강동구,아리수로93나길,힐스데이트리슈빌 501동 버스정류소(25378),버스정류장,재활용쓰레기,37.5722925,127.1744201,11250750.0,강일동,정상 지오코딩
6811,강동구,상일동 359-3,상일초교 황산사거리.미사3동행정복지센터.하남수산물시장(중) 방면 중앙버스정류소(25002),버스정류장,재활용쓰레기,37.5461742,127.1717015,11250760.0,상일1동,정상 지오코딩
6812,강동구,아리수로98길,강일고등학교 강일리버파크 7단지 버스정류소(25322),버스정류장,재활용쓰레기,37.5646083,127.1782441,11250750.0,강일동,정상 지오코딩
6813,강동구,성내동 320-7,강동구청역 2번출구,지하철역 입구,재활용쓰레기,37.5307344,127.1215002,11250650.0,성내1동,정상 지오코딩
6814,강동구,아리수로97길 20,강일리버파크 4·5단지 버스정류소(25334),버스정류장,재활용쓰레기,37.5685143,127.1781372,11250750.0,강일동,정상 지오코딩
6815,강동구,강일동 699-4,강일역2번출구 버스정류소(25388),버스정류장,재활용쓰레기,37.5581737,127.1774547,11250750.0,강일동,정상 지오코딩
6816,강동구,강일동 724,고덕리앤파크 2·3단지 버스정류소(25342),버스정류장,재활용쓰레기,37.5573441,127.1736982,11250750.0,강일동,정상 지오코딩
6817,강동구,둔촌동 64-1,"길동주민센터.둔촌2동주민센터 중앙버스정류소
(25008)",버스정류장,재활용쓰레기,37.5339057,127.142238,11250710.0,둔촌2동,정상 지오코딩
6818,강동구,상일동 519-3,상일동역5번출구 버스정류소(25740),버스정류장,재활용쓰레기,37.5567422,127.1676617,11250760.0,상일1동,정상 지오코딩
6819,강동구,성내동 439-15,한국전력공사강동송파지사 보성중고등학교 방면버스정류소(25248),버스정류장,재활용쓰레기,37.5248143,127.1345852,11250670.0,성내3동,정상 지오코딩
6820,강동구,상일동 536,강일역4번출구 버스정류소(25343),버스정류장,재활용쓰레기,37.5564278,127.1745491,11250770.0,상일2동,정상 지오코딩
6821,강동구,상일로12길,강명초등학교.고덕리엔파크3단지 버스정류소(25345),버스정류장,재활용쓰레기,37.5548198,127.1739773,11250770.0,상일2동,정상 지오코딩
6822,강동구,강일동 682-2,강동공영차고지 종점방면 버스정류소(25102),버스정류장,재활용쓰레기,37.5641595,127.1743748,11250750.0,강일동,정상 지오코딩
6823,강동구,성내동 449-7,오륜교회앞 JYP엔터테인먼트.윤선생영어교실 방면 버스정류소(25188),버스정류장,재활용쓰레기,37.5228724,127.1323611,11250670.0,성내3동,정상 지오코딩
6824,강동구,상일로10길,고덕리엔3단지서문 버스정류소(25353),버스정류장,재활용쓰레기,37.5509732,127.174475,11250770.0,상일2동,정상 지오코딩
6825,강동구,명일동 48-22,강동아트센터.강동경희대병원 고덕현대아파트방면 버스정류소(25178),버스정류장,재활용쓰레기,37.5523216,127.1561214,11250540.0,명일2동,정상 지오코딩
6826,강동구,고덕동 296,"고덕평생학습관.온조대왕체육관 강동아트센터.강동경희대병원 방면 버스정류소
(25137)",버스정류장,재활용쓰레기,37.558133,127.1580836,11250560.0,고덕2동,정상 지오코딩
6827,강동구,성내동 509-5,성내2동주민센터.성내복지관 버스정류소(25212),버스정류장,재활용쓰레기,37.5312803,127.1281348,11250660.0,성내2동,정상 지오코딩
6828,강동구,천호대로157길 40,로데오거리 하나공인중개사 앞,상가지역,재활용쓰레기,37.539479,127.1278052,11250630.0,천호3동,정상 지오코딩
6829,강동구,양재대로1406,백제추어탕 앞,도로변(횡단보도 포함),재활용쓰레기,37.5314544,127.1381504,11250710.0,둔촌2동,정상 지오코딩
6830,강동구,올림픽로 654,세븐일레븐 앞 버스정류소(25162),버스정류장,재활용쓰레기,37.5398393,127.1241393,11250730.0,천호2동,정상 지오코딩
6831,강동구,성내동 446-23,"JYP엔터테인먼트.윤선생영어교실 버스정류소
(25231)",버스정류장,재활용쓰레기,37.5249326,127.1295731,11250670.0,성내3동,정상 지오코딩
6832,강동구,성내동 64-13,천호역8번출구,지하철역 입구,재활용쓰레기,37.5379789,127.1237925,11250660.0,성내2동,정상 지오코딩
6833,강동구,올림픽로 770,암사역 2번출구 버스정류소(25156),버스정류장,재활용쓰레기,37.5497855,127.1276587,11250730.0,천호2동,정상 지오코딩
6834,강동구,올림픽로 702,천호근린공원 앞 횡단보도,도로변(횡단보도 포함),재활용쓰레기,37.5439477,127.1255384,11250730.0,천호2동,정상 지오코딩
6835,강동구,암사동 377-3,암사역사공원역 1번출구 버스정류소(25208),버스정류장,재활용쓰레기,37.5571878,127.1383056,11250590.0,암사3동,정상 지오코딩
6836,강동구,암사동 244,암사역사공원역 3번출구 버스정류소(25209),버스정류장,재활용쓰레기,37.5570388,127.1368982,11250590.0,암사3동,정상 지오코딩
6837,강동구,길동 238,길동주민센터.둔촌2동주민센터 중앙버스정류소(25007),버스정류장,재활용쓰레기,37.5341447,127.1422351,11250740.0,길동,정상 지오코딩
6838,강동구,성내동 62-1,천호역(중) 중앙버스정류소(25014),버스정류장,재활용쓰레기,37.5348353,127.1221279,11250660.0,성내2동,정상 지오코딩
6839,강동구,성내동 160-52,강동역 중앙버스정류소(25011),버스정류장,재활용쓰레기,37.5360826,127.1317343,11250660.0,성내2동,정상 지오코딩
6840,강동구,고덕동 343-4,지식산업센터 버스정류소(25610),버스정류장,재활용쓰레기,37.5652961,127.1599376,11250560.0,고덕2동,정상 지오코딩
6841,강동구,고덕비즈밸리로2가길 6,다산정한식뷔페 앞,상가지역,재활용쓰레기,37.5660343,127.1616178,11250560.0,고덕2동,정상 지오코딩
6842,강동구,고덕동337,사거리 횡단보도,도로변(횡단보도 포함),재활용쓰레기,37.5648426,127.160741,11250560.0,고덕2동,정상 지오코딩
6843,강동구,둔촌동 6-3,중앙보훈병원역3번출구 버스정류소(25331),버스정류장,재활용쓰레기,37.5291588,127.1486856,11250710.0,둔촌2동,정상 지오코딩
6844,강동구,둔촌동 산16-5,중앙보훈병원역1번출구 버스정류소(25302),버스정류장,재활용쓰레기,37.5277406,127.1481117,11250710.0,둔촌2동,정상 지오코딩
6845,강동구,성내동 459-6,성내유수지체육공원 강동구청역.농협중앙회 방면 버스정류소(25370),버스정류장,재활용쓰레기,37.5271684,127.1219201,11250650.0,성내1동,정상 지오코딩
6846,강동구,성내동 541-2,강동보건소앞.강동구청방면 버스정류소(25283),버스정류장,재활용쓰레기,37.5292967,127.1256091,11250650.0,성내1동,정상 지오코딩
6847,강동구,암사동 414-23,"암사3동주민센터(강동롯데캐슬퍼스트)
버스정류소(25147)",버스정류장,재활용쓰레기,37.5548376,127.1409889,11250590.0,암사3동,정상 지오코딩
6848,강동구,천호동 42-1,굽은다리역 구민회관.강동홈플러스 버스정류소(25348),버스정류장,재활용쓰레기,37.5456458,127.1427286,11250610.0,천호1동,정상 지오코딩
6849,강동구,고덕동 693-4,상일동역1번출구 버스정류소(25133),버스정류장,재활용쓰레기,37.55624,127.1617068,11250560.0,고덕2동,정상 지오코딩
6850,강동구,고덕동 94-14,우진산전.디엠스퀘어 버스정류소(25607),버스정류장,재활용쓰레기,37.5673257,127.1600109,11250560.0,고덕2동,정상 지오코딩
6851,강동구,고덕동 98-12,고덕동 98-12 빽다방 앞 횡단보도,도로변(횡단보도 포함),재활용쓰레기,37.5659706,127.1607674,11250560.0,고덕2동,정상 지오코딩
