이름,구,행정동,주소,시설유형,점포구분명,형태,건물연면적,점포수,위도,경도
(주)이마트 역삼점,강남구,역삼2동,서울특별시 강남구 역삼로 310 (역삼동),대형마트,대규모점포,,5174.0,,37.4992355425931,127.048420861876
(주)현대백화점 본점,강남구,신사동,"서울특별시 강남구 압구정로 165 (압구정동, 현대백화점본점)",백화점,대규모점포,,37604.54,,37.5273661232786,127.027468526838
GS THE FRESH 강남영동점,강남구,논현1동,"서울특별시 강남구 강남대로128길 20, 영동프라자 (논현동)",미분류,준대규모점포,,510.88,,37.5099952118083,127.023823242641
GS THE FRESH 신사점,강남구,신사동,"서울특별시 강남구 압구정로18길 25 (신사동, 한국산업양행빌딩)",미분류,준대규모점포,,272.02,,37.5234371884205,127.025571790316
GS THE FRESH 압구정점,강남구,압구정동,"서울특별시 강남구 압구정로 312, 1층 (신사동)",미분류,준대규모점포,,198.0,,37.5287778293928,127.035516085138
강남개포시장,강남구,개포2동,서울특별시 강남구 개포로82길11 삼우빌딩 305호,상점가·골목형,,상점가,56608.0,137.0,37.4885582921416,127.067443820505
강남시장(대규모점포),강남구,신사동,서울특별시 강남구 압구정로2길 46 (신사동),복합쇼핑몰,대규모점포,,3062.7,,37.5187672551656,127.020691646267
강남언주로 상가,강남구,역삼1동,서울특별시 강남구 언주로98길 5-4 강남언주로상가,상점가·골목형,,상점가,2008.0,34.0,37.5052815020196,127.042486351873
강남역지하도상점,강남구,역삼1동,서울특별시 강남구 강남대로 지하396 강남역지하도상점,상점가·골목형,,지하도상가,12099.0,212.0,37.4981646510326,127.028307900881
갤러리아백화점(동관),강남구,압구정동,"서울특별시 강남구 압구정로 407 (압구정동, 갤러리아백화점)",백화점,대규모점포,,10250.0,,37.527918187812,127.041831709947
갤러리아백화점(서관),강남구,압구정동,"서울특별시 강남구 압구정로 343 (압구정동, 갤러리아백화점)",백화점,대규모점포,,15358.0,,37.5284754434309,127.040052671773
그랑프리,강남구,대치1동,"서울특별시 강남구 남부순환로 2912 (대치동, 개포우성아파트)",기타대규모점포,대규모점포,,0.0,,37.4907059879875,127.056142941592
금강상가,강남구,압구정동,서울특별시 압구정로 201 (구현대아파트),기타대규모점포,대규모점포,,1255.0,,37.5315341736395,127.029273123095
남서울종합시장,강남구,대치1동,서울특별시 강남구 남부순환로 2921 (대치동),기타대규모점포,대규모점포,,3014.31,,37.4934943562011,127.059772967826
노브랜드 삼성점,강남구,삼성2동,"서울특별시 강남구 삼성로 633, 1층 (삼성동, 삼광빌딩)",미분류,준대규모점포,,358.71,,37.5162938562313,127.051107823804
논현웰스톤상가,강남구,논현2동,서울특별시 강남구 학동로43길 38 (논현동),기타대규모점포,대규모점포,,3273.17,,37.5184681357134,127.03803360495
논현종합시장,강남구,논현2동,서울특별시 강남구 봉은사로33길 33 (논현동),전통시장,대규모점포,건물형,0.0,40.0,37.5100176381198,127.034758780517
대치1단지상가,강남구,개포3동,"서울특별시 강남구 개포로109길 5 (개포동, 대청아파트)",기타대규모점포,대규모점포,,0.0,,37.4923220024104,127.074601198665
대치2단지상가,강남구,개포3동,"서울특별시 강남구 개포로109길 21 (개포동, 대청아파트)",기타대규모점포,대규모점포,,0.0,,37.4956264931259,127.077191033018
대치종합상가,강남구,대치2동,서울특별시 강남구 삼성로64길 41 (대치동),기타대규모점포,대규모점포,,2105.31,,37.5010080575686,127.063683993392
더 샵스 앳 센터필드 (THE SHOPS AT CENTERFIELD),강남구,역삼1동,"서울특별시 강남구 테헤란로 231, 센터필드 (역삼동)",기타대규모점포,대규모점포,,7511.51,,37.5028813541774,127.041356540268
도곡시장,강남구,역삼2동,서울 강남구 선릉로69길 19 역삼래미안아파트상가동 402호,상점가·골목형,,상점가,33361.0,86.0,37.4981263526043,127.050691041401
도심공항몰(CALT MALL),강남구,삼성1동,서울특별시 강남구 테헤란로87길 22-0 (삼성동),쇼핑센터,대규모점포,,13667.0,,37.5096322564759,127.059443354483
동화상가(주),강남구,논현1동,서울특별시 강남구 학동로4길 15 (논현동),기타대규모점포,대규모점포,,3718.56,,37.5105152390861,127.023536119994
두산아케이드,강남구,논현2동,"서울특별시 강남구 언주로 726 (논현동, 두산빌딩)",기타대규모점포,대규모점포,,0.0,,37.5193816410498,127.035197500084
롯데백화점(강남점),강남구,대치4동,서울특별시 강남구 도곡로 401 (대치동),백화점,대규모점포,,26532.0,,37.496979324799,127.053254695846
롯데쇼핑(주) 롯데슈퍼 삼성점,강남구,삼성2동,서울특별시 강남구 선릉로 660 (삼성동),미분류,준대규모점포,,730.7,,37.5155511161052,127.042332457469
롯데쇼핑(주) 롯데슈퍼 코엑스점,강남구,삼성1동,서울특별시 강남구 봉은사로103길 5 (삼성동),미분류,준대규모점포,,294.9,,37.5150173640349,127.061407747841
롯데슈퍼 논현점,강남구,논현2동,"서울특별시 강남구 언주로122길 25 (논현동, 두산위브아파트)",미분류,준대규모점포,,177.8,,37.5128106920375,127.038440301401
삐에로쇼핑 강남논현점,강남구,논현1동,서울특별시 강남구 논현동 164번지 5호 외 3필지,미분류,준대규모점포,,677.2,,37.5086426988926,127.022988454509
삼성동 신도브래뉴 주상복합 상가,강남구,삼성2동,서울특별시 강남구 삼성로103길 12 (삼성동),기타대규모점포,대규모점포,,0.0,,37.5103690964957,127.053410791714
수서1-2단지상가,강남구,일원1동,"서울특별시 강남구 양재대로55길 6 (일원동, 도시개발아파트)",기타대규모점포,대규모점포,,0.0,,37.4913209890296,127.088314234699
신사상가,강남구,압구정동,서울특별시 강남구 압구정로29길 72-1 (압구정동),기타대규모점포,대규모점포,,2059.0,,37.5322879837639,127.028402026126
신사시장,강남구,압구정동,서울특별시 강남구 압구정로29길 72-1 신사시장,전통시장,,상점가,2931.59,62.0,37.5322879837639,127.028402026126
신원아침도시마인상가,강남구,청담동,서울특별시 강남구 도산대로85길 30 (청담동),기타대규모점포,대규모점포,,3246.51,,37.526439666489,127.049680036198
아카데미프라자,강남구,도곡2동,서울특별시 강남구 도곡동 467-7,기타대규모점포,대규모점포,,12645.92,,37.4886726430993,127.052102242886
영동전통시장,강남구,논현1동,"서울특별시 강남구 강남대로124길 22, 3층 301호 (논현동)",전통시장,대규모점포,골목형,0.0,140.0,37.5091569389749,127.024595698875
웨스틴 서울 파르나스 아케이드,강남구,삼성1동,서울특별시 강남구 봉은사로 524 (삼성동),쇼핑센터,대규모점포,,5683.94,,37.5129534255276,127.057115600619
은마종합상점,강남구,대치2동,서울특별시 강남구 삼성로 212 은마종합상점,상점가·골목형,,상점가,10092.0,549.0,37.4996157705058,127.065915414443
이마트에브리데이 강남시장점,강남구,신사동,"서울특별시 강남구 압구정로2길 46, 1층 (신사동, ---------)",미분류,준대규모점포,,794.7,,37.5187672551656,127.020691646267
점프밀라노,강남구,역삼1동,"서울특별시 강남구 강남대로 432 (역삼동, 점프밀라노)",기타대규모점포,대규모점포,,5155.7,,37.5012350392984,127.026630556235
진솔물산,강남구,역삼1동,서울특별시 강남구 역삼동 826번지 14호,기타대규모점포,,,,,37.496248812461,127.028798188275
청담삼익시장,강남구,청담동,서울특별시 강남구 학동로101길 26 (청담동),전통시장,대규모점포,건물형,0.0,175.0,37.5224447996482,127.057620352182
청실종합상가,강남구,대치1동,서울특별시 강남구 남부순환로 2917 (대치동),기타대규모점포,대규모점포,,0.0,,37.4931666957307,127.059164905458
코엑스 몰,강남구,삼성1동,서울특별시 강남구 영동대로 513 (삼성동),복합쇼핑몰,대규모점포,,80038.0,,37.5118239121138,127.059159043842
파르나스몰(PARNAS MALL),강남구,삼성1동,서울특별시 강남구 테헤란로 521 (삼성동),쇼핑센터,대규모점포,,7940.0,,37.5091916919873,127.06080691987
하우스오브신세계 청담,강남구,청담동,서울특별시 강남구 도산대로 442 (청담동),백화점,대규모점포,,3386.04,,37.5233111622682,127.044119009562
한보종합상가,강남구,대치2동,"서울특별시 강남구 삼성로 150 (대치동, 한보미도맨션)",기타대규모점포,대규모점포,,11740.39,,37.4956953356085,127.068564672209
한솔필리아,강남구,역삼2동,서울특별시 강남구 역삼로 310 (역삼동),기타대규모점포,대규모점포,,12025.9,,37.4992355425931,127.048420861876
현대백화점 무역센터점,강남구,삼성1동,"서울특별시 강남구 테헤란로 517 (삼성동, 무역센터현대백화점)",백화점,대규모점포,,46111.46,,37.5086151302204,127.059765116537
홈플러스 익스프레스 압구정점,강남구,압구정동,서울특별시 강남구 압구정로46길 5-2 (신사동),미분류,준대규모점포,,170.28,,37.5280407556239,127.036869472402
홈플러스익스프레스 학동역점,강남구,논현1동,서울특별시 강남구 학동로 176 (논현동),미분류,준대규모점포,,231.0,,37.5135235215924,127.030225147038
(주)농협유통 하나로마트 성내점,강동구,성내1동,서울특별시 강동구 올림픽로 528 (성내동),미분류,준대규모점포,,1649.43,,37.5294051174033,127.120399895825
(주)이마트명일점,강동구,명일2동,서울특별시 강동구 고덕로 276 (명일동),기타대규모점포,대규모점포,,8659.0,,37.5547067235109,127.155613136912
(주)이마트에브리데이 명일동점,강동구,명일1동,"서울특별시 강동구 명일로 375, 삼익그린맨션 지하1층 (명일동)",미분류,준대규모점포,,1056.33,,37.5520142970108,127.149457646714
(주)이마트천호점,강동구,천호2동,서울특별시 강동구 천호대로 1017 (천호동),대형마트,대규모점포,,9081.0,,37.5387290509448,127.125146170477
(주)지에스리테일 명일점,강동구,명일1동,서울특별시 강동구 양재대로 1630 (명일동),미분류,준대규모점포,,1494.61,,37.5510953438877,127.144777953759
(주)지에스리테일 암사캐슬점,강동구,암사3동,서울특별시 강동구 고덕로 133 (암사동),미분류,준대규모점포,,1127.88,,37.5552528493133,127.140347239304
GS THE FRESH 강동성내점,강동구,성내1동,"서울특별시 강동구 풍성로38길 9, 바로빌딩 1층 (성내동)",미분류,준대규모점포,,239.58,,37.5316068000518,127.12559371975
GS THE FRESH 둔촌포레온점,강동구,둔촌1동,"서울특별시 강동구 양재대로 1360, 포레온스테이션5 (둔촌동)",미분류,준대규모점포,,1017.0,,37.5274758605763,127.137046059861
강동밀레니얼 중흥S-클래스 쇼핑센터,강동구,천호2동,서울특별시 강동구 천호동 423-200,쇼핑센터,대규모점포,,31500.83,,37.5414366890331,127.126961242845
강동한신휴플러스,강동구,길동,서울특별시 강동구 진황도로 99 (길동),기타대규모점포,대규모점포,,3513.8,,37.5360846941657,127.137473996228
고덕골목형상점가,강동구,고덕2동,서울특별시 강동구 고덕로 83길 18 고덕 골목형상점가,상점가·골목형,,상점가,6699.0,104.0,37.5579753056471,127.168895943174
고덕비즈밸리 유통판매 복합시설,강동구,고덕2동,서울특별시 강동구 고덕동 353-23,복합쇼핑몰,대규모점포,,66630.64,,37.5662691106071,127.157518963497
고분다리전통시장,강동구,천호3동,서울시 강동구 구천면로34길 고분다리전통시장,전통시장,,골목형,1468.0,72.0,37.5422905141771,127.131778499113
길동복조리시장,강동구,길동,서울시 강동구 천중로 52길 37 길동복조리시장,전통시장,,골목형,13189.0,151.0,37.5390801887964,127.143802914211
동서울오네뜨상가,강동구,길동,서울특별시 강동구 양재대로124길 32 (길동),기타대규모점포,대규모점포,,3620.92,,37.5426089532686,127.143653765609
둔촌역전통시장,강동구,성내3동,서울특별시 강동구 풍성로58길 34,전통시장,,골목형,4140.0,87.0,37.5274828128239,127.1351570109
롯데쇼핑㈜롯데슈퍼길동점,강동구,길동,서울특별시 강동구 성안로 176 (길동),미분류,준대규모점포,,282.65,,37.5385075979681,127.136364166062
롯데슈퍼 강동둔촌점,강동구,둔촌2동,서울특별시 강동구 진황도로 165 (둔촌동),미분류,준대규모점포,,200.64,,37.5314204580213,127.142289934197
명일전통시장,강동구,명일1동,서울특별시 강동구 양재대로138길 21,전통시장,,골목형,1862.0,58.0,37.5497101934715,127.145182893387
성내전통시장,강동구,성내2동,서울시 강동구 천호대로 162길 성내전통시장,전통시장,,골목형,2700.0,76.0,37.53401288106075,127.1278153159704
암사종합시장,강동구,암사1동,서울특별시 강동구 상암로 47-6,전통시장,,골목형,17394.0,110.0,37.5496478006564,127.129166260451
올림픽파크포레온 스테이션5,강동구,둔촌1동,"서울특별시 강동구 양재대로 1360, 포레온스테이션5 (둔촌동)",기타대규모점포,대규모점포,,33071.94,,37.5274758605763,127.137046059861
올림픽파크포레온 스테이션9,강동구,둔촌1동,"서울특별시 강동구 양재대로 1300 (둔촌동, 올림픽파크포레온)",기타대규모점포,대규모점포,,8884.28,,37.5249677176279,127.140290598327
이안강동주상복합상가,강동구,성내2동,서울특별시 강동구 천호대로162길 34 (성내동),기타대규모점포,대규모점포,,3295.46,,37.5355771394189,127.127952286718
이천일아울렛 천호점,강동구,천호2동,서울특별시 강동구 구천면로 189 (천호동),기타대규모점포,대규모점포,,17600.0,,37.5415920129665,127.125536352486
장신구거리,강동구,성내1동,서울시 강동구 성내로 83 장신구거리,상점가·골목형,,건물형,101111.0,170.0,37.5272960577153,127.129179072063
주양쇼핑,강동구,명일2동,서울특별시 강동구  고덕로62길  55 (명일동),기타대규모점포,대규모점포,,9484.37,,37.5523961426953,127.153459033904
지에스 더프레시(GS THE FRESH) 고덕그라시움점,강동구,고덕2동,"서울특별시 강동구 고덕로 353, 고덕그라시움아파트(상가1동) 지하1층 108-119,128호 (고덕동)",미분류,준대규모점포,,719.46,,37.557135101795,127.164510295845
천호로데오거리상점가,강동구,천호3동,서울시 강동구 천호대로157길 40 천호동로데오거리상점가,전통시장,,상점가,509181.0,150.0,37.5394789882577,127.127805184186
파크프라자 상가,강동구,성내3동,서울특별시 강동구 양재대로89길 16 (성내동),기타대규모점포,대규모점포,,4075.83,,37.5268826423806,127.134695601656
하나로마트 둔촌점,강동구,둔촌1동,"서울특별시 강동구 양재대로 1360, 포레온스테이션5 (둔촌동)",미분류,준대규모점포,,1161.3,,37.5274758605763,127.137046059861
현대백화점 천호점,강동구,천호2동,"서울특별시 강동구 천호대로 1005 (천호동, 현대백화점)",백화점,대규모점포,,36175.0,,37.5389750482546,127.124440988259
홈플러스 강동점,강동구,천호1동,서울특별시 강동구 양재대로 1571 (천호동),대형마트,대규모점포,,14176.0,,37.5457145865749,127.14225531407
홈플러스(주) 익스프레스 성내점,강동구,성내1동,서울특별시 강동구 풍성로 138 (성내동),미분류,준대규모점포,,189.1,,37.5312353306954,127.127348186394
홈플러스(주) 익스프레스 암사점,강동구,암사1동,서울특별시 강동구 고덕로24길 50 (암사동),미분류,준대규모점포,,324.0,,37.5523806454985,127.135098750222
홈플러스(주)익스프레스 길동점,강동구,길동,서울특별시 강동구 양재대로 1486 (길동),미분류,준대규모점포,,252.4,,37.538375386079,127.140544045282
(주)농협유통 미아점,강북구,송천동,서울특별시 강북구 도봉로33길 18 (미아동),대형마트,준대규모점포,,788.08,,37.6215640795865,127.02650237659
(주)이마트에브리데이 미아동점,강북구,송천동,"서울특별시 강북구 도봉로 157, 112호 (미아동, 두원프라자)",미분류,준대규모점포,,500.56,,37.6227592161358,127.027002345032
(주)이마트에브리데이 수유시장점,강북구,수유1동,"서울특별시 강북구 도봉로67길 18, 수유시장 1층 (수유동)",미분류,준대규모점포,,925.62,,37.6307289053601,127.022668132796
GS THE FRESH 북서울숲점,강북구,송중동,"서울특별시 강북구 오패산로30길 10, 대지쇼핑프라자 1층 101~104호, 106호~122호 (미아동)",미분류,준대규모점포,,227.01,,37.6136736801481,127.034811160778
GS THE FRESH 수유중앙점,강북구,수유1동,서울특별시 강북구 삼양로79길 24-17 (수유동),미분류,준대규모점포,,294.5,,37.6311119057825,127.016148411477
㈜지에스리테일 GS수퍼 강북미아점,강북구,삼각산동,서울특별시 강북구 삼양로27길 35-21 (미아동),미분류,준대규모점포,,490.0,,37.6179766319717,127.018934343303
강북 북부시장,강북구,번1동,서울특별시 강북구 한천로123길 26 (번동),기타대규모점포,대규모점포,,2736.8,,37.6362359880739,127.030342195737
강북북부골목시장,강북구,번1동,서울특별시 강북구 한천로123길 27,상점가·골목형,,골목형,11332.39,87.0,37.6359387271776,127.030442567813
강북북부시장,강북구,번1동,서울특별시 강북구 한천로123길 26,전통시장,,건물형,2903.0,47.0,37.6362359880739,127.030342195737
강북종합시장,강북구,수유3동,서울특별시 강북구 한천로 1055,기타대규모점포,대규모점포,,2837.0,,37.640916283958,127.025196975735
동북시장,강북구,삼양동,"서울특별시 강북구 솔샘로 233, 동북프라자 (미아동)",기타대규모점포,대규모점포,,3243.0,,37.6204222475002,127.019095469624
동북프라자,강북구,삼양동,"서울특별시 강북구 솔샘로 233, 동북프라자 (미아동)",전통시장,대규모점포,건물형,5023.11,32.0,37.6204222475002,127.019095469624
롯데백화점 미아점,강북구,송중동,서울특별시 강북구 도봉로 62 (미아동),복합쇼핑몰,대규모점포,,45651.37,,37.6145929759749,127.030517678336
롯데쇼핑(주) 롯데마트 삼양점,강북구,삼양동,서울특별시 강북구 삼양로 247 (미아동),복합쇼핑몰,대규모점포,,8319.26,,37.6255182619776,127.017747047824
미소상인회 골목형상점가,강북구,송중동,서울 강북구 도봉로10라길 2 도봉로10길 일대,상점가·골목형,,골목형,11867.6,76.0,37.6154368970647,127.030997017581
방천골목시장,강북구,송중동,강북구 월계로7나길 9 일대 강북구 월계로7나길 9 일대,전통시장,,골목형,0.0,49.0,37.6097208242129,127.031070299861
백년시장,강북구,수유3동,강북구 한천로144길 26,전통시장,,골목형,0.0,72.0,37.6420321833213,127.026297540097
북부시장,강북구,번1동,서울특별시 강북구 한천로123길 26 (번동),전통시장,대규모점포,,2651.0,,37.6362359880739,127.030342195737
삼양시장 골목형상점가,강북구,삼양동,강북구 솔매로 45,상점가·골목형,,골목형,0.0,51.0,37.6253834805227,127.017094866819
솔샘시장 골목형상점가,강북구,삼각산동,강북구 솔샘로50길 4,상점가·골목형,,골목형,6775.0,76.0,37.6195916110113,127.019193349446
수유북부시장,강북구,인수동,서울특별시 강북구 삼양로91길 11-12 (수유동),전통시장,대규모점포,건물형,1698.5,29.0,37.636434842506,127.016122032445
수유시장,강북구,수유1동,"서울특별시 강북구 도봉로67길 18, 수유시장 (수유동)",전통시장,대규모점포,건물형,5301.07,80.0,37.6307289053601,127.022668132796
수유재래시장,강북구,송천동,강북구 도봉로71길 일대 강북구 도봉로71길 26 일대,전통시장,,골목형,0.0,121.0,37.615495557811,127.029567646455
수유전통시장,강북구,송천동,강북구 도봉로67길 일대 강북구 도봉로69길 16 일대,전통시장,,골목형,0.0,80.0,37.6151179500675,127.02958154164
수유중앙골목시장골목형상점가,강북구,수유3동,서울 강북구 노해로17길 48,상점가·골목형,,골목형,0.0,50.0,37.6405699919369,127.01975018776
수유중앙시장,강북구,수유3동,"서울특별시 강북구 노해로17길 21, 수유중앙시장 (수유동)",전통시장,대규모점포,건물형,3634.6,33.0,37.6403367499693,127.021176258358
수유프라자,강북구,수유1동,강북구 도봉로 261 강북구 도봉로 261,전통시장,대규모점포,건물형,10492.0,76.0,37.6316925338476,127.02346745196
숭인사랑골목형상점가,강북구,송천동,서울 강북구 숭인로 3,상점가·골목형,,골목형,2581.0,30.0,37.6115334126301,127.022419139708
숭인시장,강북구,송천동,서울특별시 강북구 도봉로 45 (미아동),전통시장,대규모점포,건물형,9258.0,104.0,37.6131435556689,127.02945322795
어진이골목시장,강북구,인수동,서울 강북구 인수봉로56길 23 어진이골목시장,전통시장,,골목형,0.0,74.0,37.6365274249553,127.014328346666
연이스퀘어,강북구,송중동,서울특별시 강북구 도봉로 52 (미아동),쇼핑센터,대규모점포,,12353.04,,37.613699372646,127.03052852605
오패산로 골목형상점가,강북구,송중동,서울 강북구 오패산로30길 25 일대,상점가·골목형,,골목형,10596.0,76.0,37.6144059267678,127.034766536851
우이골목시장골목형상점가,강북구,수유2동,서울 강북구 한천로162길 26,상점가·골목형,,골목형,8362.0,83.0,37.6464246000651,127.020204982882
우이시장,강북구,수유2동,서울특별시 강북구 노해로23길 68 (수유동),전통시장,대규모점포,건물형,1061.0,13.0,37.6460266672271,127.020019158938
인수로골목형상점가,강북구,인수동,서울 강북구 인수봉로77길 3,상점가·골목형,,골목형,11004.0,64.0,37.6443776581398,127.010480096916
장미원골목시장,강북구,인수동,강북구 삼양로123길 9,전통시장,,골목형,0.0,93.0,37.6446840177869,127.015214060352
트레지오,강북구,송중동,서울특별시 강북구 도봉로 34 (미아동),복합쇼핑몰,대규모점포,,4834.6,,37.6120685327599,127.03072164571
홈플러스(주)익스프레스미아점,강북구,송중동,서울특별시 강북구 도봉로 172 (미아동),미분류,준대규모점포,,245.37,,37.6242206246421,127.027361963445
(주) 이랜드리테일 강서점,강서구,등촌3동,서울특별시 강서구 강서로56길 17 (등촌동),백화점,대규모점포,,34547.21,,37.559933531546,126.840498784915
(주)공항시장,강서구,방화2동,서울특별시 강서구 방화동 620-100,전통시장,대규모점포,,2702.0,,37.5629929993065,126.808579968069
(주)이마트에브리데이 가양역점,강서구,등촌3동,"서울특별시 강서구 양천로 476, 금부빌딩 (등촌동)",미분류,준대규모점포,,876.0,,37.5616001805127,126.853271958466
(주)이마트에브리데이 화곡동점,강서구,화곡6동,"서울특별시 강서구 화곡로 274 (화곡동, 외4필지 크라운뷰 1층 104~109)",미분류,준대규모점포,,317.0,,37.5488379962383,126.847501435204
(주)지에스리테일 염창점,강서구,염창동,"서울특별시 강서구 양천로 687, 1층 (염창동)",미분류,준대규모점포,,286.2,,37.5507524739861,126.872621443293
GS THE FRESH 강서등촌역점,강서구,염창동,서울특별시 강서구 공항대로61길 36 (염창동),미분류,준대규모점포,,193.39,,37.552398113812,126.86615739045
GS THE FRESH 강서증미역점,강서구,염창동,"서울특별시 강서구 양천로67길 15, 한희빌딩 1층 (염창동)",미분류,준대규모점포,,673.32,,37.5550477712524,126.867519664511
GS THE FRESH 송정역점,강서구,공항동,"서울특별시 강서구 송정로 53, 101동 101~104호 (공항동, 발쿠치네하우스)",미분류,준대규모점포,,262.81,,37.5596651596053,126.809910306191
GS THE FRESH 신방화역점,강서구,방화1동,"서울특별시 강서구 마곡서1로 115-1, 마곡헤리움1차 111~114호 (마곡동)",미분류,준대규모점포,,193.59,,37.5667077205368,126.818571159801
LEWEST A관,강서구,방화1동,서울특별시 강서구 마곡중앙로 143 (마곡동),기타대규모점포,대규모점포,,32442.38,,37.5647750742195,126.825252880539
LEWEST B관,강서구,방화1동,"서울특별시 강서구 마곡중앙로 111 (마곡동, 롯데캐슬 르웨스트)",기타대규모점포,대규모점포,,27422.0,,37.5638094509858,126.825417557789
가양역사거리 골목형상점가,강서구,등촌1동,서울 강서구 공항대로45길 15,상점가·골목형,,골목형,34989.49,69.0,37.5562925590397,126.854556711293
강서 뉴타워,강서구,화곡1동,"서울특별시 강서구 화곡로18길 24 (화곡동, 강서 뉴타워)",기타대규모점포,대규모점포,,3385.1,,37.5390663932795,126.835418976281
강서구청먹자골목 골목형상점가,강서구,화곡6동,서울 강서구 화곡로 354-10 화곡동 1110-3 ~ 1121-2 일대,상점가·골목형,,골목형,48271.54,142.0,37.5545422881827,126.85245534203
강서수산시장 골목형상점가,강서구,발산1동,서울 강서구 발산로 24 수협공판장,상점가·골목형,,건물형,44863.26,90.0,37.5535879132161,126.81918613685
강서행복한길골목형상점가,강서구,우장산동,서울 강서구 화곡로31길 29 화곡동 1057-7~1061-10 일대,상점가·골목형,,골목형,4548.25,51.0,37.5442964589077,126.841640472493
공항골목시장 골목형상점가,강서구,공항동,서울 강서구 남부순환로11가길 74,상점가·골목형,,골목형,9820.92,56.0,37.5568988118082,126.813456667749
공항대로 골목형상점가,강서구,염창동,서울 강서구 공항대로61길 42,상점가·골목형,,골목형,9756.64,74.0,37.5527246220818,126.866384389736
공항동 먹자골목 골목형상점가,강서구,공항동,서울 강서구 송정로 32-1,상점가·골목형,,골목형,79370.82,89.0,37.557991229748,126.8113899346
까치산시장,강서구,화곡8동,서울특별시 강서구 강서로12길 14 까치산시장,전통시장,,골목형,26139.0,134.0,37.531530986155,126.847860251778
남부골목시장,강서구,화곡4동,서울특별시 강서구 등촌로 5길 62-4 남부골목시장,전통시장,,골목형,21776.0,150.0,37.5331816098468,126.860018954293
노브랜드 강서가양점,강서구,가양1동,서울특별시 강서구 양천로 410 (가양동),미분류,준대규모점포,,0.0,,37.5648131885109,126.846514026959
롯데몰 김포공항,강서구,방화2동,"서울특별시 강서구 하늘길 38 (방화동, 롯데몰 김포공항)",쇼핑센터,대규모점포,,77670.0,,37.5713695798026,126.802960133589
롯데쇼핑(주)롯데슈퍼 방화점,강서구,방화1동,서울특별시 강서구 방화대로34길 83 (방화동),미분류,준대규모점포,,847.4,,37.5710636982024,126.820951424269
롯데쇼핑(주)롯데슈퍼 우장산점,강서구,발산1동,서울특별시 강서구 강서로 267 (내발산동),미분류,준대규모점포,,461.2,,37.5496000614643,126.835941270275
롯데쇼핑(주)롯데슈퍼개화산점,강서구,방화2동,서울특별시 양천로6길 15,미분류,준대규모점포,,735.3,,37.5719974667348,126.807704315128
롯데쇼핑(주)롯데슈퍼화곡3동점,강서구,화곡3동,서울특별시 강서구 강서로 179 (화곡동),미분류,준대규모점포,,117.0,,37.5423627575293,126.839322200876
롯데쇼핑(주)롯데슈퍼화곡점,강서구,화곡1동,서울특별시 강서구 강서로 43 (화곡동),미분류,준대규모점포,,162.4,,37.5315215185769,126.846531702129
방신전통시장,강서구,방화1동,서울특별시 강서구 방화동로 124-1 방신전통시장 고객지원센타,전통시장,,골목형,6963.0,91.0,37.5715539612363,126.812215359625
봉제산길 골목형상점가,강서구,등촌2동,"서울 강서구 등촌로39길 6 등촌동 512-7 ~ 514-58, 524-2~524-32 일대",상점가·골목형,,골목형,7979.35,61.0,37.5455964264029,126.862039949824
삼정프라자,강서구,방화1동,서울특별시 강서구 방화동로 126 (방화동),기타대규모점포,대규모점포,,5163.3,,37.5719786307152,126.811895300805
송정역 카페거리 골목형상점가,강서구,공항동,서울 강서구 공항대로8길 14,상점가·골목형,,골목형,13505.22,63.0,37.5604462322119,126.81210516039
송화벽화시장,강서구,화곡1동,서울특별시 강서구 강서로45나길 송화벽화시장,전통시장,,골목형,26319.0,67.0,37.5317868862074,126.846410780104
송화시장,강서구,발산1동,서울특별시 강서구 강서로 267 (내발산동),기타대규모점포,대규모점포,,3378.74,,37.5496000614643,126.835941270275
스페이스프라자,강서구,염창동,서울특별시 강서구 공항대로71길 49 (염창동),기타대규모점포,대규모점포,,3563.0,,37.5495140733123,126.872808008605
씨에스유통 (롯데슈퍼화곡2점),강서구,화곡4동,서울특별시 강서구 등촌로5길 80 (화곡동),미분류,준대규모점포,,1524.6,,37.5330706883775,126.858951804044
원그로브몰,강서구,공항동,"서울특별시 강서구 공항대로 165, 원그로브 (마곡동)",쇼핑센터,대규모점포,,45167.97,,37.5608751008131,126.824695969186
주식회사 홈플러스익스프레스 화곡점,강서구,화곡3동,서울특별시 강서구 화곡로 153 (화곡동),미분류,준대규모점포,,236.0,,37.5414945865523,126.838750382592
홈플러스(주) 강서점,강서구,등촌1동,서울특별시 강서구  화곡로  398 (등촌동),대형마트,대규모점포,,22173.0,,37.5584699599397,126.854819012937
홈플러스익스프레스 화곡2점,강서구,화곡본동,서울특별시 강서구 까치산로 106 (화곡동),미분류,준대규모점포,,244.6,,37.5475444670864,126.849281947719
화곡 더리브스카이,강서구,화곡1동,"서울특별시 강서구 가로공원로80길 40 (화곡동, 화곡 더리브 스카이)",기타대규모점포,대규모점포,,3015.0,,37.5354918529129,126.839473507485
화곡본동시장,강서구,화곡본동,서울특별시 강서구 화곡로 32길 18 일원 화곡본동시장,전통시장,,골목형,5804.9,50.0,37.5428564726717,126.843797408761
화곡중앙시장,강서구,화곡1동,서울특별시 강서구 월정로30길66 화곡중앙시장,전통시장,,골목형,9436.0,58.0,37.534884082953,126.839506263749
(주)이마트에브리데이 봉천동점,관악구,은천동,서울특별시 관악구 은천로 51 (봉천동),미분류,준대규모점포,,414.86,,37.4862967199076,126.941249709289
(주)천성세이브마트,관악구,미성동,서울특별시 관악구 난곡로 220 (신림동),기타대규모점포,대규모점포,,3383.98,,37.4742854376103,126.918058479434
GS THE FRESH 관악봉천점,관악구,은천동,"서울특별시 관악구 은천로 81 (봉천동, 은천빌딩)",미분류,준대규모점포,,214.2,,37.4869864171229,126.944363342754
GS THE FRESH 관악신림점,관악구,대학동,"서울특별시 관악구 신림로 99 (신림동, 센터스퀘어 서울대점)",미분류,준대규모점포,,255.1,,37.4702240714953,126.938430746227
GS THE FRESH 관악은천점,관악구,보라매동,"서울특별시 관악구 국회단지길 7, 1층 (봉천동)",미분류,준대규모점포,,162.48,,37.4866527645058,126.939223564554
GS THE FRESH 관악점,관악구,청룡동,서울특별시 관악구 쑥고개로 111 (봉천동),미분류,준대규모점포,,1203.0,,37.4793391334088,126.949015489778
GS THE FRESH 관악청림점,관악구,청림동,"서울특별시 관악구 청림6길 3, 관악푸르지오 상가동 110,113,114호 (봉천동)",미분류,준대규모점포,,634.45,,37.4875621618116,126.959937748135
GS THE FRESH 낙성대점,관악구,낙성대동,서울특별시 관악구 봉천로 576 (봉천동),미분류,준대규모점포,,529.0,,37.4769738774324,126.961320975076
가야쇼핑,관악구,신림동,서울특별시 관악구 신림동 1426번지 7호,전통시장,,,288.0,,37.48684155068676,126.9301421004669
강남골목시장,관악구,조원동,서울 관악구 조원로6길 15 강남골목시장,상점가·골목형,,상점가,8071.96,59.0,37.482686728907,126.904848917355
관악쇼핑,관악구,청림동,서울특별시 관악구 청림3길 10 (봉천동),기타대규모점포,대규모점포,,4096.65,,37.4886505222551,126.95950602146
관악신사시장,관악구,신사동,서울특별시 관악구 관천로19길 89 관악신사시장,전통시장,,골목형,3778.0,100.0,37.486791653673,126.917072535519
관악종합시장,관악구,신원동,서울특별시 관악구 신원로 23,전통시장,,건물형,2928.92,57.0,37.4815767925511,126.928063159676
관악중부시장,관악구,행운동,서울특별시 관악구 관악로 222 관악중부시장,상점가·골목형,,상점가,2391.0,48.0,37.4843576823304,126.955533502141
관악프라자,관악구,행운동,서울특별시 관악구 관악로 212 (봉천동),쇼핑센터,대규모점포,,7081.47,,37.4836231380755,126.955183549269
관악현대상가,관악구,청림동,서울특별시 관악구 관악로40길 47 (봉천동),기타대규모점포,대규모점포,,4600.89,,37.4920550488974,126.95892477375
난곡골목형상점가,관악구,난곡동,서울특별시 관악구 난곡로24길 12 난곡골목형상점가,상점가·골목형,,상점가,6947.0,79.0,37.4695687426033,126.920570259945
남현동 예술인마을 골목형상점가,관악구,남현동,서울 관악구 남현3길 78,상점가·골목형,,상점가,50878.18,212.0,37.4753785551349,126.980862131803
녹두 골목형상점가,관악구,대학동,서울 관악구 신림로11길 20 녹두 골목형상점가,상점가·골목형,,골목형,14978.0,88.0,37.4695927960836,126.938724725639
녹두S밸리 골목형상점가,관악구,대학동,서울 관악구 호암로22길 76 녹두S밸리 골목형상점가,상점가·골목형,,골목형,20122.0,81.0,37.4684626167985,126.936933252936
롯데쇼핑(주) 관악점,관악구,보라매동,서울특별시  봉천로 209,백화점,대규모점포,,21711.05,,37.4904954867064,126.924981674031
르네상스쇼핑몰(주),관악구,신림동,서울특별시 관악구 신림로 340 (신림동),복합쇼핑몰,대규모점포,,6516.61,,37.4847625375982,126.930096548294
미성동도깨비시장,관악구,미성동,서울특별시 관악구 미성3길 1 미성동도깨비시장,상점가·골목형,,상점가,9190.26,83.0,37.4744259202628,126.916408006901
봉리단길 골목형상점가,관악구,청룡동,서울시 관악구 장군봉1길 56 봉리단길 골목형상점가,상점가·골목형,,상점가,20432.0,223.0,37.4814092068578,126.943105937162
봉일시장,관악구,은천동,서울특별시 관악구 은천로 28 봉일시장,전통시장,,건물형,19098.52,35.0,37.4859081000629,126.938389949449
봉천달빛길 골목형상점가,관악구,은천동,서울 관악구 남부순환로 1739-8,상점가·골목형,,상점가,7715.0,114.0,37.4826883675789,126.943667119019
봉천제일종합시장,관악구,청룡동,서울특별시 관악구 청룡2길 29 봉천제일종합시장,전통시장,,건물형,3776.06,51.0,37.4812495407838,126.944415647746
봉천중앙시장,관악구,중앙동,서울특별시 관악구 관악로 211 봉천중앙시장,전통시장,,건물형,3406.0,36.0,37.4841859042134,126.954466715324
봉천현대시장,관악구,은천동,서울특별시 관악구 양녕로 49 (봉천동),전통시장,대규모점포,건물형,1714.0,56.0,37.4865849562134,126.946571885527
삼성동시장,관악구,삼성동,서울특별시 관악구 원신1길 28-1 신림동 삼성동시장,전통시장,,골목형,4800.0,120.0,37.47051857326,126.932898752183
서림 행복가득한 골목형상점가,관악구,서림동,서울 관악구 신림로 208 인근,상점가·골목형,,상점가,6503.0,51.0,37.4758424082472,126.937398257851
서원동상점가,관악구,서원동,서울특별시 관악구 신림로 329 서원동상점가,상점가·골목형,,상점가,17115.0,200.0,37.4836735470528,126.929436698039
신림별빛거리 골목형상점가,관악구,신림동,서울 관악구 봉천로6길 29,상점가·골목형,,골목형,52916.0,215.0,37.4884092210196,126.925722008245
신림종합시장,관악구,신사동,서울특별시 관악구 남부순환로161가길 34,전통시장,,건물형,3778.0,25.0,37.484976251885,126.91687203924
신림중앙시장,관악구,조원동,서울특별시 관악구 조원로16길 27 (신림동),전통시장,대규모점포,건물형,0.0,292.0,37.4831452264323,126.911421208639
신림현대종합상가,관악구,서림동,서울특별시 관악구 신림로29길 8 (신림동),전통시장,대규모점포,건물형,2072.0,45.0,37.4755685048005,126.932811143723
신신림시장,관악구,삼성동,서울특별시 관악구 원신2길 34 신신림시장,전통시장,,건물형,1824.0,11.0,37.4706614943442,126.93214630738
신원시장,관악구,신원동,서울특별시 관악구 신원로3길 20-3 신원시장,전통시장,,골목형,3678.0,119.0,37.4818793394581,126.927454368424
우림시장,관악구,난곡동,서울특별시 관악구 난곡로26길 4 (신림동),전통시장,대규모점포,건물형,925.0,17.0,37.4702978455407,126.920444121755
원당종합시장,관악구,인헌동,서울특별시 관악구 남부순환로248길 35 (봉천동),전통시장,대규모점포,건물형,1294.0,7.0,37.4744166924253,126.965907982938
인헌시장,관악구,인헌동,서울 관악구 인헌6길 24 인헌시장,전통시장,,골목형,9751.0,52.0,37.4741312260839,126.965506669825
일성트루엘상가,관악구,대학동,서울특별시 관악구 신림로23길 16 (신림동),기타대규모점포,대규모점포,,4379.68,,37.4704811658789,126.934476782389
조원동펭귄시장,관악구,조원동,서울특별시 관악구 조원로16길 27 조원동펭귄시장,전통시장,,골목형,9831.0,75.0,37.4831452264323,126.911421208639
주식회사 라붐아울렛,관악구,청룡동,서울특별시 관악구 남부순환로 1820 (봉천동),쇼핑센터,대규모점포,,3608.51,,37.4809479979455,126.952083773717
타임스트림,관악구,서원동,서울특별시 관악구 신림로 330 (신림동),복합쇼핑몰,대규모점포,,16025.6,,37.4838513393186,126.930234545397
행운담길 골목형상점가,관악구,행운동,서울 관악구 남부순환로233길 16 행운담길 골목형상점가,상점가·골목형,,골목형,15357.7,97.0,37.4800379869083,126.958281034124
홈플러스 서울남현점,관악구,남현동,서울특별시 관악구 과천대로 909 (남현동),대형마트,대규모점포,,14784.0,,37.4714704021418,126.982466468514
홈플러스 익스프레스 봉천점,관악구,중앙동,서울특별시 관악구 양녕로 46 (봉천동),미분류,준대규모점포,,577.2,,37.4861580878937,126.947238616678
(주)이마트 자양점,광진구,자양3동,서울특별시 광진구 아차산로 272 (자양동),대형마트,대규모점포,,11320.4,,37.5385582736952,127.072996184863
(주)이마트에브리데이 중곡동점,광진구,중곡1동,서울특별시 광진구 긴고랑로11길 11 (중곡동),미분류,준대규모점포,,662.55,,37.5639082846623,127.081301383167
(주)지에스리테일GS수퍼 광진화양점,광진구,화양동,서울특별시 광진구 능동로13길 39 (화양동),미분류,준대규모점포,,1162.0,,37.543959020957,127.069757721395
GS THE FRESH 광진구의점,광진구,구의1동,"서울특별시 광진구 자양로 168, 102호 (구의동, 광진 더프레236)",미분류,준대규모점포,,203.28,,37.5426360202952,127.084604778156
GS THE FRESH 광진능동점,광진구,능동,"서울특별시 광진구 천호대로112길 25, 1층 (능동)",대형마트,준대규모점포,,162.28,,37.5549511902938,127.081192059473
GS THE FRESH 광진중곡점,광진구,중곡2동,"서울특별시 광진구 천호대로 577, 1층 (중곡동)",대형마트,준대규모점포,,246.9,,37.5563945083391,127.082348007982
GS THE FRESH 구의역점,광진구,구의1동,"서울특별시 광진구 자양로18길 33, 1층 (구의동)",대형마트,준대규모점포,,297.32,,37.5379950453599,127.085377532762
건리단길골목형상점가,광진구,화양동,서울 광진구 능동로13길 54 1층,상점가·골목형,,골목형,9905.0,155.0,37.5442666034627,127.069789239165
광성시장,광진구,중곡1동,서울특별시 광진구 능동로47길 30 (중곡동),전통시장,대규모점포,건물형,2135.53,20.0,37.5635999938163,127.081126742221
구의 자이르네 판매시설,광진구,구의2동,서울특별시 광진구 광나루로39길 11 (구의동),기타대규모점포,대규모점포,,3208.98,,37.5455028168806,127.088780729862
구의현대종합상가,광진구,구의3동,서울특별시 광진구 광나루로56길 34 (구의동),기타대규모점포,대규모점포,,1707.82,,37.5381404407348,127.096635162056
넥스트커넥트피에프브이 (주)이스트폴 판매시설,광진구,자양2동,"서울특별시 광진구 아차산로 402, 판매시설 (자양동)",쇼핑센터,대규모점포,,34138.84,,37.5366104651759,127.087852468702
노룬산골목시장,광진구,자양4동,서울특별시 광진구 뚝섬로25길 6 노룬산골목시장,전통시장,,골목형,6719.0,31.0,37.5363708056531,127.065338243012
노룬산시장,광진구,자양4동,서울특별시 광진구 뚝섬로 491 (자양동),전통시장,대규모점포,건물형,1524.1,19.0,37.5364477225132,127.064899874718
동서울터미널상가,광진구,구의3동,서울특별시 광진구 강변역로 50 (구의동),복합쇼핑몰,대규모점포,,3995.19,,37.5345385101597,127.094184050922
롯데 FRESH 아차산점,광진구,구의2동,서울특별시 광진구 자양로 293 (구의동),미분류,준대규모점포,,132.23,,37.551967582982,127.092174272972
롯데백화점 건대스타시티점,광진구,자양3동,서울특별시 광진구 능동로 92 (자양동),백화점,대규모점포,,26203.17,,37.5390373908314,127.071432147214
롯데쇼핑(주)롯데마트 강변점,광진구,구의3동,서울특별시 광진구 광나루로56길 85 (구의동),대형마트,대규모점포,,4122.0,,37.535725176732,127.095692162256
면곡시장 골목형상점가,광진구,중곡3동,서울특별시 광진구 답십리로 368 면곡골목시장,상점가·골목형,,상점가,1670.0,47.0,37.5714772960538,127.08127497176
신성시장,광진구,중곡4동,서울 광진구 영화사로 10 지상 2층,전통시장,,건물형,1605.0,21.0,37.5579558271387,127.088477361799
신성전통시장,광진구,중곡4동,서울 광진구 영화사로 16 2층,전통시장,,골목형,21489.0,120.0,37.5577665650465,127.089026951063
신성종합시장,광진구,중곡4동,서울특별시 광진구 영화사로 12 (중곡동),기타대규모점포,대규모점포,,1137.92,,37.5580321775485,127.088669627018
영동교골목시장,광진구,자양4동,서울 광진구 동일로10길 51 (자양동),전통시장,,골목형,12744.0,59.0,37.5373988405561,127.064365631304
이랜드킴스클럽 광진구의점,광진구,자양2동,"서울특별시 광진구 아차산로 402, 판매시설 지하1층 (자양동)",대형마트,준대규모점포,,958.68,,37.5366104651759,127.087852468702
자마장시장골목형상점가,광진구,자양1동,서울 광진구 자양로11길 66 자마장시장 골목형상점가,상점가·골목형,,상점가,16386.0,82.0,37.5330246969569,127.081261850197
자양15번가 골목형상점가,광진구,자양1동,서울 광진구 자양로15길 69 1층,상점가·골목형,,골목형,20088.53,88.0,37.5349592400801,127.079801810522
자양전통시장,광진구,자양1동,서울특별시 광진구 자양로13길 59 자양전통시장,전통시장,,골목형,16400.0,129.0,37.5337982491512,127.081591476114
자양종합시장,광진구,자양2동,서울특별시 광진구 자양번영로6길 20 (자양동),전통시장,대규모점포,건물형,2418.11,102.0,37.5321353259296,127.076531033986
자양한강전통시장,광진구,자양4동,서울 광진구 뚝섬로30길 18 자양한강전통시장,전통시장,,골목형,8470.0,87.0,37.5352401569641,127.06627815205
조양시장,광진구,자양4동,서울특별시 광진구 아차산로30길 39 (자양동),전통시장,대규모점포,건물형,6426.48,37.0,37.5389966421946,127.067489336786
주식회사 홈플러스익스프레스 중곡점,광진구,중곡2동,서울특별시 광진구 능동로 314 (중곡동),미분류,준대규모점포,,274.4,,37.5576188388403,127.080039873331
중곡제일골목시장,광진구,중곡1동,서울특별시 광진구 긴고랑로11길 14 중곡제일골목시장,전통시장,,골목형,14684.0,131.0,37.5638783346025,127.081746398294
중곡제일시장,광진구,중곡1동,서울특별시 광진구 긴고랑로11길 11 (중곡동),전통시장,대규모점포,건물형,2107.8,10.0,37.5639082846623,127.081301383167
커먼그라운드,광진구,자양4동,서울특별시 광진구 아차산로 200 (자양동),기타대규모점포,대규모점포,,4037.2,,37.5410566332301,127.065669226745
테크노-마트21,광진구,구의3동,서울특별시 광진구 광나루로56길 85 (구의동),기타대규모점포,대규모점포,,49840.0,,37.535725176732,127.095692162256
파크에비뉴,광진구,군자동,서울특별시 광진구 광나루로 369 (군자동),기타대규모점포,대규모점포,,3741.82,,37.5484610827889,127.071049482737
프라임프라자상가,광진구,구의3동,서울특별시 광진구 광나루로56길 63 (구의동),기타대규모점포,대규모점포,,5880.92,,37.5367887874337,127.096160584389
프라젠 스파,광진구,자양2동,서울특별시 광진구 자양로5길 33 (자양동),기타대규모점포,대규모점포,,3004.13,,37.530921726612,127.084141036038
한아름시장,광진구,화양동,서울특별시 광진구 능동로13길 39 (화양동),전통시장,대규모점포,건물형,2456.45,29.0,37.543959020957,127.069757721395
현대종합상가,광진구,광장동,서울특별시 광진구 광나루로 635 (광장동),기타대규모점포,대규모점포,,3625.18,,37.5400640074108,127.097812029009
홈플러스익스프레스 구의2점,광진구,구의3동,서울특별시 광진구 아차산로 473 (구의동),미분류,준대규모점포,,232.07,,37.5405187287016,127.094283451142
홈플러스익스프레스 중곡2점,광진구,중곡4동,서울특별시 광진구 용마산로 10 (중곡동),미분류,준대규모점포,,235.8,,37.5545352784401,127.088841013335
화양제일골목시장,광진구,화양동,서울 광진구 아차산로29길 55 화양제일골목시장,전통시장,,골목형,11281.0,78.0,37.5433274515823,127.069091781451
(주) 이마트 신도림점,구로구,구로5동,"서울특별시 구로구 새말로 97 (구로동,외 31필지)",대형마트,대규모점포,,7337.0,,37.5070438414784,126.890227293528
(주)이마트 구로점,구로구,구로3동,서울특별시 구로구 디지털로32길 43 (구로동),대형마트,대규모점포,,9927.72,,37.4843992290119,126.897885833718
(주)이마트에브리데이 개봉동점,구로구,개봉2동,서울특별시 구로구 개봉로17길 34 (개봉동),미분류,준대규모점포,,860.0,,37.4917839337419,126.854071610666
가리봉시장,구로구,가리봉동,서울특별시 구로구 우마길 15 가리봉시장,전통시장,,골목형,8858.0,70.0,37.481544632003,126.888301516929
개봉입구골목상가 골목형상점가,구로구,개봉1동,서울 구로구 경인로35길 14 ~경인로35길 55 일대,상점가·골목형,,골목형,2711.0,35.0,37.498080603234,126.855233650175
개봉제일시장,구로구,개봉3동,서울특별시 구로구 개봉동 361번지 1   호,기타대규모점포,대규모점포,,2464.0,,37.48597288918805,126.8534169416715
개봉중앙 골목형상점가,구로구,개봉2동,서울 구로구 개봉로17길 7,상점가·골목형,,골목형,3294.0,59.0,37.4915634280067,126.855366542925
개봉중앙시장,구로구,개봉2동,서울특별시 구로구 개봉동 324번지 1   호,전통시장,,건물형,1515.0,21.0,37.4916802869823,126.853900726838
개봉프라자,구로구,고척2동,서울특별시 구로구 고척로40길 19 개봉프라자,전통시장,대규모점포,건물형,9974.0,99.0,37.5019571115168,126.85111989135
고척골목시장상점가,구로구,고척1동,서울특별시 구로구 중앙로10길 21 일대 고척골목시장상점가,상점가·골목형,,상점가,8452.0,62.0,37.5037679760117,126.863212054752
고척근린시장,구로구,고척2동,서울특별시 구로구 경인로33길 98-9 고척근린시장,전통시장,,골목형,6013.0,70.0,37.5022393691304,126.850527515761
고척산업용품상가,구로구,고척1동,"서울특별시 구로구 중앙로3길 50 (고척동, 고척산업용품종합상가)",복합쇼핑몰,대규모점포,,10705.0,,37.49908268620335,126.8608835155545
고척스카이프라자,구로구,고척1동,서울특별시 구로구 중앙로 64 (고척동),기타대규모점포,대규모점포,,6992.0,,37.5037992525197,126.862833580926
고척시장,구로구,고척1동,서울특별시 구로구 고척동 50번지 48  호,기타대규모점포,,,,,37.5038041766469,126.862806542147
고척아이파크쇼핑센터,구로구,고척1동,서울특별시 구로구 고척동 100-7,쇼핑센터,대규모점포,,40883.22,,37.4992104448107,126.857739315995
고척프라자,구로구,고척1동,서울특별시 구로구 중앙로10길 7 고척프라자,전통시장,,건물형,11965.0,16.0,37.5034895022417,126.862614065124
공구상가일번지,구로구,구로2동,서울특별시 구로구 구로동 636번지 62  호,기타대규모점포,,,,,37.5006189369136,126.877907121867
공구상가일번지관리단,구로구,구로2동,서울특별시 구로구 경인로54길 4 (구로동),복합쇼핑몰,대규모점포,,4881.0,,37.5005943395243,126.878081660483
구로시장,구로구,구로4동,서울특별시 구로구 구로동 736번지 1   호,전통시장,,골목형,5091.0,158.0,37.488554023766,126.885292742619
그라운드고척 골목형상점가,구로구,고척1동,"서울 구로구 경인로47길 6 경인로47길 일대 및 중앙로6길, 중앙로8길 일부 그라운드고척 골목형상점가",상점가·골목형,,골목형,14030.0,211.0,37.5000160158822,126.86732495519
극동종합상가 골목형상점가,구로구,구로4동,서울 구로구 구로중앙로7길 28,상점가·골목형,,건물형,1407.82,53.0,37.4912427177954,126.889449615
나인스에비뉴,구로구,구로5동,서울특별시 구로구 구로중앙로 134 (구로동),기타대규모점포,대규모점포,,15624.0,,37.4999880723052,126.884098218095
남구로시장,구로구,구로2동,서울특별시 구로구 구로동로28길 16-7(구로동) 일원 남구로시장,전통시장,,골목형,24544.0,182.0,37.4904934057885,126.885070184909
동국종합상가,구로구,고척1동,서울특별시 구로구 중앙로3길 49 (고척동),기타대규모점포,대규모점포,,1582.0,,37.4986344187166,126.861904402626
라이프공구상가,구로구,구로2동,서울특별시 구로구 구로중앙로 237 (구로동),기타대규모점포,대규모점포,,4495.0,,37.5063024786426,126.875491910062
라이프공구종합상가,구로구,구로2동,서울특별시 구로구 구로동 614번지 33  호,기타대규모점포,,,,,37.5062351932433,126.875339677515
배영설비(주),구로구,구로3동,서울특별시 구로구 구로동 169번지 2   호,기타대규모점포,,,,,37.489473426025,126.892394626217
사모아종합상가,구로구,구로1동,서울특별시 구로구 구일로10길 93 (구로동),기타대규모점포,대규모점포,,2762.0,,37.4958697211019,126.876938492422
서울구로기계공구상가,구로구,신도림동,서울특별시 구로구 구로중앙로 198 (구로동),기타대규모점포,대규모점포,,27535.0,,37.5041739048211,126.8801590087255
신도림 테크노마트,구로구,구로5동,"서울특별시 구로구 새말로 97 (구로동,외 31필지)",기타대규모점포,대규모점포,,45744.0,,37.5070438414784,126.890227293528
오류골먹자골목 골목형상점가,구로구,오류1동,서울 구로구 경인로23길 8,상점가·골목형,,건물형,4785.0,72.0,37.4968070489532,126.844061756641
오류버들시장 골목형상점가,구로구,오류2동,"서울 구로구 오류로8길 6 오류로8길 일대 및 오류로, 서해안로 일부 오류버들시장 골목형상점가",상점가·골목형,,골목형,25507.0,383.0,37.4909342031206,126.8410885381
오류시장,구로구,오류1동,서울특별시 구로구 오류동 38번지 7   호,전통시장,,건물형,3947.0,127.0,37.4965763600704,126.843629010176
이랜드리테일 NC구로점,구로구,구로5동,서울특별시 구로구 구로중앙로 152 (구로동),복합쇼핑몰,대규모점포,,49220.79,,37.5011601442131,126.882773011925
일이삼전자타운,구로구,고척1동,"서울특별시 구로구 경인로 393-7 (고척동, 123전자타운)",복합쇼핑몰,대규모점포,,32678.39,,37.4974421887122,126.86304887653
중앙유통단지,구로구,구로2동,서울특별시 구로구 경인로53길 15 (구로동),기타대규모점포,대규모점포,,70845.0,,37.5020321024364,126.876117278882
홈플러스 익스프레스 개봉점,구로구,개봉1동,"서울특별시 구로구 경인로 319 (개봉동,외 1필지 대림프라자 101호)",미분류,준대규모점포,,191.0,,37.497650067091,126.855572608384
홈플러스 익스프레스 서울구로점,구로구,구로1동,"서울특별시  구일로10길 27, B동 1층 (제118호,제119호,제121호~126호)",미분류,준대규모점포,,228.69,,37.4959404465654,126.872266560677
홈플러스 익스프레스 서울오류점,구로구,오류2동,"서울특별시 구로구 서해안로 2293 (오류동,외 2필지)",복합쇼핑몰,준대규모점포,,246.0,,37.4914452994457,126.839721489898
홈플러스(주) 신도림점,구로구,신도림동,"서울특별시 구로구 경인로 661, 신도림1차푸르지오 (신도림동)",대형마트,대규모점포,,11914.0,,37.5096619486431,126.887986372819
가산퍼블릭 상업시설,금천구,가산동,서울특별시 금천구 디지털로 178 (가산동),기타대규모점포,대규모점포,,18020.0,,37.4764394057239,126.887331650246
대명여울빛거리시장,금천구,시흥1동,서울특별시  시흥대로52길 70 대명여울빛거리시장,전통시장,,골목형,22929.0,218.0,37.4543759413967,126.901713654713
대명합동시장,금천구,시흥1동,서울특별시 금천구 시흥대로52길 70 (시흥동),기타대규모점포,,,,,37.4543759413967,126.901713654713
독산동 맛나는거리상점가,금천구,독산4동,서울특별시 시흥대로 398 ~ 독산로 247 독산동 맛나는거리상점가,상점가·골목형,,상점가,18021.0,153.0,37.4691811467996,126.898472431734
독산동 우시장,금천구,독산1동,서울특별시 범안로 1209 독산동 우시장,상점가·골목형,,상점가,18600.0,137.0,37.4668263458077,126.896282535304
럭키남서울상가,금천구,시흥1동,서울특별시 금천구 시흥대로47길 43 (시흥동),기타대규모점포,,,,,37.4506582868917,126.89895393993
롯데쇼핑(주) 금천 독산점,금천구,독산1동,"서울특별시 금천구 시흥대로 291(독산동, 금천롯데캐슬골드파크3차)",쇼핑센터,대규모점포,,31618.0,,37.4599560487863,126.896699156299
롯데쇼핑(주) 롯데마트맥스 금천점,금천구,독산1동,"서울특별시 금천구 두산로 71, 롯데마트 맥스 금천점 (독산동)",대형마트,대규모점포,,12561.0,,37.4706810310412,126.895648111983
롯데캐슬 골드파크 2차 마르쉐도르,금천구,독산1동,"서울특별시 금천구 벚꽃로 30 (독산동, 금천롯데캐슬골드파크2차)",기타대규모점포,대규모점포,,11464.0,,37.4582229148592,126.893710403536
롯데캐슬 골드파크 4차 마르쉐도르 960,금천구,독산1동,"서울특별시 금천구 시흥대로 315, 금천롯데캐슬골드파크4차 (독산동)",기타대규모점포,대규모점포,,4288.0,,37.4609911113644,126.896265163559
마리오아울렛 1관,금천구,가산동,서울특별시 금천구 디지털로 185 (가산동),쇼핑센터,대규모점포,,24253.99,,37.4781875545515,126.887154240101
마리오아울렛 3관,금천구,가산동,서울특별시 금천구 벚꽃로 266 (가산동),쇼핑센터,대규모점포,,32887.19,,37.4784775572043,126.885157102201
법원단지길 상점가,금천구,시흥4동,서울 금천구 독산로 136,상점가·골목형,,골목형,16341.74,91.0,37.4595006193821,126.905231291478
별빛남문시장,금천구,독산3동,서울특별시 금천구 시흥대로144길 17 별빛남문시장,전통시장,,골목형,13079.0,102.0,37.4737582256998,126.900422458432
비단길현대시장,금천구,시흥1동,서울특별시 금천구 독산로41길 7 비단길현대시장,전통시장,,골목형,23598.0,180.0,37.4598380529618,126.904342344121
시티렉스,금천구,독산1동,서울특별시 금천구 시흥대로 399 (독산동),쇼핑센터,대규모점포,,15648.38,,37.4693591753013,126.897001948519
시흥산업용재유통센타,금천구,시흥3동,서울특별시 금천구 시흥대로 109 (시흥동),기타대규모점포,,,,,37.4439622707847,126.903430605261
시흥산업용재유통센터,금천구,시흥3동,"서울특별시 금천구 시흥대로 97 (시흥동, 시흥유통상가)",기타대규모점포,대규모점포,,98983.0,,37.4446821230267,126.901072369386
시흥중앙철재상가,금천구,시흥3동,서울특별시 금천구 시흥대로 46 (시흥동),기타대규모점포,대규모점포,,0.0,,37.4377767300175,126.903781835304
아름다운 별장거리,금천구,시흥5동,서울 금천구 금하로24길 24 (시흥동),상점가·골목형,,상점가,20347.16,88.0,37.4499105467493,126.90836246801
유창상가,금천구,독산1동,서울특별시 금천구 범안로 1209 (독산동),기타대규모점포,,,,,37.4668263458077,126.896282535304
은행나무시장,금천구,시흥5동,서울특별시 금하로25길 1,전통시장,,골목형,2202.0,53.0,37.4512689176534,126.908832540484
정훈한마음골목시장,금천구,독산2동,"서울특별시 금천구 독산로64길,65길 일대 정훈한마음골목시장",상점가·골목형,,골목형,6814.0,100.0,37.466567864695,126.905658928702
주식회사 홈플러스익스프레스 가산점,금천구,가산동,서울특별시 금천구 가산로 106 (가산동),미분류,준대규모점포,,243.5,,37.4754448085701,126.893680931368
천리단길 상점가,금천구,시흥1동,서울 금천구 시흥대로63길 37 2층,상점가·골목형,,골목형,2891.7,45.0,37.4551098610849,126.897523309681
푸른터시장,금천구,독산3동,서울특별시 금천구 남부순환로120길 23 (독산동),기타대규모점포,,,4079.41,,37.4780680698689,126.901444084595
현대아울렛,금천구,가산동,서울특별시 금천구 디지털로10길 9 (가산동),쇼핑센터,대규모점포,,25015.45,,37.4776190161713,126.88905533739
홈플러스 주식회사,금천구,시흥1동,"서울특별시 금천구 시흥대로 201, 홈플러스테스테스코(주)시흥점 (시흥동)",대형마트,대규모점포,,0.0,,37.4519790161758,126.90079038873
홈플러스(주) 금천점,금천구,독산1동,"서울특별시 금천구 시흥대로 391, 홈플러스 금천점 (독산동)",대형마트,대규모점포,,29885.04,,37.4686638539154,126.896885338466
(주)이마트에브리데이 공릉동점,노원구,공릉2동,서울특별시 노원구 노원로1길 67 (공릉동),미분류,준대규모점포,,739.8,,37.6208254563305,127.083635681247
(주)이마트에브리데이 상계역점,노원구,중계4동,"서울특별시 노원구 덕릉로 690, 1층 (중계동)",미분류,준대규모점포,,500.84,,37.6591744841062,127.07566552892
(주)지에스리테일 GS수퍼상계점,노원구,상계9동,서울특별시 노원구 한글비석로 471 (상계동),미분류,준대규모점포,,1505.36,,37.6642116374435,127.065838887284
(주)지에스리테일 GS슈퍼 노원월계점,노원구,월계3동,서울특별시 노원구 마들로 31 (월계동),미분류,준대규모점포,,565.54,,37.6187253727752,127.067084588448
GS THE FRESH 공릉역점,노원구,공릉1동,"서울특별시 노원구 동일로192길 23, 1층 (공릉동)",미분류,준대규모점포,,262.8,,37.6263598183875,127.074127204284
GS THE FRESH 노원비석로점,노원구,상계5동,"서울특별시 노원구 한글비석로 452, 1층 (상계동)",미분류,준대규모점포,,294.21,,37.6640172283673,127.067865651859
GS THE FRESH 노원캐슬점,노원구,상계3.4동,"서울특별시 노원구 덕릉로 753, 노원롯데캐슬시그니처아파트 근린생활시설 2동 16,17호 (상계동)",미분류,준대규모점포,,158.34,,37.6658515931357,127.0763205024
건영옴니백화점,노원구,중계2.3동,서울특별시 노원구 중계동 506번지 1   호,백화점,대규모점포,,10292.0,,37.6388267772726,127.064754408777
공릉동도깨비시장,노원구,공릉1동,서울특별시 노원구 동일로180길 53 공릉동도깨비시장,전통시장,,골목형,15669.0,108.0,37.6228642982568,127.077159062429
공릉종합상가,노원구,공릉1동,"서울특별시 노원구 동일로180길 14 (공릉동, 공릉종합상가)",기타대규모점포,대규모점포,,5869.69,,37.6219534132134,127.075326139356
공릉철길 골목형상점가,노원구,공릉1동,서울 노원구 동일로186길 77-21,상점가·골목형,,골목형,0.0,55.0,37.6263957395599,127.076708683228
노원아이파크 상가,노원구,상계2동,서울특별시 노원구 상계로23다길 13-8 (상계동),기타대규모점포,대규모점포,,4572.81,,37.6598474260427,127.068904053591
롯데마트 중계점,노원구,중계1동,"서울특별시 노원구 노원로 330 (중계동, 롯데마트)",대형마트,대규모점포,,10479.0,,37.6467905319279,127.070940893709
롯데백화점 노원점,노원구,상계2동,서울특별시 노원구 동일로 1414 (상계동),복합쇼핑몰,대규모점포,,48227.17,,37.6552787315469,127.061391730931
롯데쇼핑(주) 롯데슈퍼공릉점,노원구,공릉2동,"서울특별시 노원구 공릉로 144 (공릉동, 공릉빌딩)",미분류,준대규모점포,,397.7,,37.6226202059241,127.079489105218
상계역전종합상가,노원구,상계5동,서울특별시 노원구 한글비석로 396 (상계동),쇼핑센터,대규모점포,,7863.67,,37.6623030184626,127.073581746977
상계역전종합상가 상점가,노원구,상계5동,서울특별시 노원구 한글비석로 396 상계역전종합상가 상점가,상점가·골목형,,상점가,14890.0,130.0,37.6623030184626,127.073581746977
상계주공15단지 상가 상점가,노원구,상계8동,서울특별시 노원구 동일로227길 26,상점가·골목형,,상점가,7856.79,42.0,37.6701880464645,127.054677638301
상계주공1단지 가상가 상점가,노원구,상계6.7동,서울특별시 노원구 덕릉로 459-37 상계주공1단지 가상가,상점가·골목형,,상점가,3015.0,48.0,37.6468005039827,127.059592952406
상계중앙시장,노원구,상계5동,서울특별시 노원구 상계로23나길 33 상계중앙시장,전통시장,,골목형,21428.0,59.0,37.6596476785532,127.070278351314
세이브존,노원구,하계1동,"서울특별시 노원구 한글비석로 57 (하계동, 세이브존)",기타대규모점포,대규모점포,,10209.0,,37.6366235844053,127.068915344466
오피앙,노원구,상계1동,"서울특별시 노원구 동일로 1701 (상계동, 희성오피앙)",기타대규모점포,대규모점포,,1615.8,,37.6803078379984,127.054886397111
와우패션클럽,노원구,상계2동,서울특별시 노원구 노해로 507 (상계동),복합쇼핑몰,대규모점포,,9769.24,,37.6554272387774,127.063889081054
유경데파트,노원구,중계본동,"서울특별시 노원구 한글비석로 232 (중계동, 유경데파트)",기타대규모점포,대규모점포,,0.0,,37.6484456633269,127.076938720805
이마트타운 월계점,노원구,월계3동,"서울특별시 노원구 마들로3길 15 (월계동, 월계이마트)",쇼핑센터,대규모점포,,38200.14,,37.6265093604229,127.061979778612
이천일아울렛 중계점,노원구,중계2.3동,서울특별시 노원구 동일로204가길 46 (중계동),복합쇼핑몰,대규모점포,,12287.0,,37.6412864943823,127.067907398806
중계 씨앤미상가 상점가,노원구,중계2.3동,서울 노원구 동일로204가길 34 씨앤미복합빌딩,상점가·골목형,,상점가,37726.13,110.0,37.6407495352012,127.068172151465
중계동 시영2단지 무지개종합상가 상점가,노원구,중계2.3동,"서울특별시 노원구 동일로 1280 중계그린아파트A,B상가",상점가·골목형,,상점가,1800.0,70.0,37.6434962139665,127.065740831728
중계동시영B상가상점가,노원구,중계2.3동,"서울특별시 노원구 동일로 1279 중계그린아파트A,B상가",상점가·골목형,,상점가,4121.0,77.0,37.6430702786721,127.064011517969
홈플러스(주) 중계점,노원구,중계2.3동,서울특별시 노원구 동일로204가길 12 (중계동),대형마트,대규모점포,,12840.0,,37.6398580838556,127.068668049616
홈플러스(주)익스프레스 공릉점,노원구,공릉1동,서울특별시 노원구 동일로 1101 (공릉동),미분류,준대규모점포,,324.4,,37.6282542576144,127.071009933961
홈플러스(주)익스프레스 중계점,노원구,중계1동,서울특별시 노원구 중계로 225 (중계동),미분류,준대규모점포,,1089.67,,37.6503840349218,127.074984978156
(주) 이마트 창동점,도봉구,창5동,서울특별시 도봉구 노해로65길 4 (창동),복합쇼핑몰,대규모점포,,4297.5,,37.651636123068,127.046699282846
(주)에브리데이리테일 창동점,도봉구,창2동,서울특별시 도봉구 도봉로104길 53 (창동),미분류,준대규모점포,,1095.47,,37.6433358929241,127.035021358294
(주)이마트에브리데이 창동점,도봉구,창2동,서울특별시 도봉구 도봉로104길 53 (창동),미분류,준대규모점포,,784.04,,37.6433358929241,127.035021358294
GS THE FRESH 방학신동아점,도봉구,방학3동,"서울특별시 도봉구 시루봉로 103-1, 1층 (방학동)",미분류,준대규모점포,,316.8,,37.6601019751337,127.027322087714
GS THE FRESH 창동점,도봉구,창5동,서울특별시 도봉구 해등로12길 3 (창동),미분류,준대규모점포,,292.8,,37.6537182124952,127.041366051473
금강아미움쇼핑센터,도봉구,쌍문2동,"서울특별시 도봉구 방학로5길 33, 금강아미움파크타운 (쌍문동, 금강아미움파크타운)",기타대규모점포,대규모점포,,3338.57,,37.6614180122621,127.038133956964
대우상가,도봉구,창2동,서울특별시 도봉구 덕릉로63가길 61 (창동),기타대규모점포,대규모점포,,3364.41,,37.6426063787029,127.037330634079
도봉산옛길골목형상점가,도봉구,도봉1동,서울 도봉구 도봉로181길 86 도봉산옛길 상점가,상점가·골목형,,상점가,10079.0,209.0,37.6856199768027,127.041760833805
도봉한신쇼핑상가,도봉구,도봉2동,서울특별시 도봉구 도봉로180나길 41 (도봉동),복합쇼핑몰,대규모점포,,4036.49,,37.6843445449287,127.049895811436
도봉한양프라자,도봉구,도봉2동,서울특별시 도봉구 마들로 724 (도봉동),기타대규모점포,대규모점포,,3629.76,,37.6745440831023,127.047662295599
롯데슈퍼 도봉캐슬점,도봉구,방학1동,"서울특별시 도봉구 도봉로150마길 34, 지하1층 B107~B126호 (방학동, 도봉 롯데캐슬 골든파크)",미분류,준대규모점포,,1001.2,,37.6678210038142,127.045527699838
롯데슈퍼 방학점,도봉구,방학3동,서울특별시 도봉구 방학로 223 (방학동),미분류,준대규모점포,,844.9,,37.6613189795285,127.027500354604
롯데슈퍼 쌍문점,도봉구,쌍문2동,서울특별시 도봉구 도당로 10 (쌍문동),복합쇼핑몰,준대규모점포,,705.1,,37.6590926475667,127.035308458179
롯데프레쉬 창동점,도봉구,창1동,서울특별시 도봉구 도봉로110길 65 (창동),미분류,준대규모점포,,197.7,,37.646419583413,127.037139346772
방학동도깨비시장,도봉구,방학2동,서울특별시 도봉구 도당로85-7 방학동도깨비시장,전통시장,,골목형,15243.0,85.0,37.6653144903956,127.036406382564
백운시장,도봉구,쌍문1동,서울특별시 도봉구 삼양로154길 40 백운시장,전통시장,,골목형,10267.0,60.0,37.6556167869628,127.015449287437
삼익쇼핑,도봉구,창2동,서울특별시 도봉구 덕릉로57길 30 (창동),기타대규모점포,대규모점포,,5648.26,,37.6400397743782,127.037235422814
신도봉시장,도봉구,도봉1동,서울특별시 도봉구 도당로27길 60 신도봉시장,전통시장,,골목형,15418.0,148.0,37.6700152469367,127.041123691711
신동아프라자,도봉구,방학3동,서울특별시 도봉구 방학로 223 (방학동),기타대규모점포,대규모점포,,2775.53,,37.6613189795285,127.027500354604
쌍리단길상점가,도봉구,창1동,서울특별시 도봉구 도봉로114길 22,상점가·골목형,,상점가,23435.0,117.0,37.6473734627308,127.035653272558
쌍문시장,도봉구,쌍문3동,서울특별시 도봉구 도봉로113길 23 쌍문시장,전통시장,,골목형,10736.0,101.0,37.6482435494519,127.032835682303
쌍문역둘러상점가,도봉구,쌍문3동,서울특별시 도봉구 도봉로109길 26,상점가·골목형,,상점가,18459.0,112.0,37.6470185554673,127.031911988916
오!도봉거리상점가,도봉구,도봉2동,서울특별시 도봉구 도봉로156길 6 오!도봉거리상점가,상점가·골목형,,상점가,12856.0,52.0,37.6726419478914,127.044636418251
창동골목시장,도봉구,창3동,서울특별시 도봉구 덕릉로54가길 17 창동골목시장,전통시장,,골목형,7325.0,59.0,37.6381871134487,127.03853222194
창동신창시장,도봉구,창2동,서울특별시 도봉구 덕릉로59마길 18-7 창동신창시장,전통시장,,골목형,11219.0,77.0,37.6404829329761,127.03677484385
창동역상점가,도봉구,창4동,"서울특별시 도봉구 마들로11가길 12, 노해로69길 21, 마들로11길 71 창동역상점가",상점가·골목형,,상점가,39951.0,70.0,37.6528132165075,127.048802690211
홈플러스(주)방학점,도봉구,방학1동,서울특별시 도봉구 도봉로 678 (방학동),대형마트,대규모점포,,15851.56,,37.6648108932287,127.04368647954
(주)형지쇼핑 아트몰링 장안점,동대문구,장안2동,서울특별시 동대문구 답십리로 288 (장안동),기타대규모점포,대규모점포,,11167.69,,37.5719341385201,127.072354312103
GS THE FRESH 경희대학교점,동대문구,회기동,서울특별시 동대문구 회기로21길 44 (회기동),미분류,준대규모점포,,193.0,,37.5932219276401,127.052968791173
GS THE FRESH 동대문장안점,동대문구,장안2동,"서울특별시 동대문구 장한로28가길 45, 희헌빌딩 (장안동)",미분류,준대규모점포,,307.23,,37.5750625285245,127.07257242454
GS THE FRESH 이문라그란데점,동대문구,이문1동,"서울특별시 동대문구 이문로35길 12, F동 101~4호 (이문동, 래미안라그란데아파트)",복합쇼핑몰,준대규모점포,,216.0,,37.599823362368,127.061241161796
GS THE FRESH 이문파크자이점,동대문구,이문1동,서울특별시 동대문구 이문로 120 (이문동),미분류,준대규모점포,,195.0,,37.5984702182265,127.062682937358
건강백화점 동의보감,동대문구,용두동,서울특별시 동대문구 용두동 787번지 동의보감타워,전문점,대규모점포,,6986.87,,37.5777970338388,127.037674668558
경동광성상가,동대문구,제기동,서울특별시 동대문구 고산자로 464,전통시장,,골목형,7159.0,85.0,37.5809910500697,127.038809530146
경동시장,동대문구,제기동,"서울특별시 동대문구 고산자로36길 3, 경동시장 (제기동)",전통시장,대규모점포,건물형,15540.7,714.0,37.5790377655561,127.039142935818
경희담길 골목형상점가,동대문구,회기동,서울 동대문구 경희대로1길 11,상점가·골목형,,골목형,7982.94,130.0,37.5916387344182,127.051476114964
노브랜드 경동시장점,동대문구,제기동,"서울특별시 동대문구 고산자로36길 3, 2층 (제기동)",미분류,준대규모점포,,441.1,,37.5790377655561,127.039142935818
노브랜드 동대문 장안점,동대문구,장안1동,서울특별시 동대문구 한천로 42 (장안동),대형마트,준대규모점포,,1478.96,,37.5659490042311,127.061727185544
답십리건축자재시장,동대문구,답십리1동,서울특별시 동대문구 고미술로 49,전통시장,,골목형,4612.0,111.0,37.567459850145,127.05348752395
답십리시장,동대문구,답십리2동,서울특별시 동대문구 답십리로51길 4-1 답십리시장상인회,전통시장,,골목형,3146.0,78.0,37.5731630208608,127.058690319351
답십리현대시장,동대문구,답십리2동,서울특별시 동대문구 전농로4길 38,전통시장,,골목형,1439.0,75.0,37.5667821026993,127.058648752117
대규모점포 개설등록,동대문구,이문1동,서울특별시 동대문구 이문1동 292-10,기타대규모점포,,,8286.24,,37.5984785520783,127.061915413884
동부시장,동대문구,답십리1동,서울특별시 동대문구 천호대로 281(답십리동),전통시장,대규모점포,건물형,1655.9,32.0,37.5675757498172,127.052209219835
동서시장,동대문구,제기동,서울특별시 동대문구 제기동 650호,전통시장,대규모점포,건물형,1813.0,34.0,37.5797955005312,127.041519048453
롯데백화점 청량리역사점,동대문구,전농1동,서울특별시 동대문구 왕산로 214 (전농동),복합쇼핑몰,대규모점포,,40346.6,,37.584197400389,127.05114503929
롯데쇼핑(주) 롯데슈퍼 장안점,동대문구,장안2동,서울특별시 동대문구 한천로46길 42 (장안동),복합쇼핑몰,준대규모점포,,769.5,,37.5814628804522,127.070706551458
롯데쇼핑(주) 롯데슈퍼 전농점,동대문구,전농2동,"서울특별시 동대문구 사가정로 148 (전농동, SK아파트)",미분류,준대규모점포,,1701.2,,37.5766590358858,127.061567688813
롯데쇼핑(주)롯데마트 청량리점,동대문구,전농1동,서울특별시 동대문구 왕산로 214 (전농동),백화점,대규모점포,,10910.6,,37.584197400389,127.05114503929
베라체캠퍼스 에비뉴,동대문구,회기동,서울특별시 동대문구  이문로  37 (회기동),기타대규모점포,대규모점포,,3824.55,,37.5908011291028,127.056117386349
불로장생타워,동대문구,제기동,서울특별시 동대문구 왕산로 117 (제기동),전문점,대규모점포,,13762.35,,37.5784958557261,127.036492900333
서울약령시장,동대문구,제기동,서울특별시 동대문구 약령중앙로 20 서울약령시협회,전통시장,,골목형,119630.0,1004.0,37.5801333900625,127.037141717657
서울풍물시장,동대문구,신설동,서울특별시 동대문구 천호대로4길 21 (신설동),기타대규모점포,대규모점포,,2448.0,,37.5727131853349,127.025502937291
신설동 들락거리 골목형상점가,동대문구,신설동,서울 동대문구 하정로3길 10,상점가·골목형,,골목형,61657.0,73.0,37.5755942823163,127.025980168367
용두시장,동대문구,신설동,서울특별시 동대문구 무학로37길 12(용두동),전통시장,대규모점포,건물형,1250.85,42.0,37.5784004900403,127.029551839637
이경시장,동대문구,휘경1동,서울특별시 동대문구 휘경로 53(휘경동),전통시장,대규모점포,건물형,2178.0,108.0,37.5945971682717,127.066557678724
이경재래시장,동대문구,휘경1동,서울특별시 동대문구 외대역동로12길 13 이경재래시장,전통시장,,골목형,0.0,70.0,37.5950169746364,127.065530008049
이마트에브리데이 답십리점,동대문구,답십리1동,서울특별시 동대문구 고미술로 49 (답십리동),미분류,준대규모점포,,967.51,,37.567459850145,127.05348752395
이마트에브리데이 이문점,동대문구,이문1동,서울특별시 동대문구 이문로 136 (이문동),복합쇼핑몰,준대규모점포,,2260.6,,37.5984917221,127.061885756308
이마트에브리데이 휘경자이점,동대문구,휘경1동,"서울특별시 동대문구 외대역동로 63-27, 상가동 201~203호 (휘경동, 휘경자이디센시아)",미분류,준대규모점포,,154.46,,37.5917863312852,127.061256881457
이문동웰츠타워,동대문구,이문1동,서울특별시 동대문구 이문로 136 (이문동),기타대규모점포,대규모점포,,8286.24,,37.5984917221,127.061885756308
이문제일시장,동대문구,이문1동,서울특별시 동대문구 이문로 136 (이문동),전통시장,대규모점포,건물형,1774.0,64.0,37.5984917221,127.061885756308
장안 마실 골목형상점가,동대문구,장안1동,서울 동대문구 답십리로66길 64 답십리로66길 일대,상점가·골목형,,골목형,488848.94,186.0,37.5699158800162,127.06690483945
장안위더스빌,동대문구,장안1동,서울특별시 동대문구 한천로 42 (장안동),기타대규모점포,대규모점포,,5746.45,,37.5659490042311,127.061727185544
장한평역  먹자 골목형상점가,동대문구,장안1동,서울특별시 동대문구 천호대로85길 27 (장안동),상점가·골목형,,골목형,19483.0,78.0,37.5632470417519,127.066475675972
전곡시장,동대문구,장안2동,서울특별시 동대문구 한천로 190(장안동),전통시장,대규모점포,건물형,809.0,15.0,37.5778937734441,127.068568992336
전곡시장 골목형상점가,동대문구,장안2동,서울 동대문구 한천로38나길 29,상점가·골목형,,골목형,2104.0,57.0,37.5774316132348,127.06863841701
전농로타리시장,동대문구,전농1동,서울특별시 동대문구 전농로 147 (전농동),전통시장,대규모점포,,4244.0,,37.5779860214922,127.057268822936
전농로터리시장,동대문구,전농1동,서울특별시 동대문구 전농로15길 7,전통시장,,건물형,4279.0,84.0,37.5781443526721,127.057027925032
전농프라자,동대문구,전농1동,서울특별시 동대문구 서울시립대로 36 (전농동),기타대규모점포,대규모점포,,10431.44,,37.5745726736618,127.046901294623
제기동 고대앞마을 골목형상점가,동대문구,제기동,서울 동대문구 안암로22길 6,상점가·골목형,,골목형,30487.0,120.0,37.5881774561274,127.035084378436
청량리농수산물시장,동대문구,제기동,서울특별시 동대문구 경동시장로 22,전통시장,,골목형,3613.0,120.0,37.5809191728524,127.040879572375
청량리수산시장,동대문구,용두동,서울특별시 동대문구 고산자로34길 48-1,전통시장,,골목형,2774.0,111.0,37.5780912120202,127.041171233981
청량리역 한양수자인 그라시엘 판매시설,동대문구,용두동,"서울특별시 동대문구 고산자로32길 78 (용두동, 청량리역한양수자인그라시엘)",기타대규모점포,대규모점포,,22487.6,,37.5775880431542,127.042841437254
청량리전통시장,동대문구,청량리동,서울특별시 동대문구 경동시장로2길 49-3,전통시장,,골목형,1066.0,63.0,37.5806195177813,127.043605992917
청량리종합시장,동대문구,제기동,서울특별시 동대문구 홍릉로1길 68-3 청량리종합시장,전통시장,,골목형,3086.0,138.0,37.580079408707,127.041247727028
청량리청과물시장,동대문구,제기동,서울특별시 동대문구 왕산로33길 6,전통시장,,골목형,7473.0,94.0,37.5797928232288,127.042460050072
청량리현대코아,동대문구,청량리동,서울특별시 동대문구 홍릉로 13 (청량리동),기타대규모점포,대규모점포,,19780.15,,37.5814442666027,127.044386962228
청량종합도매시장,동대문구,제기동,서울특별시 동대문구 약령시로 92-2 청량종합도매시장,전통시장,,골목형,1774.0,43.0,37.5828906339035,127.040100033737
하나로마트 외대역점,동대문구,이문1동,서울특별시 동대문구 이문로 120 (이문동),미분류,준대규모점포,,885.6,,37.5984702182265,127.062682937358
한솔동의보감,동대문구,제기동,서울특별시 동대문구 왕산로 109 (제기동),전문점,대규모점포,,7753.13,,37.5786078910308,127.036063895181
회기시장,동대문구,회기동,서울특별시 동대문구 회기로25길 11,전통시장,,골목형,5921.0,64.0,37.5909701503054,127.054979127858
회기역골목형상점가,동대문구,휘경1동,서울 동대문구 회기로28길 12-3,상점가·골목형,,골목형,14204.0,59.0,37.5891758798869,127.056010640964
(주)이마트에브리데이 대방동점,동작구,대방동,서울특별시 동작구 상도로 81 (대방동),복합쇼핑몰,준대규모점포,,331.34,,37.4999513063416,126.929559239366
(주)이마트에브리데이 사당동점,동작구,사당2동,"서울특별시 동작구 동작대로29길 110 (사당동, 신동아아파트)",기타대규모점포,준대규모점포,,671.98,,37.4898500181989,126.977778182947
(주)이마트에브리데이 상도동점,동작구,상도2동,서울특별시 동작구 상도로31길 19 (상도동),기타대규모점포,준대규모점포,,280.0,,37.5062358749024,126.944541781061
(주)이마트에브리데이 이수점,동작구,사당1동,"서울특별시 동작구 사당로 300 (사당동, 이수자이)",복합쇼핑몰,준대규모점포,,2355.0,,37.4844359490926,126.980308511151
GS THE FRESH 노량진역점,동작구,노량진1동,"서울특별시 동작구 만양로 93, 주영빌딩 B1층 (노량진동)",미분류,준대규모점포,,179.4,,37.5118036816925,126.944071659172
GS THE FRESH 동작구청점,동작구,상도2동,"서울특별시 동작구 상도로30길 40, 판매/근생시설동 1층 125~131호 (상도동, 상도2차두산위브트레지움아파트)",미분류,준대규모점포,,539.78,,37.5043182643342,126.942466980966
GS더프레시 동작상도점,동작구,상도1동,"서울특별시 동작구 상도로 346-1 (상도동, 상도엠코타운 센트럴파크)",미분류,준대규모점포,,251.33,,37.4967899772343,126.951667453182
강남시장(전통시장),동작구,상도1동,동작구 상도로 357 강남시장,전통시장,,건물형,2471.0,21.0,37.4969397553084,126.953540835787
남성사계시장(남성시장),동작구,사당2동,동작구 동작대로 129 일원 남성사계시장,전통시장,,골목형,10984.0,137.0,37.4882917952892,126.981882930793
남성역골목시장,동작구,사당4동,동작구 사당로16가길 19  일원 남성역골목시장,전통시장,,골목형,9021.0,71.0,37.482992107332,126.972337766472
노량진 드림스퀘어,동작구,노량진2동,"서울특별시 동작구 노들로2길 7, 노량진 드림스퀘어 복합빌딩 (노량진동)",기타대규모점포,대규모점포,,8995.84,,37.5141942939247,126.938586139882
노량진 만나로 골목형상점가,동작구,노량진1동,서울 동작구 만양로 92,상점가·골목형,,골목형,5818.0,54.0,37.5116122295125,126.944477404179
노량진수산시장골목형상점가,동작구,노량진2동,서울 동작구 노들로 674 노량진 수산물 도매시장,상점가·골목형,,건물형,118346.0,706.0,37.5148236866215,126.937975950622
대림쇼핑타운,동작구,대방동,서울특별시 동작구 대방동 501번지,전통시장,,,0.0,,37.5072946636747,126.924711747263
만양로상점가,동작구,노량진1동,동작구 만양로 92 일원 만양로상점가,전통시장,,상점가,0.0,30.0,37.5116122295125,126.944477404179
보라매다올길골목형상점가,동작구,대방동,서울 동작구 여의대방로24가길 5 일대,상점가·골목형,,골목형,13216.0,81.0,37.4984963013965,126.920786838835
본동인정시장,동작구,노량진1동,동작구 매봉로 177 본동인정시장,전통시장,,골목형,12176.0,91.0,37.5122304193481,126.951896721882
사당1동먹자골목상점가,동작구,사당1동,동작대로3길 14 일원 사당1동먹자골목상점가,상점가·골목형,,골목형,3063.0,81.0,37.4784595159624,126.980606741421
사당시장,동작구,사당4동,동작구 사당로 244 사당시장,전통시장,,건물형,3843.0,15.0,37.4828827584027,126.975337502836
상도도깨비골목형상점가,동작구,상도4동,서울특별시 동작구 상도로22가길 8,상점가·골목형,,상점가,9510.0,100.0,37.502319828362,126.936476954888
상도약수골목형상점가,동작구,상도4동,동작구 양녕로26길 10 일대 상도약수골목형상점가,상점가·골목형,,상점가,9867.0,102.0,37.4980142707233,126.944122542985
상도전통시장,동작구,상도1동,동작구 상도로37길 62 일원 상도전통시장,전통시장,,골목형,16463.0,73.0,37.4987447071542,126.952101467965
성대시장,동작구,상도3동,동작구 상도로 102 성대건물시장,전통시장,,건물형,6831.0,45.0,37.4999426964441,126.931776254273
성대전통시장,동작구,상도3동,국사봉1길 41 일원 성대전통시장,전통시장,,골목형,20290.0,100.0,37.4992177529756,126.930856713351
성대종합시장,동작구,상도3동,"서울특별시 동작구 상도로 102 (상도동, 성대시장)",기타대규모점포,대규모점포,,6373.0,,37.4999426964441,126.931776254273
숭실마루길 골목형상점가,동작구,상도1동,서울 동작구 사당로 28,상점가·골목형,,골목형,19783.0,120.0,37.4949351394814,126.957457993298
신노량진시장,동작구,노량진2동,동작구 장승배기로 123-6 신노량진시장,전통시장,,건물형,3512.0,123.0,37.5085457556011,126.939356358584
신대방1동 온누리길 골목형상점가,동작구,신대방1동,서울 동작구 신대방길 112-4,상점가·골목형,,골목형,7665.0,83.0,37.4905084649237,126.908611074479
이수미로 골목형상점가,동작구,사당2동,서울 동작구 동작대로27가길 5 동작대로 27가길 일대,상점가·골목형,,골목형,34288.0,183.0,37.4873524003965,126.98127947398
주식회사 홈플러스익스프레스 남성점,동작구,사당3동,서울특별시 동작구 사당로 215 (사당동),복합쇼핑몰,준대규모점포,,978.3,,37.4844593113614,126.972344800972
주식회사 홈플러스익스프레스 대방점,동작구,대방동,서울특별시 동작구 노량진로 4 (대방동),복합쇼핑몰,준대규모점포,,292.5,,37.5124124321853,126.926240355701
해가든프라자,동작구,흑석동,서울특별시 동작구 서달로 150 (흑석동),기타대규모점포,대규모점포,,5051.61,,37.5066265781961,126.962183786625
홈플러스 익스프레스 상도2점,동작구,노량진1동,서울특별시 동작구 만양로 26 (상도동),미분류,준대규모점포,,507.4,,37.5076264776599,126.949547851693
홈플러스 익스프레스 상도3점,동작구,상도4동,서울특별시 동작구  양녕로  170 (상도동),미분류,준대규모점포,,258.0,,37.4970019422426,126.943642572569
흑석시장 골목형상점가,동작구,흑석동,서울 동작구 서달로12길 19,상점가·골목형,,골목형,6227.0,154.0,37.5069279176098,126.962888587325
(주)이마트 마포점,마포구,공덕동,서울특별시 마포구  백범로  212 (신공덕동),대형마트,대규모점포,,5687.96,,37.5424315097987,126.953365521963
AK PLAZA 홍대,마포구,서교동,서울특별시 마포구 양화로 188 (동교동),쇼핑센터,대규모점포,,9747.1,,37.5577458058734,126.926498328277
GS THE FRESH 마포염리점,마포구,염리동,"서울특별시 마포구 대흥로24길 24, 마포 프레스티지 자이 아파트 단지 내 상가 A동 115~119호 (염리동)",미분류,준대규모점포,,250.8,,37.5539607082089,126.947610265434
GS THE FRESH 신촌숲아이파크점,마포구,신수동,"서울특별시 마포구 광성로 17, 상가동 127호 (신수동, 신촌숲아이파크)",미분류,준대규모점포,,323.62,,37.5503208717883,126.935286024774
YZ Park 홍대점,마포구,서교동,서울특별시 마포구 양화로 176 (동교동),전문점,대규모점포,,22471.9,,37.5572467836494,126.924986220455
공덕시장,마포구,공덕동,서울특별시 마포구 만리재로 19 (공덕동),전통시장,대규모점포,건물형,750.0,26.0,37.5447947887537,126.953258247848
도화동상점가,마포구,도화동,서울특별시 마포구 도화길 50-5,상점가·골목형,,상점가,5650.0,142.0,37.5419389732747,126.951233914447
동진시장,마포구,연남동,서울특별시 마포구 동교로46길 33,전통시장,,건물형,492.0,24.0,37.5622905805363,126.926589843395
롯데슈퍼 대흥점,마포구,용강동,서울특별시 마포구 큰우물로 3 (대흥동),복합쇼핑몰,준대규모점포,,414.5,,37.5453842026006,126.940228965734
롯데슈퍼 마포점,마포구,신수동,서울특별시 마포구 토정로 193 (구수동),쇼핑센터,준대규모점포,,1561.5,,37.5458361570522,126.932559379744
마포농수산물시장,마포구,성산2동,서울특별시 마포구 월드컵로 235 (성산동),전통시장,대규모점포,건물형,12337.24,146.0,37.5651993471439,126.898482842617
마포시장,마포구,공덕동,"서울특별시 마포구 마포대로6길 16, 마포시장 (공덕동)",전통시장,대규모점포,건물형,1689.0,78.0,37.5453920849814,126.953318640844
마포종합시장(서강한화오벨리스크),마포구,서강동,서울특별시 마포구 창전로 45 (창전동),기타대규모점포,대규모점포,,3992.0,,37.5468832250067,126.931961062749
망원동월드컵시장,마포구,망원2동,서울특별시 마포구 망원로7길 일대 망원동월드컵시장,전통시장,,골목형,5473.39,50.0,37.555998615468,126.89772211956
망원시장,마포구,망원1동,서울특별시 마포구 망원로8길 일대 망원시장,전통시장,,골목형,11159.9,88.0,37.5557295599462,126.897805669982
방울내길 골목형상점가,마포구,망원2동,서울 마포구 방울내로 53 서울특별시 마포구 방울내로53~80,상점가·골목형,,상점가,3033.9,77.0,37.5595705565914,126.901572359078
상암동상점가,마포구,상암동,서울특별시 마포구 월드컵북로44길 33 상암동상점가,상점가·골목형,,상점가,5558.36,175.0,37.5762925770052,126.895488572674
서교시장,마포구,서교동,서울특별시 마포구 홍익로3길 20 (서교동),전통시장,,건물형,0.0,48.0,37.5535160625816,126.921715374089
성산시장,마포구,망원2동,서울 마포구 망원동 517,전통시장,,,0.0,,37.558489695079,126.90630246749
성산프라자(마포영화블렌하임),마포구,망원2동,서울특별시 마포구 월드컵로25길 26 (망원동),기타대규모점포,대규모점포,,3060.29,,37.5585307790582,126.906300605198
스타피카소 아울렛,마포구,서교동,서울특별시 마포구 양화로 176 (동교동),전문점,,,6884.25,,37.5572467836494,126.924986220455
신수시장,마포구,신수동,서울특별시 마포구 토정로17길 17 신수시장,전통시장,,건물형,1092.0,0.0,37.5454425930574,126.935612516564
아현동손기정길골목형상점가,마포구,공덕동,서울 마포구 손기정로1길 24,상점가·골목형,,골목형,1787.29,36.0,37.5585249259131,126.961514609505
아현시장,마포구,아현동,서울특별시 마포구 마포대로21길 70 일대 아현시장,전통시장,,골목형,18849.35,148.0,37.5561176910957,126.955264321958
연남동골목형상점가,마포구,연남동,서울 마포구 동교로 268 1층,상점가·골목형,,골목형,10315.2,179.0,37.5632966787426,126.925654965044
영진시장,마포구,서교동,서울특별시 마포구 동교로12길 21 (서교동),전통시장,,건물형,0.0,42.0,37.5534648656176,126.912692130868
용강동상점가,마포구,용강동,서울특별시 마포구 토정로 315 일대 용강동상점가,상점가·골목형,,상점가,67311.38,108.0,37.5399466077937,126.944149311847
정도진흥기업(주),마포구,서교동,서울특별시 마포구  신촌로  94 (노고산동),기타대규모점포,대규모점포,,6592.35,,37.5549939272318,126.936001762116
주식회사 홈플러스익스프레스 용강점,마포구,용강동,서울특별시 마포구 토정로 282 (용강동),전문점,준대규모점포,,230.7,,37.5415493654341,126.940757959249
합정시장,마포구,합정동,서울특별시 마포구 양화진길 5 (합정동),전통시장,대규모점포,건물형,0.0,8.0,37.5482111497934,126.913186328313
홈플러스 합정점,마포구,서교동,"서울특별시 마포구 양화로 45 (서교동, 메세나폴리스)",대형마트,대규모점포,,14201.0,,37.5515008030203,126.91395024016
홈플러스(주)월드컵점,마포구,성산2동,"서울특별시 마포구 월드컵로 240 (성산동,월드컵경기장내)",대형마트,대규모점포,,17687.3,,37.5682884450841,126.897273034482
홈플러스익스프레스 도화점,마포구,도화동,"서울특별시 마포구 도화4길 73 (도화동, 현대홈타운)",기타대규모점포,준대규모점포,,377.72,,37.5387973746028,126.951252480123
홈플러스익스프레스 연남점,마포구,연남동,"서울특별시 마포구 연남로 30 (연남동, 코오롱하늘채아파트)",복합쇼핑몰,준대규모점포,,158.07,,37.5627107408645,126.921856968358
홍대걷고싶은거리상점가,마포구,서교동,서울특별시 마포구 어울마당로 109,상점가·골목형,,상점가,5135.0,192.0,37.554769270953,126.922688929419
홍대레드로드골목형상점가,마포구,서교동,서울 마포구 잔다리로 8-3 잔다리로 8-3 일대,상점가·골목형,,골목형,3845.3,91.0,37.551070159335,126.922041815521
홍대소상공인상점가,마포구,서교동,서울특별시 마포구 홍익로3길 37 홍대소상공인상점가,상점가·골목형,,상점가,4019.0,168.0,37.5527187231303,126.921645251011
(주)GS리테일 북가좌점,서대문구,북가좌2동,서울특별시 서대문구 응암로 54 (북가좌동),복합쇼핑몰,준대규모점포,,1273.2,,37.5778922395463,126.910204528429
DMC금호리첸시아몰,서대문구,남가좌1동,"서울특별시 서대문구 수색로2길 39, B1,1,2층 (남가좌동, DMC금호리첸시아)",기타대규모점포,대규모점포,,7391.45,,37.5713138623931,126.915904667901
GS THE FRESH 남가좌디엠씨점,서대문구,남가좌2동,"서울특별시 서대문구 거북골로 100, 지하3층 32,33,34,35호 (남가좌동, 래미안 루센티아)",미분류,준대규모점포,,216.08,,37.5757256799627,126.918353630124
GS THE FRESH 신촌이대역점,서대문구,신촌동,"서울특별시 서대문구 이화여대길 50-12, 상가동 1층 101호 (대현동, 신촌럭키아파트)",기타대규모점포,준대규모점포,,275.04,,37.5594539604684,126.946519557644
GS THE FRESH 홍제해링턴점,서대문구,홍제3동,"서울특별시 서대문구 세무서8길 30, 32동 1호 (홍제동, 홍제역해링턴플레이스)",미분류,준대규모점포,,237.6,,37.5906020621487,126.946917348053
경찰청골목형상점가,서대문구,충현동,서울 서대문구 통일로 107-23 일대,상점가·골목형,,골목형,1807.17,43.0,37.5642752953797,126.966962723321
남이동길골목형상점가,서대문구,남가좌2동,서울 서대문구 모래내로 247,상점가·골목형,,골목형,0.0,85.0,37.5758638445972,126.92578782702
롯데슈퍼 남가좌점,서대문구,남가좌2동,"서울특별시 서대문구 거북골로 120(남가좌동, DMC센트레빌)",복합쇼핑몰,준대규모점포,,288.3,,37.5754832622486,126.916097519773
롯데슈퍼 유진점,서대문구,홍은1동,"서울특별시 서대문구 통일로 484, 유진상가 1층 (홍제동)",미분류,준대규모점포,,2040.0,,37.5915743346223,126.943075962755
롯데슈퍼 유진점(X),서대문구,홍은1동,"서울특별시 서대문구 통일로 484, 유진상가 (홍제동)",미분류,준대규모점포,,0.0,,37.5915743346223,126.943075962755
롯데슈퍼 창천점,서대문구,신촌동,"서울특별시 서대문구 신촌로 13, 아륭빌딩 (창천동)",미분류,준대규모점포,,357.0,,37.5584060442027,126.928532956302
롯데슈퍼 홍제2점,서대문구,홍제1동,"서울특별시 서대문구 통일로 397, 지4층 (홍제동, 인왕산 한신휴플러스)",복합쇼핑몰,준대규모점포,,1573.0,,37.5852185401096,126.947518964239
롯데프레시 홍은점,서대문구,홍은2동,서울특별시 서대문구 가좌로 99(홍은동),미분류,준대규모점포,,178.5,,37.5815985096182,126.926538623756
백련시장,서대문구,남가좌2동,서울특별시 서대문구 가재울로6길 53-87 백련시장,전통시장,,건물형,6865.0,32.0,37.5770014321492,126.923101000154
신촌 밀리오레,서대문구,신촌동,서울특별시 서대문구 신촌역로 30 (신촌동),기타대규모점포,,,13436.59,,37.5598241279561,126.942386979371
연희사러가,서대문구,연희동,서울특별시 서대문구 연희맛로 23 사러가쇼핑센터,전통시장,,건물형,3719.0,34.0,37.5671545853414,126.929661150132
연희슈퍼마켓,서대문구,연희동,서울특별시 서대문구 연희맛로 23 (연희동),전통시장,대규모점포,,3305.0,,37.5671545853414,126.929661150132
영천시장,서대문구,천연동,서울특별시 서대문구 영천시장길 27 영천시장,전통시장,,골목형,0.0,86.0,37.570900236913,126.961082170141
예스에이피엠,서대문구,신촌동,서울특별시 서대문구 이화여대1길 10 (대현동),기타대규모점포,,,14133.01,,37.5576463618721,126.944912043171
유진상가,서대문구,홍은1동,서울특별시 통일로 484 (유진상가),전통시장,대규모점포,건물형,6606.0,62.0,37.5915743346223,126.943075962755
이마트에브리데이 남가좌점,서대문구,남가좌1동,"서울특별시 서대문구 수색로2길 39(남가좌동, DMC금호리첸시아)",미분류,준대규모점포,,1133.21,,37.5713138623931,126.915904667901
이마트에브리데이 명지대점,서대문구,남가좌2동,"서울특별시 서대문구 거북골로 34, 명지대학교 (남가좌동)",미분류,준대규모점포,,998.27,,37.5803770223812,126.921348530876
이마트에브리데이 홍은점,서대문구,홍은1동,서울특별시 서대문구 홍은중앙로 89(홍은동),미분류,준대규모점포,,483.79,,37.5990276988425,126.947351976886
인왕시장,서대문구,홍제3동,서울특별시 서대문구 인왕시장길 18 인왕시장,전통시장,,건물형,4321.0,149.0,37.5910889868799,126.94348564908
포방터시장,서대문구,홍은1동,서울특별시 서대문구 포방터길 46 포방터시장,전통시장,,골목형,7310.0,66.0,37.5987034942068,126.949137075818
현대백화점 신촌점,서대문구,신촌동,서울특별시 서대문구 신촌로 83 (창천동),백화점,대규모점포,,35471.76,,37.5560830579515,126.935844876509
홈플러스(주) 익스프레스 북가좌점,서대문구,북가좌2동,서울특별시 서대문구 응암로 112 (북가좌동),미분류,준대규모점포,,232.7,,37.5824489279945,126.913589367782
홍제골목형상점가,서대문구,홍제3동,서울 서대문구 통일로40안길 5 홍제골목형상점가,상점가·골목형,,골목형,3862.56,48.0,37.5905201608763,126.943611986987
(주)이랜드리테일 강남점,서초구,반포3동,"서울특별시 서초구 잠원로 51, 뉴코아백화점 (잠원동)",대형마트,대규모점포,,3752.0,,37.5092394548535,127.007438594863
(주)이마트 양재점,서초구,양재2동,"서울특별시 서초구 매헌로 16 (양재동,하이브랜드 지하1층)",대형마트,대규모점포,,9250.0,,37.462467348157,127.036947909974
GS THE FRESH 방배중앙점,서초구,방배본동,서울특별시 서초구 동광로 35 (방배동),미분류,준대규모점포,,297.5,,37.4915535380568,126.986657153685
강남터미널지하도상점가(고투몰),서초구,반포3동,서울 서초구 신반포로 지하 200 강남터미널지하쇼핑몰,상점가·골목형,,지하도상가,31125.0,619.0,37.5062203134857,127.005051680109
고속터미널역지하철역상점가(엔터식스 강남점),서초구,반포4동,서울 서초구 신반포로 지하 188 강남고속터미널역,상점가·골목형,,지하도상가,6524.0,31.0,37.5049267445237,127.004949918697
교보타워 지하아케이드,서초구,서초4동,서울특별시 서초구 강남대로 465 (서초동),전문점,대규모점포,,5546.0,,37.5037560541254,127.024109539913
국제전자도매센타,서초구,서초1동,서울특별시 서초구 효령로 304 (서초동),전문점,대규모점포,,33736.0,,37.4847315992014,127.017803806463
남부종합시장,서초구,방배본동,서울특별시 서초구 방배중앙로 27길 17 남부종합시장,전통시장,,건물형,5975.0,123.0,37.4949921884119,126.98480561465
뉴코아백화점,서초구,반포3동,"서울특별시 서초구 잠원로 37-6 (잠원동, 뉴코아백화점빌딩)",백화점,대규모점포,,12595.0,,37.5083720223392,127.007978232724
뉴코아아울렛,서초구,반포3동,서울특별시 서초구 잠원로 51 (잠원동),전문점,대규모점포,,15065.56,,37.5092394548535,127.007438594863
대림서초리시온,서초구,서초1동,서울특별시 서초구 서초중앙로22길 25 (서초동),기타대규모점포,대규모점포,,3001.0,,37.4934680144084,127.015430187136
롯데쇼핑(주) 롯데마트 서초점,서초구,서초3동,"서울특별시 서초구 서초대로38길 12 (서초동, 마제스타시티, 힐스테이트 서리풀)",대형마트,대규모점포,,12066.12,,37.4904950346372,127.005381592272
롯데쇼핑(주)롯데슈퍼 방배점,서초구,방배본동,서울특별시 서초구 방배중앙로 198 (방배동),미분류,준대규모점포,,249.9,,37.4968086380874,126.985687873559
롯데슈퍼 방배2점,서초구,방배4동,서울특별시 방배로33길 29,미분류,준대규모점포,,1049.58,,37.4912422359315,126.989270518102
말죽거리 골목형상점가,서초구,양재1동,서울 서초구 남부순환로356길 49 코사마트,상점가·골목형,,상점가,14870.0,106.0,37.4828525417245,127.038586855457
무지개쇼핑,서초구,서초2동,서울특별시 서초구 사임당로 151 (서초동),기타대규모점포,대규모점포,,5408.0,,37.4920676848724,127.025692827371
무지개종합상가,서초구,서초2동,"서울특별시 서초구 효령로 391 (서초동, 무지개아파트)",기타대규모점포,대규모점포,,4516.0,,37.4893225494193,127.024591003338
반포프라자,서초구,반포본동,서울특별시 서초구 신반포로3길 8 (반포동),기타대규모점포,대규모점포,,2803.0,,37.5021389516353,126.986903961393
방배종합시장,서초구,방배2동,서울특별시 서초구 방배천로16길 18 (방배동),기타대규모점포,대규모점포,,3080.0,,37.4820775787054,126.984021088378
서초쇼핑,서초구,서초4동,서울특별시 서초구 고무래로 90-7 (서초동),기타대규모점포,대규모점포,,2008.0,,37.4999223644377,127.01745084134
서초쇼핑 골목형상점가,서초구,서초4동,서울 서초구 고무래로 90-7 서초쇼핑,상점가·골목형,,건물형,8610.38,89.0,37.4999223644377,127.01745084134
신동아종합상가,서초구,서초2동,서울특별시 서초구 서초동 1333,기타대규모점포,대규모점포,,1932.0,,37.4921492413041,127.023903060191
신반포종합시장,서초구,반포2동,서울특별시 서초구 신반포로15길 29 (반포동),기타대규모점포,대규모점포,,9564.0,,37.5054705759651,126.99469582286
신사쇼핑,서초구,잠원동,서울특별시 서초구 나루터로 37 (잠원동),기타대규모점포,대규모점포,,3138.0,,37.515442791053,127.014193635419
신세계백화점 강남점,서초구,반포4동,서울특별시 서초구 신반포로 176 (반포동),백화점,대규모점포,,64948.72,,37.5039351769908,127.002413006799
아크로비스타 아케이드,서초구,서초4동,서울특별시 서초구 서초중앙로 188 (서초동),기타대규모점포,대규모점포,,6973.0,,37.4973504144781,127.013538045649
양재시장,서초구,양재1동,서울특별시 서초구 남부순환로 356길 15 양재종합시장,전통시장,,건물형,2525.0,30.0,37.4843108450591,127.03796596878
엘루체,서초구,반포본동,서울특별시 서초구 신반포로 23 (반포동),기타대규모점포,대규모점포,,4950.0,,37.5017471400893,126.987231771183
이마트에브리데이 양재역점,서초구,양재1동,서울특별시 서초구 남부순환로356길 49 (양재동),미분류,준대규모점포,,244.62,,37.4828525417245,127.038586855457
이수시장,서초구,방배4동,서울특별시 서초구 방배로33길 29 (방배동),기타대규모점포,대규모점포,,6446.23,,37.4912422359315,126.989270518102
코스트코코리아,서초구,양재2동,서울특별시 서초구 양재대로 159 (양재동),대형마트,대규모점포,,9977.11,,37.4619732088672,127.03615282356
터미널상가,서초구,반포4동,서울특별시 서초구 신반포로 194 (반포동),기타대규모점포,대규모점포,,56379.9,,37.5064357442307,127.006834366246
하이브랜드,서초구,양재2동,서울특별시 서초구 매헌로 16 (양재동),기타대규모점포,대규모점포,,34765.0,,37.462467348157,127.036947909974
한양스토아,서초구,반포1동,서울특별시 서초구 서초중앙로 220 (반포동),기타대규모점포,대규모점포,,1256.0,,37.5015109280322,127.012471661634
(주)이마트 왕십리점,성동구,행당1동,서울특별시 성동구 왕십리광장로 17 (행당동),대형마트,대규모점포,,11573.0,,37.5614417528647,127.038394194396
ENTER-6,성동구,행당1동,"서울특별시 성동구 왕십리광장로 17, 왕십리민자역사 (행당동)",기타대규모점포,대규모점포,,7960.0,,37.5614417528647,127.038394194396
GS THE FRESG 서울숲점,성동구,성수1가2동,"서울특별시 성동구 왕십리로 109, 성수만세주유소 1층 (성수동1가)",미분류,준대규모점포,,158.8,,37.5474892689015,127.044293718377
GS THE FRESH 성동센트라스점,성동구,왕십리도선동,"서울특별시 성동구 왕십리로 410, 상가(L)동 지하1층 B102,B103호 (하왕십리동, 센트라스)",미분류,준대규모점포,,467.23,,37.5666029325047,127.024082467223
GS THE FRESH 성동옥수점,성동구,옥수동,"서울특별시 성동구 독서당로 223, 래미안 옥수 리버젠 상가 상가동 423~428호 (옥수동)",미분류,준대규모점포,,302.0,,37.5442707521164,127.015191933825
GS THE FRESH 성동텐즈힐점,성동구,왕십리도선동,"서울특별시 성동구 마장로 137, 221동 1층 1230호,1231호,1232(일부)호 (상왕십리동, 텐즈힐)",미분류,준대규모점포,,327.3,,37.5678250213489,127.025053595952
금남시장,성동구,금호2.3가동,서울특별시 성동구 금호산2길 32 2층,전통시장,,골목형,3356.4,109.0,37.5486173439164,127.023032411173
대림리빙프라자,성동구,행당2동,"서울특별시 성동구 행당로 87, 행당동 대림아파트 (행당동)",기타대규모점포,대규모점포,,4049.55,,37.5572921201611,127.028544269386
뚝도시장,성동구,성수2가1동,서울특별시 성동구 성수이로 32-15 뚝도시장,전통시장,,골목형,5141.0,51.0,37.5379675891974,127.054635145613
뚝섬역상점가,성동구,성수1가2동,서울 성동구 아차산로 35 뚝섬역3번 출구 옆 허브플랫폼,상점가·골목형,,상점가,3576.0,65.0,37.5470476591402,127.048498280476
마장축산물시장,성동구,마장동,"서울특별시 성동구 마장로31길 40 (마장동,일대)",전통시장,,골목형,25910.0,781.0,37.5697939821181,127.038406518156
무신사 캠퍼스 S1,성동구,성수2가1동,"서울특별시 성동구 성수이로 62, 무신사 성수 S1 (성수동2가)",전문점,대규모점포,,5234.64,,37.5403623257773,127.05585778727
사근살곶이골목형상점가시장,성동구,사근동,서울 성동구 사근동길 55 사근동길 일대,상점가·골목형,,골목형,19656.88,71.0,37.5609487302023,127.047096819673
성동삼성쉐르빌상가,성동구,왕십리도선동,서울특별시 성동구 무학로6길 50 (도선동),기타대규모점포,대규모점포,,7717.09,,37.5645961982208,127.035023853624
성동용답상가시장,성동구,용답동,서울특별시 성동구 용답중앙길 59 성동용답상가시장,전통시장,,골목형,29118.0,162.0,37.5641779494748,127.052535202697
성수역골목형상점가,성동구,성수2가3동,서울 성동구 성수일로12길 26 서울숲 코리아IT센터 B101호,상점가·골목형,,상점가,7596.4,318.0,37.5478797810661,127.053792307183
송정벚꽃골목형상점가,성동구,송정동,서울 성동구 광나루로11길 38 광나루로11길 일대,상점가·골목형,,골목형,20075.54,138.0,37.5510025724502,127.067756143825
신금호역골목형상점가,성동구,금호2.3가동,서울특별시 성동구 금호로149 지하1층,상점가·골목형,,상점가,4366.1,111.0,37.5542289068731,127.020271395072
왕십리도선동상점가,성동구,왕십리도선동,서울특별시 성동구 무학로2길 32,상점가·골목형,,상점가,9860.0,155.0,37.5631930588256,127.033214952069
왕십리무학봉상점가,성동구,왕십리2동,서울특별시 성동구 무학봉16길 6 102호,상점가·골목형,,상점가,4241.0,126.0,37.5608510686215,127.031684037665
자동차매매센타,성동구,용답동,"서울특별시 성동구 자동차시장1길 70 (용답동, 장안평중고자동차시장)",전문점,대규모점포,,0.0,,37.5603689173112,127.065148790474
주식회사 홈플러스 익스프레스 금호2점,성동구,금호2.3가동,"서울특별시 성동구 동호로 100 (금호동3가, 두산아파트)",백화점,준대규모점포,,578.96,,37.5513284722706,127.016416476579
주식회사 홈플러스 익스프레스 금호점,성동구,금호1가동,"서울특별시 성동구 행당로 6, 신세계오피스텔 (금호동1가)",쇼핑센터,준대규모점포,,293.34,,37.5544764185936,127.020746218188
주식회사 홈플러스 익스프레스 왕십리점,성동구,왕십리2동,"서울특별시 성동구 왕십리로 333, 유성빌딩 (하왕십리동)",복합쇼핑몰,준대규모점포,,264.3,,37.562723999259,127.032571064368
파크에비뉴 엔터식스 한양대점,성동구,사근동,서울특별시 성동구 왕십리로 241 (행당동),복합쇼핑몰,대규모점포,,13996.64,,37.5571686563914,127.040104919932
한남하이츠상가,성동구,옥수동,"서울특별시 성동구 독서당로 160, 한남하이츠아파트 (옥수동)",미분류,대규모점포,,0.0,,37.5402350277221,127.011739689498
한양대앞상점가,성동구,사근동,서울특별시 성동구 마조로1길 28 6층,상점가·골목형,,상점가,6568.0,81.0,37.5597541157754,127.039427000121
한진종합상가,성동구,행당2동,"서울특별시 성동구 행당로 84, 행당 한진타운 종합상가 (행당동)",기타대규모점포,대규모점포,,5873.69,,37.556567759443,127.028745897371
행당시장상점가,성동구,행당1동,서울특별시 성동구 무학봉16길 20 행당시장상점가,상점가·골목형,,상점가,4180.0,107.0,37.5600875477578,127.032734028203
홈플러스(주) 익스프레스 금호점,성동구,금호1가동,서울특별시 성동구 행당로 6 (금호동1가),미분류,준대규모점포,,293.34,,37.5544764185936,127.020746218188
홈플러스(주) 익스프레스 왕십리점,성동구,왕십리2동,서울특별시 성동구 왕십리로 333 (하왕십리동),미분류,준대규모점포,,264.3,,37.562723999259,127.032571064368
홈플러스(주) 익프스레스 금호2점,성동구,금호2.3가동,서울특별시 성동구 동호로 100 (금호동3가),미분류,준대규모점포,,578.96,,37.5513284722706,127.016416476579
GS더프레시 길음뉴타운점,성북구,길음1동,"서울특별시 성북구 길음로 33 (길음동, 길음뉴타운8단지아파트)",미분류,준대규모점포,,202.0,,37.6050832927232,127.022078590713
GS더프레시 동소문점,성북구,돈암2동,"서울특별시 성북구 성북로4길 52 (돈암동, 한진아파트)",미분류,준대규모점포,,1202.0,,37.5944725333435,127.012706037821
GS더프레시 성북돈암점,성북구,돈암2동,"서울특별시 성북구 북악산로 844 (돈암동, 돈암이수브라운스톤아파트)",미분류,준대규모점포,,331.0,,37.5973870636459,127.019322962491
GS더프레시 성북보문점,성북구,보문동,"서울특별시 성북구 보문사길 111 (보문동6가, 보문파크뷰자이)",미분류,준대규모점포,,301.45,,37.5828731138796,127.017891118296
GS더프레시 성북정릉점,성북구,정릉4동,"서울특별시 성북구 솔샘로25길 20, 정릉풍림아이원 (정릉동)",미분류,준대규모점포,,201.6,,37.6169493934888,127.00812256797
GS더프레시 성북클라시아점,성북구,길음2동,"서울특별시 성북구 숭인로8길 80, 롯데캐슬클라시아 상가 101~104호 (길음동)",미분류,준대규모점포,,186.6,,37.6094762808222,127.027110004518
길음시장,성북구,길음1동,서울특별시 성북구 동소문로227 길음동,전통시장,대규모점포,건물형,11425.84,87.0,37.6028299113795,127.021618036402
꿈의숲장곡골목형상점가,성북구,석관동,서울특별시 성북구 돌곶이로39길 꿈의숲장곡골목형상점가,상점가·골목형,,골목형,2849.0,66.0,37.6076058833139,127.060114792309
돈암시장,성북구,삼선동,서울 성북구 동소문로18길 18 돈암시장,전통시장,,골목형,13867.0,105.0,37.5915365320592,127.015918269488
돌곶이시장,성북구,석관동,서울특별시 성북구 한천로 73길 22 돌곶이시장,전통시장,,골목형,7150.0,80.0,37.6097792351779,127.062228985347
동소문스카이상가,성북구,돈암2동,"서울특별시 성북구 성북로4길 52 (돈암동, 한신한진아파트)",기타대규모점포,대규모점포,,14370.0,,37.5944725333435,127.012706037821
동소문스카이프라자,성북구,돈암2동,서울특별시 성북구 돈암동 609번지 1  호,기타대규모점포,,,,,37.5941783218836,127.010321322145
롯데슈퍼 장위점,성북구,장위3동,서울특별시 성북구 월계로40길 7 (장위동),미분류,준대규모점포,,685.6,,37.6229729783825,127.048309344122
롯데슈퍼 정릉점,성북구,정릉1동,서울특별시 성북구 정릉로 307 (정릉동),미분류,준대규모점포,,257.0,,37.6032285064084,127.017866208389
미아시장,성북구,길음2동,서울특별시 성북구 하월곡동 88-1,기타대규모점포,,,,,37.6072838820648,127.030863620803
밤나무골시장,성북구,월곡1동,서울특별시 성북구 오패산로 79 밤나무골시장,전통시장,,골목형,0.0,28.0,37.6091352059453,127.035756080813
배밭골골목형상점가,성북구,정릉3동,서울특별시 성북구 정릉로10길 33,상점가·골목형,,골목형,3061.0,64.0,37.6077320152431,126.999712678328
번동시장,성북구,장위3동,서울특별시 성북구 장위동 301호,기타대규모점포,,,,,37.6213190964154,127.047940022961
보문시장,성북구,보문동,서울특별시 성북구 고려대로2길 37,기타대규모점포,,,,,37.5843732316748,127.020855841499
새석관시장,성북구,석관동,서울특별시 성북구 석관동 338-1,기타대규모점포,,,,,37.6099252930434,127.05610377811
석계음식문화거리,성북구,석관동,서울 성북구 한천로78길 71 석계음식문화거리 골목형상점가,상점가·골목형,,골목형,10543.5,161.0,37.6135480393122,127.064964215616
석관시장,성북구,석관동,서울특별시 성북구 석관동 270-1,기타대규모점포,,,,,37.6091925242386,127.060294218997
성북천골목형상점가,성북구,삼선동,서울특별시 성북구 동소문로2길 성북천골목형상점가,상점가·골목형,,골목형,5687.35,94.0,37.5884210581219,127.006783885184
신세계이마트미아점,성북구,길음2동,서울특별시 성북구 길음동 25번지 2호,대형마트,,,10006.0,,37.6108502600034,127.029845552727
월곡달빛오거리골목형상점가,성북구,월곡2동,서울 성북구 장월로1길 113 월빛달빛오거리 골목형상점가 일대,상점가·골목형,,골목형,10408.0,168.0,37.6041425547285,127.042785995085
유타쇼핑몰,성북구,동선동,서울특별시 성북구 동소문로 106 (동선동1가),복합쇼핑몰,대규모점포,,17056.0,,37.5925747617089,127.017088831326
이마트 미아점,성북구,길음2동,"서울특별시 성북구 도봉로 17, 신세계 이마트 미아점 (길음동)",대형마트,대규모점포,,18964.0,,37.6109116140567,127.02985860183999
이마트 하월곡점,성북구,길음2동,"서울특별시 성북구 종암로 167 (하월곡동, 동일하이빌뉴시티아파트)",대형마트,대규모점포,,19201.0,,37.6050371568783,127.030928150119
이마트에브리데이 길음점,성북구,길음1동,"서울특별시 성북구 길음로7길 6, 길음뉴타운9단지래미안 상가 지하1층 B04~B08호 (길음동)",기타대규모점포,준대규모점포,,828.69,,37.6043692874401,127.02240090837
장위전통시장,성북구,장위2동,서울특별시 성북구장위로38길 46-1 장위전통시장,전통시장,,골목형,4800.0,64.0,37.6112760156022,127.05103174525
정릉서경대길골목형상점가,성북구,정릉2동,서울특별시 성북구 보국문로16길 정릉서경대길골목형상점가,상점가·골목형,,골목형,4952.7,75.0,37.6060202163461,127.011387281048
정릉시장,성북구,정릉4동,서울특별시 성북구 보국문로11길 18-19 정릉시장고객편의센터,전통시장,,골목형,9954.0,113.0,37.6094626491986,127.00905576897
정릉아리랑시장,성북구,정릉2동,서울특별시 성북구 정릉로26가길 32 정릉아리랑시장,전통시장,,골목형,4284.0,48.0,37.6028132475539,127.011225078241
종암북바위길골목형상점가,성북구,종암동,서울특별시 성북구 종암로21길 종암북바위길골목형상점가,상점가·골목형,,골목형,8763.0,157.0,37.5922224348896,127.036067746378
종암우림카이저팰리스주상복합,성북구,종암동,"서울특별시 성북구 종암로 132 (종암동, 종암우림카이저팰리스)",기타대규모점포,대규모점포,,4382.65,,37.6019090131896,127.033550711598
주식회사 홈플러스익스프레스 길음점,성북구,길음1동,서울특별시 성북구 길음로13길 22 (길음동),미분류,준대규모점포,,189.0,,37.6094680215088,127.019141594884
주식회사 홈플러스익스프레스 보문점,성북구,보문동,서울특별시 성북구 보문로 61 (보문동7가),미분류,준대규모점포,,215.0,,37.5807751898586,127.021439462939
주식회사 홈플러스익스프레스 삼선점,성북구,삼선동,서울특별시 성북구 삼선교로 6 (삼선동1가),미분류,준대규모점포,,149.49,,37.5879301180095,127.006593740013
현대백화점 미아점,성북구,길음2동,"서울특별시 성북구 동소문로 315 (길음동, 현대백화점미아점)",백화점,대규모점포,,36583.0,,37.608448037052,127.028778310047
홈플러스 월곡점,성북구,월곡2동,"서울특별시 성북구 화랑로 76, 코업스타클래스 (하월곡동)",대형마트,대규모점포,,17817.0,,37.6017059749991,127.040579524379
(주)이마트에브리데이 가락동점,송파구,가락본동,서울특별시 송파구 중대로9길 35 (가락동),미분류,준대규모점포,,326.92,,37.4963112057974,127.118306937019
(주)지에스리테일 방이점,송파구,방이1동,"서울특별시 송파구 오금로31가길 20 (방이동, 대림아파트)",미분류,준대규모점포,,572.18,,37.5073379787265,127.123156221506
(주)지에스리테일 송파2점,송파구,송파2동,서울특별시 송파구 오금로32길 32 (송파동),미분류,준대규모점포,,505.07,,37.5035712142752,127.118780384669
(주)지에스리테일 송파가락점,송파구,가락2동,서울특별시 송파구 오금로46길 49 (가락동),미분류,준대규모점포,,314.01,,37.4937245011219,127.133049178585
(주)지에스리테일 송파점,송파구,가락2동,"서울특별시 송파구 동남로 189 (가락동, 쌍용아파트)",미분류,준대규모점포,,883.0,,37.4946614092198,127.129853687565
(주)지에스리테일 잠실점,송파구,잠실3동,서울특별시 송파구 올림픽로 203 (잠실동),미분류,준대규모점포,,959.73,,37.5124860835366,127.093322610898
(주)지에스리테일 잠실파크리오점,송파구,잠실4동,"서울특별시 송파구 올림픽로 435 (신천동, 파크리오아파트)",미분류,준대규모점포,,617.57,,37.5213592954462,127.104971745978
GS THE FRESH 문정역점,송파구,문정1동,"서울특별시 송파구 문정로 1, 지층 B104호-B107호 (문정동, 문정역 마에스트로)",미분류,준대규모점포,,281.64,,37.486359565989,127.123087289463
GS THE FRESH 송파나루역점,송파구,방이2동,"서울특별시 송파구 올림픽로32길 53, 1층 (방이동)",미분류,준대규모점포,,168.16,,37.5124962447277,127.112100318854
GS THE FRESH 송파석촌호수점,송파구,석촌동,서울특별시 송파구 백제고분로33길 25 (석촌동),미분류,준대규모점포,,197.2,,37.5049660660731,127.098601781598
GS THE FRESH 송파시그니처점,송파구,거여2동,"서울특별시 송파구 거마로 56(거여동, 송파시그니처롯데캐슬)",미분류,준대규모점포,,164.83,,37.4970454816341,127.147282077623
GS THE FRESH 송파하비오점,송파구,문정2동,"서울특별시 송파구 송파대로 111, 하비오길동 제1층 호텔로 202동 (문정동, 파크하비오)",미분류,준대규모점포,,444.37,,37.4796870553794,127.124979804141
GS THE FRESH 잠실래미안점,송파구,잠실4동,"서울특별시 송파구 올림픽로35길 45, 잠실래미안아이파크 단지내 상가 B101~B106호 (신천동)",미분류,준대규모점포,,616.14,,37.5191418524332,127.109423017985
가든파이브 라이프,송파구,문정2동,서울특별시 송파구 충민로 66 (문정동),기타대규모점포,대규모점포,,145244.54,,37.4776148442516,127.124961768886
가든파이브 툴,송파구,문정2동,서울특별시 송파구 충민로 10 (문정동),쇼핑센터,대규모점포,,84471.0,,37.4786173172251,127.119106729654
가락골골목형상점가,송파구,가락본동,서울특별시 송파구 송이로20길 12-16 가락골골목형상점가,상점가·골목형,,상점가,12607.5,191.0,37.4964330951446,127.11975438062
가락몰 골목형상점가,송파구,가락1동,서울 송파구 양재대로 932 가락몰 판매동,상점가·골목형,,골목형,112511.0,1221.0,37.4945376921828,127.108713599026
갤러리아팰리스 아케이드,송파구,잠실3동,서울특별시 송파구 올림픽로 212 (잠실동),기타대규모점포,대규모점포,,7383.45,,37.5107067799275,127.094231575378
농협하나로마트방이역점,송파구,오금동,서울특별시 송파구 양재대로72길 5 (오금동),미분류,준대규모점포,,1662.6,,37.5099574942875,127.127546833594
롯데백화점 에비뉴엘 월드타워점,송파구,잠실6동,"서울특별시 송파구 올림픽로 300, 롯데월드타워앤드롯데월드몰 (신천동)",백화점,대규모점포,,31680.32,,37.5137129859207,127.104301829165
롯데백화점 잠실점,송파구,잠실3동,서울특별시 송파구 올림픽로 240 (잠실동),백화점,대규모점포,,72582.24,,37.5113096112036,127.098141751177
롯데쇼핑(주) 롯데마트 월드타워점,송파구,잠실6동,"서울특별시 송파구 올림픽로 300, 롯데월드타워앤드롯데월드몰 (신천동)",대형마트,대규모점포,,6665.89,,37.5137129859207,127.104301829165
롯데쇼핑(주)롯데마트 송파점,송파구,문정2동,서울특별시 송파구 중대로 80 (문정동),대형마트,대규모점포,,17693.0,,37.4917620371568,127.117842816756
롯데쇼핑(주)롯데마트 제타플렉스 잠실점,송파구,잠실3동,서울특별시 송파구 올림픽로 240 (잠실동),대형마트,대규모점포,,20982.0,,37.5113096112036,127.098141751177
롯데쇼핑(주)롯데슈퍼석촌점,송파구,석촌동,서울특별시 송파구 백제고분로34길 3 (석촌동),미분류,준대규모점포,,105.5,,37.5021864801921,127.098906869763
롯데쇼핑(주)롯데슈퍼송파점,송파구,송파1동,"서울특별시 송파구 가락로 183, 1층 6,7호 (송파동)",미분류,준대규모점포,,693.0,,37.5051646086263,127.114525472441
롯데쇼핑(주)롯데슈퍼신천점,송파구,잠실2동,서울특별시 송파구 올림픽로 111 (잠실동),미분류,준대규모점포,,300.01,,37.5121612739032,127.083062185894
롯데쇼핑(주)롯데슈퍼잠실3동점,송파구,잠실3동,서울특별시 송파구 석촌호수로 61 (잠실동),미분류,준대규모점포,,288.0,,37.5106960472158,127.086224807954
롯데쇼핑(주)롯데슈퍼풍납점,송파구,풍납2동,서울특별시 송파구 강동대로9길 20 (풍납동),미분류,준대규모점포,,203.3,,37.5279697102875,127.117015514458
롯데월드몰,송파구,잠실6동,서울특별시 송파구 올림픽로 300 (신천동),쇼핑센터,대규모점포,,52792.2,,37.5137129859207,127.104301829165
롯데캐슬플라자,송파구,잠실6동,서울특별시 송파구 올림픽로 269 (신천동),쇼핑센터,대규모점포,,13400.0,,37.5144273491608,127.100611434725
롯데하이마트 월드타워점,송파구,잠실6동,서울특별시 송파구 올림픽로 300-0 (신천동),전문점,대규모점포,,4507.29,,37.5137129859207,127.104301829165
롯데하이마트잠실점,송파구,잠실3동,서울특별시 송파구 올림픽로 240 (잠실동),전문점,대규모점포,,3493.73,,37.5113096112036,127.098141751177
마천시장,송파구,마천2동,서울특별시 송파구 마천로45길 23 (마천동),기타대규모점포,대규모점포,,3871.0,,37.4980668029678,127.150686520182
마천시장관리주식회사,송파구,마천2동,서울특별시 송파구 마천로45길 23 마천시장,전통시장,,건물형,3871.0,64.0,37.4980668029678,127.150686520182
마천중앙시장,송파구,마천2동,"서울 송파구 마천로45길 16 (마천동, 2층)",전통시장,,골목형,14757.0,136.0,37.4973248912587,127.15020984421
문정동로데오거리상점가,송파구,문정1동,서울특별시 송파구 동남로4길 10 문정동로데오거리상점가,상점가·골목형,,상점가,45850.0,191.0,37.489120758088,127.123896900777
방이시장,송파구,방이2동,서울특별시 송파구 가락로 243 방이시장,전통시장,,골목형,35625.0,134.0,37.5099537651811,127.117866320291
새마을시장,송파구,잠실본동,서울특별시 송파구 석촌호수로12길 3-9 새마을시장,전통시장,,골목형,19961.0,116.0,37.5087619278369,127.086009723716
석촌시장,송파구,석촌동,서울특별시 송파구 송파대로37길 52 석촌시장,전통시장,,골목형,17833.0,67.0,37.5001728660817,127.106525224579
송파쇼핑센타,송파구,마천1동,서울특별시 송파구 마천로 315 (마천동),기타대규모점포,대규모점포,,7961.0,,37.4950016428817,127.151061447823
쌍용프라자 상가,송파구,가락2동,서울특별시 송파구 동남로 189 (가락동),기타대규모점포,대규모점포,,3719.38,,37.4946614092198,127.129853687565
엄마손상가,송파구,석촌동,서울특별시 송파구 가락로 103 (석촌동),기타대규모점포,대규모점포,,2771.0,,37.5014034753373,127.107601343872
올림픽파크동부센트레빌 상가,송파구,오금동,서울특별시 송파구 양재대로72길 5 (오금동),기타대규모점포,대규모점포,,3004.0,,37.5099574942875,127.127546833594
올림픽프라자상가,송파구,오륜동,서울특별시 송파구 양재대로 1222 (방이동),기타대규모점포,대규모점포,,10802.0,,37.5157276361757,127.131063164753
이마트에브리데이 송파점,송파구,가락1동,"서울특별시 송파구 송파대로 345 (가락동, 헬리오시티)",미분류,준대규모점포,,727.0,,37.4976145695004,127.102531804188
잠실역지하쇼핑센터,송파구,잠실6동,서울 송파구 올림픽로 지하 265 잠실역 2호선,상점가·골목형,,지하도상가,8445.73,139.0,37.513859279255,127.101857941447
잠실중앙상가,송파구,잠실3동,서울특별시 송파구 올림픽로 203 (잠실동),기타대규모점포,대규모점포,,9815.0,,37.5124860835366,127.093322610898
풍납시장,송파구,풍납1동,서울특별시 송파구 바람드리길 15-1 풍납시장,전통시장,,골목형,23670.0,140.0,37.5380490265316,127.117556944062
프리마 쇼핑센타,송파구,잠실7동,서울특별시 송파구 올림픽로4길 40 (잠실동),기타대규모점포,대규모점포,,7225.0,,37.5071938064643,127.074204083657
한화 송파지점,송파구,송파1동,서울특별시 송파구 가락로 183 (송파동),기타대규모점포,대규모점포,,5269.0,,37.5051646086263,127.114525472441
홈플러스 익스프레스 삼전역점,송파구,삼전동,"서울특별시 송파구 백제고분로 207 (삼전동, 제이 플레이스)",미분류,준대규모점포,,199.1,,37.5041183948621,127.089795706905
홈플러스(주) 익스프레스 송파점,송파구,송파2동,서울특별시 송파구 가락로28길 7 (송파동),미분류,준대규모점포,,398.6,,37.5063681661101,127.116739304529
홈플러스(주)익스프레스 거여점,송파구,거여2동,서울특별시 오금로 512,미분류,준대규모점포,,835.0,,37.4927296497634,127.145547345253
홈플러스(주)익스프레스 잠실점,송파구,잠실3동,서울특별시 송파구 석촌호수로 133 (잠실동),미분류,준대규모점포,,213.2,,37.5076519568451,127.091787465447
홈플러스(주)익스프레스 풍납점,송파구,풍납2동,서울특별시 송파구  올림픽로51길  52 (풍납동),미분류,준대규모점포,,323.0,,37.5339264599218,127.116232495956
홈플러스(주)잠실점,송파구,잠실6동,서울특별시 송파구 올림픽로35가길 16 (신천동),대형마트,대규모점포,,13934.64,,37.5162517087896,127.103006473255
(주)이마트 목동점,양천구,목1동,서울특별시 양천구 오목로 299 (목동),대형마트,대규모점포,,14074.76,,37.5260837006075,126.87035534357
(주)이마트 신월점,양천구,신월5동,서울특별시 양천구 화곡로 59 (신월동),백화점,준대규모점포,,1943.87,,37.5397558351393,126.828515227561
(주)이마트에브리데이 목동역점,양천구,신정4동,서울특별시 양천구 목동로 183(신정동),미분류,준대규모점포,,396.88,,37.5248692237083,126.86432426536
(주)이마트에브리데이 목동점,양천구,목5동,"서울특별시 양천구 목동서로 130, 관리동 105호 (목동,목동4단지아파트)",미분류,준대규모점포,,468.92,,37.5315163480803,126.870904725016
(주)지에스리테일 신정2점,양천구,신정7동,"서울특별시 양천구 목동남로4길 2 (신정동, 세양청마루2차주상복합)",미분류,준대규모점포,,346.0,,37.508287498257,126.864535471682
GS THE FRESH 목동신목점,양천구,신정2동,"서울특별시 양천구 신목로 7, 상가동 지하1층 101~104호 (신정동, 목동삼성아파트)",미분류,준대규모점포,,297.0,,37.5150788692395,126.876418086086
GS THE FRESH 양천목2동점,양천구,목2동,서울특별시 양천구 목동중앙본로 95 (목동),미분류,준대규모점포,,258.0,,37.54420285771,126.870395488047
GS THE FRESH 양천신월점,양천구,신월6동,"서울특별시 양천구 남부순환로79길 37, 1층 107호 (신월동)",미분류,준대규모점포,,694.2,,37.518369003945,126.843196685278
경창시장,양천구,신월2동,서울시 양천구 오목로9길 31 경창시장,전통시장,,골목형,2320.0,51.0,37.5249341635894,126.842121360399
경창시장상인회,양천구,신월2동,서울특별시 양천구 신월동 447-8,전통시장,,,0.0,,37.5249475001875,126.84212268982
롯데쇼핑(주)롯데슈퍼 신월점,양천구,신월5동,"서울특별시 양천구 월정로46길 11 (신월동,외 1필지)",미분류,준대규모점포,,263.0,,37.5409423254402,126.833144811368
롯데슈퍼 목동2점,양천구,목5동,"서울특별시 양천구 목동서로 100, 105호 (목동,목동3단지아파트 관리동상가)",미분류,준대규모점포,,496.0,,37.5342244045517,126.874169046113
롯데프레시 신정점,양천구,신정3동,"서울특별시 양천구 신정로13길 3, 대우미래사랑5차아파트 103~105호 (신정동)",기타대규모점포,준대규모점포,,240.66,,37.509813151143,126.843251343486
목2동시장,양천구,목2동,서울시 양천구 목동중앙북로16길 3 목2동시장,전통시장,,골목형,3020.0,87.0,37.5460499008958,126.873886642688
목3동 골목형상점가,양천구,목3동,서울 양천구 목동중앙북로 38 목3동 골목형상점가,상점가·골목형,,상점가,0.0,181.0,37.5479038468127,126.866954843863
목4동시장상인회,양천구,목4동,서울특별시 양천구 목동중앙남로 57-10,전통시장,,,0.0,,37.5389695033466,126.865488928768
목동깨비시장,양천구,목3동,서울시 양천구 목동중앙북로6길 5 목동깨비시장,전통시장,,골목형,5106.0,89.0,37.5481845323152,126.865228619952
목동로데오골목형상점가,양천구,신정4동,서울 양천구 목동로25길 19 일원,상점가·골목형,,상점가,6549.0,110.0,37.5278191019869,126.861913972913
목동시장아울렛,양천구,목4동,서울특별시 양천구 목동중앙본로7길 45 (목동),기타대규모점포,대규모점포,,3014.0,,37.5391374210157,126.866336562907
목동에버하임,양천구,목2동,"서울특별시 양천구 목동중앙북로 68 (목동, 목동에버하임)",기타대규모점포,대규모점포,,2734.89,,37.5465746024369,126.870684126526
목사랑시장,양천구,목4동,서울시 양천구 목동중앙남로7길 8 목사랑시장,전통시장,,골목형,1970.0,80.0,37.5376161290865,126.866217985518
서서울골목형상점가,양천구,신월1동,서울시 양천구 곰달래로13길 15 서서울골목형상점가,상점가·골목형,,상점가,7221.0,49.0,37.5312115872864,126.836666484777
신곡시장 골목형상점가,양천구,신월6동,서울 양천구 남부순환로79길 33-2 신곡시장 골목형상점가,상점가·골목형,,상점가,0.0,104.0,37.51815821085,126.842956639813
신곡종합시장,양천구,신월6동,서울시 양천구 신월로16길 5 신곡종합시장,전통시장,,건물형,1150.0,10.0,37.5178235203876,126.842574555307
신영시장,양천구,신월1동,서울시 양천구 월정로 161-5 신영시장,전통시장,,골목형,4520.0,106.0,37.5331362417771,126.83629616809
신영시장상인회,양천구,신월1동,서울특별시 양천구 월정로 161-5,전통시장,,,0.0,,37.5330140502235,126.836024900774
신월3동시장골목형상점가,양천구,신월3동,서울시 양천구 남부순환로40가길 1-1 신월3동시장골목형상점가,상점가·골목형,,상점가,7228.08,140.0,37.5336984597731,126.826693735238
신월7동골목시장,양천구,신월7동,서울시 양천구 지양로10길 3 신월7동골목시장,전통시장,,골목형,480.0,10.0,37.5228112546165,126.833291986561
신정1동골목시장,양천구,신정1동,서울시 양천구 중앙로34길 28 신정1동골목시장,전통시장,,골목형,1560.0,38.0,37.5206273887242,126.853821566826
신정동세양청마루2차상가,양천구,신정7동,서울특별시 양천구 목동남로4길 2 (신정동),기타대규모점포,대규모점포,,3143.65,,37.508287498257,126.864535471682
신정제일시장,양천구,신정1동,서울시 양천구 중앙로34길 30 신정제일시장,전통시장,,건물형,2223.0,52.0,37.5208424920255,126.853558140918
신한이모르젠상가,양천구,목3동,서울특별시 양천구 목동중앙북로 7 (목동),기타대규모점포,대규모점포,,3636.42,,37.5490389881031,126.864475788474
오목교중앙시장,양천구,신정2동,서울시 양천구 신목로4길 45 오목교중앙시장,전통시장,,골목형,1560.0,65.0,37.5218242687869,126.876976532983
오목내길골목형상점가,양천구,신정2동,서울 양천구 신목로6길 41 일원,상점가·골목형,,골목형,2795.93,63.0,37.5221963671919,126.875756681828
우성상가,양천구,신월7동,서울시 양천구 지양로 78 우성상가,전통시장,,건물형,5035.0,22.0,37.5226624829591,126.833599900906
우성상가시장,양천구,신월7동,서울특별시 양천구 지양로 78 (신월동),전통시장,대규모점포,,2247.0,,37.5226624829591,126.833599900906
월정로시장,양천구,신월1동,서울시 양천구 월정로29길 3 월정로시장,전통시장,,골목형,2230.0,77.0,37.5334727325232,126.835688662648
주식회사 홈플러스익스프레스 신정3점,양천구,신정7동,서울특별시 양천구 신정동 324-10번지,미분류,준대규모점포,,161.37,,37.5150554982334,126.860756714498
주식회사 홈플러스익스프레스 신정점,양천구,신정3동,서울특별시 양천구 중앙로 255-1 (신정동),미분류,준대규모점포,,213.0,,37.5191629222655,126.852968795835
행복한백화점,양천구,목1동,서울특별시 양천구 목동동로 309 (목동),백화점,대규모점포,,24319.0,,37.5292109947037,126.875984665042
현대백화점목동점,양천구,목1동,서울특별시 양천구 목동동로 257 (목동),백화점,대규모점포,,38258.0,,37.5273217750941,126.874619136454
홈플러스 익스프레스 오목교점,양천구,신정2동,서울특별시 양천구 목동동로 196(신정동),미분류,준대규모점포,,254.4,,37.5229231089155,126.87145664624
홈플러스(주)익스프레스 목동2점,양천구,목3동,서울특별시 양천구 등촌로 172 (목동),미분류,준대규모점포,,244.9,,37.5451346059769,126.862607834028
(주)신세계 타임스퀘어점,영등포구,영등포동,"서울특별시 영등포구 영중로 9 (영등포동4가, 신세계백화점)",백화점,대규모점포,,11893.83,,37.5171899712591,126.905567071705
(주)이마트 여의도점,영등포구,여의동,서울특별시 영등포구 여의동로3길 10 (여의도동),대형마트,대규모점포,,3536.87,,37.5181172905531,126.925195988034
(주)이마트에브리데이 신풍역점,영등포구,신길6동,"서울특별시 영등포구 신풍로 28, B137호 (신길동, 비스타동원)",미분류,준대규모점포,,958.6,,37.4998139228913,126.90960294998
(주)이마트에브리데이 영등포구청점,영등포구,당산1동,"서울특별시 영등포구 당산로 83, 지하 102~103호 (당산동2가, 한화포레나당산)",미분류,준대규모점포,,1075.83,,37.522057531502,126.89528677963
GS THE FRESH 문래점,영등포구,문래동,"서울특별시 영등포구 문래북로 8, 1층 101~106호 (문래동6가)",미분류,준대규모점포,,203.2,,37.5213427594044,126.885753536197
GS THE FRESH 신길사러가점,영등포구,신길4동,"서울특별시 영등포구 신길로 162, 1층 일부 (신길동)",미분류,준대규모점포,,561.4,,37.5066766105008,126.91138696578
GS THE FRESH 양평역점,영등포구,양평1동,"서울특별시 영등포구 영등포로11길 19, 상가동 1층 104~108호 (양평동1가, 영등포자이 디그니티 아파트)",미분류,준대규모점포,,185.32,,37.5253673074738,126.886732629553
GS THE FRESH 영등포구청역점,영등포구,당산1동,"서울특별시 영등포구 양산로23길 16, 당산 임대주택 106~108호 (당산동3가)",미분류,준대규모점포,,227.53,,37.5252549815331,126.89824602977
THE HYUNDAI SEOUL,영등포구,여의동,서울특별시 영등포구 여의대로 108 (여의도동),백화점,대규모점포,,84573.34,,37.5251913154781,126.929112756574
남서울상가,영등포구,영등포동,서울특별시 영등포구 영중로14길 11 남서울상가,상점가·골목형,,건물형,8580.0,69.0,37.5203257379084,126.906936965391
대림시장,영등포구,대림1동,서울특별시 영등포구 대림동 963-1,전통시장,,건물형,2401.0,61.0,37.4915784243847,126.907816536534
대림중앙골목형상점가,영등포구,대림2동,서울특별시 영등포구 디지털로37길 29 대림중앙골목형상점가,상점가·골목형,,상점가,9525.0,39.0,37.4913541322857,126.897707090837
대림중앙시장,영등포구,대림2동,서울특별시 영등포구 디지털로37나길 21 대림중앙시장,전통시장,,골목형,2974.0,91.0,37.4915329515076,126.89966759883
대신시장,영등포구,신길1동,서울특별시 영등포구 도신로60길 7 (신길동),전통시장,,건물형,12968.0,181.0,37.5111562070481,126.917585557289
도림시장,영등포구,도림동,서울특별시 영등포구 도림동 176-1,전통시장,,건물형,4156.0,6.0,37.5099854200584,126.898359620192
동남상가,영등포구,영등포동,서울특별시 영등포구 영등포로37길 4 동남상가,전통시장,,건물형,5722.0,71.0,37.5205974582229,126.905659835007
동남시장,영등포구,영등포동,서울특별시 영등포구 영등포로37길 4 (영등포동5가),기타대규모점포,,,,,37.5205974582229,126.905659835007
두암상가,영등포구,대림3동,"서울특별시 영등포구 대림로29길 13 (대림동, 대림동 쌍용 플래티넘-S)",기타대규모점포,대규모점포,,3003.29,,37.4953006652838,126.898058257377
두암종합시장,영등포구,대림3동,서울특별시 영등포구 대림로29길 13 (대림동),기타대규모점포,,,,,37.4953006652838,126.898058257377
로데오 왁,영등포구,문래동,서울특별시 영등포구 당산로 34 (문래동3가),전문점,대규모점포,,10000.33,,37.5174631210953,126.896493699106
로타리상가,영등포구,영등포동,서울특별시 영등포구 영등포로 219 로타리상가,상점가·골목형,,건물형,5504.0,91.0,37.5201441452888,126.905749544283
롯데백화점 영등포점,영등포구,영등포본동,서울특별시 영등포구 경인로 846 (영등포동),백화점,대규모점포,,53086.27,,37.5156680341198,126.907665995469
롯데쇼핑(주) 롯데마트 양평점,영등포구,양평1동,서울특별시 영등포구 선유로 138 (양평동3가),대형마트,대규모점포,,18016.52,,37.5260658911576,126.891572019703
롯데쇼핑(주) 롯데마트맥스 영등포점,영등포구,영등포동,서울특별시 영등포구 영중로 125 (영등포동8가),미분류,대규모점포,,12066.16,,37.5278167645388,126.904683469106
롯데슈퍼 대림점,영등포구,대림3동,서울특별시 영등포구 대림로 251 (대림동),미분류,준대규모점포,,1398.36,,37.5030089776784,126.896021583773
룩스쇼핑센터,영등포구,문래동,"서울특별시 영등포구 문래로 164, 영등포 SK 리더스뷰 (문래동3가)",전문점,대규모점포,,9563.3,,37.5177939016069,126.900076883603
삼구시장,영등포구,영등포동,서울특별시 영등포구 영등포동5가 20-20,전통시장,,건물형,3758.0,55.0,37.5200999047449,126.905747903131
샛강두리골목형상점가,영등포구,신길1동,"서울 영등포구 도신로64길 1 도신로64길, 영등포로72길",상점가·골목형,,상점가,3513.0,74.0,37.5122088710421,126.91748644831
선유도역골목형상점가,영등포구,양평2동,서울특별시 영등포구 선유로47길 34 선유도역골목형상점가,상점가·골목형,,상점가,1201.8,37.0,37.536839889492,126.893463710158
선유로운골목형상점가,영등포구,양평2동,"서울 영등포구 양평로22길 13 양평로22길 일대, 선유로51길 일부",상점가·골목형,,골목형,3392.0,67.0,37.5389354910509,126.894529754291
신동시장,영등포구,신길3동,서울특별시 영등포구 신길동 259-4,전통시장,,건물형,1877.0,11.0,37.5060319849293,126.909542296501
신세계 이마트 여의도점,영등포구,여의동,"서울특별시 영등포구 여의동로3길 10 (여의도동,여의도자이(아) 지하 1층)",대형마트,,,3536.87,,37.5181172905531,126.925195988034
썬프라자,영등포구,대림1동,서울특별시 영등포구 신길로 41 (대림동),쇼핑센터,대규모점포,,8388.65,,37.4963782128702,126.908093347353
아이에프씨몰(IFC Mall),영등포구,여의동,서울특별시 영등포구 국제금융로 10 (여의도동),복합쇼핑몰,대규모점포,,37286.0,,37.5251775245928,126.924876706923
양남시장정비사업,영등포구,양평1동,서울특별시 영등포구 선유동1로 9-7 (양평동1가),기타대규모점포,대규모점포,,3034.02,,37.5228964926308,126.891143228051
영등포 중흥 에스클래스,영등포구,양평1동,"서울특별시 영등포구 선유서로24길 6 (양평동1가, 영등포 중흥 S-CLASS)",기타대규모점포,대규모점포,,3613.32,,37.5235893875941,126.88610509721
영등포농축수산물쎈타,영등포구,당산1동,서울특별시 영등포구 당산동1가 9번지 1   호,기타대규모점포,,,,,37.5199845372357,126.899260518431
영등포로타리지하도상가,영등포구,영등포동,서울특별시 영등포구 영중로 지하20 영등포로타리지하도상가,상점가·골목형,,지하도상가,6161.0,99.0,37.5179049569355,126.905842514563
영등포로타리지하상가,영등포구,영등포동,서울특별시 영등포구 영등포동5가 20-20,기타대규모점포,,,,,37.5200999047449,126.905747903131
영등포시장기계공구상가,영등포구,영등포동,서울특별시 영등포구 영중로14길 48 영등포시장기계공구상가,상점가·골목형,,골목형,35477.0,369.0,37.5192510310661,126.910445430165
영등포시장지하도상가,영등포구,영등포동,서울특별시 영등포구 영등포로 지하221 영등포시장지하도상가,상점가·골목형,,지하도상가,1599.0,68.0,37.5197217255838,126.906051651766
영등포역앞지하상가,영등포구,영등포동,서울특별시 영등포구 영등포동5가 20-20,기타대규모점포,,,,,37.5200999047449,126.905747903131
영등포역지하도상가,영등포구,영등포동,서울특별시 영등포구 경인로 지하843 영등포역지하도상가,상점가·골목형,,지하도상가,4678.0,74.0,37.5164625580995,126.906658750671
영등포유통상가,영등포구,당산1동,서울특별시 영등포구 영등포로 109 (당산동2가),전통시장,대규모점포,건물형,41973.81,1470.0,37.5224174427804,126.893930266446
영등포전통시장,영등포구,영등포동,서울특별시 영등포구 영등포로45길 16-1,상점가·골목형,,골목형,5245.0,100.0,37.5207876617408,126.908525741029
영등포지하상가,영등포구,영등포동,서울특별시 영등포구 영등포동5가 20-20,기타대규모점포,,,,,37.5200999047449,126.905747903131
영등포청과시장,영등포구,당산1동,서울특별시 영등포구 영신로39길 14 영등포청과시장,상점가·골목형,,골목형,19800.0,151.0,37.5217946831693,126.899827543209
영신상가,영등포구,영등포동,서울특별시 영등포구 영등포로 225 (영등포동5가),전통시장,대규모점포,건물형,6567.0,96.0,37.5199200639101,126.906654670129
영일시장,영등포구,문래동,서울특별시 영등포구 문래로30길 27,전통시장,,골목형,1897.0,64.0,37.5161351559032,126.900719320103
우리시장,영등포구,대림1동,서울특별시 영등포구 도림로64길 16-1 우리시장,상점가·골목형,,골목형,2991.0,89.0,37.4964580055673,126.905084530259
이랜드리테일 당산점,영등포구,당산2동,서울특별시 영등포구 양평로 47 (당산동5가),기타대규모점포,대규모점포,,4447.16,,37.5338722303791,126.90098183202
제일상가,영등포구,영등포동,서울특별시 영등포구 영등포로 225 제일상가,상점가·골목형,,건물형,1063.0,51.0,37.5199200639101,126.906654670129
코스트코 홀세일,영등포구,양평1동,서울특별시 영등포구 선유로 156 (양평동3가),대형마트,대규모점포,,8724.73,,37.5276672625119,126.892185701933
코스트코홀세일,영등포구,양평1동,서울특별시 영등포구 선유로 156 (양평동3가),기타대규모점포,,,,,37.5276672625119,126.892185701933
타임스퀘어,영등포구,영등포동,서울특별시 영등포구 영중로 15 (영등포동4가),쇼핑센터,대규모점포,,94319.57,,37.5172332566615,126.903715993779
포레나당산동역세권청년주택 상업시설,영등포구,당산1동,"서울특별시 영등포구 당산로 83 (당산동2가, 한화포레나당산)",기타대규모점포,대규모점포,,5824.25,,37.522057531502,126.89528677963
한화스토아여의점,영등포구,여의동,서울특별시 영등포구 여의도동 42번지 1   호,기타대규모점포,,,,,37.5205100979117,126.933343595357
홈플러스(주) 영등포점,영등포구,문래동,서울특별시 영등포구  당산로  42 (문래동3가),대형마트,대규모점포,,35687.74,,37.5182396969791,126.895880210522
홈플러스(주) 익스프레스 도림점,영등포구,도림동,서울특별시 영등포구 도신로 75 (도림동),미분류,준대규모점포,,240.5,,37.5067177269855,126.90077330066
홈플러스(주) 익스프레스 신길2점,영등포구,영등포본동,서울특별시 영등포구 영등포로 364 (신길동),미분류,준대규모점포,,248.2,,37.5141215891197,126.918360951993
홈플러스(주) 익스프레스 신길3점,영등포구,신길3동,서울특별시 영등포구 가마산로69가길 12 (신길동),미분류,준대규모점포,,396.3,,37.5061324962321,126.90960664156
홈플러스(주) 익스프레스 신길점,영등포구,신길6동,서울특별시 영등포구 여의대방로 65 (신길동),미분류,준대규모점포,,390.2,,37.497326163309,126.913095882091
홍익상가,영등포구,당산1동,서울특별시 영등포구 당산동3가 2번지 7 호,기타대규모점포,,,,,37.525781771523,126.902052087754
(주)서부티엔디,용산구,한강로동,"서울특별시 용산구 청파로 100, 12동 2층 (한강로3가)",전문점,대규모점포,,8500.52,,37.5328993361638,126.962338876427
(주)에스와이에스홀딩스,용산구,한강로동,서울특별시 용산구 청파로 74 (한강로3가),전문점,대규모점포,,62555.57,,37.5327888550584,126.959558538475
(주)전자타운,용산구,한강로동,서울특별시 용산구 청파로 113-12 (한강로2가),기타대규모점포,,,,,37.5341232226494,126.964261546914
GS THE FRESH 용산이촌점,용산구,이촌1동,"서울특별시 용산구 이촌로 200, LG프라자 지하1층 (이촌동)",미분류,준대규모점포,,321.65,,37.5209511026518,126.969343240712
GS THE FRESH 용산해링턴점,용산구,한강로동,"서울특별시 용산구 서빙고로 17, 용산해링턴스퀘어 C동 1층 111~115호 (한강로3가)",복합쇼핑몰,준대규모점포,,199.8,,37.5269056148241,126.966566172294
LS Avenue,용산구,한강로동,서울특별시 용산구 한강대로 92 (한강로2가),기타대규모점포,대규모점포,,6876.34,,37.5281759339792,126.96752270323
국제센터아케이드,용산구,한강로동,서울특별시 용산구 한강로1가 191호,기타대규모점포,,,,,37.5334265367748,126.974161296142
나진산업 주식회사,용산구,한강로동,"서울특별시 용산구 청파로 109, 나진상가 (한강로3가)",전문점,대규모점포,,11669.19,,37.5336766816291,126.963363198566
"나진상가 17,18동",용산구,한강로동,"서울특별시 용산구 청파로 125, 나진상가 (한강로2가)",전문점,대규모점포,,13126.83,,37.5338877777626,126.965427348582
나진전자월드상가,용산구,한강로동,"서울특별시 용산구 청파로 109, 나진상가 14동 (한강로3가)",전문점,대규모점포,,9879.92,,37.5336766816291,126.963363198566
롯데쇼핑(주)롯데슈퍼원효로점,용산구,원효로1동,"서울특별시 용산구 백범로 341 (원효로1가, 리첸시아 용산)",복합쇼핑몰,준대규모점포,,643.3,,37.5379811146025,126.967987897826
롯데슈퍼 한남점(가맹점),용산구,한남동,"서울특별시 용산구 대사관로34길 26, 허준빌딩 1층 (한남동)",미분류,준대규모점포,,181.89,,37.5320438475849,127.005678848091
롯데아울렛 서울역점,용산구,남영동,서울특별시 중구 한강대로 405 (봉래동2가),쇼핑센터,대규모점포,,11576.19,,37.5547278494914,126.969526329341
롯데프레시 갈월점,용산구,남영동,서울특별시 한강대로77길 12,미분류,준대규모점포,,121.7,,37.5422089700722,126.971894293496
만리시장,용산구,청파동,서울특별시 용산구 효창원로 270 (서계동),전통시장,대규모점포,건물형,1209.2,34.0,37.551333402833,126.963695982735
선인상가,용산구,한강로동,"서울특별시 용산구 새창로 181 (한강로2가, 선인상가)",전문점,대규모점포,,37901.41,,37.5327172141732,126.965178191154
신동아 쇼핑센터,용산구,서빙고동,서울특별시 용산구 이촌로 352 (용산동6가),쇼핑센터,,,3327.67,,37.5173837456591,126.985175715456
신흥시장,용산구,용산2가동,서울특별시 용산구 신흥로 95-9 신흥시장,전통시장,,골목형,0.0,64.0,37.5455351604173,126.985090931836
아이파크(I PARK)백화점,용산구,한강로동,서울특별시 용산구 한강대로23길 55 (한강로3가),백화점,대규모점포,,17898.53,,37.5297718014452,126.964741503485
아이파크몰(I PARK MALL),용산구,한강로동,서울특별시 용산구 한강대로23길 55 (한강로3가),복합쇼핑몰,대규모점포,,106290.33,,37.5297718014452,126.964741503485
용산용문시장,용산구,용문동,서울특별시 용산구 효창원로 40길 13 용산용문시장,전통시장,,골목형,9247.0,160.0,37.5366226942555,126.959795656465
원효전자상가,용산구,원효로2동,서울특별시 용산구 청파로 77 (원효로3가),전문점,대규모점포,,8382.6,,37.5336635526062,126.960642404006
이마트에브리데이 이태원점,용산구,이태원2동,"서울특별시 용산구 회나무로13길 20-4, 일각빌딩 1층 (이태원동)",미분류,준대규모점포,,337.45,,37.5403540192509,126.989876760479
이촌종합시장,용산구,이촌1동,서울특별시 용산구 이촌로75길 16-9 이촌종합시장,전통시장,,골목형,0.0,107.0,37.5207393924073,126.974783764469
이태원시장,용산구,이태원1동,서울특별시 용산구 이태원로14길 6 (이태원동),전통시장,대규모점포,건물형,574.0,90.0,37.5338183567696,126.990048373219
전자타운,용산구,한강로동,서울특별시 용산구 청파로 113-12 (한강로2가),전문점,대규모점포,,10634.18,,37.5341232226494,126.964261546914
한강쇼핑센터,용산구,이촌1동,서울특별시 용산구 이촌로 224 한강쇼핑센터,상점가·골목형,,상점가,5286.0,100.0,37.5201457860245,126.97187711918
해밀톤 쇼핑몰,용산구,이태원1동,서울특별시 용산구 이태원로 179 (이태원동),쇼핑센터,대규모점포,,4845.26,,37.5348143960679,126.993735204809
후암시장,용산구,후암동,서울특별시 용산구 한강대로104길 77 후암시장,전통시장,,골목형,1140.0,48.0,37.5504231642878,126.976707657235
(주)미소종합유통,은평구,진관동,서울특별시 은평구 진관동 81,대형마트,,,,,37.6352331401596,126.924112226405
(주)이마트 수색점,은평구,수색동,서울특별시 은평구 수색로 217 (수색동),대형마트,대규모점포,,6881.2,,37.5796932759305,126.898678379239
(주)이마트 은평점,은평구,응암1동,서울특별시 은평구 은평로 111 (응암동),대형마트,대규모점포,,16105.48,,37.6008254685415,126.920513478627
GS THE FRESH 은평가좌점,은평구,신사2동,"서울특별시 은평구 가좌로 331, 1층 (신사동)",미분류,준대규모점포,,186.21,,37.5964707168688,126.908460689432
대림골목시장,은평구,응암3동,서울시은평구 응암로4길 27-1 대림골목시장,전통시장,,골목형,1700.0,72.0,37.5873830346366,126.917363229724
대조시장,은평구,대조동,서울시 은평구 불광로 8 대조시장,전통시장,,골목형,5126.0,102.0,37.6093214974958,126.927599971546
대호프라자상가,은평구,불광1동,서울특별시 은평구 불광로 90-0 (불광동),복합쇼핑몰,대규모점포,,3887.79,,37.6150686709961,126.933000699618
롯데몰 은평,은평구,진관동,"서울특별시 은평구 통일로 1050 (진관동, 롯데몰은평점)",복합쇼핑몰,대규모점포,,57505.0,,37.6375366740938,126.917900261732
롯데쇼핑(주)롯데슈퍼범서점,은평구,불광1동,서울특별시 은평구 통일로 842 (불광동),기타대규모점포,준대규모점포,,1508.4,,37.6186902335511,126.922063807625
메트로,은평구,불광2동,서울특별시 은평구 통일로 856 (불광동),쇼핑센터,대규모점포,,5042.9,,37.6196226675938,126.921522873651
범서쇼핑,은평구,불광1동,서울특별시 은평구 통일로 842 (불광동),쇼핑센터,대규모점포,,6172.36,,37.6186902335511,126.922063807625
불광먹자골목형상점가,은평구,불광1동,서울시 은평구 통일로66길 4-1 불광먹자골목,상점가·골목형,,골목형,42428.08,69.0,37.6103412861421,126.930836532319
불광천나들이거리골목형상점가,은평구,응암3동,서울 은평구 응암로9길 3 응암로9길 일대,상점가·골목형,,골목형,19808.44,67.0,37.5873224253894,126.915998184252
서부종합시장,은평구,역촌동,서울특별시 은평구 진흥로1길 28 (역촌동),기타대규모점포,대규모점포,,3003.51,,37.6029593097591,126.918961673328
수일시장,은평구,수색동,서울특별시 은평구 수색동 367-6,전통시장,,건물형,1074.0,1.0,37.5830874326918,126.89519818779
신응암시장,은평구,응암2동,서울시 은평구 응암로 22길 3-1 신응암시장,전통시장,,골목형,1700.0,49.0,37.5939107472679,126.918566570538
양지시장,은평구,응암3동,서울특별시 은평구 응암로4길 22,전통시장,,건물형,1244.0,1.0,37.5867972937404,126.917742147878
엔씨백화점 불광점,은평구,대조동,서울특별시 은평구 불광로 20 (대조동),쇼핑센터,대규모점포,,16972.65,,37.6097357749976,126.928938477038
연서시장,은평구,불광2동,서울특별시 은평구 통일로 850 (불광동),전통시장,대규모점포,건물형,2367.26,89.0,37.6193203344525,126.921445035076
연신내골목형상점가,은평구,갈현2동,서울시 은평구 연서로29길 11-12 2층,상점가·골목형,,상점가,112413.0,601.0,37.618714838271,126.918474848605
응암시장,은평구,응암2동,서울특별시 은평구 응암로 252 (응암동),전통시장,대규모점포,건물형,649.0,22.0,37.594444299496,126.918414484228
응암오거리상점가,은평구,응암3동,서울시 은평구 응암로9길6-15 응암오거리상점가,상점가·골목형,,상점가,2600.0,121.0,37.5881785339528,126.91597786104
제일시장,은평구,대조동,서울시 은평구 통일로 731 제일시장,전통시장,,건물형,1335.9,52.0,37.6106226649216,126.929466316371
증산종합시장,은평구,증산동,서울시 은평구 증산로3길 12 증산시장,전통시장,,건물형,2171.0,100.0,37.5814842002122,126.905097830371
팜스퀘어,은평구,대조동,서울특별시 은평구 불광로 20 (대조동),쇼핑센터,대규모점포,,9350.53,,37.6097357749976,126.928938477038
포수말골목형상점가,은평구,응암1동,서울 은평구 은평로10길 4 은평로 10길 일대,상점가·골목형,,골목형,12450.3,74.0,37.5999750154505,126.922808867378
현대화유통기업(주),은평구,구산동,서울특별시 은평구 구산동 182번지 6  호,대형마트,,,,,37.6092379347653,126.908239033852
홈플러스 익스프레스 갈현점,은평구,갈현2동,서울특별시 은평구 서오릉로 222 (갈현동),기타대규모점포,준대규모점포,,246.18,,37.61502187175,126.909692686912
홈플러스(주)익스프레스 불광점,은평구,불광1동,서울특별시 은평구 불광로 121 (불광동),기타대규모점포,준대규모점포,,200.9,,37.61763903504,126.932886145151
홈플러스(주)익스프레스 신사점,은평구,신사1동,서울특별시 은평구 갈현로 10 (신사동),기타대규모점포,준대규모점포,,189.1,,37.5988263616354,126.910344025472
홈플러스(주)익스프레스구산점,은평구,구산동,서울특별시 은평구 서오릉로 145 (구산동),기타대규모점포,준대규모점포,,510.0,,37.611286414672,126.916477274153
홈플러스(주)익스프레스응암점,은평구,응암3동,서울특별시 은평구 응암로 247 (응암동),기타대규모점포,준대규모점포,,272.0,,37.5942237088269,126.917854566217
(주)영풍문고,종로구,종로1.2.3.4가동,서울특별시 종로구 청계천로 41 (서린동),전문점,대규모점포,,6906.53,,37.5696679696981,126.982179278549
GS THE FRESH 무악현대점,종로구,무악동,"서울특별시 종로구 통일로 246-10, 무악현대아파트 지하 1층 (무악동)",미분류,준대규모점포,,297.0,,37.5743447023263,126.959103079359
광장시장,종로구,종로1.2.3.4가동,서울특별시 종로구 창경궁로 88 (예지동),전통시장,대규모점포,건물형,16128.75,1579.0,37.5701196320637,126.999798964693
광장전통시장,종로구,종로1.2.3.4가동,종로구 창경궁로 88 일대 광장전통시장,상점가·골목형,,골목형,49384.0,1830.0,37.5701196320637,126.999798964693
광장주식회사,종로구,종로1.2.3.4가동,서울특별시 종로구 예지동 6번지 1호,전통시장,,,16128.75,,37.57005529646949,126.99894728223626
낙원상가,종로구,종로1.2.3.4가동,"서울특별시 종로구 삼일대로 428, 낙원상가 506호 (낙원동)",기타대규모점포,대규모점포,,25198.02,,37.5727635233966,126.987902476529
낙원악기상가,종로구,종로1.2.3.4가동,서울 종로구 삼일대로 428 낙원상가,전통시장,,건물형,20398.0,289.0,37.5727635233966,126.987902476529
동대문문구·완구거리,종로구,창신1동,종로구 종로52길 36 일대 동대문문구·완구거리,상점가·골목형,,골목형,8693.0,134.0,37.5712313872766,127.014447816287
동대문상가A동,종로구,창신1동,종로구 청계천로 295 동대문상가A동,전통시장,,건물형,4735.0,219.0,37.5700667120798,127.010670484701
동대문상가B동,종로구,창신1동,종로구 청계천로 307 동대문상가B동,전통시장,,건물형,4735.0,238.0,37.57007091442,127.011948575482
동대문상가C동,종로구,창신1동,종로구 청계천로 319 동대문상가C동,전통시장,,건물형,4735.0,185.0,37.5701020271196,127.013364882905
동대문상가D동(일신파워빌딩),종로구,창신1동,종로구 청계천로 331 동대문상가D동(일신파워빌딩),전통시장,,건물형,8370.0,132.0,37.5701128512961,127.014774282566
동대문신발도매상가,종로구,창신1동,서울특별시 종로구 창신동 436번지 79  호,기타대규모점포,,,,,37.5700690573243,127.010641054211
동대문종합시장,종로구,종로5.6가동,서울특별시 종로구 종로 266 (종로6가),전통시장,대규모점포,건물형,55081.94,3400.0,37.5707064933341,127.007328677369
동대문종합시장 신관,종로구,종로5.6가동,서울특별시 종로구 종로 272 (종로6가),복합쇼핑몰,대규모점포,,4612.66,,37.5708187075358,127.008091407146
동대문종합시장D동,종로구,종로5.6가동,종로구 종로 266 동대문종합시장D동,전통시장,,건물형,12452.0,1048.0,37.5707064933341,127.007328677369
동대문종합시장D동상가,종로구,종로5.6가동,"서울특별시 종로구 종로 266, 동대문종합시장D동상가  동 (종로6가)",기타대규모점포,대규모점포,,11750.0,,37.5707064933341,127.007328677369
동대문종합시장신관,종로구,종로5.6가동,종로구 종로272 동대문종합시장신관,전통시장,,건물형,13533.0,311.0,37.5708187075358,127.008091407146
동대문지하쇼핑센터,종로구,종로5.6가동,종로구 율곡로 지하 308 동대문지하쇼핑센터,전통시장,,지하도상가,2285.0,48.0,37.5704117093421,127.009546610861
동묘시장,종로구,숭인2동,서울 종로구 종로58길 39,상점가·골목형,,골목형,5480.0,135.0,37.5718389856421,127.018550461258
동문시장,종로구,창신1동,서울특별시 종로구 종로44길 14 (창신동),전통시장,대규모점포,건물형,3660.0,340.0,37.5705109506606,127.011127973709
마전교지하쇼핑센터,종로구,종로5.6가동,종로구 동호로 지하 398 마전교지하쇼핑센터,전통시장,,지하도상가,1210.0,32.0,37.5701123172706,127.001997674974
보령약국골목상가,종로구,종로5.6가동,서울 종로구 종로31길 22 종로31길 22 일대,상점가·골목형,,상점가,1336.36,247.0,37.5719315335697,126.999820127904
북촌계동길 골목형상점가,종로구,가회동,서울 종로구 계동길 52-12 일대,상점가·골목형,,골목형,5680.0,106.0,37.5795289316469,126.987245557635
브라운스톤 창신상가,종로구,창신3동,"서울특별시 종로구 지봉로 81 (창신동, 브라운스톤 창신)",기타대규모점포,준대규모점포,,3393.77,,37.5773757358987,127.015049677272
삼청정독길 골목형상점가,종로구,삼청동,서울 종로구 율곡로1길 52 일대,상점가·골목형,,골목형,2869.0,82.0,37.5781765946352,126.980963324198
세운상가가동,종로구,종로1.2.3.4가동,종로구 청계천로 159 세운상가가동,상점가·골목형,,건물형,10818.0,357.0,37.5692814302828,126.995239727442
세운스퀘어,종로구,종로1.2.3.4가동,서울특별시 종로구 창경궁로 109 (인의동),기타대규모점포,대규모점포,,8390.2,,37.5723490188717,126.997086146344
세종마을음식문화거리,종로구,사직동,종로구 자하문로 1길 일대 세종마을음식문화거리,상점가·골목형,,골목형,5850.0,108.0,37.5763198182948,126.972281883776
신설종합시장,종로구,숭인2동,"서울특별시 종로구 난계로27길 51, 신설종합시장 숭인동 (숭인동)",전통시장,대규모점포,건물형,1313.0,151.0,37.5726695877033,127.020344764781
신설종합시장(주),종로구,숭인2동,"서울특별시 종로구 난계로27길 51, 신설종합시장 (숭인동)",기타대규모점포,대규모점포,,1313.0,,37.5726695877033,127.020344764781
영풍문고,종로구,종로1.2.3.4가동,서울특별시 종로구 서린동 33호,대형마트,,,,,37.5695798451074,126.982131418171
종각지하쇼핑센터,종로구,종로1.2.3.4가동,종로구 종로 지하 73 종각지하쇼핑센터,전통시장,,지하도상가,4723.0,82.0,37.5702043387209,126.98551944216
종로1번지아케이트,종로구,종로1.2.3.4가동,서울특별시 종로구 종로 1 (종로1가),전문점,대규모점포,,4674.66,,37.5709864991466,126.977983322555
종로4가지하쇼핑센터,종로구,종로1.2.3.4가동,종로구 창경궁로 지하 81 종로4가지하쇼핑센터,전통시장,,지하도상가,2997.0,102.0,37.5697464206789,126.997868085539
종로세운상가,종로구,종로1.2.3.4가동,서울특별시 종로구 청계천로 159,대형마트,,,,,37.5692814302828,126.995239727442
종로신백제 골목형상점가,종로구,종로5.6가동,서울 종로구 종로 243 종로신백제 골목형상점가,상점가·골목형,,골목형,3052.0,45.0,37.5713165029695,127.004896238921
종로신진시장,종로구,종로5.6가동,종로구 종로38길16 일대 종로신진시장,전통시장,,골목형,1336.0,60.0,37.5702282787637,127.004946200191
종오지하쇼핑센터,종로구,종로1.2.3.4가동,종로구 종로 지하 200 종오지하쇼핑센터,전통시장,,지하도상가,4165.0,65.0,37.5708881812462,127.000060220655
주식회사 홈플러스익스프레스 광화문점,종로구,사직동,"서울특별시 종로구 새문안로 91, 광화문 고려빌딩 1층 (신문로1가)",복합쇼핑몰,준대규모점포,,432.9,,37.5704876038354,126.974761002545
주식회사 홈플러스익스프레스 숭인점,종로구,숭인1동,"서울특별시 종로구 종로 347, 1층 (숭인동, 롯데캐슬 천지인)",미분류,준대규모점포,,273.3,,37.5740562569508,127.016000015149
창신골목시장,종로구,창신1동,종로구 종로51길 18 일대 창신골목시장,상점가·골목형,,골목형,6000.0,118.0,37.5728016585126,127.011870677613
충신시장,종로구,종로1.2.3.4가동,종로구 율곡로22길 일대 충신시장,상점가·골목형,,골목형,1000.0,29.0,37.5754955480832,126.981803298886
통인시장,종로구,청운효자동,서울 종로구 자하문로15길 18 통인시장,전통시장,,골목형,4421.0,76.0,37.5807670044059,126.969947621917
한일상가,종로구,종로5.6가동,종로구 청계천로 229 한일상가,전통시장,,건물형,4894.0,220.0,37.5701340995047,127.003025038619
효성주얼리시티,종로구,종로1.2.3.4가동,"서울특별시 종로구 종로 183 (인의동, 효성주얼리시티)",기타대규모점포,대규모점포,,9370.53,,37.5714476873524,126.998320034926
(주)광희패션몰,중구,신당동,서울특별시 중구 마장로1길 21 (신당동),기타대규모점포,대규모점포,,13458.03,,37.5686729331271,127.011915526088
(주)에리어식스,중구,신당동,서울특별시 중구 마장로 19 (신당동),기타대규모점포,대규모점포,,4203.03,,37.5681355716925,127.011990826728
(주)지에스리테일 남산타운점,중구,약수동,서울특별시 중구 다산로 32 (신당동),미분류,준대규모점포,,492.56,,37.5471505540187,127.005706247221
Chapter M,중구,명동,서울특별시 중구 명동8나길 38 (충무로1가),기타대규모점포,대규모점포,,5432.37,,37.5617094550686,126.982674651463
DDP FASHION MALL,중구,신당동,"서울특별시 중구 마장로 22 (신당동, DDP FASHION MALL)",기타대규모점포,대규모점포,,13006.43,,37.5673019564133,127.012127880945
Team204 (팀204),중구,신당동,서울특별시 중구 마장로 30 team204 (팀204),전통시장,,건물형,5880.12,127.0,37.5677127859728,127.013196592402
광희패션몰,중구,신당동,서울특별시 중구 마장로1길 21 광희패션몰,전통시장,,건물형,8601.0,1083.0,37.5686729331271,127.011915526088
굳앤굳 디자이너월드,중구,회현동,서울특별시 중구 남대문로 30 (남창동),기타대규모점포,대규모점포,,9316.94,,37.5608015611863,126.979035172447
굿모닝시티 쇼핑몰,중구,광희동,"서울특별시 중구 장충단로 247 (을지로6가,굿모닝시티쇼핑몰)",쇼핑센터,대규모점포,,40302.01,,37.5668021171335,127.007358177138
남대문로 지하상가,중구,소공동,서울특별시 중구 남대문로 14 남대문로 지하상가,전통시장,,지하도상가,2163.0,79.0,37.5610125511985,126.977918122398
남대문시장,중구,회현동,서울특별시 중구 남대문시장4길 21 일대 남대문시장,전통시장,,건물형,64612.86,4891.0,37.5591863609004,126.977653709273
남산타운2상가,중구,약수동,서울특별시 중구 다산로 32 (신당동),기타대규모점포,대규모점포,,5268.33,,37.5471505540187,127.005706247221
남산타운5상가,중구,약수동,서울특별시 중구 다산로 32 (신당동),기타대규모점포,대규모점포,,6954.85,,37.5471505540187,127.005706247221
남정종합상가,중구,회현동,서울특별시 중구 소월로 9 (남창동),기타대규모점포,대규모점포,,6752.63,,37.5587248091762,126.976413639153
남평화상가(주),중구,신당동,서울특별시 중구 장충단로 282-10 (신당동),기타대규모점포,대규모점포,,6775.3,,37.5691711976069,127.010835959946
남평화시장,중구,신당동,서울특별시 중구 장충단로 282-10 남평화시장,전통시장,,건물형,7266.0,770.0,37.5691711976069,127.010835959946
누죤,중구,신당동,서울특별시 중구 을지로45길 62 (신당동),기타대규모점포,대규모점포,,21527.19,,37.5669477713142,127.013008334406
눈스퀘어,중구,명동,서울특별시 중구 명동길 14 (명동2가),기타대규모점포,대규모점포,,21481.63,,37.5634116488196,126.98288772495
대림상가,중구,을지로동,서울특별시 중구 을지로 157 대림상가,전통시장,대규모점포,건물형,10956.0,362.0,37.5671458986322,126.995451191045
던던 동대문점,중구,광희동,서울특별시 중구 을지로 264 (을지로6가),쇼핑센터,대규모점포,,17356.62,,37.5657600422078,127.007079629799
동평화시장,중구,신당동,서울특별시 중구 청계천로 318 동평화시장,전통시장,,건물형,24768.0,1285.0,37.5693565845148,127.013791492597
동화동 골목형상점가,중구,동화동,서울특별시 중구 다산로42나길 46 일대 동화동 골목형상점가,상점가·골목형,,골목형,12512.67,70.0,37.5624238591992,127.017298689385
동화상가,중구,광희동,서울특별시 중구 장충단로13길 34 (을지로6가),전통시장,대규모점포,건물형,19023.64,715.0,37.5686048564303,127.006912033436
두타몰,중구,광희동,서울특별시 중구 장충단로 275 (을지로6가),기타대규모점포,대규모점포,,15695.63,,37.5688849422849,127.008775114213
디오트,중구,신당동,서울특별시 중구 다산로 293 (신당동),기타대규모점포,대규모점포,,18815.13,,37.5691596607746,127.014991766546
디자이너크럽,중구,신당동,서울특별시 중구 을지로45길 72 (신당동),기타대규모점포,대규모점포,,7281.04,,37.5674049296835,127.013071008776
롯데백화점 본점,중구,소공동,서울특별시 중구 남대문로 81 (소공동),복합쇼핑몰,대규모점포,,59979.25,,37.5647299033135,126.981730421825
롯데쇼핑(주)롯데마트 제타플렉스 서울역점,중구,회현동,서울특별시 중구 청파로 426 (봉래동2가),대형마트,대규모점포,,11090.62,,37.5574468761736,126.969512319976
맥스타일,중구,신당동,서울특별시 중구 마장로 3 (신당동),전문점,대규모점포,,17758.45,,37.5687984821779,127.010543979771
명동남산골 골목형상점가,중구,명동,서울특별시 중구 퇴계로20길 18 일대 명동남산골 골목형상점가,상점가·골목형,,골목형,5566.1,41.0,37.5594412440188,126.985730907248
명동역지하도상가,중구,명동,서울특별시 중구 퇴계로 지하 124 명동역지하도상가,전통시장,,지하도상가,2215.0,69.0,37.5608582878361,126.985370266978
명동지하쇼핑센터,중구,명동,서울특별시 중구 남대문로지하 72 명동지하쇼핑센터,전통시장,,지하도상가,3838.0,58.0,37.5635641593204,126.982090184082
밀리오레,중구,광희동,서울특별시 중구 장충단로 263 (을지로6가),기타대규모점포,대규모점포,,17736.37,,37.5681156942942,127.008472686741
방산시장,중구,을지로동,서울특별시 중구 을지로33길 18-1 방산시장,상점가·골목형,,상점가,66691.0,1130.0,37.5672424824617,126.999671179559
방산종합시장,중구,을지로동,서울특별시 중구 동호로37길 20 (방산동),전통시장,대규모점포,건물형,18500.0,576.0,37.5687241676447,127.000805597741
백학시장,중구,신당5동,서울특별시 중구 퇴계로86길 22 일대 백학시장,상점가·골목형,,상점가,5291.0,95.0,37.5645821922808,127.019627561829
베네치아메가몰,중구,황학동,서울특별시 중구 청계천로 400 (황학동),기타대규모점포,대규모점포,,27653.82,,37.5708105464699,127.021463886656
벨포스트 (舊에리어식스),중구,신당동,서울특별시 중구 마장로 19 벨포스트 (舊에리어식스),전통시장,,건물형,4379.0,323.0,37.5681355716925,127.011990826728
삼익패션타운,중구,회현동,서울특별시 중구 남대문시장8길 7 (남창동),전통시장,대규모점포,건물형,13793.3,1446.0,37.5604352919962,126.978956614349
상제리제상가,중구,명동,서울특별시 중구 삼일대로 363 (장교동),기타대규모점포,대규모점포,,9578.0,,37.5671565387212,126.987052299704
서울남대문시장,중구,회현동,서울특별시 중구 남대문시장4길 21 (남창동),기타대규모점포,대규모점포,,53845.06,,37.5591863609004,126.977653709273
서울중앙시장,중구,황학동,서울특별시 중구 퇴계로85길 22 (황학동),전통시장,대규모점포,골목형,14330.0,124.0,37.5667766312392,127.019789660436
선싸인,중구,명동,서울특별시 중구 명동8가길 27 (충무로2가),기타대규모점포,대규모점포,,3613.39,,37.5620005331406,126.986563787577
센터포인트 명동,중구,명동,서울특별시 중구 남대문로2가 9-1,쇼핑센터,대규모점포,,8767.97,,37.5646489593288,126.982697400493
소공지하도상가,중구,소공동,서울특별시 중구 소공로지하 102 소공지하도상가,전통시장,,지하도상가,3517.0,139.0,37.5643059017854,126.979061355268
숭례문상가,중구,회현동,서울특별시 중구 남창동 51번지 1호,기타대규모점포,대규모점포,,6020.32,,37.5593706891864,126.97619047235813
숭례문수입상가,중구,회현동,서울특별시 중구 소월로 3 숭례문수입상가,전통시장,,건물형,45479.0,533.0,37.559371862901,126.97620246899
시청광장 지하쇼핑센터,중구,명동,서울특별시 중구 을지로지하 12 시청광장 지하쇼핑센터,전통시장,,지하도상가,2087.0,51.0,37.5655671649856,126.978332859567
신당 미래유산 먹거리 골목형상점가,중구,신당동,서울특별시 중구 다산로 221 일대 신당 미래유산 먹거리 골목형상점가,상점가·골목형,,골목형,27603.0,146.0,37.5629232240738,127.015090458836
신당오길 골목형상점가,중구,신당5동,서울특별시 중구 퇴계로88길 21 일대 신당오길 골목형상점가,상점가·골목형,,골목형,6890.7,113.0,37.564573564178,127.021071261813
신세계백화점,중구,회현동,"서울특별시 중구 소공로 63 (충무로1가,신세계백화점건물)",백화점,대규모점포,,78348.39,,37.560919019936,126.980979034083
신중부시장,중구,광희동,서울특별시 중구 동호로33길 24 일대 신중부시장,전통시장,,골목형,7523.0,207.0,37.5656530328224,127.000858310647
신중앙시장,중구,황학동,서울특별시 중구 퇴계로85길 36 어울쉼터 3층,전통시장,,골목형,9136.54,92.0,37.5674046283723,127.019771602753
신평화패션타운,중구,신당동,서울특별시 중구 청계천로 298 신평화패션타운,전통시장,,건물형,13494.0,1091.0,37.5694538182223,127.011069634436
아트프라자,중구,신당동,서울특별시 중구 마장로1길 28 (신당동),전통시장,대규모점포,건물형,4448.0,391.0,37.569192892231,127.012827274623
약수시장 골목형상점가,중구,약수동,서울특별시 중구 동호로7길 14,상점가·골목형,,골목형,43936.9,132.0,37.5532054555858,127.010718554062
에이피엠패션몰,중구,신당동,서울특별시 중구 마장로 40 (신당동),기타대규모점포,대규모점포,,9067.72,,37.5677236816149,127.014033422257
에이피엠플레이스,중구,광희동,"서울특별시 중구 을지로 276 (을지로7가, apMPLACE)",쇼핑센터,대규모점포,,9272.66,,37.5653191861991,127.00843026396
엠플라자(M plaza),중구,명동,"서울특별시 중구 명동8길 27 (명동2가, 엠 플라자)",쇼핑센터,대규모점포,,5835.93,,37.5625312330845,126.985166774442
올레오,중구,신당동,서울특별시 중구 마장로1길 22 (신당동),쇼핑센터,대규모점포,,8119.0,,37.5688944975891,127.012687655618
우일타운,중구,신당동,서울특별시 중구 다산로 274 (흥인동),전문점,대규모점포,,4097.54,,37.5674464828596,127.016527092399
을지로지하보도쇼핑센터,중구,명동,서울특별시 중구 을지로 지하88,상점가·골목형,,지하도상가,20334.0,212.0,37.5661527189537,126.986869332754
을지입구지하상가,중구,명동,서울특별시 중구 을지로지하 58 을지입구지하상가,상점가·골목형,,지하도상가,1225.0,64.0,37.5661185760891,126.983988779154
인현시장,중구,광희동,서울특별시 중구 퇴계로41길 45 일대 인현시장,상점가·골목형,,상점가,6702.0,79.0,37.5638532079401,126.995440299021
자유상가,중구,회현동,서울특별시 중구 남대문로 36 자유상가,전통시장,,건물형,8646.0,283.0,37.5609585524229,126.979767074465
장충남소영길 골목형상점가,중구,장충동,서울특별시 중구 동호로24길 27-3 ~ 장충단로7길 32 일대 장충남소영길 골목형상점가,상점가·골목형,,골목형,16974.2,162.0,37.5604438091744,127.005224770624
제일평화시장,중구,신당동,서울특별시 중구 마장로 13 (신당동),전통시장,대규모점포,건물형,9629.48,856.0,37.5685143185042,127.011402056802
주식회사 이마트 청계천점,중구,황학동,서울특별시 중구 청계천로 400-0 (황학동),대형마트,대규모점포,,20144.48,,37.5708105464699,127.021463886656
주식회사 홈플러스익스프레스 신당점,중구,동화동,서울특별시 중구 다산로 222 (신당동),미분류,준대규모점포,,251.57,,37.5628525208577,127.015591399432
중부시장,중구,광희동,서울특별시 중구 을지로36길 35 (오장동),전통시장,대규모점포,골목형,20707.0,375.0,37.5650634087053,127.001905065624
지에스수퍼마켓 중구만리점,중구,중림동,"서울특별시 중구 만리재로 175, 401동 9,10,11호 (만리동2가)",미분류,준대규모점포,,276.24,,37.5547908528642,126.964454371144
진양상가,중구,광희동,서울특별시 중구 퇴계로 217 (충무로4가),기타대규모점포,대규모점포,,10269.89,,37.5624227137843,126.995931151636
청계5가쇼핑센터,중구,을지로동,서울특별시 중구 동호로 390-3 청계5가쇼핑센터,전통시장,,지하도상가,1933.0,44.0,37.5692428498054,127.002367570492
청계6가 지하도상가,중구,광희동,서울특별시 중구 장충단로 지하 280 청계6가 지하도상가,전통시장,,지하도상가,1535.0,49.0,37.5691968862634,127.009680704081
청계상가,중구,을지로동,"서울특별시 중구 청계천로 160, 세운청계상가 (산림동)",전통시장,대규모점포,건물형,3778.41,180.0,37.5679798569884,126.995365114169
청계천공구상가,중구,을지로동,서울특별시 중구 청계천로 124 일대 청계천공구상가,상점가·골목형,,상점가,9329.99,101.0,37.5679779096207,126.991220351309
청평화시장,중구,신당동,서울특별시 중구 청계천로 334 (신당동),전통시장,대규모점포,건물형,12192.28,1156.0,37.5694666369551,127.014936475931
충무로 골목형상점가,중구,광희동,서울특별시 중구 충무로2길 27-1 일대 충무로 골목형상점가,상점가·골목형,,골목형,12704.82,87.0,37.5624722241891,126.994799875019
충정로56출구 골목형상점가,중구,중림동,서울특별시 중구 서소문로 12 (중림동),상점가·골목형,,골목형,5076.8,39.0,37.558960508078,126.96333961782
테크노상가,중구,신당동,서울특별시 중구 마장로1가길 17 테크노상가,전통시장,,건물형,4405.13,301.0,37.5688457834508,127.013237541997
통일상가,중구,광희동,서울특별시 중구 청계천로 260-14 통일상가,전통시장,대규모점포,건물형,15146.0,966.0,37.5689078045281,127.006316322873
팀204,중구,신당동,서울특별시 중구 마장로 30 (신당동),기타대규모점포,대규모점포,,6140.0,,37.5677127859728,127.013196592402
평화시장,중구,광희동,서울특별시 중구  청계천로  274 (을지로6가),전통시장,대규모점포,건물형,24483.79,2070.0,37.5694258617472,127.00804756339
필동 골목형상점가,중구,필동,서울특별시 중구 필동로 19 일대 필동 골목형상점가,상점가·골목형,,골목형,5062.83,24.0,37.5598419111403,126.99631225588
하이해리엇,중구,명동,서울특별시 중구 퇴계로 123 (충무로2가),기타대규모점포,대규모점포,,4944.51,,37.5612658980395,126.985364301804
헬로에이피엠,중구,광희동,서울특별시 중구 장충단로 253 (을지로6가),기타대규모점포,대규모점포,,13941.72,,37.567487097159,127.008078935255
현대시티타워,중구,광희동,서울특별시 중구 장충단로 13길 20,쇼핑센터,대규모점포,,33008.72,,37.568734553218,127.007666479829
혜양엘리시움,중구,신당동,서울특별시 중구 마장로1길 18 (신당동),기타대규모점포,대규모점포,,5590.74,,37.5686635839046,127.012580309153
호텔롯데아케이드,중구,명동,"서울특별시 중구 을지로 30 (소공동, 롯데호텔)",기타대규모점포,대규모점포,,7676.86,,37.5653458904198,126.9810075639
황학동주방가구거리 상점가,중구,신당동,서울특별시 중구 마장로 64 ~ 난계로 189 일대 황학동주방가구거리 상점가,상점가·골목형,,상점가,27603.0,142.0,37.5679067469484,127.016912953129
황학시장,중구,황학동,서울특별시 중구 퇴계로87길 35-11,전통시장,,골목형,15225.38,114.0,37.5670196079862,127.020446571293
회현지하쇼핑센터,중구,회현동,서울특별시 중구 소공로지하 58 회현지하쇼핑센터,전통시장,,지하도상가,2498.0,221.0,37.5606668775872,126.981847764291
(주)이마트에브리데이 면목동점,중랑구,면목7동,서울특별시 중랑구 면목로39길 11 (면목동),기타대규모점포,준대규모점포,,1440.66,,37.5795516849136,127.086299055242
GS THE FRESH 신내점,중랑구,신내1동,"서울특별시 중랑구 봉화산로56길 153, 대명프라자 (신내동)",기타대규모점포,준대규모점포,,258.45,,37.6014843289566,127.096785094457
GS THE FRESH 중랑망우점,중랑구,망우본동,서울특별시 중랑구 망우동 580 중랑숲 금호어울림아파트 상가 1층,기타대규모점포,준대규모점포,,151.47,,37.6022199011735,127.109269400548
겸재한신길 골목형상점가,중랑구,면목2동,서울 중랑구 겸재로3길 9 겸재한신길 골목형상점가,상점가·골목형,,골목형,1023.0,34.0,37.5864617337944,127.076404221354
동성타워프라자,중랑구,신내1동,서울특별시 중랑구 봉화산로 221 (신내동),전통시장,대규모점포,건물형,4136.0,75.0,37.6080276018454,127.097205473343
동원,중랑구,면목본동,서울특별시 중랑구 면목로74길 45 (면목동),전통시장,대규모점포,,1558.54,,37.5898383414266,127.089893155552
동원시장,중랑구,면목본동,서울특별시 중랑구 면목로74길 45 동원시장,전통시장,,건물형,1766.0,14.0,37.5898383414266,127.089893155552
동원전통시장상점가,중랑구,면목본동,서울특별시 중랑구 면목로78길 67 101호 동원전통시장상점가,전통시장,,상점가,18159.0,87.0,37.5909789668139,127.090874281563
동원전통종합시장,중랑구,면목본동,서울특별시 중랑구 상봉로11길 27-3 동원전통종합시장,전통시장,,골목형,18159.53,123.0,37.589967053526,127.092048898771
롯데프레시앤델리 봉화산역점,중랑구,신내2동,"서울특별시 중랑구 신내로 211, 금강리빙스텔 비01호 (신내동)",기타대규모점포,준대규모점포,,1150.47,,37.6163496295774,127.092668240549
면목시장(골목형),중랑구,면목7동,서울특별시 중랑구 사가정로 50길 84 면목시장(골목형),전통시장,,골목형,13563.0,88.0,37.5774853413189,127.084436118744
면목시장(카멜리아쇼핑센타),중랑구,면목7동,서울특별시 중랑구 면목로39길 11 면목시장(카멜리아쇼핑센타),전통시장,,건물형,3977.9,34.0,37.5795516849136,127.086299055242
묵동도깨비시장 골목형상점가,중랑구,묵1동,서울 중랑구 공릉로 60 묵동도깨비시장 골목형상점가,상점가·골목형,,골목형,3510.0,96.0,37.6159098167398,127.0793750393
봉우시장 골목형상점가,중랑구,면목2동,서울 중랑구 봉우재로14길 19 봉우시장 골목형상점가,상점가·골목형,,골목형,2788.0,68.0,37.5896964448951,127.07837685325
사가정51길 골목형상점가,중랑구,면목제3.8동,서울 중랑구 사가정로51길 38 사가정51길 골목형상점가,상점가·골목형,,골목형,4392.0,102.0,37.5825184776366,127.088126361985
사가정시장,중랑구,면목제3.8동,서울특별시 중랑구 면목로44길 16 사가정시장,전통시장,,골목형,6603.0,137.0,37.5810811721246,127.08937917125
상봉먹자 골목형상점가,중랑구,면목2동,서울특별시 중랑구 봉우재로33길 일대 상봉먹자골목형상점가,상점가·골목형,,골목형,8905.0,137.0,37.5904589726692,127.076980213554
세이지움 태릉입구역,중랑구,묵1동,서울특별시 중랑구 숙선옹주로 4 (묵동),기타대규모점포,대규모점포,,5663.4,,37.6153852104817,127.077554553936
신내구길 골목형상점가,중랑구,신내1동,서울 중랑구 신내로14길 26 신내구길 골목형상점가,상점가·골목형,,골목형,6893.0,118.0,37.6054986627446,127.097037404944
신아타운,중랑구,신내2동,서울특별시 중랑구 봉화산로 194 신아타운,전통시장,,건물형,31128.0,255.0,37.6064526315197,127.094707041869
우림골목시장,중랑구,망우본동,서울특별시 중랑구 망우로62길 52-4 우림골목시장,전통시장,,골목형,22269.0,125.0,37.5967718201045,127.098272231774
유영시장,중랑구,망우3동,서울특별시 중랑구 봉우재로70길 96 유영시장,전통시장,,건물형,7153.67,3.0,37.5913994823736,127.09674089554
이노시티,중랑구,상봉1동,"서울특별시 중랑구 망우로 353-0 (상봉동, 프레미어스 엠코)",복합쇼핑몰,대규모점포,,21844.34,,37.5983328190955,127.091624142481
이마트에브리데이 중화리버센SK점,중랑구,중화2동,서울특별시 중랑구 중랑천로 200,대형마트,준대규모점포,,183.97,,37.6027640054814,127.075560229011
장미꽃빛거리 골목형상점가,중랑구,묵2동,서울 중랑구 동일로163길 7 장미꽃빛거리 골목형상점가,상점가·골목형,,골목형,1912.0,79.0,37.6119022605143,127.07700208462
장미제일시장,중랑구,중화2동,서울특별시 중랑구 동일로143길 43 장미제일시장,전통시장,,골목형,5966.12,56.0,37.6049895843131,127.076193499917
주식회사 이마트 묵동점,중랑구,묵1동,서울특별시 중랑구 동일로 932 (묵동),대형마트,대규모점포,,5100.83,,37.6138348860458,127.077545015528
주식회사 홈플러스익스프레스 면목점,중랑구,면목제3.8동,서울특별시 중랑구 면목로 357 (면목동),미분류,준대규모점포,,361.1,,37.5839916838426,127.08813658984
중랑교종합상가,중랑구,상봉2동,서울특별시 중랑구 망우로32길 23 중랑교종합상가,전통시장,,건물형,3472.0,54.0,37.5929396716668,127.077121249138
중랑동부시장,중랑구,면목2동,서울특별시 중랑구 동일로 109길 31-5 중랑동부시장,전통시장,,골목형,0.0,121.0,37.5916786112537,127.078401124618
코스트코홀세일 상봉점,중랑구,상봉2동,서울특별시 중랑구 망우로 336 (상봉동),대형마트,대규모점포,,9776.28,,37.5968649569229,127.090296348769
태능 골목형상점가,중랑구,중화2동,서울특별시 중랑구 중랑역로 43,상점가·골목형,,골목형,4528.0,87.0,37.5977968297531,127.076422604577
태능엔터피아,중랑구,중화2동,서울특별시 중랑구 동일로129길 35 태능엔터피아,전통시장,,건물형,7776.0,42.0,37.5992703826018,127.077554696692
태능엔터피아 번영회,중랑구,중화2동,서울특별시 중랑구 동일로129길 35 (중화동),전통시장,대규모점포,,0.0,,37.5992703826018,127.077554696692
홈플러스 신내점,중랑구,신내2동,서울특별시 중랑구 신내로 201 (신내동),대형마트,대규모점포,,11101.0,,37.6159839060513,127.093597352593
홈플러스(주) 서울 상봉점,중랑구,상봉1동,"서울특별시 망우로 353-0 (상봉동, 프레미어스 엠코)",대형마트,대규모점포,,22618.65,,37.5983328190955,127.091624142481
홈플러스(주) 익스프레스 태릉점,중랑구,중화2동,서울특별시 중랑구 동일로129길 35 (중화동),기타대규모점포,준대규모점포,,466.1,,37.5992703826018,127.077554696692
홈플러스(주)면목점,중랑구,면목5동,서울특별시 중랑구 사가정로 332 (면목동),대형마트,대규모점포,,8128.82,,37.5811863912514,127.08038084565
홈플러스(주)익스프레스 망우점,중랑구,망우3동,서울특별시 중랑구 용마산로 494 (망우동),기타대규모점포,준대규모점포,,364.6,,37.5949757275537,127.100268095195
