문화시설명,주제분류,문화분류,주소,자치구,행정동명,행정동ID_8자리,위도,경도,무료여부,관람시간,휴관일,객석수,전화번호,홈페이지,매칭거리_m,매칭품질
강남힐링센터 개포,기타,기타문화,서울특별시 강남구 삼성로3길 39,강남구,개포2동,11230800,37.4841428175435,127.065349831835,무료,,"매주 일요일, 공휴일",,02-3423-7970,https://www.gangnam.go.kr/healing/index.do,77.6,양호
경운박물관,박물관/기념관,전시시설,서울특별시 강남구 삼성로 29  경기여고 100주년기념관 1층,강남구,개포2동,11230800,37.48783935741881,127.06604493487576,무료,화~금 10:00~16:00토 10:00~13:00,"일, 공휴일",,02-3463-1336,http://kwmuseum.org,92.9,양호
서울특별시교육청 개포도서관,도서관,도서관,서울  강남구 개포동  선릉로4길 30,강남구,개포2동,11230800,37.4829604,127.063769,무료,절기에 따라 다름,"매월 둘째, 넷째 목요일 , 법정공휴일, 임시휴관일",,02-3462-1989,http://gplib.sen.go.kr/,69.5,양호
M극장,공연장,공연시설,서울특별시 강남구 논현로4길 36,강남구,개포4동,11230710,37.4737004711717,127.052950914694,유료,,없음,,없음,https://www.mtheater.co.kr/,33.8,양호
SPACE 1257,기타,기타문화,"서울특별시 강남구 학동로 146, 와일리 타워 1층",강남구,논현1동,11230520,37.5125036615996,127.026928980849,무료,,일부 공휴일,,02-6952-1251,https://www.instagram.com/space_1257/,53.2,양호
삼익아트홀,공연장,공연시설,서울특별시 강남구 학동로 171 3층,강남구,논현1동,11230520,37.5140467250769,127.029550652058,유료,,연중무휴,,02-517-1300,https://www.samickhall.co.kr/,28.7,양호
엠팟홀,공연장,공연시설,서울 강남구 학동로 171 삼익악기빌딩 3층,강남구,논현1동,11230520,37.5140467250769,127.029550652058,유료,,홈페이지 참조,,02-541-3929,http://www.mpot.co.kr/,28.7,양호
하츠아트홀,기타,기타문화,서울특별시 강남구 학동로 163 지하,강남구,논현1동,11230520,37.5136305884416,127.028668907231,유료,,연중무휴,,0507-1344-2360,https://blog.naver.com/heartsmusic,110.4,양호
강남구립논현도서관,도서관,도서관,서울 강남구 학동로43길 17 논현2문화센터 6층,강남구,논현2동,11230530,37.5172831299803,127.037204204847,무료,,"매주 화요일, 일요일을 제외한 법정공휴일",,02-3443-7650,https://library.gangnam.go.kr/nhlib/index.do,26.7,양호
국립관세박물관,박물관/기념관,전시시설,서울특별시 강남구 언주로 721 서울본부세관 본관 1층,강남구,논현2동,11230530,37.51846218273785,127.03453476540844,무료,,"토요일 및 일요일,공휴일",,02-510-1083,https://www.customs.go.kr/seoul/cm/cntnts/cntntsView.do?mi=3796&cntntsId=1221,143.3,양호
논현2동복합문화센터,기타,기타문화,서울특별시 강남구 학동로43길 17,강남구,논현2동,11230530,37.5172831299803,127.037204204847,유료,,"일요일, 법정공휴일, 근로자의날",,02-2176-0620,https://life.gangnam.go.kr/fmcs/111,26.7,양호
성암아트홀,공연장,공연시설,서울특별시 강남구 선릉로111길 6 3F 전층,강남구,논현2동,11230530,37.5110534156341,127.043020996617,유료,,홈페이지 참조,,02-543-0826,https://www.saart.co/kr/index.php,53.0,양호
아트코드갤러리,미술관/갤러리,전시시설,서울특별시 강남구 언주로130길 14,강남구,논현2동,11230530,37.5148382107332,127.036775427752,무료,,매주 월요일,,0507-1400-6359,https://www.instagram.com/artcode_gallery/,84.7,양호
책과얽힘,기타,기타문화,서울특별시 강남구 선릉로133길 15,강남구,논현2동,11230530,37.5179419934245,127.039546839166,무료,,"토요일, 일요일",,02-542-9383,https://www.facebook.com/EntangledwithBooks/,27.8,양호
플랫폼엘,기타,기타문화,서울특별시 강남구 언주로133길 11,강남구,논현2동,11230530,37.51616471154578,127.0342339545498,유료,,"매주 월요일, 1월1일, 설, 추석, 성탄절",,02-6929-4470,https://platform-l.org/,33.1,양호
KT&G 상상마당 대치아트홀,공연장,공연시설,서울특별시 강남구 영동대로 416 KT&G 타워 3층,강남구,대치2동,11230790,37.5065841136869,127.065326637295,유료,,홈페이지 참조,,02-3404-4311,https://www.sangsangmadang.com/main/DC,83.2,양호
SETEC전시장(서울무역전시장),기타,기타문화,서울특별시 강남구 남부순환로 3104,강남구,대치2동,11230790,37.4956786590374,127.071912029293,무료,,행사별상이,,02-2187-4600,http://www.setec.or.kr/,103.5,양호
강남구립대치도서관,도서관,도서관,서울 강남구 삼성로 212 은마아파트 복지상가 2층 215호,강남구,대치2동,11230790,37.4996157705058,127.065915414443,무료,,매주 화요일 및 일요일을 제외한 법정공휴일,,02-565-6666,https://library.gangnam.go.kr/dchlib/index.do,97.0,양호
강남구립행복한도서관,도서관,도서관,서울 강남구 영동대로65길 24 대치2동주민센터 3층,강남구,대치2동,11230790,37.5023043321987,127.064187680006,무료,,"매주 화요일, 일요일을 제외한 법정공휴일",,02-567-3833,https://library.gangnam.go.kr/happylib/index.do,40.4,양호
강남구민회관,기타,기타문화,서울특별시 강남구 삼성로 154,강남구,대치2동,11230790,37.4938499406221,127.06414979923,무료,,"일요일, 월요일, 법정공휴일(대체휴무일 포함) 휴관",,02-2176-0891,https://www.gncity.or.kr/gncity/main/contents.do?menuNo=200139,23.5,양호
마이아트뮤지엄,미술관/갤러리,전시시설,서울특별시 강남구 테헤란로 518 (대치동) 섬유센터빌딩 B1,강남구,대치2동,11230790,37.5075910839105,127.060579419429,유료,,설날 및 추석 당일 휴관 | 공휴일 정상운영,,02-567-8878,http://www.myartmuseum.kr/,30.6,양호
씨스퀘어,공연장,공연시설,서울 강남구 영동대로 326 컬쳐랜드타워 1층 C SQUARE,강남구,대치2동,11230790,37.5038047972699,127.066592014355,무료,,연중무휴,,02-560-0792,http://www.culturetower.co.kr/hall/main.asp,140.2,양호
한국문화의집 KOUS,공연장,공연시설,서울특별시 강남구 테헤란로92길 12-9,강남구,대치2동,11230790,37.5068278109456,127.060465476538,유료,,홈페이지 참조,,02-3011-1788,https://www.instagram.com/2003kous/,62.5,양호
강남구립즐거운도서관,도서관,도서관,서울 강남구 도곡로77길 23 대치4동주민센터,강남구,대치4동,11230630,37.499729738243,127.05784954077,무료,,매월 월요일 및 일요일을 제외한 법정공휴일,,02-565-7533,https://library.gangnam.go.kr/jgwlib/index.do,46.5,양호
오에이오에이,미술관/갤러리,전시시설,서울특별시 강남구 삼성로63길 32-11,강남구,대치4동,11230630,37.5000442067308,127.057072857318,무료,,"월, 화, 일요일 공휴일 휴관",,02-6207-3211,https://www.oaoagallery.com/,21.3,양호
포스코미술관,미술관/갤러리,전시시설,서울시 강남구 테헤란로 440 포스코센터 지하 1층 포스코미술관,강남구,대치4동,11230630,37.5057694,127.0558879,무료,개관시간 10시~19시(토요일 11시~16시),공휴일,,02-3457-0793,http://www.poscoartmuseum.org/,96.5,양호
강남구립도곡정보문화도서관,도서관,도서관,서울 강남구 도곡로18길 57 도곡정보문화도서관,강남구,도곡1동,11230660,37.4883103031337,127.038880370672,무료,,"매주 월요일, 법정공휴일",,1644-3227,https://library.gangnam.go.kr/dogoklib/index.do,46.4,양호
오유아트홀,공연장,공연시설,서울특별시 강남구 남부순환로378길 34-9 도곡2동주민센터 4층,강남구,도곡2동,11230670,37.4837230766034,127.046406996821,유료,,주말 또는 공휴일 / 행사별 상이,,02-2176-0743,https://www.gangnam.go.kr/office/gfac/contents/gfac_place01/1/view.do?mid=gfac_facility0801,35.1,양호
GB 가빈아트홀,공연장,공연시설,"서울특별시 강남구 삼성로 534, B2층 가빈아트홀",강남구,삼성1동,11230580,37.5096776765406,127.055536318832,무료,,"설날, 추석 당일",,0507-1361-9570,https://gabin-arthall.com,62.6,양호
JBK컨벤션홀,기타,기타문화,서울 강남구 봉은사로 619 JBK TOWER 빌딩,강남구,삼성1동,11230580,37.5150273653092,127.063116769411,유료,,없음 ,,02-547-6551,http://jbktower.com/g5/,56.3,양호
강남힐링센터(코엑스),기타,기타문화,서울특별시 강남구 테헤란로87길 46,강남구,삼성1동,11230580,37.51137783911759,127.0580407444569,무료,,일요일,,02-6712-0651,https://life.gangnam.go.kr/fmcs/261,55.3,양호
리얼레이션 스페이스,미술관/갤러리,전시시설,서울 강남구 봉은사로114길 46 1층,강남구,삼성1동,11230580,37.511909216187,127.065515756604,무료,,매주 월요일,,0507-1342-8586,https://www.artsy.net/partner/realation-space,47.2,양호
백암아트홀,공연장,공연시설,서울 강남구 테헤란로113길 7 백암아트센터,강남구,삼성1동,11230580,37.5103944,127.066052,유료,,홈페이지 참조,,02-559-1333,http://www.baekamhall.com/,130.8,양호
세계골프역사박물관,박물관/기념관,전시시설,서울특별시 강남구 테헤란로 528,강남구,삼성1동,11230580,37.5080952698916,127.062000046367,유료,,"토요일, 일요일, 공휴일 ",,02-2192-3005,https://blog.naver.com/golfhistory,71.5,양호
슈페리어갤러리,미술관/갤러리,전시시설,서울특별시 강남구 테헤란로 528 슈페리어타워 지하1층,강남구,삼성1동,11230580,37.5080952698916,127.062000046367,유료,,"토요일, 일요일, 공휴일 ",,02-2192-3366,https://www.instagram.com/superior_gallery,71.5,양호
언커먼 갤러리,미술관/갤러리,전시시설,"서울 강남구 봉은사로 516 B1층 (삼성동, 미켈란147)",강남구,삼성1동,11230580,37.5132365165484,127.055995805325,무료,,"매주 일,월요일, 공휴일",,070-8808-3500,https://www.instagram.com/uncommon.gallery/,77.6,양호
코엑스 별마당 도서관,도서관,도서관,서울특별시 강남구 영동대로 513,강남구,삼성1동,11230580,37.5118239121138,127.059159043842,무료,,없음,,02-6002-3031,https://starfield.co.kr/coexmall/starfieldLibrary/library.do,173.3,양호
코엑스 오디토리움,공연장,공연시설,서울특별시 강남구 영동대로 513 3F,강남구,삼성1동,11230580,37.511895260092864,127.05936167577896,유료,,홈페이지 참조,,02-6000-0114,https://business.coex.co.kr/meeting-room/auditorium/,196.3,양호
코엑스전시장,미술관/갤러리,전시시설,서울특별시 강남구 영동대로 513,강남구,삼성1동,11230580,37.5118239121138,127.059159043842,유료,10:00 ~ 17:00,연중무휴,,02-6000-0114,http://www.coex.co.kr,173.3,양호
국가무형유산전수교육관,기타,기타문화,서울특별시 강남구 봉은사로 406,강남구,삼성2동,11230590,37.5100930706802,127.044624837573,무료,,매주 월요일,,02-566-6300,https://www.kh.or.kr/cms/content/view/421,59.5,양호
민속극장풍류,공연장,공연시설,서울 강남구 봉은사로 406 서울국가무형문화재전수교육관,강남구,삼성2동,11230590,37.50991,127.044364,유료,3월 ~ 10월 : 10 ~ 18시11월 ~  2월 : 10 ~ 17시,홈페이지 참조,,02-3011-2178,https://www.instagram.com/chfpungryu/,43.5,양호
서울특별시교육청 강남도서관,도서관,도서관,서울 강남구 선릉로116길 45,강남구,삼성2동,11230590,37.5137356,127.0469916,유료,,"매월 첫째? 셋째 수요일 , 법정공휴일(일요일을 제외한 관공서 공휴일)",,02-3448-4741~5,http://gnlib.sen.go.kr/,34.9,양호
선릉아트홀,공연장,공연시설,서울 강남구 테헤란로 337 화남빌딩 B1,강남구,삼성2동,11230590,37.5047949131565,127.048457476412,무료,,공휴일,,02-553-0067,http://k-arthall.com/sa/bbs/page.php?hid=introduce,58.9,양호
선정릉,박물관/기념관,전시시설,서울 강남구 선릉로100길 1 선릉정릉,강남구,삼성2동,11230590,37.5073677154051,127.047165945717,유료,,월요일,,02-568-1291,https://royal.khs.go.kr/ROYAL/main/index.do,30.6,양호
강남구립못골도서관,도서관,도서관,서울특별시 강남구 자곡로 116,강남구,세곡동,11230760,37.47153792025,127.096582363421,무료,,매주 화요일 및 일요일 제외한 법정공휴일,,02-459-5522,https://library.gangnam.go.kr/mglib/index.do,51.5,양호
강남구립못골한옥어린이도서관,도서관,도서관,서울특별시 강남구 자곡로7길 3,강남구,세곡동,11230760,37.4733061524019,127.099727862691,무료,,매주 월요일 및 일요일을 제외한 법정공휴일,,02-2226-5930,https://library.gangnam.go.kr/hchildlib/index.do,37.1,양호
세곡도서관,도서관,도서관,서울특별시 강남구 밤고개로 286,강남구,세곡동,11230760,37.4690492648152,127.106912529003,무료,,"매주 월요일, 일요일을 제외한 법정공휴일",,02-445-0297,https://library.gangnam.go.kr/sklib/index.do,253.7,주의
탄허기념불교박물관,박물관/기념관,전시시설,서울특별시 강남구 밤고개로14길 13-51 탄허기념불교박물관,강남구,세곡동,11230760,37.4789886079745,127.10281217163,무료,,"매주 월요일 정기 휴관, 신정연휴, 설날연휴, 근로자의 날, 추석연휴",,02-445-8481,http://www.tanheo.org/,136.1,양호
강남스포츠문화센터,기타,기타문화,서울특별시 강남구 밤고개로1길 52,강남구,수서동,11230750,37.48915345909661,127.10522596740412,무료,,법정공휴일,,02-2176-0801~3,https://www.gncity.or.kr/gncity/main/contents.do?menuNo=200138,18.2,양호
거암아트홀,공연장,공연시설,서울특별시 강남구 강남대로 652 SINSA SQUARE 4층 거암아트홀,강남구,신사동,11230510,37.5195101291255,127.019106035326,유료,,홈페이지 참조,,02-541-7977,https://www.geoam.co.kr/,55.7,양호
광림아트센터 BBCH홀,공연장,공연시설,서울특별시 강남구 논현로163길 33,강남구,신사동,11230510,37.5238953464591,127.025579752364,유료,,매주일요일,,02-2056-5787,http://www.klarts.kr/,62.1,양호
광림아트센터 장천홀,공연장,공연시설,서울특별시 강남구 압구정로22길 21,강남구,신사동,11230510,37.5242621122375,127.026542808066,유료,,일요일 (공연일정에 따라 휴관일은 변경될 수 있음),,02-2056-5787,http://www.klarts.kr/,19.1,양호
국제아트홀,공연장,공연시설,서울특별시 강남구 압구정로 162,강남구,신사동,11230510,37.5263096990298,127.027465990023,무료,,없음,,02-548-1004,https://www.kukjearthall.com/,34.9,양호
김영섭사진화랑,미술관/갤러리,전시시설,서울특별시 강남구 강남대로152길 13,강남구,신사동,11230510,37.517378842154,127.020501567636,유료,10:00~19:00,월요일,,02-733-6331,https://www.gallerykim.com/,51.7,양호
룩인사이드 갤러리,미술관/갤러리,전시시설,서울 강남구 도산대로17길 30-1 1층,강남구,신사동,11230510,37.5206693525947,127.024511695575,무료,,메주 화요일 및 국경일,,없음,https://www.look-in-side.com/,32.4,양호
마테리오갤러리,미술관/갤러리,전시시설,"서울시 강남구 강남대로 94길 27-15 (역삼동 635-6), 태리빌딩 8층",강남구,신사동,11230510,37.5430999,126.9585778,무료,,"일요일, 월요일 휴무",,02-566-5310,https://www.materiauxgallery.com/,7005.1,확인필요
올리비아 박갤러리,미술관/갤러리,전시시설,서울특별시 강남구 논현로159길 23-2,강남구,신사동,11230510,37.5226389455029,127.026187137485,무료,,"토,일요일, 공휴일",,02-517-3572,http://oliviaparkgallery.com,43.1,양호
갤러리 JJ,미술관/갤러리,전시시설,서울특별시 강남구 압구정로30길 63,강남구,압구정동,11230770,37.5232493093031,127.029158344853,무료,,"공휴일 및 일요일, 월요일",,02-322-3979,https://www.galleryjj.org,17.4,양호
갤러리 아르스 ,미술관/갤러리,전시시설,서울특별시 강남구 도산대로35길 24-1,강남구,압구정동,11230770,37.5223815311342,127.030670353749,무료,,정보없음,,0507-1429-9782,없음,30.8,양호
도산안창호 기념관,박물관/기념관,전시시설,서울 강남구 도산대로 45길 20 도산안창호기념관,강남구,압구정동,11230770,37.5239978,127.0356302,무료,"평일 10:00~16:00, 토요일 공휴일 10:00?14:00","설?추석연휴, 신정",,02-541-1800,http://www.ahnchangho.or.kr/,37.4,양호
세실아트홀,공연장,공연시설,서울  강남구 신사동 616-7,강남구,압구정동,11230770,37.5281527704,127.0318444257,유료,,홈페이지 참조,,"02-543-6752, 02-3446-1665",http://www.cecil.co.kr,54.7,양호
셀린박 갤러리,미술관/갤러리,전시시설,서울특별시 강남구 압구정로32길 30,강남구,압구정동,11230770,37.5257900767039,127.029756991789,유료,,개별 확인,,070-5222-3778,https://www.instagram.com/celineparkgallery/,43.6,양호
아르떼케이(arte k),미술관/갤러리,전시시설,서울특별시 강남구 언주로172길 24,강남구,압구정동,11230770,37.5274024182689,127.03562200241,무료,,휴관일 없음,,02-6203-0101,https://www.arte-k.co.kr/,62.0,양호
아이러브아트센터,기타,기타문화,서울특별시 강남구 압구정로32길 30,강남구,압구정동,11230770,37.5257900767039,127.029756991789,유료,,홈페이지 참조,,07052223778,http://www.eyeloveartcenter.com,43.6,양호
윤당아트홀,공연장,공연시설,서울 강남구 언주로 844 B1 윤당아트홀,강남구,압구정동,11230770,37.5256551200052,127.033729778984,유료,,홈페이지 참조,,02-3446-9795,https://www.instagram.com/yoondang_arthall/,74.6,양호
카이스갤러리,미술관/갤러리,전시시설,서울특별시 강남구 언주로174길 13,강남구,압구정동,11230770,37.5284646981472,127.03502369684,유료,10:00 ~ 18:00,"일요일, 공휴일 (전시기간 무휴)",,0507-1402-0668,https://www.instagram.com/caisgallery/,89.3,양호
캔버스N 갤러리,미술관/갤러리,전시시설,서울특별시 강남구 언주로172길 25,강남구,압구정동,11230770,37.5275620390218,127.036040211271,무료,,매주 월요일,,02-511-6890,http://www.canvasn.net/,87.9,양호
코리아나 화장박물관,박물관/기념관,전시시설,강남구 언주로 827,강남구,압구정동,11230770,37.52450167801044,127.0326935857424,유료,,"일, 월요일, 1월 1일,설 및 추석연휴, 기타 기관장이 정하는 임시휴일",,02-547-9177,http://www.spacec.co.kr,32.0,양호
코리아나미술관,미술관/갤러리,전시시설,서울특별시 강남구 언주로 827,강남구,압구정동,11230770,37.5240691643,127.032811048,무료,,매주 일요일 및 명절연휴(설날/추석) 휴관,,02-547-9177,http://spacec.co.kr/,27.5,양호
호림박물관(신사분관),박물관/기념관,전시시설,서울특별시 강남구 도산대로 317,강남구,압구정동,11230770,37.522697614888,127.036344550051,유료,,"매주 일요일?월요일, 1월 1일, 설날연휴, 추석연휴",,02-541-3523~5,https://www.horimmuseum.org/ko/tour_guidance,78.8,양호
ADM 갤러리,미술관/갤러리,전시시설,서울특별시 강남구 역삼로14길 20,강남구,역삼1동,11230640,37.493208661734,127.035638210136,무료,,일요일,,02-554-0594,https://www.admgallery.co.kr/,29.1,양호
ADM 갤러리,미술관/갤러리,전시시설,서울특별시 강남구 역삼로14길 20,강남구,역삼1동,11230640,37.493208661734,127.035638210136,무료,,없음,,02-554-0594,https://www.admgallery.co.kr/,29.1,양호
GS아트센터,공연장,공연시설,서울특별시 강남구 논현로 508,강남구,역삼1동,11230640,37.5019949322814,127.037336400239,유료,,공연 일정별 상이,,02-2005-0101,https://www.gsartscenter.com,78.4,양호
강남구립역삼도서관,도서관,도서관,서울 강남구 역삼로7길 16 역삼1문화센터 5층,강남구,역삼1동,11230640,37.4953732068069,127.033283840382,무료,,매주 월요일 및 법정 공휴일,,02-508-1139,https://library.gangnam.go.kr/yslib/index.do,60.4,양호
강남구립역삼푸른솔도서관,도서관,도서관,서울특별시 강남구 테헤란로8길 36,강남구,역삼1동,11230640,37.496499181425,127.032028764698,무료,,매주 화요일 및 일요일을 제외한 법정공휴일,,02-2051-1178,https://library.gangnam.go.kr/ysplib/index.do,94.7,양호
강남시니어플라자,기타,기타문화,서울특별시 강남구 봉은사로 332,강남구,역삼1동,11230640,37.5097871620279,127.043218315638,무료,,평일 주중운영,,02-3467-9900,https://www.gangnam.go.kr/office/seniorplaza,104.6,양호
강남씨어터,공연장,공연시설,"서울특별시 강남구 역삼로7길 16, 3층",강남구,역삼1동,11230640,37.4953732068069,127.033283840382,유료,,"일요일, 법정공휴일",,02-2176-0724,http://www.gfac.kr,60.4,양호
갤러리K 역삼센터,미술관/갤러리,전시시설,서울특별시 강남구 논현로 413,강남구,역삼1동,11230640,37.4970121191651,127.03839465769,무료,,개별 확인,,1644-2208,https://www.artnomics.co.kr/bbs/board.php?bo_table=exhibition,88.7,양호
국립어린이청소년 도서관,도서관,도서관,서울 강남구 테헤란로7길 21 국립어린이청소년도서관,강남구,역삼1동,11230640,37.500936003783,127.029622838671,무료,아침9시~저녁6시  야간도서관 자료이용 : [월~금요일] 18:00~21:00,"매월 둘째?넷째 월요일, 공휴일",,02-3413-4800,http://www.nlcy.go.kr,42.6,양호
국립현대무용단 댄스하우스,공연장,공연시설,서울특별시 강남구 강남대로110길 83-10,강남구,역삼1동,11230640,37.5035937848027,127.031389528446,무료,,"매주 토요일, 일요일",,02-6203-3082,https://www.kncdc.kr/ko/guide/dancehouse,26.2,양호
라움아트센터,공연장,공연시설,서울특별시 강남구 언주로 564,강남구,역삼1동,11230640,37.5083912736997,127.039775356327,유료,,연중무휴,,02-6925-4794,http://www.theraum.co.kr,58.2,양호
역삼1동복합문화센터,기타,기타문화,서울특별시 강남구 역삼로7길 16,강남구,역삼1동,11230640,37.4953732068069,127.033283840382,유료,,"일요일, 법정공휴일, 근로자의날",,02-2176-0720,https://life.gangnam.go.kr/fmcs/118,60.4,양호
신한갤러리,미술관/갤러리,전시시설,서울특별시 강남구 역삼로 251,강남구,역삼2동,11230650,37.4986310664978,127.044022609937,무료,,"일, 월, 공휴일, 근로자의 날 ",,02-2151-7684,https://www.beautifulshinhan.co.kr/servShcaInqy3010.do?mappingId=%2FservShcaInqy3010.do&genActiontypeCd=2ACT1010&genDoctreattypeCd=&genMenuId=menu_serv_serv_lawt_3030,103.4,양호
예림당 아트홀,공연장,공연시설,서울 강남구 언주로 337 동영문화센터 2층 예림당아트홀,강남구,역삼2동,11230650,37.4979704306338,127.044311836778,무료,,매주 월요일,,02-6413-3689,http://www.amculture.co.kr/default/,56.2,양호
강남구립 개포하늘꿈도서관,도서관,도서관,서울특별시 강남구 개포로110길 54,강남구,일원1동,11230730,37.4906692944468,127.080356908422,무료,,"매주 화요일, 법정공휴일",,02-451-1511,https://library.gangnam.go.kr/hnkklib,80.3,양호
강남구립열린도서관,도서관,도서관,서울 강남구 일원로 115 삼성생명빌딩 B동 203호,강남구,일원본동,11230720,37.4840224010593,127.084459720088,무료,,"매주 월요일, 일요일을 제외한 법정공휴일",,02-3412-3970,https://library.gangnam.go.kr/yllib,64.3,양호
세라믹팔레스홀,공연장,공연시설,서울 강남구 일원로 90 밀알아트센터 지하2층 세라믹팔레스홀,강남구,일원본동,11230720,37.4858171,127.0824692,유료,,"일요일, 공휴일",,02-3411-4668,http://www.cphall.org/,66.8,양호
K현대미술관,미술관/갤러리,전시시설,서울특별시 강남구 선릉로 807,강남구,청담동,11230780,37.5243794232829,127.039171716001,유료,,월요일 휴관 (이외의 휴관은 일정에 따라 홈페이지에 사전공지),,02-2138-0952,http://www.kmcaseoul.org,68.6,양호
VIVIAN CHOI GALLERY,미술관/갤러리,전시시설,서울 강남구 도산대로85길 30 2층 209,강남구,청담동,11230780,37.526439666489,127.049680036198,무료,,"일요일, 월요일",,050255525818,https://vivianchoi.imweb.me,35.1,양호
강남구립정다운도서관,도서관,도서관,서울특별시 강남구 학동로67길 11,강남구,청담동,11230780,37.5190987146919,127.046440886765,무료,,"화요일, 법정공휴일",,02-512-9326,https://jdwlib.gangnam.go.kr/jdwlib/index.do,17.7,양호
강남구립청담도서관,도서관,도서관,서울 강남구 압구정로79길 26 청담동주민센터,강남구,청담동,11230780,37.5250921105077,127.04929111534,무료,,"매월 월요일, 일요일을 제외한 법정공휴일",,02-540-7042,https://library.gangnam.go.kr/cdlib/index.do,43.4,양호
갤러리 508,미술관/갤러리,전시시설,서울특별시 강남구 도산대로67길 14,강남구,청담동,11230780,37.5249920319161,127.044705546448,무료,,"일요일, 월요일",,02-6448-5087,https://www.gallery-508.com/,35.4,양호
갤러리 가이아,미술관/갤러리,전시시설,서울특별시 강남구 선릉로162길 43,강남구,청담동,11230780,37.5263596212575,127.044097726418,무료,10:00~19:00,연중무휴,,02-733-3373,http://www.galerie-gaia.net/,36.5,양호
갤러리 그라프,미술관/갤러리,전시시설,서울특별시 강남구 삼성로149길 10,강남구,청담동,11230780,37.5234788204389,127.046743383017,무료,,"매주 일요일, 월요일, 공휴일",,02-566-0308,https://ggrappe.com/,86.6,양호
갤러리 플래닛,미술관/갤러리,전시시설,서울특별시 강남구 압구정로71길 14,강남구,청담동,11230780,37.5275164514377,127.045900812708,무료,,"일, 월요일, 공휴일(전시가 없을 시 토, 일 휴무) ",,02-540-4853,http://galleryplanet.co.kr/ ,32.8,양호
갤러리원,미술관/갤러리,전시시설,서울특별시 강남구 압구정로71길 14,강남구,청담동,11230780,37.5275164514377,127.045900812708,무료,월~금 10:00~18:00토요일 10:00~17:30,주말 및 공휴일(전시중 무휴),,02-514-3439,http://www.gallerywon.co.kr/,32.8,양호
보자르갤러리,미술관/갤러리,전시시설,서울 강남구 도산대로99길 50-2 (청담동) 1층,강남구,청담동,11230780,37.5270629329359,127.049361647914,무료,,"일요일, 월요일",,02-543-5662,https://www.beauxarts22.com/,21.6,양호
시그니처 키친 스위트 청담,미술관/갤러리,전시시설,서울특별시 강남구 압구정로60길 13,강남구,청담동,11230780,37.5263382656115,127.042128357934,무료,,"일요일, 법정 공휴일, 설/추석 연휴 휴관",,02-3777-6700,https://www.lge.co.kr/kr/business/signaturekitchen/exhibit-list.do,114.5,양호
아트301,미술관/갤러리,전시시설,서울 강남구 압구정로 443 6층,강남구,청담동,11230780,37.5267298610407,127.045941283788,무료,,매주 일요일,,02-3446-5891,https://www.art301.com/ ,68.7,양호
장디자인아트,미술관/갤러리,전시시설,서울 강남구 도산대로67길 27 1-2F,강남구,청담동,11230780,37.5258729308666,127.044255933185,무료,,"매주 일요일, 월요일 (동절기 휴관)",,02-514-0555,https://www.jeandesignart.com/,25.7,양호
청화랑,미술관/갤러리,전시시설,서울특별시 강남구 삼성로147길 4,강남구,청담동,11230780,37.5227377435925,127.0476509664,무료,,"공휴일, 일요일 월요일",,02-543-1663,https://www.chungartgallery.com/,17.1,양호
피규어뮤지엄더블유,박물관/기념관,전시시설,서울특별시 강남구 선릉로158길 3,강남구,청담동,11230780,37.5257998045331,127.040386554258,유료,,"매주 월요일, 1월 1일, 설날?추석연휴 1?2째날",,02-512-8865,http://www.figuremuseumw.co.kr/,31.8,양호
한솥아트스페이스,미술관/갤러리,전시시설,서울 강남구 압구정로 459 B1층,강남구,청담동,11230780,37.5254941585008,127.047030515103,무료,,매주 일요일,,02-2033-9642,https://blog.naver.com/hansot_artspace,100.8,양호
온조대왕문화체육관,기타,기타문화,서울특별시 강동구 고덕로 285,강동구,고덕제2동,11250560,37.5567272009253,127.157453945306,무료,,"매주 일요일, 법정공휴일, 신정, 설연휴, 추석연휴",,02-2045-7800,https://www.igangdong.or.kr/page/ch/ch_0101.asp,119.1,양호
서울특별시교육청 강동도서관,도서관,도서관,서울특별시 강동구 양재대로116길 57,강동구,길동,11250740,37.538082969509,127.143500933257,유료,,"매월 첫째, 셋째 목요일, 법정공휴일",,02-2225-9800,http://gdlib.sen.go.kr/,92.3,양호
강동아트센터,문화예술회관,공연시설,서울 강동구 동남로 870 강동아트센터,강동구,상일제1동,11250760,37.5512204558342,127.157342546961,무료,,"매주 일, 월요일",,02-440-0500,https://www.gdfac.or.kr/,104.7,양호
서울특별시교육청 고덕평생학습관,도서관,도서관,서울특별시 강동구 고덕로 295,강동구,상일제1동,11250760,37.5561204084687,127.158039363963,무료,,"매월 둘째주, 넷째주 월요일 / 일요일을 제외한 법정공휴일, 평생학습관 사정으로 인한 임시휴관일",,02-6902-2600,http://gdllc.sen.go.kr/,114.7,양호
강동어린이회관아이누리홀,공연장,공연시설,서울특별시 강동구 성내로6길 16 (성내동),강동구,성내제1동,11250650,37.529163,127.122469,유료,,"매주 월요일, 일요일, 법정공휴일",,02-486-3516~8,https://www.gdkids.or.kr:8443/front/user/main.do,98.9,양호
강동구립성내도서관,도서관,도서관,서울특별시 강동구 성안로 106-1,강동구,성내제3동,11250670,37.5328454696729,127.133342998226,무료,,"매주 월요일, 일요일을 제외한 법정공휴일",,02-471-0044,https://www.gdlibrary.or.kr/web/menu/10006/program/30002/dataStatus.do?siteCd=snlib,20.6,양호
호원아트홀,공연장,공연시설,서울특별시 강동구 성안로 30,강동구,성내제3동,11250670,37.5262902042304,127.130305009671,무료,,없음,,02-482-8794,https://blog.naver.com/enter_pf,49.9,양호
강동구립암사도서관,도서관,도서관,서울특별시 강동구 고덕로20길 42,강동구,암사제1동,11250720,37.5528330245657,127.133365473246,무료,,"매주 월요일, 법정 공휴일",,02-429-0476,http://www.gdlibrary.or.kr/aslib/,13.3,양호
한국점자도서관,도서관,도서관,서울특별시 강동구 상암로4가길 32,강동구,암사제2동,11250580,37.5507339924066,127.124858314859,무료,오전 9시 ~ 오후 6시,매주 토/일요일 및 국가공휴일,,02-3426-7411~4,http://infor.kbll.or.kr/,46.9,양호
암사동선사유적박물관,박물관/기념관,전시시설,서울특별시 강동구 올림픽로 875,강동구,암사제3동,11250590,37.5598538144,127.1308315505,유료,,"매년 1월1일, 매주 월요일",,02-3425-6520,http://sunsa.gangdong.go.kr/site/main/home,65.3,양호
강동구민회관,기타,기타문화,서울특별시 강동구 상암로 168,강동구,천호제1동,11250610,37.5458583,127.1411875,무료,,정보없음,,02-488-5542,https://www.igangdong.or.kr/page/ce/ce_0101.asp,70.5,양호
강동구립해공도서관,도서관,도서관,서울특별시 강동구 올림픽로 702,강동구,천호제2동,11250730,37.5439476727563,127.125538378702,무료,,"매주 화요일, 법정공휴일, 관장이 인정한 날",,02-478-9656,https://www.gdlibrary.or.kr/web/menu/10010/program/30002/dataStatus.do?siteCd=hglib,155.3,양호
광진교 8번가,기타,기타문화,서울 강동구 천호동 527-2,강동구,천호제2동,11250730,37.5451462595072,127.112687934633,무료,,매주 월요일,,02-476-0722,https://riverview8.co.kr,842.4,확인필요
강동구립천호도서관,도서관,도서관,"서울특별시 강동구 성안로31마길 1, 2층",강동구,천호제3동,11250630,37.5405232247297,127.134081513483,무료,,"매주 월요일, 법정공휴일, 관장이 인정한 날",,02-488-7223,https://www.gdlibrary.or.kr/web/menu/10022/program/30002/dataStatus.do?siteCd=chlib,48.5,양호
강북문화정보도서관,도서관,도서관,서울특별시 강북구 오현로 145,강북구,번2동,11090610,37.6251153938762,127.036079668809,무료,공연에 따라 다름,"둘째, 넷째 월요일, 정부지정 공휴일","공연장1개, 152석",02-944-3100,https://www.gblib.or.kr/gangbuk/,62.0,양호
북서울꿈의숲 상상톡톡미술관,미술관/갤러리,전시시설,서울특별시 강북구 월계로 173,강북구,번2동,11090610,37.62254520644527,127.04139068396869,유료,,매주 월요일,,02-2289-5445,https://www.sejongpac.or.kr/dfac/main/contents.do?menuNo=1200025,412.0,주의
북서울꿈의숲아트센터,공연장,공연시설,서울특별시 강북구 월계로 173,강북구,번3동,11090620,37.6202544613023,127.044324732036,유료,,연중무휴,,02-2289-5401,https://www.sejongpac.or.kr/dfac/main/main.do,70.7,양호
북서울꿈의숲아트센터 드림갤러리,미술관/갤러리,전시시설,서울특별시 강북구 월계로 173,강북구,번3동,11090620,37.6202544613023,127.044324732036,유료,,월요일,,02-2289-5401,https://www.sejongpac.or.kr/dfac/main/contents.do?menuNo=1200024,70.7,양호
북서울꿈의숲아트센터 퍼포먼스홀,공연장,공연시설,서울특별시 강북구 월계로 173,강북구,번3동,11090620,37.6202544613023,127.044324732036,유료,,매주 월요일,,02-2289-5401,https://www.sejongpac.or.kr/dfac/main/main.do,70.7,양호
서울문화예술교육센터 강북,기타,기타문화,서울특별시 강북구 솔샘로48길 14,강북구,삼각산동,11090730,37.6195551709225,127.017722183323,무료,,추후 공지,,02-2105-2314,https://www.sfac.or.kr/artspace/artspace/gangbuk_main.do,50.5,양호
솔샘문화정보도서관,도서관,도서관,서울 강북구 솔샘로 177 솔샘문화정보센타,강북구,삼양동,11090690,37.6204776505226,127.012402476037,무료,,"첫째, 셋째 월요일, 정부지정 공휴일",,02-944-3150,https://www.gblib.or.kr/solsem/,30.2,양호
송중문화정보도서관,도서관,도서관,서울특별시 강북구 도봉로20나길 6,강북구,송중동,11090710,37.6183204133122,127.02997562583,유료,,"첫째, 셋째 월요일, 정부지정 공휴일",,02-944-3160,https://www.gblib.or.kr/songjung/,27.8,양호
강북청소년문화정보도서관,도서관,도서관,서울 강북구 삼양로54길 68 강북청소년문화정보센터,강북구,송천동,11090720,37.6230813586229,127.021555480923,무료,"평일 09:00~20:00, 주말 09:00~17:00","매월 둘째, 넷째 월요일, 정부지정 공휴일",,02-944-3140,https://www.gblib.or.kr/youth/index.do,34.3,양호
수유문화정보도서관,도서관,도서관,서울특별시 강북구 삼양로 299,강북구,수유1동,11090630,37.63005160395,127.017559390621,무료,,"첫째, 셋째 월요일, 공휴일",,02-944-3170,https://www.gblib.or.kr/suyu/index.do,28.4,양호
koldsleep 콜드슬립,기타,기타문화,서울 강북구 인수봉로 301 1층,강북구,우이동,11090740,37.6456350743682,127.010445714014,무료,,휴관일 없음,,없음,https://www.koldsleep.com/,41.4,양호
강북솔밭국악당,공연장,공연시설,서울 강북구 삼양로 579 화성빌딩 B01호,강북구,우이동,11090740,37.6546970306366,127.012710626694,무료,,별도없음,,070-8282-7119,https://blog.naver.com/kgtart,42.8,양호
근현대사기념관,박물관/기념관,전시시설,서울특별시 강북구 4.19로 114,강북구,우이동,11090740,37.6434410661945,127.002830628534,무료,,"매주 월요일 (단, 월요일이 공휴일인 경우 다음날인 화요일에 휴관),  1월 1일, 설, 추석 연휴, 강북구청이 지정한 날",,02-903-7580,http://mhmh.or.kr,58.3,양호
봉황각,박물관/기념관,전시시설,서울특별시 강북구 삼양로173길 107-12,강북구,우이동,11090740,37.6601985055374,127.006060325301,무료,,연중무휴,,02-993-2391,없음,119.8,양호
윤극영가옥,박물관/기념관,전시시설,서울특별시 강북구 인수봉로84길 5,강북구,우이동,11090740,37.6464710578,127.010881739751,무료,,매주 월요일 / 설?추석 당일,,070-8992-9720,https://yoonkyhouse.com/,34.6,양호
강북문화예술회관,문화예술회관,공연시설,서울특별시 강북구 삼각산로 85,강북구,인수동,11090750,37.6409897866256,127.013878144422,무료,,매월 둘째주 넷째주 일요일 및 법정 국?공휴일,,02-944-3060,https://www.gbcmc.or.kr/fmcs/25,36.0,양호
LG아트센터 서울,공연장,공연시설,서울특별시 강서구 마곡중앙로 136 LG아트센터 서울,강서구,가양제1동,11160751,37.5653629860767,126.829388763217,유료,평일 : 오전9시 ~ 오후6시,월요일,,1661-0017,https://www.lgart.com/home/ko/main,161.2,양호
겸재정선미술관,미술관/갤러리,전시시설,서울특별시 강서구 양천로47길 36,강서구,가양제1동,11160751,37.5722229700452,126.838412024868,유료,,"매주월요일,1월1일,설날,추석당일",,02-2659-2206,https://culture.gangseo.seoul.kr/gsfc/main/contents.do?menuNo=800054,45.7,양호
스페이스K 서울,미술관/갤러리,전시시설,"서울특별시 강서구 마곡중앙8로 32, 스페이스K 서울",강서구,가양제1동,11160751,37.5610929270592,126.830974669978,유료,,매주 월요일,,02-3665-8918,https://spacek.co.kr,11.1,양호
허준박물관,박물관/기념관,전시시설,서울특별시 강서구 허준로 87,강서구,가양제1동,11160751,37.5678724473689,126.851031243879,무료,,"매주 월요일, 1월 1일, 설날ㆍ추석 당일",,02-3661-8686,https://culture.gangseo.seoul.kr/gsfc/main/contents.do?menuNo=800119,96.9,양호
서울시어울림플라자,기타,기타문화,서울특별시 강서구 공항대로 489,강서구,등촌제1동,11160520,37.5535154167762,126.861449995331,무료,,"매주 월요일, 공휴일",,02-3663-5123,https://seouleoullim.or.kr/ ,41.1,양호
트웰브즈,미술관/갤러리,전시시설,서울 강서구 양천로 532 15층 1501호,강서구,등촌제1동,11160520,37.5588549952776,126.858262624754,무료,,"매주 월요일, 공휴일 ",,02-6958-8417,https://www.instagram.com/twelves.art,97.1,양호
서울특별시교육청 강서도서관,도서관,도서관,서울특별시 강서구 등촌로51나길 29,강서구,등촌제2동,11160530,37.547903018109,126.859927719639,무료,,"정기휴관일 : 매월 첫째, 셋째 금요일 법정 공휴일",,02-3219-7000,http://gslib.sen.go.kr/,60.3,양호
아울 갤러리,미술관/갤러리,전시시설,서울특별시 강서구 곰달래로59길 67,강서구,등촌제2동,11160530,37.5354010758952,126.862655449678,무료,,매주 월요일,,070-5208-8999,http://www.aowlgallery.com/,46.0,양호
스카이아트홀,공연장,공연시설,서울특별시 강서구 화곡로63길 65,강서구,등촌제3동,11160540,37.5579738421304,126.849189076142,유료,,일요일,,02-2657-9757,http://skyarthall.co.kr/w/01.html,30.1,양호
서울퓨처랩,기타,기타문화,"서울특별시 강서구 마곡중앙5로 9, 지하 1층",강서구,방화제1동,11160700,37.5660114536639,126.82692745642,무료,,"매주 월요일, 법정(임시)공휴일",,02-2063-3461,https://gov.seoul.go.kr/futurelab/,65.0,양호
코엑스마곡,기타,기타문화,서울특별시 강서구 마곡중앙로 143,강서구,방화제1동,11160700,37.5647750742195,126.825252880539,무료,,없음,,02-767-6000,https://coexmagok.co.kr/,71.3,양호
강서구립길꽃어린이도서관,도서관,도서관,서울특별시 강서구 금낭화로24길 5,강서구,방화제3동,11160761,37.5787189637477,126.813657528897,무료,,"매주 월요일, 일요일을 제외한 법정공휴일",,02-2663-4764~5,https://gilkkot.gangseo.seoul.kr/,53.9,양호
국립국어원 우리말 꿈터,기타,기타문화,서울특별시 강서구 금낭화로 154 국립국어원 1층 ,강서구,방화제3동,11160761,37.579155054659,126.81383542564,무료,,"토ㆍ일요일, 관공서의 공휴일",,02-2669-9686,https://www.korean.go.kr/front/page/pageView.do?page_id=P000461&mn_id=200,76.4,양호
아리향기 작은도서관,도서관,도서관,서울 강서구 양천로67가길 63 염창동주민센터 2층,강서구,염창동,11160510,37.5537713605699,126.870965709884,무료,,공휴일,,02-2600-7326,https://lib.gangseo.seoul.kr/SmallLibrary,23.1,양호
강서구민회관,기타,기타문화,서울특별시 강서구 우장산로 66,강서구,우장산동,11160740,37.5534364240863,126.843648918555,유료,,프로그램발 상이,,02-3664-6046,https://www.gssi.or.kr/html/07010101,59.0,양호
강서문화원,문화원,공연시설,서울특별시 강서구 가로공원로 195,강서구,화곡제1동,11160730,37.537543087798,126.837642139084,무료,,"일요일, 공휴일, 국경일",, 02-2692-4266,http://www.kcc2000.or.kr,21.3,양호
강서아트리움,문화예술회관,공연시설,서울특별시 강서구 가로공원로 195,강서구,화곡제1동,11160730,37.537543087798,126.837642139084,무료,,"공휴일, 일요일",,02-2692-4266,https://culture.gangseo.seoul.kr/gsfc/main/contents.do?menuNo=800010,21.3,양호
기생충박물관,박물관/기념관,전시시설,서울특별시 강서구 화곡로 333,강서구,화곡제6동,11160610,37.5536201368903,126.850750096253,무료,,"일요일, 공휴일, 창립기념일(11월 7일)",,02-2601-3284,http://www.parasite.or.kr/,64.9,양호
극장작당모의,기타,기타문화,서울 관악구 봉천로 544-1 지하1층,관악구,낙성대동,11210580,37.4782332283983,126.958176442387,유료,,홈페이지 확인,,0507-1365-4170,https://www.instagram.com/zakdang_0701,36.2,양호
낙성대공원도서관,도서관,도서관,서울특별시 관악구 낙성대로 77,관악구,낙성대동,11210580,37.4719720770814,126.959370998377,무료,,"매주월요일,일요일을 제외한 법정공휴일 ",,02-872-5575,https://gfac.or.kr/site/main/content/library07?tab=07,3.5,양호
서울시민대학 다시가는 캠퍼스,기타,기타문화,서울특별시 관악구 낙성대로 70,관악구,낙성대동,11210580,37.4722178724298,126.958335234959,무료,,"매주 주말, 공휴일 등",,02-889-6430,https://sll.seoul.go.kr/,51.6,양호
싱글벙글교육센터,기타,기타문화,서울특별시 관악구 남부순환로234길 73,관악구,낙성대동,11210580,37.4760962512417,126.956288055678,무료,,법정공휴일,,02-878-1114,https://gfac.or.kr/site/main/content/educationCenter,24.9,양호
서울시립 남서울미술관,미술관/갤러리,전시시설,서울특별시 관악구 남부순환로 2076,관악구,남현동,11210630,37.4760535374985,126.979465861688,무료,평일(화~금) 오전 10시 ~ 오후 8시 (관람 종료 1시간 전까지 입장)<br>토 ? 일 ? 공휴일 오전 10시~오후 6시,"1월 1일 , 매주 월요일(월요일이 공휴일인 경우 정상 개관)",,02-598-6246,https://sema.seoul.go.kr/kr/visit/namseoul,52.8,양호
관악아트홀,문화예술회관,공연시설,서울특별시 관악구 신림로3길 35,관악구,대학동,11210730,37.4675533645757,126.944962394132,무료,,없음,,02-828-5854,https://www.instagram.com/gwanak_arthall/,107.2,양호
관악중앙도서관,도서관,도서관,서울특별시 관악구 신림로3길 35,관악구,대학동,11210730,37.4675533645757,126.944962394132,무료,,"매주월요일, 법정공휴일(일요일제외)",,02-828-5700(내선 1번),https://lib.gwanak.go.kr/galib/menu/10080/contents/40031/contents.do,107.2,양호
관악청년청,기타,기타문화,서울특별시 관악구 신림로3길 35,관악구,대학동,11210730,37.4675533645757,126.944962394132,무료,,"월요일, 공휴일 휴무",,02-883-8116,https://www.checkin-gwanak.or.kr/main/,107.2,양호
관악청소년센터,기타,기타문화,서울특별시 관악구 신림로23길 17,관악구,대학동,11210730,37.4702439018707,126.935243319909,무료,,"일요일, 공휴일",,02-870-7650,https://booking.gwanakgongdan.or.kr/booking/1580,47.5,양호
서울대학교 미술관,미술관/갤러리,전시시설,서울특별시 관악구 관악로 1,관악구,대학동,11210730,37.4662872666604,126.94815644252,무료,10:00~18:00,"월요일, 개교기념일(10월15일), 1월 1일, 구정 당일, 추석 당일, 전시준비기간",,02-880-9504,http://www.snumoa.org,62.2,양호
서울대학교 음악대학 예술관,공연장,공연시설,서울특별시 관악구 관악로 1. 서울대학교 49동,관악구,대학동,11210730,37.4662872666604,126.94815644252,무료,,공휴일의 경우 운영시간 지정,,02-880-7916,https://music.snu.ac.kr/content/arts_center,62.2,양호
서울대학교박물관,박물관/기념관,전시시설,서울특별시 관악구 관악로 1,관악구,대학동,11210730,37.4662872666604,126.94815644252,무료,,"일요일, 월요일, 국정공휴일, 개교기념일(10월 15일)",,02-880-5333,http://museum.snu.ac.kr,62.2,양호
호림박물관(신림본관),박물관/기념관,전시시설,서울특별시 관악구 남부순환로152길 53,관악구,미성동,11210830,37.4808823005112,126.918236356687,유료,10:00~17:00,"매주 토요일, 일요일, 월요일, 법정공휴일, 노동자의 날(5월 1일)",,02-858-2500,https://www.horimmuseum.org/ko,110.7,양호
성현동작은도서관,도서관,도서관,서울 관악구 관악로37길 56 동아APT 상가 B동 5층,관악구,성현동,11210790,37.4873129618369,126.956183488808,무료,,"매주 월요일, 법정공휴일(일요일제외, 단 법정공휴일과 일요일이 겹칠 경우 휴관)",,02-877-7183 / 7182,https://lib.gwanak.go.kr/galib/index.do,42.2,양호
관천로 문화플랫폼 S1472,기타,기타문화,서울특별시 관악구 관천로 53,관악구,신림동,11210690,37.4841127974646,126.925774880088,무료,,매주 월요일,,02-6357-5001~5006,https://gfac.or.kr/site/main/content/culturePlatform,37.1,양호
미디어센터 관악,기타,기타문화,서울 관악구 남부순환로 1491 6층,관악구,신사동,11210680,37.4824643621379,126.916405836212,무료,,일요일,,02-6385-7500,https://mcga.or.kr/site/main/home,56.4,양호
관악구평생학습관,기타,기타문화,서울특별시 관악구 남부순환로 1546,관악구,신원동,11210650,37.4829905930825,126.922411546168,무료,,정보없음,,02-879-5679,https://www.gwanak.go.kr/site/edu/01/10102010100002016063010.jsp,92.2,양호
글빛정보도서관,도서관,도서관,서울 관악구 관악로30길 23 글빛정보도서관,관악구,행운동,11210570,37.4862431751911,126.959670253111,무료,,"매주 월요일, 법정공휴일",,02-878-7460,https://lib.gwanak.go.kr/galib/menu/10081/contents/40032/contents.do,86.3,양호
광진정보도서관,도서관,도서관,서울특별시 광진구 아차산로78길 90,광진구,광장동,11050630,37.5510729137918,127.110615495296,무료,,"둘째, 넷째주 화요일, 국가지정공휴일",도서관 자료열람실  220석 / 문화동 일반열람실 348석 / 문화동 영화음악감상실 160석,02-3437-5092,https://www.gwangjinlib.seoul.kr/gjinfo/index.do,14.5,양호
몽골 울란바타르 문화진흥원,문화원,공연시설,서울특별시 광진구 광장로 1,광진구,광장동,11050630,37.5455494153327,127.098204726073,유료,,"토요일, 일요일, 공휴일",,02-446-4199,http://www.mongolcenter.org/,47.9,양호
서울거리예술창작센터,기타,기타문화,서울특별시 광진구 아차산로 710,광진구,광장동,11050630,37.5557021786094,127.112680401117,무료,,상시운영 * 내부사정 등으로 휴관시 홈페이지 별도 공지,,02-3437-0099,https://www.sfac.or.kr/artspace/artspace/streetArts_main.do,548.4,확인필요
아차산 숲속도서관,도서관,도서관,서울 광진구 영화사로 139 아차산숲속도서관,광진구,광장동,11050630,37.5524739995365,127.100815788808,무료,,"매주 화요일(정기휴관일), 법정공휴일",,02-2049-2970,https://www.gwangjinlib.seoul.kr/achasan/index.do,19.5,양호
예스24 라이브홀,공연장,공연시설,서울특별시 광진구 구천면로 20,광진구,광장동,11050630,37.5457267681008,127.107967944506,유료,,프로그램별 상이,,070-5001-4532,https://yes24livehall.com,121.5,양호
구의아리수문화유산,기타,기타문화,서울특별시 광진구 광나루로 571,광진구,구의제2동,11050610,37.5459473143709,127.09295071199,무료,,"토요일,일요일,법정공휴일",,"02-3146-5415,5953",https://arisu.seoul.go.kr/cte/popup_gu.html,167.6,양호
유니버설아트센터,공연장,공연시설,서울특별시 광진구 천호대로 664,광진구,구의제2동,11050610,37.55096285632077,127.08795305531277,유료,,월요일,,0507-1318-1740,http://www.uac.co.kr,98.4,양호
구의제3동도서관,도서관,도서관,서울특별시 광진구 강변역로 17,광진구,구의제3동,11050620,37.5379934173484,127.091984746444,무료,,"둘째, 넷쩨주 월요일",,02-454-6294,https://www.gwangjinlib.seoul.kr/gu3dong/index.do,13.3,양호
군자동도서관,도서관,도서관,서울 광진구 면목로 13 군자동복합청사 1층,광진구,군자동,11050540,37.5554852103262,127.075349383615,무료,,"첫째, 셋째주 화요일(정기휴관일), 법정공휴일",,02-2049-2960,https://www.gwangjinlib.seoul.kr/gunja/index.do,65.2,양호
서울상상나라,박물관/기념관,전시시설,서울  광진구 능동로 216,광진구,군자동,11050540,37.55055,127.077569,유료,오전 10시 ~ 오후 6시 (입장마감 오후 4시),"매주 월요일, 1월 1일, 설날?추석연휴, 보수기간",,02-6450-9500,http://www.seoulchildrensmuseum.org,167.7,양호
세종대학교 대양홀,공연장,공연시설,서울특별시 광진구 능동로 209,광진구,군자동,11050540,37.5516093089619,127.07318364213,유료,,홈페이지 참조,,02-3408-4457~9,http://www.sejong.ac.kr/sejong/oncampus_02.html,99.4,양호
세종대학교 박물관,박물관/기념관,전시시설,서울특별시 광진구 능동로 209,광진구,군자동,11050540,37.5516093089619,127.07318364213,무료,10:00~15:00,"토,일요일, 공휴일",,02-3408-3876,http://museum.sejong.ac.kr/,99.4,양호
세종뮤지엄갤러리,미술관/갤러리,전시시설,서울특별시 광진구 능동로 209,광진구,군자동,11050540,37.5516093089619,127.07318364213,무료,,공휴일,,02-3408-4162,https://gallery.sejong.ac.kr/gallery/index.do ,99.4,양호
건국대학교 새천년관대공연장,공연장,공연시설,서울특별시 광진구 능동로 120 새천년관 B2,광진구,자양제1동,11050640,37.539182674872,127.074711902268,유료,,프로그램별 상이,,02-455-1896~7,http://www.weneart.com/,54.4,양호
자양한강도서관,도서관,도서관,서울특별시 광진구 뚝섬로52길 66,광진구,자양제2동,11050650,37.5292155199266,127.077667985801,무료,,"둘째, 넷째주 월요일(정기휴관일), 법정공휴일",,02-456-0048,https://www.gwangjinlib.seoul.kr/jyriver/index.do,74.1,양호
나루아트센터,문화예술회관,공연시설,서울 광진구 능동로 76 나루아트센터,광진구,자양제3동,11050660,37.5375706269359,127.070576040786,유료,,프로그램별 상이,,02-2049-4700,https://www.naruart.or.kr/info/fac_info.php,82.1,양호
자양4동도서관,도서관,도서관,서울특별시 광진구 뚝섬로26길 58,광진구,자양제4동,11050670,37.534067607714206,127.06609416533551,무료,,"매월 1,3주 화요일",,02-465-0737~8,https://www.gwangjinlib.seoul.kr/jy4dong/index.do,45.1,양호
커먼그라운드,기타,기타문화,서울특별시 광진구 아차산로 200,광진구,자양제4동,11050670,37.5410566332301,127.065669226745,무료,,일부 매장 설 당일 휴점,,02-467-2747,https://www.common-ground.co.kr/index.html,45.3,양호
한강이야기전시관,기타,기타문화,서울특별시 광진구 강변북로 2202,광진구,자양제4동,11050670,37.52998877884993,127.06527882345472,무료,,"매주 월, 신정.설날.추석 당일휴관",,02-3780-0517,http://www.j-bug.co.kr/,241.7,주의
한강플플,기타,기타문화,서울특별시 광진구 강변북로 2202,광진구,자양제4동,11050670,37.5308773153076,127.065983191885,무료,,"매주 월요일, 1월 1일, 설날 및 추석 당일 휴관",,02-3780-0517,https://www.j-bug.co.kr/,120.6,양호
삼원갤러리,미술관/갤러리,전시시설,서울특별시 광진구 천호대로 549,광진구,중곡제1동,11050550,37.5576984952347,127.079226104632,무료,,"매주 일요일, 공휴일",,02-468-9908,http://www.samwongallery.co.kr,41.2,양호
광진어린이공연장,공연장,공연시설,서울특별시 광진구 능동로 400 보건복지행정타운 별관 4층,광진구,중곡제3동,11050570,37.5650580830652,127.08445683899,유료,,-,,02-2049-4700,https://naruart.or.kr/index.php,32.3,양호
블루트레인,공연장,공연시설,서울 광진구 면목로 182 지하1층,광진구,중곡제3동,11050570,37.5692708741131,127.083179444403,유료,,없음,,0507-1489-5683,https://booking.naver.com/booking/10/bizes/1680725/items/7787635/?preview=1&startDate=2026-06-22 ,15.5,양호
중곡문화체육센터도서관,도서관,도서관,서울특별시 광진구 능동로 433,광진구,중곡제3동,11050570,37.5677792027828,127.08480243017,무료,,"첫째, 셋째주 월요일 ",,02-3408-4960,https://www.gwangjinlib.seoul.kr/jgsports/index.do,32.9,양호
건국대학교 박물관,박물관/기념관,전시시설,서울특별시 광진구 능동로 120,광진구,화양동,11050530,37.54240517067264,127.07559228463867,무료,화~금 11:00~16:00,"토?일, 공휴일 방학기간 중",,0507-1430-3880,https://museum.konkuk.ac.kr/Museum/index.do,306.3,주의
설렘아트홀,공연장,공연시설,서울특별시 광진구 능동로19길 23,광진구,화양동,11050530,37.5470491293052,127.072382193363,유료,,없음,,없음,https://blog.naver.com/siban2216,51.3,양호
하늘도서관,도서관,도서관,서울 구로구 구로동로13길 68 구로구립하늘도서관,구로구,가리봉동,11170700,37.4873773789575,126.881350302481,무료,,매주 화요일 및 법정공휴일,,864-9585,https://lib.guro.go.kr/#/about/gulib/lib05,47.2,양호
구로구립글마루 한옥어린이도서관,도서관,도서관,서울특별시 구로구 고척로27바길 7,구로구,개봉제1동,11170720,37.5069156006181,126.845637024997,무료,,"매주 화요일, 법정공휴일",,02-2615-8200,https://lib.guro.go.kr/#/about/gulib/lib07,48.2,양호
구로문화누리도서관,도서관,도서관,서울특별시 구로구 개봉로20길 123,구로구,개봉제2동,11170640,37.492737181985,126.861159896036,무료,,"매주 월요일, 공휴일",,02-860-5480,https://lib.guro.go.kr/#/about/mainlib/mainlib01,66.8,양호
개봉도서관,도서관,도서관,서울 구로구 개봉로16길 30-11 개봉초등학교 내,구로구,개봉제3동,11170650,37.4895280611996,126.857972181036,무료,,매주 화요일 및 법정공휴일,,02-2689-1695,https://lib.guro.go.kr/#/about/gulib/lib06,47.7,양호
구로창의아트홀,공연장,공연시설,서울특별시 구로구 경인로 416,구로구,고척제1동,11170610,37.4982915880752,126.865815354907,무료,,"매주 일요일, 월요일",,0507-1339-1689,https://www.guroartsvalley.or.kr/user/overall/overallArt10.do,80.2,양호
서울아트책보고,기타,기타문화,서울특별시 구로구 경인로 430,구로구,고척제1동,11170610,37.4982125677913,126.867088741096,무료,,"매주 월요일, 1월 1일, 설날 및 추석연휴",,02-2066-4830,https://artbookbogo.kr/,150.3,양호
서울특별시교육청 고척도서관,도서관,도서관,서울 구로구 고척로45길 31 고척시립도서관,구로구,고척제2동,11170620,37.5053199924985,126.853039264745,무료,,정보없음,,02-2615-0524,http://gclib.sen.go.kr/,59.5,양호
온누리도서관,도서관,도서관,서울특별시 구로구 구로중앙로27나길 9,구로구,구로제2동,11170710,37.49697008531629,126.88550705883512,무료,,매주 화요일과 공휴일,,02-858-9080,https://lib.guro.go.kr/#/about/gulib/lib03,41.2,양호
G밸리산업박물관,박물관/기념관,전시시설,서울특별시 구로구 디지털로26길 38 G타워 3층,구로구,구로제3동,11170540,37.4798477003537,126.895318461208,무료,,"매주 일?월, 1월 1일, 설날 및 추석 당일 휴관",,02-6734-6900~1,https://www.seoul.go.kr/museumg/index.do,108.0,양호
꿈마을도서관,도서관,도서관,서울 구로구 디지털로27다길 65 구로 꿈마을도서관,구로구,구로제3동,11170540,37.4871431613036,126.890154656237,무료,,월요일 및 법정공휴일,,02-830-5807,https://lib.guro.go.kr/#/,11.5,양호
구로 꿈나무극장,공연장,공연시설,서울특별시 구로구 구로동로26길 54,구로구,구로제4동,11170550,37.489562316814336,126.88629292183346,유료,,프로그램별 상이,,02-830-2562,https://www.guroartsvalley.or.kr/user/overall/overallArt5.do,16.1,양호
구로구립꿈나무어린이도서관,도서관,도서관,서울 구로구 구로동로26길 54 구로구시설관리공단 2층,구로구,구로제4동,11170550,37.4898939687455,126.886564928235,무료,,매주 화요일 및 법정공휴일,,02-830-1623,https://lib.guro.go.kr/#/about/gulib/lib01,39.4,양호
갤러리 구루지,미술관/갤러리,전시시설,서울특별시 구로구 가마산로25길 21,구로구,구로제5동,11170560,37.4971026873195,126.889549086694,무료,,전시에 따라 상이,,02-2029-1700,https://www.guroartsvalley.or.kr/user/overall/overallArt3.do,30.7,양호
구로구민회관,기타,기타문화,서울특별시 구로구 가마산로25길 21,구로구,구로제5동,11170560,37.4969472702116,126.889555987604,유료,,프로그램별 상이,,02-860-2592,https://www.guroartsvalley.or.kr/user/overall/overallArt4.do,31.2,양호
구로미래도서관,도서관,도서관,서울특별시 구로구 새말로 111,구로구,구로제5동,11170560,37.5070141562705,126.891449157894,무료,,"화요일, 법정공휴일",,02-854-7466,https://www.instagram.com/guro_mirae_lib/,23.4,양호
구로아트밸리예술극장,문화예술회관,공연시설,서울특별시 구로구 가마산로25길 9,구로구,구로제5동,11170560,37.4966251468796,126.890315032666,무료,,"법정공휴일, 월요일",,02-2029-1700~1,https://www.guroartsvalley.or.kr/user/overall/overallArt.do,31.6,양호
서울특별시교육청구로도서관,도서관,도서관,서울 구로구 공원로 15 시립구로도서관,구로구,구로제5동,11170560,37.4986574191232,126.891543583538,무료,,"매월 첫째, 셋째 수요일, 일요일을 제외한 법정 공휴일 ( 일요일과 겹칠 경우 휴관)",,02-6958-2800,http://grlib.sen.go.kr/,59.0,양호
신도림 문화공간 다락,기타,기타문화,서울특별시 구로구 새말로 121-15,구로구,구로제5동,11170560,37.5078637867318,126.892217922158,무료,,"매주 월요일, 법정공휴일 ",,02-861-3414,없음,15.2,양호
신도림 오페라하우스,공연장,공연시설,서울 구로구 구로동 3-33,구로구,구로제5동,11170560,37.50818811797741,126.89081137277203,유료,,"일요일, 법정공휴일",,02-867-2209,https://www.guroartsvalley.or.kr/user/overall/overallArt8.do,38.1,양호
구로구립궁동어린이도서관,도서관,도서관,서울특별시 구로구 오리로 1352,구로구,수궁동,11170690,37.5022113574885,126.829261480683,무료,,"매주 화요일, 법정공휴일",,02-2060-8229,http://lib.guro.go.kr,38.3,양호
구로기적의도서관,도서관,도서관,서울특별시 구로구 구로중앙로40길 24,구로구,신도림동,11170510,37.5067351295793,126.877375885107,무료,,"매주 월요일, 일요일을 제외한 법정 공휴일 (일요일과 공휴일이 겹치는 경우 휴관)",,02-2632-8878,https://lib.guro.go.kr,9.9,양호
구캔 갤러리 : 구독하는 캔버스,미술관/갤러리,전시시설,서울특별시 구로구 경인로 661,구로구,신도림동,11170510,37.5090492151745,126.8869873429,유료,,월요일,,02-2675-9997,http://www.goocan.co.kr/,56.3,양호
심도림 문화철도 959,기타,기타문화,서울특별시 구로구 새말로 117-21 신도림역 3층,구로구,신도림동,11170510,37.5087701449787,126.891080501385,유료,,"일요일, 공휴일",,02-856-1702,https://guroartsvalley.or.kr/user/overall/overallArt9.do,71.7,양호
구로문화원,문화원,공연시설,서울특별시 구로구 경인로20가길 38,구로구,오류제1동,11170670,37.4953581177106,126.846035797544,무료,,정보없음,,02-851-0837,http://www.gurocc.or.kr/main/main.php,50.1,양호
오류아트홀,공연장,공연시설,서울특별시 구로구 경인로20가길 38 오류문화센터 2층,구로구,오류제1동,11170670,37.4953581177106,126.846035797544,유료,,"월요일, 법정공휴일",,02-2614-7961~2,https://www.guroartsvalley.or.kr/user/overall/overallArt6.do,50.1,양호
서울시50플러스 남부캠퍼스,기타,기타문화,서울특별시 구로구 오류로 36-25,구로구,오류제2동,11170730,37.4884743879741,126.841844660977,무료,,"토?일요일, 법정 공휴일",,02-460-5350,https://www.50plus.or.kr/ssc/index.do,143.5,양호
평강성서유물박물관,박물관/기념관,전시시설,서울특별시 구로구 오류로8라길 44,구로구,오류제2동,11170730,37.4919552205758,126.844061327772,유료,10:00~17:00,"월요일, 하계 휴가기간",,02-2686-9496,http://www.apm.or.kr/,34.9,양호
금천구립가산도서관,도서관,도서관,서울 금천구 가산로5길 43 금천구립가산정보도서관,금천구,가산동,11180510,37.4734915456014,126.892129831218,무료,,"매월 두번째, 네번째 월요일과 법정공휴일",,02-865-6817,http://geumcheonlib.seoul.kr/,19.7,양호
하라스튜디오,기타,기타문화,서울특별시 금천구 가산디지털1로 181 가산w센터 B218호,금천구,가산동,11180510,37.4814249861909,126.880393604209,유료,,홈페이지 참조,,02-6281-6776,http://harastudio.co.kr,112.6,양호
금천뮤지컬센터,공연장,공연시설,서울특별시 금천구 시흥대로115길 48,금천구,독산제1동,11180520,37.468777055274,126.894474890365,무료,,"매주 일요일 정기휴무, 공휴일",,02-2627-1446,http://gcfac.or.kr,57.7,양호
금천예술공장,기타,기타문화,서울특별시 금천구 범안로15길 57,금천구,독산제1동,11180520,37.4688247596721,126.891928199853,무료,,없음,,02-807-4747,http://www.sfac.or.kr/artspace/artspace/geumcheon_main.do,71.1,양호
문화정원아트홀,공연장,공연시설,서울특별시 금천구 가산로 61 지하1층,금천구,독산제1동,11180520,37.4718013047734,126.896008983523,유료,,연중무휴,,02-839-1155,http://www.cgarthall.co.kr/xe/,52.3,양호
서울시립 서서울미술관,미술관/갤러리,전시시설,서울 금천구 시흥대로79길 65 (독산동)서울시립 서서울미술관,금천구,독산제1동,11180520,37.4580752536422,126.894935931812,무료,,매주 월요일,,02-2124-5800,https://sema.seoul.go.kr/kr/visit/seoseoul,27.3,양호
참새작은도서관,도서관,도서관,서울 금천구 한내로 69-15 금천한내복지관 3층,금천구,독산제1동,11180520,37.4573808551633,126.886472547107,무료,,"매주 일요일, 월요일, 공휴일",,02-2104-5765,https://geumcheonlib.seoul.kr/,85.0,양호
금천구립독산도서관,도서관,도서관,서울특별시 금천구 독산로54길 114,금천구,독산제4동,11180550,37.4675801864797,126.908105892677,무료,,"매월 첫번째, 세번째 월요일과 법정공휴일",,02-863-9544,https://geumcheonlib.seoul.kr/geumcheonlib/uce/content/contentList.do?selfId=1119,49.9,양호
금나래갤러리,기타,기타문화,서울특별시 금천구 시흥대로73길 70 금나래아트홀 1층,금천구,시흥제1동,11180570,37.45657850809659,126.89597253576768,무료,,매주 일요일 휴무,,02-2627-2989,https://gcfac.or.kr/rental/overallCalendar?gcfac_menu_cd=U0114,76.0,양호
금나래아트홀,문화예술회관,공연시설,서울특별시 금천구 시흥대로73길 70,금천구,시흥제1동,11180570,37.45657850809659,126.89597253576768,무료,,"일요일, 공휴일",,02-2627-2999,https://gcfac.or.kr/mpage,76.0,양호
금천구립금나래도서관,도서관,도서관,서울특별시 금천구 시흥대로73길 70,금천구,시흥제1동,11180570,37.4570656519531,126.896036850324,무료,"평일 | 07:00 ~ 22:00, 주말 | 07:00 ~ 22:00",매월 마지막주 일요일과 법정공휴일,,02-2627-2991,https://geumcheonlib.seoul.kr/geumcheonlib/uce/content/contentList.do?selfId=1121,94.7,양호
금천구립시흥도서관,도서관,도서관,서울 금천구 금하로 764 금천종합복지타운(시흥2동주민센터),금천구,시흥제2동,11180580,37.4496319484054,126.914611901419,무료,,"첫째, 셋째 금요일, 국가지정 공휴일",,02-809-8242,https://geumcheonlib.seoul.kr/geumcheonlib/uce/content/contentList.do?selfId=1122,46.1,양호
금천문화원,문화원,공연시설,서울특별시 금천구 시흥대로38길 61,금천구,시흥제3동,11180590,37.4463909881434,126.904469877153,무료,,"토,일요일, 공휴일",,02-896-8554,http://geumcheon.kccf.or.kr,13.8,양호
금천마을활력소 어울샘,기타,기타문화,서울특별시 금천구 탑골로 22 3층,금천구,시흥제5동,11180610,37.4518093222104,126.91164928524,무료,,"월요일, 일요일, 법정공휴일 및 기타 재단이 사전 공지한 날",,02-809-7860,http://www.eoulsam.com/,33.2,양호
금천정원지원센터,기타,기타문화,서울특별시 금천구 시흥대로40길 120,금천구,시흥제5동,11180610,37.4462867745134,126.909787407217,무료,,"매주 일요일, 월요일",,02-806-9419,없음,27.1,양호
만천명월예술인家,기타,기타문화,서울특별시 금천구 은행나무로 44,금천구,시흥제5동,11180610,37.4506976782696,126.907445405639,무료,,"토, 일요일 및 공휴일",,02-6953-3490,https://mcmw.art,28.4,양호
노원문화원,문화원,공연시설,서울특별시 노원구 동일로197길 24,노원구,공릉1동,11110790,37.6287989945413,127.069800913955,무료,,"토,일요일, 법정공휴일",,02-6380-0022,https://www.nwcc.or.kr/index.php,47.1,양호
서울생활사박물관,박물관/기념관,전시시설,서울특별시 노원구 동일로174길 27,노원구,공릉1동,11110790,37.6201739154268,127.076936195632,무료,09:00 ~ 18:00 (입장마감 : 17:30),"공휴일을 제외한 매주 월요일, 1월 1일 * 월요일이「관공서의 공휴일에 관한 규정」제2조에 따른 공휴일일 때에는 휴관하지 아니함",,02-3399-2900,https://museum.seoul.go.kr/sulm/index.do,29.0,양호
경춘선숲길 갤러리,미술관/갤러리,전시시설,서울특별시 노원구 화랑로 620,노원구,공릉2동,11110560,37.6250819894787,127.093707085206,무료,,매주 월요일 및 법정공휴일(일요일 제외),,02-2289-3490~3491 / 02-2289-3440,https://www.nowonarts.kr/html/cultureeducation/culturalfacility.php,33.2,양호
공릉청소년문화정보센터,기타,기타문화,서울특별시 노원구 노원로1나길 10,노원구,공릉2동,11110560,37.62146235791622,127.08300670832529,무료,,매주월요일,,02-973-1318,http://www.gycenter.or.kr/,54.1,양호
문화살롱 5120,기타,기타문화,"서울특별시 노원구 공릉로51길 20, 지하 1층",노원구,공릉2동,11110560,37.628392704654,127.075703075721,무료,,"매주 일요일, 월요일, 공휴일",,02-948-1217,https://www.salon5120.com,32.2,양호
서울과학기술대학교 미술관,미술관/갤러리,전시시설,서울특별시 노원구 공릉로 232,노원구,공릉2동,11110560,37.6330789279387,127.076794742851,무료,,"토 일, 국가 공휴일, 개교기념일",,02-910-6215,http://art.seoultech.ac.kr/,354.6,주의
육군박물관,박물관/기념관,전시시설,서울 노원구 공릉동 1-1,노원구,공릉2동,11110560,37.62276204272159,127.10038458310316,무료,10:00~17:00,"월요일, 신정, 설, 추석",,02-2197-6608,http://museum.kma.ac.kr,559.4,확인필요
노원중앙도서관,도서관,도서관,서울 노원구 노원로34길 43 노원중앙도서관,노원구,상계10동,11110740,37.6610997483415,127.065009597423,무료,,"매월 첫째, 셋째 월요일 및 일요일을 제외한 법정공휴일, 임시공휴일",,02-950-0050,https://www.nowonlib.kr/jungang,49.1,양호
상계예술마당,미술관/갤러리,전시시설,서울특별시 노원구 상계로10길 41-7,노원구,상계2동,11110660,37.6557775544452,127.068364829752,무료,,"1월1일, 설 추석연휴",,"02-2289-3462,3408",https://www.nowonarts.kr/html/cultureeducation/culturalfacility.php,30.7,양호
노원어린이극장,공연장,공연시설,서울특별시 노원구 노해로 502 B1,노원구,상계6.7동,11110770,37.6544500497108,127.063692307584,유료,,공연에 따라 상이,,02-2289-3453,https://www.nowonarts.kr/html/,37.3,양호
상계숲속작은도서관,도서관,도서관,서울 노원구 동일로227길 106 상계근린공원 내,노원구,상계8동,11110720,37.6694392381106,127.050440207059,무료,,주말 및 공휴일 휴관,,02-3391-7889,https://www.nowonlib.kr/NowonSmallLibrary,41.6,양호
노원문화의집,문화원,공연시설,서울특별시 노원구 동일로 1530-1(마들역) 지하1층 노원문화의집,노원구,상계9동,11110730,37.6650864331785,127.057687709213,무료,,"주말, 법정 공휴일",,02-936-3786~7,https://www.nowon.kr/www/info/info1/info1_07/info1_07_02.jsp,81.1,양호
광운대학교동해문화예술관,공연장,공연시설,서울특별시 노원구 광운로 20,노원구,월계1동,11110510,37.6193203481648,127.058338066917,유료,,공연일정에 따라 변동,,02-940-8614,http://dac.kw.ac.kr/main/main.php,38.1,양호
월계도서관,도서관,도서관,서울특별시 노원구 월계로 319,노원구,월계1동,11110510,37.6286377186897,127.05612282546,무료,,매주 월요일 및 법정공휴일,,02-991-0871,https://www.nowonlib.kr/,68.9,양호
인덕대학교 아정미술관,미술관/갤러리,전시시설,서울특별시 노원구 초안산로 12,노원구,월계2동,11110520,37.6302514486494,127.054448642206,무료,,"토?일요일, 법정 공휴일, 하계/동계 방학",,02-950-7331,http://www.seoulscm.com/museum/231,65.5,양호
서울시립 북서울미술관,미술관/갤러리,전시시설,서울특별시 노원구 동일로 1238,노원구,중계2.3동,11110780,37.6406604547872,127.066865579183,무료,평일(화~금) 오전 10시 ~ 오후 8시 (관람 종료 1시간 전까지 입장)<br>토 ? 일 ? 공휴일<br>   - 하절기(3~10월) 오전 10시~오후 7시<br>   - 동절기(11~2월) 오전 10시~오후 6시,"1월 1일 , 매주 월요일(월요일이 공휴일인 경우 정상 개관)",,02-2124-5201,https://sema.seoul.go.kr/kr/visit/bukseoul,67.1,양호
서울특별시교육청 노원평생학습관,도서관,도서관,서울 노원구 동일로204길 13 노원평생학습관,노원구,중계2.3동,11110780,37.6395138569616,127.067821262987,무료,,"매월 둘째?넷째 월요일, 일요일을 제외한 법정공휴일(공휴일과 일요일이 겹칠 경우 휴관)",,02-979-1741,http://nwllc.sen.go.kr/,40.3,양호
노원수학문화관,기타,기타문화,서울특별시 노원구 한글비석로19길 28,노원구,중계4동,11110640,37.6578302271754,127.072350210885,무료,,"매주 월요일 (월요일이 공휴일인 경우 화요일 휴관), 1월1일, 설날(당일), 추석(당일)",,02-2116-2181,https://www.nowon.kr/math/main,27.4,양호
노원어린이도서관,도서관,도서관,서울 노원구 한글비석로 346 노원어린이도서관,노원구,중계4동,11110640,37.6579494099946,127.076379050006,무료,평일 : 오전9시~오후6시  주말: 오전9시~오후5시,매주 월요일 및 법정공휴일,,02-933-7145,https://www.nowonlib.kr/LocationHours?code=MB&page=1,22.8,양호
노원문화예술회관,문화예술회관,공연시설,서울 노원구 중계로 181 노원문화예술회관,노원구,중계본동,11110600,37.6502368524442,127.080267103033,유료,,행사 일정에 따름,,02-2289-3425,https://www.nowonarts.kr/,48.1,양호
문화공간 정담,기타,기타문화,서울특별시 노원구 중계로 169,노원구,중계본동,11110600,37.6501722795275,127.080886310499,무료,,"월요일, 공휴일 휴관",,02-2289-3463,https://www.nowonarts.kr/html/cultureeducation/culturalfacility.php,16.8,양호
불암도서관,도서관,도서관,서울 노원구 중계로 106 불암도서관,노원구,중계본동,11110600,37.6452921261057,127.082544741726,무료,,매주 월요일 및 법정공휴일,,02-935-0721,https://nowonlib.kr/buram,35.8,양호
서울시립과학관,기타,기타문화,서울특별시 노원구 한글비석로 160,노원구,하계1동,11110580,37.6419941138165,127.07743706477,무료,,"매주 월, 1월1일, 설날 및 추석당일",,02-970-4500,http://science.seoul.go.kr,150.8,양호
김근태기념도서관,도서관,도서관,서울특별시 도봉구 도봉산길 14,도봉구,도봉제1동,11100640,37.6876674374375,127.044019937677,무료,,매주 월요일 및 공휴일,,02-956-3100,https://www.geuntae.co.kr/,60.2,양호
청소년 예술공간 채움,기타,기타문화,서울특별시 도봉구 도봉로 955 광역환승센터 1층,도봉구,도봉제1동,11100640,37.6897506980596,127.04491945608,무료,,"매주 일요일, 월요일 및 공휴일",,02-3491-2312,https://www.dbfac.or.kr/front/cultureplace/youthart.do,51.7,양호
도봉기적의도서관,도서관,도서관,서울 도봉구 마들로 797 도봉기적의도서관,도봉구,도봉제2동,11100650,37.6808029698392,127.050132749664,무료,,"매주화요일,법정공휴일",,02-3493-7171,http://www.unilib.dobong.kr/contents.do?idx=65,49.3,양호
평화문화진지,기타,기타문화,서울특별시 도봉구 마들로 932,도봉구,도봉제2동,11100650,37.690780138783,127.046812594303,무료,,"매주 월요일, 1월1일, 설날/추석 당일 *단, 월요일이 공휴일인 경우 그 다음 평일 휴관",,02-3494-1970,https://culturebunker.or.kr/,17.8,양호
씨알방학간,기타,기타문화,서울특별시 도봉구 도봉로 666(구 소방학교),도봉구,방학제1동,11100550,37.6640064725024,127.043019014157,무료,,"매주 토, 일 및 공휴일",,070-4159-9617,https://www.dbfac.or.kr/front/cultureplace/ssial.do,56.4,양호
마을극장 흰고무신,기타,기타문화,서울 도봉구 시루봉로15마길 13 2층,도봉구,방학제2동,11100560,37.6681272209585,127.031542795166,무료,,"일-월, 공휴일 휴무",,02-955-0110,https://blog.naver.com/dbfac_place/223037311345,52.7,양호
간송옛집,박물관/기념관,전시시설,서울특별시 도봉구 시루봉로 149-18,도봉구,방학제3동,11100570,37.6648929195749,127.028186809295,무료,,"매주 일?월, 공휴일, 간송미술문화재단 요청 시",,02-954-5757 ,http://www.kansonghouse.kr/,36.7,양호
김수영문학관,박물관/기념관,전시시설,서울특별시 도봉구 해등로32길 80,도봉구,방학제3동,11100570,37.6599237129724,127.023801597762,무료,,"매주 월 (월요일이 공휴일인 경우 그 다음날), 1월 1일, 설날 및 추석 연휴",,02-3494-1127~8,http://kimsuyoung.dobong.go.kr/,62.7,양호
원당마을한옥도서관,도서관,도서관,서울특별시 도봉구 해등로32가길 17,도봉구,방학제3동,11100570,37.6602917907669,127.021798339761,무료,,"매주화요일,법정공휴일, 기타 도서관장이 정하는 날",,02-906-2022,http://www.unilib.dobong.kr/,28.6,양호
학마을도서관,도서관,도서관,서울특별시 도봉구 시루봉로 128,도봉구,방학제3동,11100570,37.6621597877574,127.027831490119,무료,,매주 월요일 / 법정 공휴일,,02-955-0655,http://www.dbfac.or.kr/front/cultureplace/hakmaeul.do,28.4,양호
덕성여자대학교 박물관,박물관/기념관,전시시설,서울특별시 도봉구 삼양로144길 33,도봉구,쌍문제1동,11100510,37.65276133230196,127.01656184686124,무료,월~금 10:00~16:00,"토?일, 법정공휴일, 기타 정부나 대학에서 임시휴일로 정하는 날",,02-901-8131,https://www.duksung.ac.kr/contents/contents.do?ciIdx=119&menuId=1044,64.1,양호
둘리뮤지엄,박물관/기념관,전시시설,서울특별시 도봉구 시루봉로1길 6,도봉구,쌍문제1동,11100510,37.6524298578984,127.027638500056,유료,,"1월 1일, 설날 및 추석 당일, 월(월요일이 공휴일인 경우에는 그 다음 날 휴관)",,02-990-2200,https://www.doolymuseum.or.kr,48.1,양호
서울특별시교육청 도봉도서관,도서관,도서관,서울 도봉구 삼양로 556 도봉도서관,도봉구,쌍문제1동,11100510,37.6525474596619,127.012772246644,유료,,"매월 두 번째, 네 번째 수요일 법정 공휴일(국경일 등 관공서의 휴무일)",,02-6714-7400,http://dblib.sen.go.kr/,35.6,양호
함석헌기념관,박물관/기념관,전시시설,서울특별시 도봉구 도봉로123길 33-6,도봉구,쌍문제2동,11100520,37.6529616157973,127.034796402967,무료,,"매주 월요일, 1월 1일, 설날 연휴, 추석 연휴",,02-905-7007,http://hamsokhon.dobong.go.kr/,35.8,양호
극단 대학로극장,공연장,공연시설,서울특별시 도봉구 도봉로115길 9,도봉구,쌍문제3동,11100530,37.6485604897867,127.033882167876,유료,,홈페이지 참조,,0507-1367-9594,https://dtheater89.modoo.at/,34.9,양호
쌍문채움도서관,도서관,도서관,서울 도봉구 우이천로 340 쌍문채움도서관,도봉구,쌍문제3동,11100530,37.6470421197696,127.026230185925,무료,,"매주 월요일, 법정공휴일",,02-998-0910,http://www.unilib.dobong.kr/contents.do?idx=291,62.5,양호
도봉문화정보도서관,도서관,도서관,서울 도봉구 덕릉로 315 도봉문화정보도서관,도봉구,창제1동,11100590,37.6446909352991,127.043768286365,유료,프로그램 일정에 따라 다름,"매주 화요일, 법정공휴일",문화시청각실60석,02-900-1835,http://www.unilib.dobong.kr/contents.do?idx=63,54.1,양호
도봉아이나라도서관,도서관,도서관,서울특별시 도봉구 노해로69길 151,도봉구,창제4동,11100620,37.6590571,127.049575,유료,프로그램 일정에 따라 다름,"매주 화요일, 법정공휴일",다목적강당 95석,02-995-4171,http://www.kidlib.dobong.kr/,32.3,양호
서울로봇인공지능과학관,기타,기타문화,서울특별시 도봉구 마들로13길 56,도봉구,창제4동,11100620,37.6555838047766,127.049506212905,무료,,매주 월요일,,02-920-4301,https://science.seoul.go.kr/RAIM/index.do,38.5,양호
서울시립 사진미술관,미술관/갤러리,전시시설,서울 도봉구 마들로13길 68 (창동)서울시립 사진미술관,도봉구,창제4동,11100620,37.6555150225578,127.048947814686,무료,① 평일(화-금) 오전 10시 - 오후 8시<br>② 토 ? 일 ? 공휴일<br>- 하절기(3-10월) 오전 10시-오후 7시<br>- 동절기(11-2월) 오전 10시-오후 6시,"1월1일 , 매주 월요일 (단, 월요일이 공휴일인 경우 정상 개관)",,02-2124-7600,https://sema.seoul.go.kr/kr/visit/photosema,64.8,양호
창동문화체육센터,기타,기타문화,서울특별시 도봉구 노해로69길 132,도봉구,창제4동,11100620,37.65800441752016,127.05048800126988,유료,,"1, 3, 5주 일요일 및 법정공휴일(대체휴일포함)",,02-901-5046,https://www.dobongsiseol.or.kr/index_sport.html,170.2,양호
도봉구민회관,기타,기타문화,서울특별시 도봉구 도봉로 552,도봉구,창제5동,11100630,37.65419780351007,127.03844201600822,유료,공연에 따라 다름/09시~22시,프로그램별 상이,대강당 600석/소공연장 190석,02-901-5160~1,https://www.dobongsiseol.or.kr/index_hall.html,45.6,양호
도봉문화원,문화원,공연시설,서울 도봉구 도봉로 552 도봉구민회관,도봉구,창제5동,11100630,37.654199284867,127.038870491264,유료,,일요일 및 법정공휴일,,02-905-4026,https://www.dobong.or.kr/main/index.php,23.6,양호
동대문구답십리도서관,도서관,도서관,서울 동대문구 서울시립대로4길 75 동대문구 답십리 도서관,동대문구,답십리제1동,11060910,37.5731929971065,127.050360280191,무료,,"매주 금요일 및 법정공휴일, 도서관 사정에 의한 임시 휴관일",,02-982-1959,https://l4d.or.kr/dsn/index.do,41.3,양호
답십리영화미디어아트센터,기타,기타문화,서울특별시 동대문구 답십리로 210-9,동대문구,답십리제2동,11060860,37.5717963732602,127.063764029874,무료,,"매주 월요일(공휴일인 경우에는 그 다음날을 휴관일로 함), 1월 1일, 설연휴, 추석연휴",,02-2247-4007,http://dsnfilmart.or.kr/,81.6,양호
동대문문화원,문화원,공연시설,서울 동대문구 왕산로 128 (동의보감타워) 지하2층,동대문구,신설동,11060810,37.5778202033957,127.037630755836,무료,,"매주 토요일, 일요일",,02-2241-9300,https://dongdaemun.kccf.or.kr:,70.0,양호
서울특별시교육청 동대문도서관,도서관,도서관,서울 동대문구 천호대로4길 22 동대문도서관,동대문구,신설동,11060810,37.5738565548699,127.024185212313,무료,,"매월 두번째,네번째 수요일 | 일요일을 제외한 법정공휴일",,02-2170-1000,http://ddmlib.sen.go.kr/,21.5,양호
서울풍물시장 전통문화체험관,기타,기타문화,서울특별시 동대문구 천호대로4길 21,동대문구,신설동,11060810,37.5727131853349,127.025502937291,무료,,매주 화요일,,02-2232-3368,http://www.pungmul.or.kr,56.0,양호
서울풍물시장 청춘일번가,기타,기타문화,서울특별시 동대문구 천호대로4길 21,동대문구,신설동,11060810,37.5727131853349,127.025502937291,무료,,매주 화요일,,070-7726-5945,http://www.pungmul.or.kr,56.0,양호
용두어린이영어도서관,도서관,도서관,서울특별시 동대문구 무학로 133,동대문구,신설동,11060810,37.5761044697075,127.0303278555,무료,,"매주 금요일 및 법정공휴일, 도서관 사정에 의한 임시 휴관일",,02-921-1959,https://www.l4d.or.kr/yelc/index.do,81.5,양호
용두어울림작은도서관,도서관,도서관,서울특별시 동대문구 무학로 89,동대문구,신설동,11060810,37.57230934363784,127.030156178585,무료,,법정공휴일 및 도서관 사정에 의한 임시 휴관일,,02-953-2223,https://www.l4d.or.kr/small,36.6,양호
경희대학교 자연사박물관,박물관/기념관,전시시설,서울특별시 동대문구 경희대로 26,동대문구,이문제1동,11060890,37.59782541765426,127.0552089479752,무료,월~토 10:00~16:00,"토?일, 공휴일, 개교기념일",,02-961-0143,http://nhm.khu.ac.kr,47.6,양호
경희대학교 중앙박물관,박물관/기념관,전시시설,서울특별시 동대문구 경희대로 26,동대문구,이문제1동,11060890,37.59713729362956,127.05272856110398,무료,매주 화수목금10:00~17:00,"토?일, 공휴일 (이 외 일정 인스타그램 공지)",,02-961-0141,http://museum.khu.ac.kr,177.0,양호
경희대학교한의학역사박물관,박물관/기념관,전시시설,서울특별시 동대문구 경희대로 26,동대문구,이문제1동,11060890,37.59583018210771,127.05421667214812,무료,,"토?일, 공휴일",,02-961-2274,https://neoscholar.khu.ac.kr/museumkm/user/main/view.do,203.6,주의
이문어린이도서관,도서관,도서관,서울특별시 동대문구 천장산로9길 68,동대문구,이문제1동,11060890,37.5988944435051,127.053843621108,무료,,"매주 월요일 및 법정공휴일, 도서관 사정에 의한 임시 휴관일",,02-968-7530,https://www.l4d.or.kr/imc/index.do,17.4,양호
이문체육문화센터,기타,기타문화,서울특별시 동대문구 한천로58길 81-49,동대문구,이문제2동,11060900,37.60227815080871,127.06885250776844,유료,평일:06:00~22:00 / 토:06:00~18:00 / 일:09:00~18:00,"넷째주 일요일, 법정공휴일 휴관",,02-963-0536,https://www.dfmc.kr:8443/course/sports/fmcs/125,120.8,양호
장안어린이도서관,도서관,도서관,서울특별시 동대문구 장한로26다길 10,동대문구,장안제2동,11060880,37.571244986067,127.073201039917,무료,,"매주 금요일, 일요일을 제외한 법정공휴일, 도서관 사정에 의한 임시 휴관일",,02-2249-1959,https://www.l4d.or.kr/jac/index.do,88.9,양호
동대문구 아르코,기타,기타문화,서울특별시 동대문구 왕산로 200 타워동 5층,동대문구,전농제1동,11060830,37.5798901828732,127.04616117771,무료,,"매주 주말, 공휴일 등",,02-6956-0871,https://ddmac.or.kr/,70.0,양호
배봉산숲속도서관,도서관,도서관,서울특별시 동대문구 전농로16길 97,동대문구,전농제2동,11060840,37.578443110427,127.06273508839,무료,,"매주 월요일, 법정 공휴일, 도서관 사정에 의한 임시 휴관일",,02-2215-1959,https://l4d.or.kr/bfl/index.do,30.1,양호
서울시립대학교 박물관,박물관/기념관,전시시설,서울특별시 동대문구 서울시립대로 163,동대문구,전농제2동,11060840,37.5825775765293,127.059988126984,무료,평일 10:00~17:00,"토요일, 일요일, 공휴일",,02-6490-6587,https://www.uos.ac.kr/kor/html/auos/guide/map/map_view29.do?epTicket=LOG,296.1,주의
고갤러리,미술관/갤러리,전시시설,서울특별시 동대문구 안암로20길 19,동대문구,제기동,11060820,37.5873248786113,127.035279851633,무료,,상시 변동,,02-927-9590,https://www.instagram.com/gogallery.kr/,34.0,양호
더 윌로,미술관/갤러리,전시시설,"서울시 동대문구 고산자로36길 38, 2층",동대문구,제기동,11060820,37.5792710720991,127.040626893582,무료,,월요일 휴관,,070-8833-1767,https://thewillow1955.com/,42.2,양호
블루라움 안암점,기타,기타문화,서울특별시 동대문구 안암로 86-1 B1 블루라움,동대문구,제기동,11060820,37.58348608726266,127.03050316419218,유료,,연중무휴,,02-953-0415,https://blueraum.kr/,70.4,양호
서울약령시한의약박물관,박물관/기념관,전시시설,서울특별시 동대문구 약령중앙로 26,동대문구,제기동,11060820,37.5806004145096,127.037586644096,무료,3월~10월 10:00~18:0011월~2월 10:00~17:00,"1월 1일, 설날, 추석, 그 밖에 동대문구청장이 필요하다고 인정하는 경우",,02-969-9241,http://museum.ddm.go.kr/,51.0,양호
서울한방진흥센터,박물관/기념관,전시시설,서울특별시 동대문구 약령중앙로 26,동대문구,제기동,11060820,37.5806004145096,127.037586644096,유료,,"1월 1일, 설날, 추석, 동대문구청장이 인정하는 휴관일",,029699241,http://kmedi.ddm.go.kr,51.0,양호
선농단역사문화관,기타,기타문화,서울특별시 동대문구 무학로44길 38,동대문구,제기동,11060820,37.5811837728607,127.031888509482,무료,,"매주 월요일, 공휴일",,02-3295-5562,https://ddmac.or.kr/sub03/sub07.php,55.1,양호
제기동감초마을현진건기념도서관,도서관,도서관,서울특별시 동대문구 약령시로9길 45,동대문구,제기동,11060820,37.5850973113942,127.035120181597,무료,,"매주 금요일 및 법정 공휴일, 도서관 사정에 의한 임시 휴관일",,02-928-3141,https://www.l4d.or.kr/jghl/index.do,17.5,양호
KOCCA 콘텐츠문화광장,공연장,공연시설,서울특별시 동대문구 회기로 66,동대문구,청량리동,11060800,37.5907260121955,127.04489735201,무료,,정보없음,,02-6310-0720,https://edu.kocca.kr/testbed/main/main.do,135.6,양호
김희수아트센터,박물관/기념관,전시시설,"서울특별시 동대문구 홍릉로 118, 김희수아트센터 1층",동대문구,청량리동,11060800,37.59070597134996,127.04281951646152,유료,,일요일 (이외 홈페이지 참조),,02-962-7911,http://www.soorimcf.or.kr/index.html,20.0,양호
동대문구정보화도서관,도서관,도서관,서울특별시 동대문구 회기로10길 60,동대문구,청량리동,11060800,37.5899695058832,127.047289694219,무료,,"매주 월요일, 도서관 사정에 의한 임시 휴관일, 법정 공휴일",,02-960-1959,https://l4d.or.kr/info/index.do,35.3,양호
세종대왕기념관,박물관/기념관,전시시설,서울특별시 동대문구 회기로 56,동대문구,청량리동,11060800,37.5909928893989,127.042703170101,유료,09:00 ~ 18:00,매주 주말 및 공휴일 ,,02-969-8851,http://sejongkorea.org/main/main.html,46.3,양호
휘경행복도서관,도서관,도서관,서울특별시 동대문구 장안벚꽃로 323,동대문구,휘경제2동,11060730,37.5871742821863,127.069938991404,무료,,"매주 금요일, 법정 공휴일, 도서관 사정에 의한 임시 휴관일",,02-2249-9701,https://www.l4d.or.kr/hgh/index.do,47.7,양호
동작영어마루도서관,도서관,도서관,서울 동작구 장승배기로16길 98 동작영어마루도서관,동작구,노량진제1동,11200720,37.5092044296488,126.943431510006,무료,,"매주 월요일, 법정공휴일",,02-823-6750,https://lib.dongjak.go.kr/dj/html.do?menu_idx=78,57.5,양호
본동어울마당 아트홀,공연장,공연시설,서울특별시 동작구 노량진로32길 79,동작구,노량진제1동,11200720,37.5105308023837,126.956894813525,무료,,매주 월요일,,070-7204-3272,https://idfac.or.kr/sub_new/menu02_07_01.php,47.1,양호
사육신역사관,박물관/기념관,전시시설,서울특별시 동작구 노량진로 191,동작구,노량진제1동,11200720,37.5134579901091,126.949411135441,무료,,"매주 일, 월요일/법정공휴일",,070-7204-3258,https://www.instagram.com/sayuksin_hh/,26.7,양호
CTS 아트홀,공연장,공연시설,서울특별시 동작구 노량진로 100 기독교TV멀티미디어센터 지하 2층,동작구,노량진제2동,11200520,37.5129486320073,126.937000804909,유료,,연중무휴,,02-6333-1069,http://rent.ctsart.co.kr/,88.0,양호
서울특별시교육청 동작도서관,도서관,도서관,서울 동작구 장승배기로 94 서울특별시립 동작도서관,동작구,노량진제2동,11200520,37.5059684516068,126.940102858481,무료,,"매월 둘째, 넷째 금요일 국경일, 정부지정 공휴일 및 대체공휴일",,02-823-6417,http://djlib.sen.go.kr/,44.5,양호
대방어린이도서관,도서관,도서관,서울특별시 동작구 대방동길 55,동작구,대방동,11200680,37.5030254852903,126.925222696163,무료,,"매주 월요일, 법정공휴일",,02-813-6740,https://lib.dongjak.go.kr/dj/html.do?menu_idx=79,76.1,양호
서울여성플라자,기타,기타문화,서울특별시 동작구 여의대방로54길 18,동작구,대방동,11200680,37.5116087174603,126.927226422645,무료,,주말 및 공휴일,,02-810-5264,https://www.seoulwomen.or.kr/sfwf/main/index.do,39.2,양호
다울작은도서관,도서관,도서관,서울특별시 동작구 사당로20길 132,동작구,사당제1동,11200630,37.4788880398112,126.973244193959,무료,,"매주 월요일, 법정 공휴일",,02-3473-3360,https://lib.dongjak.go.kr/dj/html.do?menu_idx=83,18.6,양호
구립동작샘터도서관,도서관,도서관,서울특별시 동작구 동작대로29길 63-26,동작구,사당제2동,11200730,37.4883865575463,126.97754636635,무료,,"매주 월요일, 법정공휴일",,02-533-6750,https://lib.dongjak.go.kr/dj/html.do?menu_idx=80,104.6,양호
표현하다 스튜디오,기타,기타문화,"서울특별시 동작구 사당로17길 83, 지하1층",동작구,사당제3동,11200650,37.4864364917903,126.971995253767,유료,,"매주 토, 일요일, 공휴일",,070-8648-1616,http://schoolofph.com/,60.7,양호
동작문화원 사당분원,문화원,공연시설,서울특별시 동작구 사당로8길 9,동작구,사당제5동,11200670,37.4847166890579,126.969612565338,무료,,정보 없음,,02-3486-5747,http://www.dongjaktv.net/dongjaktv/dongjaktv_map.aspx,33.2,양호
사당문화회관,기타,기타문화,서울특별시 동작구 사당로8길 9,동작구,사당제5동,11200670,37.484714436886,126.969613923049,무료,- 평   일(월~금) : 06:00~22:00  토요일 : 06:00~21:00 / 일요일(1주) : 10:00~19:00,법정공휴일 및 일요일(월 첫째주 일요일만 운영),,02-588-4111,https://sports.idongjak.or.kr/home/59,33.2,양호
사당솔밭도서관,도서관,도서관,서울특별시 동작구 솔밭로 86,동작구,사당제5동,11200670,37.4840814153041,126.967350718793,무료,,"매주 월요일, 법정공휴일",,02-585-8411,https://lib.dongjak.go.kr/dj/html.do?menu_idx=76,29.9,양호
숭실대학교 한국기독교박물관,박물관/기념관,전시시설,서울특별시 동작구 상도로 369,동작구,상도제1동,11200530,37.4964289688636,126.955157917408,무료,,"주말, 공휴일 및 임시공휴일",,02-820-0752,http://museum.ssu.ac.kr,110.1,양호
김영삼도서관,도서관,도서관,서울특별시 동작구 매봉로 1,동작구,상도제2동,11200540,37.5054736143919,126.949967197122,무료,,"매주 월요일, 법정 공휴일, 관장이 필요하다고 인정한 날",,02-827-0557~8,https://lib.dongjak.go.kr/dj/html.do?menu_idx=194,119.4,양호
동작문화원 동작본원,문화원,공연시설,서울 동작구 장승배기로10길 42 동작문화복지센타,동작구,상도제2동,11200540,37.5044455276,126.941088352368,무료,,"토,일,공휴일",,02-822-8500,http://www.dongjaktv.net,52.7,양호
국사봉숲속작은도서관,도서관,도서관,서울 동작구 양녕로23길 27 국사봉숲속작은도서관,동작구,상도제4동,11200560,37.4954335061088,126.940590178496,무료,,"매주 월요일, 법정 공휴일",,홈페이지 참고,https://lib.dongjak.go.kr/dj/html.do?menu_idx=84,18.8,양호
상도어울마당 아트홀,공연장,공연시설,서울 동작구 성대로 180 지하 1층,동작구,상도제4동,11200560,37.4992554654409,126.940372169449,유료,,"매주 일?월요일, 법정공휴일",,070-7204-3291,https://www.instagram.com/idfac_eoulmadang_arthall/,61.5,양호
약수도서관,도서관,도서관,서울특별시 동작구 양녕로22바길 64,동작구,상도제4동,11200560,37.4978848839737,126.947455522317,무료,,"매주 월요일, 법정공휴일",,02-823-1907,https://lib.dongjak.go.kr/dj/html.do?menu_idx=81,42.7,양호
신대방누리도서관,도서관,도서관,서울특별시 동작구 신대방1다길 19,동작구,신대방제1동,11200690,37.4860651685197,126.905885428932,무료,,"매주 월요일, 법정공휴일",,02-849-8588,https://www.instagram.com/sdbnuri_lib,40.0,양호
동작아트갤러리,미술관/갤러리,전시시설,서울특별시 동작구 보라매로5길 28-1,동작구,신대방제2동,11200700,37.4937925089905,126.923108368608,무료,,"매주 일?월요일, 법정공휴일",,070-7204-3257,https://www.idfac.or.kr/sub_new/menu02_01_01.php,80.9,양호
까망돌도서관,도서관,도서관,서울특별시 동작구 서달로 129,동작구,흑석동,11200710,37.5051202142839,126.960611023195,무료,,매주 월요일 및 법정 공휴일,,02)815-3701,https://lib.dongjak.go.kr/dj/html.do?menu_idx=226,56.6,양호
까망돌어울마당 아트홀,공연장,공연시설,서울특별시 동작구 서달로 129,동작구,흑석동,11200710,37.5051202142839,126.960611023195,무료,,"매주 월요일, 법정 공휴일",,070-7204-3240,https://blog.naver.com/dongjaksaran/224088918439,56.6,양호
원불교 소태산홀,공연장,공연시설,서울특별시 동작구 현충로 75 1층,동작구,흑석동,11200710,37.5097590855867,126.963859317475,무료,,프로그램별 상이,,02-815-3460,http://sotaesanarthall.com/index.php,90.6,양호
마포문화원,문화원,공연시설,서울 마포구 백범로 227 공덕동자치회관,마포구,공덕동,11140770,37.5422338474855,126.955511259347,무료,,"토,일 법정공휴일",,02-312-1100,http://www.mapocc.or.kr/,56.8,양호
서울마포음악창작소,공연장,공연시설,서울특별시 마포구 마포대로 지하 238,마포구,공덕동,11140770,37.5550704891351,126.957534741247,유료,,"매주 일, 월, 법정 공휴일",,02-3148-6071,https://mapoindie.or.kr/index.asp,18.4,양호
마포아트센터,문화예술회관,공연시설,서울 마포구 대흥로20길 28 마포아트센터,마포구,대흥동,11140600,37.5499060881738,126.945533810385,무료,,공휴일 09:00~17:00/매월 마지막주 일요일 휴무,,02-3274-8600,https://www.mfac.or.kr/,41.1,양호
서강대학교 박물관,박물관/기념관,전시시설,서울특별시 마포구 백범로 35,마포구,대흥동,11140600,37.5514693075541,126.943024997981,무료,"10:00~12:00,13:00~15:00","토,일요일국가공휴일방학기간",,02-705-8215,없음,153.3,양호
WWW SPACE,미술관/갤러리,전시시설,서울특별시 마포구 망원로6길 37 지하1층,마포구,망원제1동,11140690,37.555283006064,126.90378758952,무료,,"매주 월,화",,0507-1410-7241,https://www.wwwspace.kr/,23.0,양호
별관,미술관/갤러리,전시시설,서울 마포구 망원로 74 2층,마포구,망원제1동,11140690,37.5572258907747,126.904979777478,무료,,없음,,0507-1305-1459,https://outhouse.kr/,62.1,양호
콘서트홀 나누,공연장,공연시설,서울특별시 마포구 망원로 66 지하1층,마포구,망원제1동,11140690,37.5570633622985,126.904213331243,유료,,공연없을시 휴관,,없음,https://m.blog.naver.com/cocnert_nanu,23.8,양호
구립마포청소년문화의집,문화원,공연시설,서울시 마포구 상암산로 1길 67 마포청소년문화의집,마포구,상암동,11140740,37.580322292061,126.883846326651,무료,,정보없음,,02-303-1380~1,http://www.mycc.or.kr,60.6,양호
디지털 파빌리온,미술관/갤러리,전시시설,서울특별시 마포구 월드컵북로 396,마포구,상암동,11140740,37.5794283422818,126.889782954548,무료,10:00~18:00,"토요일, 일요일",,02-2132-0501,https://kovac.modoo.at/,130.2,양호
서울시립 난지미술창작스튜디오,미술관/갤러리,전시시설,서울특별시 마포구 하늘공원로 108-1,마포구,상암동,11140740,37.56907059409881,126.87892209519516,무료,전시없음,"1월 1일 , 매주 월요일",,02-2124-8800,https://sema.seoul.go.kr/kr/visit/nanji_residency,970.1,확인필요
에스플렉스센터 ,기타,기타문화,서울특별시 마포구 매봉산로 31,마포구,상암동,11140740,37.5757269662412,126.889972593033,무료,,없음,, 02-3470-1531,https://news.seoul.go.kr/gov/archives/530214,121.5,양호
한국영상자료원,기타,기타문화,서울특별시 마포구 월드컵북로 400 한국영상자료원,마포구,상암동,11140740,37.5804510730532,126.88989352596,무료,," 매주 일, 월요일, 1월 1일, 설/추석 연휴 및 특별한 사유로 원장이 지정하는 날",,02-3153-2001,http://www.koreafilm.or.kr,217.5,주의
한국영화박물관,박물관/기념관,전시시설,서울특별시 마포구 월드컵북로 400,마포구,상암동,11140740,37.5806561786855,126.889839335259,무료,"화~금 10:00~19:00, 토~일 10:00~18:00","매주 일요일, 월요일, 1.1, 설/추석연휴, 창립기념일(1.18), 근로자의 날(5.1)",,02-3153-2072,https://www.koreafilm.or.kr/museum/main,198.7,양호
광흥당,박물관/기념관,전시시설,서울특별시 마포구 독막로21길 15,마포구,서강동,11140760,37.5486522177452,126.928706582608,무료,,홈페이지 참조,,02-322-4450,http://www.mapocc.or.kr/page/page5,39.8,양호
마포구립서강도서관,도서관,도서관,서울특별시 마포구 독막로 165,마포구,서강동,11140760,37.5477347268018,126.932061794829,무료,,"매주 화요일, 법정 공휴일",,02-3141-7053,https://mplib.mapo.go.kr/sglib/,74.2,양호
탈영역우정국,기타,기타문화,서울특별시 마포구 독막로20길 42,마포구,서강동,11140760,37.5469505567011,126.927612357085,무료,,월요일 휴관,,02-336-8553,http://ujeongguk.com/,28.8,양호
포스트극장,공연장,공연시설,서울특별시 마포구 와우산로 148,마포구,서강동,11140760,37.5541249044242,126.929648387272,유료,,홈페이지 참조,,02-337-5961,https://changmuartcenter.com/,33.7,양호
프로타주 갤러리,미술관/갤러리,전시시설,서울특별시 마포구 독막로15길 12,마포구,서강동,11140760,37.5483662558053,126.922303660865,무료,,정보없음,,02-365-2038,https://www.frottagegallery.com/,28.5,양호
KT&G 상상마당 홍대 갤러리,미술관/갤러리,전시시설,서울특별시 마포구 어울마당로 65,마포구,서교동,11140660,37.5509576951977,126.921063042067,유료,,매주 월요일,,02-330-6229,https://www.sangsangmadang.com/main/HD,38.4,양호
갤러리99,미술관/갤러리,전시시설,서울특별시 마포구 홍익로 5-1,마포구,서교동,11140660,37.5531134735776,126.923605730907,무료,,휴관일 없음,,02-322-0199,https://www.instagram.com/gallery99_official/,64.9,양호
레드로드발전소,기타,기타문화,서울특별시 마포구 와우산로37길 35,마포구,서교동,11140660,37.5564381192339,126.929035860751,무료,,없음,,02-3153-1633,https://www.mapo.go.kr/site/main/home,7.2,양호
미디어 아트 갤러리 언더독뮤지엄,미술관/갤러리,전시시설,서울 마포구 양화로12길 8-7 B1,마포구,서교동,11140660,37.5516642144107,126.917959241088,유료,,특정 지정일,,02-336-0423,https://www.underdogmuseum.com,116.5,양호
베짱이홀,공연장,공연시설,서울특별시 마포구 독막로15길 3-12 NJ빌딩 지하 1층,마포구,서교동,11140660,37.5484676511038,126.921535972496,유료,,홈페이지 참조,,02-322-4241,https://www.bezzang-e.com/,54.8,양호
복합문화공간 홍대스페이스M ,기타,기타문화,서울특별시 마포구 양화로15길 17 4층,마포구,서교동,11140660,37.5545446275941,126.919022842484,유료,,없음,,02-6080-4587,https://hongdaespacem.modoo.at/,80.6,양호
서울생활문화센터 서교,기타,기타문화,"서울 마포구 양화로 72 효성해링턴타워 지하1층, 지하2층",마포구,서교동,11140660,37.5508138163956,126.916493990351,무료,,"매주 월요일, 설날 연휴, 추석 연휴",,02-336-7531,https://seogyocenter.or.kr/,43.9,양호
서울특별시교육청 마포평생학습관,도서관,도서관,서울 마포구 홍익로2길 16 마포평생학습관,마포구,서교동,11140660,37.5543219169157,126.924204080661,무료,,"매월 둘째, 넷째 월요일, 법정공휴일",,02-2137-0071,https://mpllc.sen.go.kr/,46.8,양호
소극장 산울림,공연장,공연시설,서울 마포구 와우산로 157 지층 소극장 산울림,마포구,서교동,11140660,37.5550832990905,126.930109457636,유료,,메주 화요일,,02-334-5915,http://www.sanwoollim.kr/,67.0,양호
신한카드 SOL페이 스퀘어,공연장,공연시설,서울특별시 마포구 양화로 45 메세나폴리스 2층 신한카드 SOL페이 스퀘어,마포구,서교동,11140660,37.5515008030203,126.91395024016,무료,,정보없음,,1644-2961,http://www.solpay-square.com/,38.5,양호
아트스페이스공작,미술관/갤러리,전시시설,서울 마포구 동교로19길 56 102호,마포구,서교동,11140660,37.5578258360317,126.917142026143,무료,,매주 월요일 (전시 일정등 유동적),,없음,없음,102.3,양호
연세대학교 김대중도서관,도서관,도서관,서울특별시 마포구 신촌로4길 5-26,마포구,서교동,11140660,37.5569823830529,126.929590018517,무료,오전 10시~오후 6시,"주말, 법정공휴일",160,02-2123-6890,https://www.kdjlibrary.org/,42.5,양호
온수공간,미술관/갤러리,전시시설,서울특별시 마포구 월드컵북로1길 74,마포구,서교동,11140660,37.5534884539757,126.917814194047,무료,,매주 월요일,,070-7543-3767,https://www.onsu-gonggan.com/,42.9,양호
이한열기념관,박물관/기념관,전시시설,서울특별시 마포구 신촌로12나길 26,마포구,서교동,11140660,37.5550435661865,126.933865358054,무료,,공휴일,,02-325-7216 ,http://www.leememorial.or.kr/,38.3,양호
최규하 가옥,박물관/기념관,전시시설,서울특별시 마포구 동교로15길 10,마포구,서교동,11140660,37.5553406594108,126.9149234149,무료,,"매주 월요일 휴관/ 1월 1일, 추석 당일, 설날 당일",,02-3144-2038,https://yeyak.seoul.go.kr/web/reservation/selectReservView.do?rsv_svc_id=S231222143146007849,115.6,양호
크리스프 웨지,미술관/갤러리,전시시설,서울 마포구 양화로8길 32-17 지하 1층 크리스프 웨지,마포구,서교동,11140660,37.5493590071323,126.916412664084,무료,,"매주 일, 월요일 (전시에 따라 변동, 인스타그램 @crisp_wedge 참조)",,없음,https://www.instagram.com/crisp_wedge/ ,47.3,양호
폼텍웍스홀,공연장,공연시설,서울특별시 마포구 잔다리로3길 34,마포구,서교동,11140660,37.5506957017413,126.917916281049,무료,,정보없음,,0507-1402-3644,http://www.workshall.co.kr/,25.4,양호
홍대 롤링홀,공연장,공연시설,"서울특별시 마포구 어울마당로 35 지하 1층, 2층",마포구,서교동,11140660,37.5484975164949,126.920120953258,유료,,연중무휴,,02-325-6071,https://www.rollinghall.co.kr/default/index.php,13.3,양호
홍대갤러리 키르큐펠,미술관/갤러리,전시시설,"서울 마포구 와우산로25길 26 1층, 2층 홍대갤러리 키르큐펠",마포구,서교동,11140660,37.5544389044835,126.926112038874,무료,,없음,,없음,https://www.instagram.com/kirkjufell333,30.8,양호
홍익대학교 박물관,박물관/기념관,전시시설,서울특별시 마포구 와우산로 94,마포구,서교동,11140660,37.5525192523979,126.924990619497,무료,,"토요일, 일요일, 월요일, 공휴일",,02-320-1323,https://museum.hongik.ac.kr/html/,93.4,양호
마포중앙도서관,도서관,도서관,서울특별시 마포구 성산로 128,마포구,성산제1동,11140720,37.5637954434775,126.908201874198,무료,,"매주 월요일, 법정 공휴일",,02-3153-5800,https://mplib.mapo.go.kr/mcl/index.do,70.5,양호
오온,미술관/갤러리,전시시설,"서울 마포구 성미산로11길 25 1F, B1",마포구,성산제1동,11140720,37.5617369167278,126.916169189423,무료,,매주월요일,,0507-1367-2519,https://www.instagram.com/ooooon.kr/,36.0,양호
전쟁과여성인권박물관,박물관/기념관,전시시설,서울특별시 마포구 월드컵북로11길 20,마포구,성산제1동,11140720,37.5600976273155,126.914887108093,유료,,"매주 일요일, 월요일,  1월 1일, 설 연휴, 추석 연휴, 부처님 오신날, 크리스마스(성탄절)",,02-392-5252,https://womenandwarmuseum.net/,35.2,양호
문화비축기지,기타,기타문화,서울특별시 마포구 증산로 87,마포구,성산제2동,11140730,37.571364837277535,126.89425096674894,무료,,연중무휴,,02-376-8410,https://parks.seoul.go.kr/template/sub/culturetank.do,153.8,양호
CJ아지트 광흥창,공연장,공연시설,서울특별시 마포구 창전로 14,마포구,신수동,11140630,37.5442465888293,126.930342267233,유료,,없음,,02-3272-2616,https://www.cjazit.org/cjazit/,91.2,양호
연남스페이스,공연장,공연시설,"서울 마포구 성미산로22길 16 지하1,2층",마포구,연남동,11140710,37.5621581410333,126.92088179073,유료,,연중무휴,,0507-1337-1701,https://yeonnamspace.com/,96.4,양호
마포소금나루도서관,도서관,도서관,서울특별시 마포구 숭문길 72,마포구,염리동,11140610,37.5495786624964,126.946116732506,무료,,"금요일, 법정공휴일",,02-3153-1600,https://mplib.mapo.go.kr/naru/index.do,42.7,양호
스페이스 톤,미술관/갤러리,전시시설,서울특별시 마포구 토정로 43-2,마포구,합정동,11140680,37.5456545675167,126.91580133126,무료,,"일요일, 월요일",,0507-1305-8663,https://spacetone.org/,49.2,양호
우무지,기타,기타문화,서울 마포구 독막로8길 7 지하1층,마포구,합정동,11140680,37.5475481644542,126.91845147793,유료,,월요일,,070-7618-0321,https://www.wumuji.com/,40.3,양호
한국천주교순교자박물관,박물관/기념관,전시시설,서울특별시 마포구 토정로 6,마포구,합정동,11140680,37.5441354407025,126.911793575318,유료,,매주 월요일,,02-3142-4504,http://www.jeoldusan.or.kr/renew/museum1.php,110.2,양호
남가좌새롬어린이도서관,도서관,도서관,서울 서대문구 증가로10길 16-15 남가좌새롬어린이도서관,서대문구,남가좌제2동,11130700,37.5783385775215,126.924044458743,무료,,매주 월요일 및 법정공휴일(일요일 제외),,02-360-8639,https://lib.sdm.or.kr/sdmlib/contents/40018/contents.do,31.0,양호
ANDNEW GALLERY(앤드뉴 갤러리),미술관/갤러리,전시시설,서울특별시 서대문구 명물길 70 B1,서대문구,신촌동,11130750,37.5588656635722,126.940066426045,무료,,연중무휴,,정보없음,https://www.instagram.com/andnewgallery/,39.3,양호
갤러리 아미디 신촌,미술관/갤러리,전시시설,서울 서대문구 신촌역로 21 2층 갤러리 아미디 신촌,서대문구,신촌동,11130750,37.5586573877793,126.94249132259,무료,,월요일 휴무 (전시 일정에 따라 변경될 수 있음),,0507-1424-6696,https://www.gallery-amidi.com/,58.8,양호
갤러리 히든플레이스,미술관/갤러리,전시시설,"서울특별시 서대문구 이화여대2가길 24, 2층",서대문구,신촌동,11130750,37.5584812115306,126.946249418096,무료,,월요일 및 국정 공휴일,, 0507-1393-7755,https://www.instagram.com/hiddenplace.kr,45.0,양호
극장PLOT,공연장,공연시설,서울 서대문구 연세로4길 27 B1,서대문구,신촌동,11130750,37.5576007818683,126.938198440787,유료,,홈페이지 참조,,홈페이지 참고,https://theaterplot.oopy.io/,59.9,양호
금호아트홀 연세,공연장,공연시설,서울 서대문구 연세로 50 연세대학교 백양누리 지하 1층 금호아트홀 연세,서대문구,신촌동,11130750,37.5660508394158,126.943916239886,유료,,홈페이지 참조,,02-6303-1977,http://www.kumhoarthall.com,165.3,양호
신촌문화발전소,기타,기타문화,서울특별시 서대문구 연세로2나길 57,서대문구,신촌동,11130750,37.5579629763806,126.939755119659,유료,,"매주 일요일, 월요일, 공휴일",,02-330-4393,https://www.scas.or.kr/kr/,27.5,양호
연세대학교신촌캠퍼스박물관,박물관/기념관,전시시설,서울특별시 서대문구 연세로 50,서대문구,신촌동,11130750,37.5660508394158,126.943916239886,무료,"오전 10시 ~ 오후 5시(입장은 4시 30분)휴관: 공휴일 및 토ㆍ일요일, 여름ㆍ겨울방학",일요일 및 공휴일,,02-2123-3340,https://museum.yonsei.ac.kr/museum/index.do,165.3,양호
우석뮤지엄,박물관/기념관,전시시설,서울특별시 서대문구 신촌로 129,서대문구,신촌동,11130750,37.5565639285478,126.940328119434,무료,,매주 월요일 / 명절당일,,02-364-8900,http://www.artreon.co.kr/,73.6,양호
갤러리 인,미술관/갤러리,전시시설,서울 서대문구 홍제천로 116 201호,서대문구,연희동,11130760,37.5751406092104,126.926931783172,무료,,"매주 월, 화요일",,02-592-2016,https://www.instagram.com/_innsinn_,31.2,양호
서대문자연사박물관,박물관/기념관,전시시설,서울특별시 서대문구 연희로32길 51,서대문구,연희동,11130760,37.5767519879565,126.937858169171,유료,3~10월 09:00~18:00 | 11~2월 09:00~17:00,"1월 1일, 설날, 추석, 매주 월요일(월요일이 공휴일인 경우 그 다음날)",,02-330-8899,https://namu.sdm.go.kr/site/main/home,128.6,양호
스페이스애프터,미술관/갤러리,전시시설,서울특별시 서대문구 연희로15길 64,서대문구,연희동,11130760,37.5700991192566,126.929494474061,무료,,"월요일, 화요일",,0507-1330-7512,https://www.instagram.com/space_aefter/,40.6,양호
연희문학창작촌,기타,기타문화,서울 서대문구 증가로2길 6-7,서대문구,연희동,11130760,37.5716731193,126.930953809,무료,,"토~일, 공휴일",,02-324-4600,https://www.sfac.or.kr/artspace/artspace/yeonhui_main.do,75.1,양호
연희예술극장,공연장,공연시설,서울 서대문구 연희맛로 2-3 B1 연희예술극장,서대문구,연희동,11130760,37.5656578975172,126.928538140075,유료,,홈페이지 참조,,0507-1315-2564,https://www.yeonheeart.com/,27.2,양호
예술공간 의식주,미술관/갤러리,전시시설,서울 서대문구 홍연길 80 201호,서대문구,연희동,11130760,37.5764562255178,126.930947128691,무료,,"매주 월, 화요일",,0507-1414-9653,https://www.instagram.com/the_necessaries/,23.3,양호
온에어갤러리,미술관/갤러리,전시시설,서울특별시 서대문구 연희로14길 62-57,서대문구,연희동,11130760,37.5662657676458,126.93438086461,무료,,월요일 휴관,,0507-1405-8842,https://www.instagram.com/onairgallery,69.1,양호
팩션,미술관/갤러리,전시시설,서울 서대문구 홍제천로6길 26 지하1층,서대문구,연희동,11130760,37.574286142724,126.925978326544,무료,,전시별 상이,,0507-1306-2618,https://www.instagram.com/faction.seoul/,83.0,양호
플레이스막3,미술관/갤러리,전시시설,서울 서대문구 홍연길 96 지층 플레이스막3,서대문구,연희동,11130760,37.5769228781642,126.931769590961,무료,,"월요일, 화요일 휴관 ",,02-0303-0303,http://www.placemak.com/Laser_cu_exhibition,75.3,양호
국립대한민국임시정부기념관,박물관/기념관,전시시설,서울특별시 서대문구 통일로 279-24,서대문구,천연동,11130520,37.5759997348249,126.954417321379,무료,,매주 월요일,,02-772-8782,https://www.nmkpg.go.kr/,120.2,양호
서대문형무소역사관,박물관/기념관,전시시설,서울특별시 서대문구 통일로 251,서대문구,천연동,11130520,37.5746085138333,126.955611774864,유료,3~10월 09:30~18:00 | 11~2월 09:30~17:00,"1월1일, 설날?추석 당일, 매주 월요일(공휴일인 경우 그 다음날)",,02-360-8590,https://sphh.sscmc.or.kr/,143.0,양호
이진아기념도서관,도서관,도서관,서울특별시 서대문구 독립문공원길 80,서대문구,천연동,11130520,37.5729542638246,126.955549025205,유료,,정보없음,,02-360-8622,https://lib.sdm.or.kr/sdmlib/index.do,18.0,양호
고촌이종근기념관,박물관/기념관,전시시설,서울특별시 서대문구 충정로 8,서대문구,충현동,11130730,37.5596781093752,126.963201979192,무료,,국경일 및 공휴일,,070-7094-4510,http://www.kochonhall.or.kr/,81.6,양호
라프,미술관/갤러리,전시시설,서울특별시 서대문구 북아현로 63,서대문구,충현동,11130730,37.5628087873075,126.955086243611,무료,,"매주 월, 화",, 02-364-8586,http://artspacelaf.com/,20.7,양호
모두예술극장,공연장,공연시설,서울 서대문구 충정로 7 구세군빌딩 1~3층 모두예술극장,서대문구,충현동,11130730,37.5601123698942,126.962282061624,무료,,정보없음,,02-760-9780,https://www.moduarttheater.or.kr/Home/ko/Main,35.3,양호
북아현문화체육센터,기타,기타문화,서울 서대문구 북아현로 51 북아현문화체육센터,서대문구,충현동,11130730,37.5618398088356,126.955438258574,무료,,공휴일,,02-360-8660,https://cs.sscmc.or.kr/bahcs/81,62.3,양호
아트하우스 모모,기타,기타문화,서울특별시 서대문구 이화여대길 52,서대문구,충현동,11130730,37.5644645178259,126.950288837762,무료,,정보없음,,02-363-5333,https://www.arthousemomo.co.kr/,200.0,양호
이화여자대학교 박물관,박물관/기념관,전시시설,서울특별시 서대문구 이화여대길 52,서대문구,충현동,11130730,37.5644645178259,126.950288837762,무료,"오전 9시 30분 ~오후 5시휴관: 일요일, 공휴일 및 여름ㆍ겨울방학","토요일, 일요일 및 공휴일 전시 교체기",,02-3277-3152,http://museum.ewha.ac.kr,200.0,양호
이화여자대학교 자연사박물관,박물관/기념관,전시시설,서울특별시 서대문구 이화여대길 52,서대문구,충현동,11130730,37.5644645178259,126.950288837762,무료,10:00~16:00,"토요일(1,2,7,8월), 1ㆍ3ㆍ5주차 토요일(3-6월, 9-12월), 일요일, 공휴일 ",,02-3277-4700,http://cms.ewha.ac.kr/user/indexMain.action?siteId=nhm,200.0,양호
청년예술청 SAPY,기타,기타문화,서울특별시 서대문구 경기대로 26-26,서대문구,충현동,11130730,37.5610226183,126.962192415514,무료,,"정기 휴관일(매주 월요일), 법정공휴일, 대체공휴일, 재단이 정한 날(별도 공지)",,0507-1324-9745,http://www.sapy.kr/,54.7,양호
서대문문화체육회관,문화예술회관,공연시설,서울특별시 서대문구 백련사길 39,서대문구,홍은제2동,11130680,37.5807597279754,126.931557440644,무료,,일요일포함 공휴일 휴관,,02-360-8686,https://cs.sscmc.or.kr/,62.0,양호
서울무용센터,기타,기타문화,서울 서대문구 명지2길 14,서대문구,홍은제2동,11130680,37.5830598426,126.9278728999,유료,,"신정, 구정, 추석 당일",,02-304-9100,http://www.sfac.or.kr/artspace/artspace/dance_main.do,40.8,양호
서울특별시교육청 서대문도서관,도서관,도서관,서울 서대문구 모래내로 412 서대문도서관,서대문구,홍제제1동,11130620,37.5833186200007,126.940858017289,무료,,"매월 첫째, 셋째 화요일, 일요일을 제외한 법정 공휴일",,02-6948-2160,https://sdmlib.sen.go.kr/sdmlib/index.do?getContextPath=,111.8,양호
서초구립내곡도서관,도서관,도서관,서울특별시 서초구 청계산로7길 9-20,서초구,내곡동,11220680,37.4520032504691,127.054444623274,무료,,"매주 월요일, 법정 공휴일",,02-3461-3007,https://naegok.seocholib.or.kr/,65.6,양호
한국분재박물관,박물관/기념관,전시시설,서울특별시 서초구 신흥안길 40-10,서초구,내곡동,11220680,37.4531367590412,127.075803211835,무료,※ 하절기 (3월~10월) : 09:00~19:00  일요일(12:00~19:00)※ 동절기 (11월~2월) : 09:00~17:00  일요일(12:00~17:00),"1월1일, 설날, 추석 연휴기간",,02-577-0002,http://www.ktreedesign.com/,235.5,주의
서초구립반포도서관,도서관,도서관,서울 서초구 고무래로 34 서초구립반포도서관,서초구,반포1동,11220570,37.5024870733134,127.01251344236,무료,,"매주 월요일, 법정 공휴일",,02-520-8700,https://www.seocholib.or.kr/,61.7,양호
반포심산아트홀,공연장,공연시설,서울특별시 서초구 사평대로 55,서초구,반포2동,11220580,37.4988344628,126.9912424758,유료,,홈페이지 참조,,02-3477-2461,https://www.seochocf.or.kr/site/main/content/culture_space_simsan_arthall,55.2,양호
서울문화예술교육센터 서초,기타,기타문화,서울특별시 서초구 신반포로19길 6,서초구,반포2동,11220580,37.5047177127649,126.998308072811,무료,,"일, 월, 법정공휴일 휴관",,02-3399-0777,https://www.sfac.or.kr/artspace/artspace/seocho_main.do?groupCtgry=g5,77.9,양호
세빛섬,기타,기타문화,서울특별시 서초구 올림픽대로 2085-14,서초구,반포2동,11220580,37.5124362037118,126.995962256954,무료,,연중무휴,,1566-3433,http://www.somesevit.co.kr/,115.3,양호
심산기념문화센터,기타,기타문화,서울특별시 서초구 사평대로 55,서초구,반포2동,11220580,37.49904352920025,126.99169932767369,무료,,"일요일, 법정공휴일",,02-3477-2461,https://www.seochocf.or.kr/site/main/content/culture_space_simsan_inform,70.2,양호
갤러리 스페이스엘,미술관/갤러리,전시시설,서울특별시 서초구 서래로5길 38,서초구,반포4동,11220600,37.4980121074519,126.996200741797,무료,,매주 월요일,,82-10-3007-8211,https://www.instagram.com/gallery_spacel,25.5,양호
국립중앙도서관,도서관,도서관,서울특별시 서초구 반포대로 201,서초구,반포4동,11220600,37.4974225959085,127.003227919207,무료,,"매월 둘째?넷째 월요일, 일요일을 제외한 관공서의 공휴일",,02-590-0500,https://www.nl.go.kr/,86.8,양호
스페이스 이수 ,미술관/갤러리,전시시설,서울특별시 서초구 사평대로 84,서초구,반포4동,11220600,37.4980221012565,126.993879298776,무료,,"토, 일 및 공휴일",,070-7737-7067,http://www.isu.co.kr/kor/culture/spaceisu.jsp,19.1,양호
앤스 갤러리 카페(Ns Cafe),기타,기타문화,서울특별시 서초구 방배선행길 12,서초구,방배2동,11220630,37.4735252580813,126.983812071512,무료,,없음,,02-6228-5100,https://nsgallerycafe.com/,61.9,양호
백석아트홀,공연장,공연시설,서울특별시 서초구 효령로 114 백석예술대학교 교육동 10층,서초구,방배3동,11220640,37.4807631389301,126.996661093673,유료,,홈페이지 참조,,02-520-0700,https://www.bau.ac.kr/kor/index.do,61.4,양호
방배열린문화센터,기타,기타문화,서울특별시 서초구 방배로 173,서초구,방배4동,11220650,37.4890076091191,126.992242397414,무료,,정보 없음,,02-2155-7831,https://www.seocho.go.kr/site/seocho/12/11215030000002020120401.jsp,26.9,양호
이스랏아트룸,미술관/갤러리,전시시설,서울특별시 서초구 서초대로23길 15-8,서초구,방배4동,11220650,37.4881149635394,126.991986495389,무료,,"매주 월,화요일",,0507-1321-5471,https://www.instagram.com/iseurrat/,42.8,양호
IPAC아트홀,공연장,공연시설,서울특별시 서초구 서초중앙로 56,서초구,서초1동,11220510,37.4868994848558,127.015459364908,유료,,없음,,02 587 2016,https://ipac.or.kr/,83.9,양호
스페이스세컨뷰,미술관/갤러리,전시시설,서울 서초구 사임당로18길 52-2 2층,서초구,서초1동,11220510,37.4875349783628,127.019623102918,무료,,매주 월요일,,050-5282-8708,https://www.instagram.com/secondview.kr/,58.2,양호
정효아트홀,공연장,공연시설,서울특별시 서초구 사임당로18길 52-2,서초구,서초1동,11220510,37.4875493039391,127.019625820365,유료,,홈페이지 참조,,02-523-6268,http://www.jeonghyo.or.kr/sub/artCenter/facilities.asp?page=1,56.9,양호
파르티타,기타,기타문화,서울특별시 서초구 사임당로 66,서초구,서초1동,11220510,37.4889994957009,127.017187101343,무료,,매주 일요일,,02-3471-0017,https://www.partita.co.kr/aboutus,39.3,양호
이스라엘문화원,문화원,공연시설,서울특별시 서초구 서초대로74길 23,서초구,서초2동,11220520,37.4956119342423,127.027090955824,유료,,"매주 수요일, 토요일, 일요일, 국가공휴일",,02-525-7301,http://www.ilculture.or.kr/main.php,55.1,양호
전기박물관,박물관/기념관,전시시설,서울특별시 서초구 효령로72길 60,서초구,서초2동,11220520,37.4856046634033,127.028078834421,무료,10:00~17:00,매주 일?월요일(법정 공휴일),,02-2105-8190,https://home.kepco.co.kr/kepco/PR/F/htmlView/PRFAHP001.do?menuCd=FN060501,116.1,양호
한전아트센터,기타,기타문화,서울특별시 서초구 효령로72길 60,서초구,서초2동,11220520,37.4856046634033,127.028078834421,유료,10:00~22:00,홈페이지 참조,,02-2105-8133,https://home.kepco.co.kr/kepco/AR/main.do,116.1,양호
(재)한원미술관,미술관/갤러리,전시시설,"서울특별시 서초구 남부순환로 2423, 한원빌딩 본관 B1F",서초구,서초3동,11220530,37.4817811288984,127.015435697895,무료,,"매주 일요일, 월요일, 법정 공휴일",,02-588-5642,http://hanwon.org,93.0,양호
국립국악박물관,박물관/기념관,전시시설,서울특별시 서초구 남부순환로 2364,서초구,서초3동,11220530,37.47740797974563,127.00957863302924,무료,,"매주 월요일, 1월 1일 (월요일 휴일일 경우 정상 운영, 익일 화요일 휴관)",,02-580-3130,https://www.gugak.go.kr/site/homepage/menu/viewMenu?menuid=001004001001&lang=ko,52.2,양호
국립국악원,공연장,공연시설,서울특별시 서초구 남부순환로 2364,서초구,서초3동,11220530,37.4777188083482,127.009818464555,유료,,프로그램별 상이,,02-580-3300,http://www.gugak.go.kr,61.0,양호
대주아트 엔터뮤직2호점,공연장,공연시설,서울특별시 서초구 반포대로7길 20,서초구,서초3동,11220530,37.4823971100472,127.01093783592,유료,,없음,,0507-1427-2737,없음,88.7,양호
도잉아트,미술관/갤러리,전시시설,서울 서초구 남부순환로325길 9 B1,서초구,서초3동,11220530,37.4817321410906,127.014511066108,무료,,"일요일, 월요일",,02-525-2223,https://www.instagram.com/dohing_art/,111.8,양호
라율아트홀,공연장,공연시설,서울특별시 서초구 반포대로 20 2층,서초구,서초3동,11220530,37.4824452369632,127.012614908746,유료,,홈페이지 참고,,02-522-7278,https://rayularthall.modoo.at/?link=85a144vt,58.1,양호
로데아트센터,공연장,공연시설,서울 서초구 남부순환로317길 79 로데아트센터,서초구,서초3동,11220530,37.4831336518092,127.010301391873,유료,,홈페이지 참조,,02-544-1152,https://www.rodeartscenter.com/main/,36.6,양호
모차르트홀,공연장,공연시설,서울특별시 서초구 명달로 104,서초구,서초3동,11220530,37.4864166583391,127.00452491402,유료,,홈페이지 참조,,02-3472-8222,http://mozarthall.co.kr/,53.5,양호
브람스앤리스트,공연장,공연시설,서울 서초구 반포대로 10 지하1층,서초구,서초3동,11220530,37.4816501466664,127.012984826868,유료,,홈페이지 참조,,홈페이지 참조,https://www.instagram.com/brahms_and_liszt_studio/,16.7,양호
샤론아트홀,공연장,공연시설,서울특별시 서초구 서초대로40길 49 지하1층,서초구,서초3동,11220530,37.4894380787117,127.008229390564,유료,,홈페이지 참조,,070-7696-6381,https://www.facebook.com/ConcertatSharonHall/,54.9,양호
서리풀 아트홀,공연장,공연시설,서울특별시 서초구 반포대로9길 30 지하 1층,서초구,서초3동,11220530,37.4831234080041,127.009978705298,유료,,매주 일요일,,없음,https://www.instagram.com/seoripul_art_hall,13.9,양호
서리풀아트스튜디오,기타,기타문화,서울 서초구 남부순환로 2365 예술의전당 제1지하보도,서초구,서초3동,11220530,37.4792640577144,127.009596620102,무료,,"매주 일, 월요일 및 공휴일",,"02-3471-9774, 9775",https://seoripulac.or.kr/main/,58.3,양호
서리풀청년아트갤러리,미술관/갤러리,전시시설,서울특별시 서초구 남부순환로323길 1,서초구,서초3동,11220530,37.481137954971,127.013504028268,무료,11:00~19:00,월요일 및 공휴일,50석,02-3477-2074,https://www.seoripulgallery.com/,67.4,양호
서리풀청년아트센터,기타,기타문화,서울특별시 서초구 반포대로 58  104동 상가 3층,서초구,서초3동,11220530,37.48523983119472,127.01147633794446,무료,,"매주 일요일, 월요일",,02-3474-2911,https://seoripulac.or.kr/main/?mc_code=1015,60.8,양호
아르코예술기록원,박물관/기념관,전시시설,서울 서초구 남부순환로 2406 예술의전당 디자인미술관 2층,서초구,서초3동,11220530,37.4802401962069,127.014215239186,무료,,"주말, 법정 공휴일, 5월 1일(근로자의날), 8월 26일(한국문화예술위원회 창립기념일), 한국문화예술위원회 위원장이 필요하다고 인정하는 날",,02-760-4750,https://artsarchive.arko.or.kr/,148.5,양호
아리스타인 아트홀,공연장,공연시설,서울특별시 서초구 남부순환로317길 84,서초구,서초3동,11220530,37.4833867206177,127.010579000152,유료,,없음,,0507-1401-1815,https://www.instagram.com/aristeinarthall,65.5,양호
예술의 전당,기타,기타문화,서울특별시 서초구 남부순환로 2406,서초구,서초3동,11220530,37.4802401962069,127.014215239186,유료,공연별로 다름,연중무휴,,1668-1352,https://www.sac.or.kr/site/main/home,148.5,양호
예술의전당 서울서예박물관,미술관/갤러리,전시시설,서울특별시 서초구 남부순환로 2406,서초구,서초3동,11220530,37.4802401962069,127.014215239186,유료,,매주 월요일,,1668-1352,http://calligraphy.sac.or.kr/portal/main.do,148.5,양호
예술의전당 한가람미술관,미술관/갤러리,전시시설,서울특별시 서초구 남부순환로 2406,서초구,서초3동,11220530,37.4802401962069,127.014215239186,유료,,매주 월요일,,1668-1352,https://www.instagram.com/ilove_sacmuseum/,148.5,양호
음악플러스 아트홀,기타,기타문화,서울특별시 서초구 남부순환로317길 82-4 백경빌딩 B1,서초구,서초3동,11220530,37.4831902882359,127.010717589263,유료,,개별 확인,,02-2055-2531,없음,74.6,양호
칸타빌레 클래식,기타,기타문화,서울특별시 서초구 남부순환로317길 31,서초구,서초3동,11220530,37.4809550008772,127.010432356493,유료,,연중무휴,,02-594-1117,https://blog.naver.com/takapuna2227,55.2,양호
클라라 아카데미홀,기타,기타문화,"서울특별시 서초구 남부순환로323길 53, 3층",서초구,서초3동,11220530,37.4834388561307,127.013548424522,유료,,홈페이지 참조,,02-523-7787,https://claraart.co.kr/,56.7,양호
부띠크모나코뮤지엄,미술관/갤러리,전시시설,서울 서초구 서초대로 397 지하 1층 부띠크모나코뮤지엄,서초구,서초4동,11220540,37.4974340616184,127.024516764632,유료,,연중무휴,,02-535-5844,https://www.bmmuseum.net/,56.7,양호
관문사 성보 박물관,박물관/기념관,전시시설,서울특별시 서초구 바우뫼로7길 111,서초구,양재1동,11220660,37.4737503294487,127.022282279515,무료,,매주 월요일,,02-3460-5300,https://www.gwanmunsa.org/,35.5,양호
살롱쿤스트,공연장,공연시설,서울특별시 서초구 논현로 117,서초구,양재1동,11220660,37.4802905984418,127.043308728556,무료,,없음,,050713730622,https://www.instagram.com/salon_kunst/,40.3,양호
살롱쿤스트,공연장,공연시설,서울특별시 서초구 논현로 117,서초구,양재1동,11220660,37.4802905984418,127.043308728556,유료,,없음,,0507-1373-0622,https://blog.naver.com/salon_kunst,40.3,양호
서초구립양재도서관,도서관,도서관,서울특별시 서초구 양재천로 33,서초구,양재1동,11220660,37.4737013395622,127.033606029424,무료,,매주 금요일 및 공휴일,,02-3486-4050,https://yangjae.seocholib.or.kr/,45.2,양호
서초문화예술회관,문화예술회관,공연시설,서울 서초구 강남대로 201 서초문화예술회관,서초구,양재1동,11220660,37.4818278430879,127.035957179608,무료,,일요일 휴무,,02-2155-8301,https://www.seocho.go.kr/site/seocho/05/10504010300002015070811.jsp,52.6,양호
서초문화원,문화원,공연시설,서울 서초구 강남대로 201 2층 서초문화원,서초구,양재1동,11220660,37.4818278430879,127.035957179608,무료,,"주말, 공휴일",,02-2155-8607,http://socc.or.kr/,52.6,양호
영산양재홀,공연장,공연시설,서울특별시 서초구 바우뫼로37길 45,서초구,양재1동,11220660,37.4804853762882,127.038417517658,유료,,일요일,,"02-571-7689, 6970, 5509",http://www.youngsanhall.co.kr/,68.9,양호
우면산관문사,기타,기타문화,서울특별시 서초구 바우뫼로7길 111,서초구,양재1동,11220660,37.4737503294487,127.022282279515,무료,10:00~17:00,연중무휴,,02-3460-5300,http://www.gwanmunsa.co.kr,35.5,양호
유리지공예관,미술관/갤러리,전시시설,서울특별시 서초구 중앙로 555,서초구,양재1동,11220660,37.457757841871,127.01235419179,무료,,"매주월요일,공휴일",,02-578-6663,http://yoolizzycraftmuseum.org/wp/,54.7,양호
매헌윤봉길의사기념관,박물관/기념관,전시시설,서울특별시 서초구 매헌로 99,서초구,양재2동,11220670,37.46958870025365,127.03656401367662,무료,,"월(월요일이 공휴일인 경우 개관, 다음 날 휴관), 1월 1일, 설?추석 연휴",,02-578-3388,http://www.yunbonggil.or.kr/_memorial_hall/,74.6,양호
서초구립 잠원도서관,도서관,도서관,서울특별시 서초구 나루터로 38,서초구,잠원동,11220550,37.5149680773796,127.013982138807,무료,,매주 월요일 및 법정공휴일,,02-3477-8655,https://jamwon.seocholib.or.kr/,40.9,양호
재즈클럽 그루브,공연장,공연시설,서울특별시 서초구 신반포로47길 52,서초구,잠원동,11220550,37.5126726963804,127.018453351461,유료,,매주 일요일,,02-545-8270,https://www.groove.kr/,61.2,양호
성동청소년문화의집,기타,기타문화,서울 성동구 금호동3가 1266,성동구,금호2.3가동,11040720,37.549600601651,127.018993419483,무료,,"매월 넷째주 일요일, 법정공휴일",,02-2236-2678,https://www.sdfac.or.kr/kor/sdy/main.do,16.3,양호
청계천박물관 ,박물관/기념관,전시시설,서울특별시 성동구 청계천로 530,성동구,마장동,11040540,37.5712661734969,127.03504316401,무료,화 ~ 일요일 09:00 ~ 18:00 (입장마감 : 17:30),"월요일, 1월 1일",,02-2286-3410,https://museum.seoul.go.kr/cgcm/index.do,76.7,양호
갤러리 허브,미술관/갤러리,전시시설,서울 성동구 왕십리광장로 17 비트플렉스 4층 갤러리허브,성동구,사근동,11040550,37.5614417528647,127.038394194396,무료,,"일,월요일, 공휴일",,02-2204-7552,https://www.sdfac.or.kr/kor/sdfac/sub/contents.do?gotoMenuNo=04030000,88.3,양호
한양대학교 박물관,박물관/기념관,전시시설,서울특별시 성동구 왕십리로 222,성동구,사근동,11040550,37.5545035492027,127.046611216789,무료,,일요일 및 공휴일,,02-2220-1394,https://museumuf.hanyang.ac.kr/,155.6,양호
한양여자대학교 미술관,미술관/갤러리,전시시설,서울특별시 성동구 살곶이길 200,성동구,사근동,11040550,37.5579175887117,127.049321897316,무료,,"토요일, 일요일",,02-2290-2741,https://www.hywoman.ac.kr/ko/cms/FrCon/index.do?MENU_ID=1120,174.6,양호
더서울라이티움,미술관/갤러리,전시시설,서울 성동구 서울숲2길 32-14 갤러리아포레 지2층,성동구,성수1가제1동,11040650,37.5456773286722,127.042914714267,유료,,매주 월요일,,02-516-2513,https://www.seouliteum.com/,81.8,양호
디뮤지엄,미술관/갤러리,전시시설,서울특별시 성동구 왕십리로 83-21,성동구,성수1가제1동,11040650,37.5441547484979,127.043357753557,유료,,매주 월요일,,02-6233-7200,https://daelimmuseum.org/,37.3,양호
수도박물관,박물관/기념관,전시시설,서울 성동구 성수동1가 642-1,성동구,성수1가제1동,11040650,37.5398270134134,127.042263013059,무료,,"매주 월요일, 1월 1일, 추석 및 설날 당일",,02-3146-5921,https://arisu.seoul.go.kr/arisumuseum/intrcn/sub1.jsp,204.1,주의
언더스탠드에비뉴,기타,기타문화,서울특별시 성동구 왕십리로 63,성동구,성수1가제1동,11040650,37.5436228045917,127.043585906393,무료,,연중무휴,,02-725-5526,http://www.understandavenue.com,86.3,양호
서울숲 스튜디오301,공연장,공연시설,"서울특별시 성동구 서울숲길 36, 3F Studio301",성동구,성수1가제2동,11040660,37.5478626400492,127.041318800252,유료,,"없음, 공연일정에 따라 상이함",,0507-1407-7473,https://m.booking.naver.com/booking/5/bizes/601161,58.9,양호
성수아트홀,문화예술회관,공연시설,서울특별시 성동구 뚝섬로1길 43,성동구,성수1가제2동,11040660,37.5454288300956,127.046948095951,무료,,없음,,02-2204-7571~6,https://www.sdfac.or.kr/kor/sdfac/sub/contents.do?gotoMenuNo=01020100,62.2,양호
알비,미술관/갤러리,전시시설,서울 성동구 서울숲6길 8-1 3층,성동구,성수1가제2동,11040660,37.5476765284371,127.042490372746,무료,,매주 월요일,,홈페이지 참고,https://instagram.com/arby_label?igshid=MzRIODBiNWFIZA==,17.2,양호
이글락아트스페이스,미술관/갤러리,전시시설,서울특별시 성동구 뚝섬로1길 53-1,성동구,성수1가제2동,11040660,37.5460256232685,127.047470360006,무료,,없음,,0507-1472-1634,https://www.instagram.com/eaglerockspace,47.7,양호
헤르만아트홀,공연장,공연시설,서울 성동구 상원6나길 24 지1층 B01호,성동구,성수1가제2동,11040660,37.5478713335206,127.050054450663,유료,,없음,,02-6212-1747,https://www.hermannarthall.com/,27.9,양호
레온갤러리 성수스트릿,미술관/갤러리,전시시설,서울 성동구 성덕정9가길 26-1 1층,성동구,성수2가제1동,11040670,37.5389167719081,127.052698625137,유료,,연중무휴,,0507-1337-6917,https://leongallery.co.kr/,25.6,양호
오시선,미술관/갤러리,전시시설,서울특별시 성동구 성덕정길 112,성동구,성수2가제1동,11040670,37.536989665314,127.055745180959,무료,,월요일,,정보없음,https://www.instagram.com/osisun.ch/,23.5,양호
스페이스로라,미술관/갤러리,전시시설,서울특별시 성동구 성수이로26길 25,성동구,성수2가제3동,11040680,37.545827113547,127.060342160868,무료,,휴관일 없음,,070-4144-5954,https://spacerora.imweb.me/,64.7,양호
우란2경,공연장,공연시설,서울특별시 성동구 연무장7길 11 2층,성동구,성수2가제3동,11040680,37.5437897702564,127.054416929987,유료,,공연에 따라 다름,,070-4244-3812,https://www.wooranfdn.org/about/space.jsp,55.9,양호
우란문화재단,기타,기타문화,서울특별시 성동구 연무장7길 11,성동구,성수2가제3동,11040680,37.5437897702564,127.054416929987,무료,,매주 일요일 및 공휴일,,02-465-1418,https://www.wooranfdn.org/main.jsp,55.9,양호
더라이트스튜디오,공연장,공연시설,서울특별시 성동구 송정12가길 38,성동구,송정동,11040690,37.5512780720536,127.067011640973,유료,,없음,,홈페이지 참고,https://www.instagram.com/studio_thelight/,47.2,양호
다락옥수,기타,기타문화,서울특별시 성동구 한림말5길 20,성동구,옥수동,11040730,37.5429326268813,127.016893391887,무료,,"매주 월요일, 법정공휴일",,02-2204-7542,https://blog.naver.com/darakoksu7541,18.7,양호
성동구립매봉산숲속도서관,도서관,도서관,서울특별시 성동구 매봉길 49-29,성동구,옥수동,11040730,37.5458942051663,127.010802376346,무료,,"월요일, 국가공휴일, 임시공휴일, 장서 및 시설 점검 등 관장이 필요하다고 인정하는 날",,02-2204-6485,https://www.sdlib.or.kr/fore/main.do,45.2,양호
서울새활용플라자,기타,기타문화,서울특별시 성동구 자동차시장길 49,성동구,용답동,11040700,37.5586850612677,127.057851176035,무료,,"매주 월요일 휴무, 설날,추석당일 휴관",,02-2153-0400,http://www.seoulup.or.kr/,172.8,양호
서울하수도과학관,박물관/기념관,전시시설,서울특별시 성동구 자동차시장3길 64,성동구,용답동,11040700,37.5604666954517,127.060364943935,무료,,"매주 월요일, 1월 1일, 설날 및 추석 당일",,02-2211-2540,http://sssmuseum.org,102.2,양호
성동구립용답도서관,도서관,도서관,서울특별시 성동구 용답중앙3길 10,성동구,용답동,11040700,37.5666999281866,127.051304217512,무료,,"매주 월요일, 정부지정공휴일, 설?추석 연휴",,02-2204-6470,https://www.sdlib.or.kr/yd/,28.1,양호
성동구립도서관,도서관,도서관,서울 성동구 고산자로10길 9 성동문화정보센터,성동구,행당제1동,11040560,37.5591798757923,127.034960654281,무료,,"매주 월요일, 공휴일, 장서 및 시설 점검 등 관장이 필요하다고 인정한 날",,02-2204-6420,https://www.sdlib.or.kr/SD/main.do,59.5,양호
소월아트홀,문화예술회관,공연시설,서울 성동구 왕십리로 281 소월아트홀,성동구,행당제1동,11040560,37.5593072327953,127.036006376334,유료,,공휴일,,02-2204-6400,https://www.sdfac.or.kr/kor/sdfac/sub/contents.do?gotoMenuNo=01010100,42.6,양호
서울성북미디어문화마루 꿈빛극장,공연장,공연시설,서울특별시 성북구 길음로7길 20,성북구,길음제1동,11080660,37.6037552097988,127.022203675321,유료,,홈페이지 참조,,02-6953-3201,https://kbt.sbculture.or.kr/,57.4,양호
달빛마루도서관,도서관,도서관,서울특별시 성북구 종암로 167,성북구,길음제2동,11080680,37.60447896411902,127.0313809093976,무료,,"월요일, 법정공휴일 (일요일 제외)",,02-911-0993,https://www.sblib.seoul.kr/dblib/index.do,101.6,양호
미아리고개예술극장,공연장,공연시설,서울특별시 성북구 동소문로 177,성북구,돈암제1동,11080580,37.5978990882553,127.021459209446,유료,,홈페이지 참고,,02-6956-9045,https://miari-cooptheater.co.kr/,15.1,양호
성북구민회관,기타,기타문화,서울특별시 성북구 성북로4길 177,성북구,돈암제2동,11080590,37.5958756496148,127.008710342034,무료,,매주 일요일,,02-929-0883,https://www.sbculture.or.kr/culture/main/contents.do?menuNo=500219,41.8,양호
성북여성문화센터,기타,기타문화,서울특별시 성북구 성북로4길 177,성북구,돈암제2동,11080590,37.59561706859412,127.00866241383996,무료,,"정기휴관(매주 일요일), 법정공휴일",,02-929-0883,https://www.sbculture.or.kr/culture/main/contents.do?menuNo=500149,41.8,양호
아리랑도서관,도서관,도서관,서울특별시 성북구 아리랑로 82,성북구,돈암제2동,11080590,37.6001190917898,127.013893650352,무료,,"매월 두 번째, 네 번째 월요일",,02-3291-4990,https://www.sblib.seoul.kr/arlib/index.do,42.9,양호
아리랑시네센터,공연장,공연시설,서울특별시 성북구 아리랑로 82,성북구,돈암제2동,11080590,37.6001190917899,127.013893650352,유료,,매월 두 번째 월요일,,02-3291-5540,http://cine.arirang.go.kr/,42.9,양호
아리랑어린이도서관,도서관,도서관,서울특별시 성북구 아리랑로 75,성북구,돈암제2동,11080590,37.599831035698905,127.01318969350766,무료,,"월요일, 법정공휴일 (일요일 제외), 임시휴관일",,02-3291-4992,https://www.sblib.seoul.kr/arclib/index.do,40.6,양호
해오름도서관,도서관,도서관,서울특별시 성북구 성북로4길 52,성북구,돈암제2동,11080590,37.594046935524666,127.01056735667494,무료,,월요일,,02-6925-7002,https://www.sblib.seoul.kr/horlib/index.do,54.0,양호
미인도,기타,기타문화,서울 성북구 동선동3가 22-6,성북구,동선동,11080830,37.5956658072394,127.020408660227,무료,,프로그램별 상이,,02-6015-2620,https://archive.sb.go.kr/isbcc/home/u/story/view/1456.do,32.2,양호
성북마을극장,공연장,공연시설,서울특별시 성북구 동소문로20다길 10 4층,성북구,동선동,11080830,37.5916469719941,127.017350855582,유료,,홈페이지 참조,,0507-1419-4155,https://blog.naver.com/sbtheater4208,80.0,양호
성신여자대학교 박물관,박물관/기념관,전시시설,서울특별시 성북구 보문로34다길 2,성북구,동선동,11080830,37.5916524767249,127.02214561649,무료,"화,수,목 10:00~16:00","토요일, 법정공휴일, 개교기념일(4월 28일) 및 전시 교체 시기",,02-920-7715,https://www.sungshin.ac.kr/museum/index..do,139.7,양호
스페이스 아텔,미술관/갤러리,전시시설,서울 성북구 보문로34다길 31 지하1층,성북구,동선동,11080830,37.5926264060614,127.020899246809,무료,,매주월요일,,홈페이지 참고,https://artel-official-site.webflow.io/,48.6,양호
보문숲길도서관,도서관,도서관,서울특별시 성북구 보문사길 20,성북구,보문동,11080610,37.584923751788,127.01617601720145,무료,,"월요일, 법정공휴일",,02-6953-0279,https://www.sblib.seoul.kr/bmlib/index.do,32.5,양호
공간222,공연장,공연시설,서울특별시 성북구 동소문로 24 지하,성북구,삼선동,11080820,37.5893807537221,127.008781822457,무료,,홈페이지 참조,,0507-1448-8875,https:///www.instagram.com/gonggan222,30.6,양호
챔버,미술관/갤러리,전시시설,서울특별시 성북구 동소문로 26-6,성북구,삼선동,11080820,37.5893516331653,127.009027063682,무료,,매주 월요일,,없음,https://www.instagram.com/chamber26_6/,22.0,양호
돌곶이생활예술문화센터,기타,기타문화,서울특별시 성북구 화랑로32길 100-1,성북구,석관동,11080850,37.6062694103854,127.058753014404,유료,,"매주 일,월, 공휴일",,02-961-3031,https://www.dolcen.or.kr/,34.8,양호
석관동미리내도서관,도서관,도서관,서울 성북구 석관동 134-2,성북구,석관동,11080850,37.61348164414527,127.06543951524604,무료,,"월요일, 법정공휴일",,02-960-5067,https://www.sblib.seoul.kr/mrlib/index.do,42.4,양호
17717,미술관/갤러리,전시시설,서울 성북구 성북로8길 11 B1,성북구,성북동,11080810,37.5911362215001,127.004400808532,무료,,매주 월요일,,없음,http://17717.co.kr/,20.1,양호
간송미술관,미술관/갤러리,전시시설,서울특별시 성북구 성북로 102-11,성북구,성북동,11080810,37.5944624355121,126.996238532295,무료,,전시 또는 프로그램 운영 기간이 아닌 경우 휴관,,02-744-7830,http://kansong.org/,89.4,양호
놀터예술공방,공연장,공연시설,서울 성북구 성북로2길 21 엘리트리빙텔 지하1층,성북구,성북동,11080810,37.5895031357978,127.007028888864,유료,,없음,,070-4790-6051,없음,23.3,양호
뮤지엄웨이브,미술관/갤러리,전시시설,서울특별시 성북구 대사관로13길 66,성북구,성북동,11080810,37.6008969621021,126.990133889221,유료,,"월요일, 02월 09-12일 설 연휴 휴관",,02-3676-8744,http://www.museumwave.com/,40.4,양호
삼청각,기타,기타문화,서울특별시 성북구 대사관로 3,성북구,성북동,11080810,37.5972821698538,126.983526326222,무료,,연중무휴,,02-765-3000,http://www.samcheonggak.or.kr/,262.4,주의
서울연극창작센터,기타,기타문화,서울특별시 성북구 성북로 8,성북구,성북동,11080810,37.5892179362926,127.006040752071,무료,,매주 토요일,,02-758-2095,https://www.sfac.or.kr/artspace/artspace/theater_main.do,28.2,양호
성북구립미술관,미술관/갤러리,전시시설,서울특별시 성북구 성북로 134,성북구,성북동,11080810,37.5948371972307,126.994887077742,무료,,매주 월요일 및 공휴일 등(*기획전시 기간 외 휴관),,02-6925-5011,https://sma.sbculture.or.kr/,43.7,양호
성북근현대문학관,박물관/기념관,전시시설,서울특별시 성북구 성북로21길 24,성북구,성북동,11080810,37.5924971251231,126.997050373072,무료,,매주 월요일,,02-2241-1939,https://www.sb.go.kr/literature/,50.4,양호
성북문화원,문화원,공연시설,서울 성북구 성북로4길 13-8 성북문화원,성북구,성북동,11080810,37.5897131362686,127.00574980327,무료,,"주말, 공휴일",,02-765-1611,https://www.isbcc.or.kr/,53.8,양호
성북선잠박물관,박물관/기념관,전시시설,서울특별시 성북구 성북로 96,성북구,성북동,11080810,37.59321623050399,126.99823926525616,무료,,"매주 월요일(*월요일이 공휴일인 경우 그 다음날) 1월 1일, 설날,추석 연휴,성북구청장이 정하는 휴관일  ",,02-744-0025,http://museum.sb.go.kr,89.2,양호
성북역사문화센터,기타,기타문화,서울특별시 성북구 성북로21길 31,성북구,성북동,11080810,37.5926041717051,126.997423573618,무료,,"1월은 일, 월요일, 1월1일, 설날 및 추석 연휴",,02-2241-2656,https://blog.naver.com/sbhistoryc,38.2,양호
성북예술창작터,미술관/갤러리,전시시설,서울특별시 성북구 성북로 23,성북구,성북동,11080810,37.5900522477346,127.004123001975,무료,10:00~18:00,"매주 월요일, 일요일 및 공휴일",,02-2038-9989,https://sma.sbculture.or.kr/youngartspace/index.do,57.3,양호
여행자극장,공연장,공연시설,서울특별시 성북구 성북로5길 9-3,성북구,성북동,11080810,37.5889423855531,127.004652942556,유료,,홈페이지 참조,,02-3673-1392,https://www.instagram.com/yohangza1997/,65.7,양호
오래된집,미술관/갤러리,전시시설,서울특별시 성북구 성북로18길 16,성북구,성북동,11080810,37.5940199274977,126.999559188806,무료,,일요일 휴관,,02-2135-7622,http://can-foundation.org/,41.8,양호
우리옛돌박물관,박물관/기념관,전시시설,서울특별시 성북구 대사관로13길 66,성북구,성북동,11080810,37.6008969621021,126.990133889221,유료,,"매주 월요일 (월요일이 공휴일인 경우, 화요일에 휴관합니다.), 신정(1월1일)",,02-986-1001,http://www.koreanstonemuseum.com/,40.4,양호
최순우 옛집,박물관/기념관,전시시설,서울특별시 성북구 성북로15길 9,성북구,성북동,11080810,37.5929768495688,127.000349881218,무료,4~11월 화~토10:00~16:00,"매주 일, 월요일, 추석당일",,02-3675-3402,http://www.ntculture.or.kr/,29.6,양호
한상수자수박물관,박물관/기념관,전시시설,서울특별시 성북구 성북로16길 4-10,성북구,성북동,11080810,37.5936139377352,127.000933590689,유료,10:00~18:00,"월요일, 추석, 설날",,02-744-1545,https://thssem.modoo.at/,43.6,양호
고려대학교 박물관,박물관/기념관,전시시설,서울특별시 성북구 안암로 145,성북구,안암동,11080600,37.589530692665726,127.03434961764154,무료,10:00~17:00,"일?월, 이 외 홈페이지 참조",,02-3290-1514,http://museum.korea.ac.kr,245.3,주의
오동숲속도서관,도서관,도서관,서울특별시 성북구 화랑로13가길 110-10,성북구,월곡제1동,11080710,37.6101541541321,127.04096306928,무료,,"매주 월요일, 일요일을 제외한 법정공휴일",,02-6952-1806,https://www.sblib.seoul.kr/odlib/index.do,28.8,양호
동덕여자대학교 박물관,박물관/기념관,전시시설,서울특별시 성북구 화랑로13길 60 동덕여자대학교 동덕르네상스홀,성북구,월곡제2동,11080720,37.606552160140886,127.04279179203144,무료,월~금 10:30~16:00,"월, 주말 및 공휴일",,02-940-4232,http://dongdukrenaissancehall.com/museum/index.php,25.0,양호
성북어린이미술관 꿈자람,미술관/갤러리,전시시설,서울 성북구 화랑로18자길 13 5층,성북구,월곡제2동,11080720,37.6049779283236,127.05059120982,무료,,"매주 일요일,월요일, 공휴일 휴관",,02-6925-5022,https://sma.sbculture.or.kr/children/,38.3,양호
성북정보도서관,도서관,도서관,서울 성북구 상월곡동 24-348,성북구,월곡제2동,11080720,37.6050029110292,127.050742186833,유료,,"매월 첫째주, 셋째주 월요일, 일요일을 제외한 법정 공휴일",,02-962-1081,https://www.sblib.seoul.kr/sblib/index.do,45.5,양호
월곡꿈그림도서관,도서관,도서관,서울특별시 성북구 화랑로13길 17,성북구,월곡제2동,11080720,37.60411979670712,127.04192972112838,무료,,매주 월요일 및 일요일을 제외한 법정 공휴일,,02-6949-1553,https://www.sblib.seoul.kr/wglib/,73.2,양호
천장산우화극장,공연장,공연시설,"서울 성북구 화랑로 18자길 13, 성북정보도서관 지하 1층",성북구,월곡제2동,11080720,37.6049728852085,127.050585543988,유료,,도서관 휴무일 및 공휴일,,02-6906-9276,https://fabletheater.net/,37.8,양호
김중업 건축문화의집,박물관/기념관,전시시설,서울특별시 성북구 장위로21나길 11,성북구,장위제1동,11080760,37.6150174740391,127.044068592488,무료,,"일?월, 공휴일",,02-6903-3136,https://www.instagram.com/kimchungup_archi_heritage/,48.5,양호
성북문화예술교육센터,기타,기타문화,서울특별시 성북구 장월로8길 38,성북구,장위제2동,11080770,37.6102411295211,127.049789635556,무료,,"화~토 10:00-18:00｜일~월, 공휴일 휴관",,02-6906-3166,https://www.sbculture.or.kr/culture/main/contents.do?menuNo=500381,27.5,양호
서경로꿈마루도서관,도서관,도서관,서울특별시 성북구 서경로 94-1,성북구,정릉제1동,11080620,37.611461117102,127.013862915195,무료,,월요일,,02-6925-0300,https://www.sblib.seoul.kr/kmlib/index.do,38.8,양호
국민대학교 명원박물관,박물관/기념관,전시시설,서울특별시 성북구 정릉로9길 68,성북구,정릉제3동,11080640,37.61106261291357,127.00012175190037,무료,,"토?일, 법정공휴일, 개교기념일(10월 18일)",,02-909-4210,http://museum.kookmin.ac.kr/,94.5,양호
국민대학교 예술관,공연장,공연시설,서울특별시 성북구 정릉로 77,성북구,정릉제3동,11080640,37.61019088599424,126.997831142625,유료,,주말 및 공휴일,,02-910-4937,https://art.kookmin.ac.kr/auditorium/auditorium_intro,148.7,양호
성북구립 최만린미술관,미술관/갤러리,전시시설,서울특별시 성북구 솔샘로7길 23,성북구,정릉제3동,11080640,37.6106597929108,127.004288022173,무료,,"매주 일,월, 법정공휴일",,02-6952-5016,https://sma.sbculture.or.kr/cml/index.do,51.2,양호
문화공간이육사,기타,기타문화,서울특별시 성북구 종암로21가길 36-1,성북구,종암동,11080840,37.5981380921564,127.032601556099,무료,,"일요일,월요일,공휴일",, 02-2241-2264,https://www.instagram.com/culturalspace264/,42.1,양호
송파책박물관,박물관/기념관,전시시설,서울특별시 송파구 송파대로37길 77,송파구,가락1동,11240660,37.4988841772964,127.104383431798,무료,,"매주 월요일, 1월 1일, 설날 및 추석 당일",,02-2147-2486,https://www.bookmuseum.go.kr/,59.2,양호
송파구체육문화회관,기타,기타문화,서울특별시 송파구 양산로 15,송파구,거여1동,11240530,37.4905948929148,127.142817182549,유료,,일요일 및 법정공휴일,,02-402-3291,http://www.esongpa.or.kr,48.8,양호
거마도서관,도서관,도서관,서울특별시 송파구 거마로2길 19,송파구,거여2동,11240540,37.4935489790566,127.146822326781,무료,,월요일 및 법정공휴일(일요일 제외),,02-449-2332,https://www.splib.or.kr/spglib/index.do,58.7,양호
소나무언덕3호도서관,도서관,도서관,서울 송파구 성내천로 319 마천청소년센터 4층,송파구,마천1동,11240550,37.4923468656377,127.156636725225,무료,,"매주 월요일, 법정공휴일(일요일 제외)",,02-443-0130,https://www.splib.or.kr/sp3lib/index.do,41.2,양호
케이움 갤러리 ,미술관/갤러리,전시시설,"서울 송파구 동남로4길 13 지층, 2층",송파구,문정1동,11240680,37.4890025871301,127.124457773685,무료,,"일요일, 월요일 ",, 홈페이지 참고,https://www.instagram.com/k_um.gallery/,55.1,양호
한바탕소극장,공연장,공연시설,서울특별시 송파구 송이로32길 19 지하 1층,송파구,문정1동,11240680,37.4882351093441,127.127749716913,유료,,연중무휴,,0507-1348-1019,https://onecolor.modoo.at/,47.6,양호
아르티펙스 갤러리,미술관/갤러리,전시시설,서울 송파구 법원로 128 문정역SKV1 B동 715호,송파구,문정2동,11240690,37.4868314347245,127.120453991896,무료,,"매주 토요일, 일요일, 공휴일",,02-6412-3380,https://www.artifexbase.com,150.3,양호
옥상팩토리,미술관/갤러리,전시시설,서울 송파구 법원로4길 5 지하1층 B112호,송파구,문정2동,11240690,37.482913928496,127.121873324034,무료,,"매주 월, 화요일, 공휴일",,0507-1479-2334,https://blog.naver.com/oksangfactory,96.0,양호
디너씨어터 잠실,공연장,공연시설,서울 송파구 백제고분로48길 7 지층,송파구,방이2동,11240580,37.5116556008671,127.114177405419,유료,,"매주 월요일,화요일,수요일",,0507-1479-2449,https://www.instagram.com/dinnertheater_,21.5,양호
뮤지엄한미 방이,미술관/갤러리,전시시설,서울 송파구 위례성대로 14 19층,송파구,방이2동,11240580,37.5165925928554,127.113956209115,유료,평일 10:00~19:00,매주 월요일,,02-418-1315,https://museumhanmi.or.kr/,43.3,양호
한성백제박물관,박물관/기념관,전시시설,서울특별시 송파구 위례성대로 71,송파구,방이2동,11240580,37.51543881335773,127.12088940368128,무료,"평일 : 오전 9시~오후 7시<br>토, 일, 공휴일 : 오전 9시~오후 7시(단,11~2월 : 오전 9시~오후 6시)","매주 월요일, 1월 1일, 시장이 정하는 휴관일(관장에게 위임) 단, 월요일이 공휴일인 경우 휴관하지 않음",,02-2152-5800,https://baekjemuseum.seoul.go.kr,181.6,양호
송파구민회관,기타,기타문화,서울 송파구 백제고분로 242,송파구,삼전동,11240640,37.5023578475607,127.093490160793,무료,,정보없음,,02-2147-3560,https://www.songpa.go.kr/gumin/index.do,69.3,양호
예송미술관,미술관/갤러리,전시시설,서울 송파구 백제고분로 242 송파문화예술회관 1층 예송미술관,송파구,삼전동,11240640,37.5023578475607,127.093490160793,무료,,"매주 주말, 법정공휴일",,02-2147-3579,https://www.songpa.go.kr/culture/detailInfo.do?key=4732&resrceCd=TR0171-1002450,69.3,양호
돌마리도서관,도서관,도서관,서울특별시 송파구 백제고분로37길 16,송파구,석촌동,11240630,37.503565692718,127.10368921283,무료,,"매주 월요일, 법정공휴일",,02-414-7007,https://www.splib.or.kr/spdlib/index.do,19.1,양호
온쉼표,공연장,공연시설,서울 송파구 송파대로37길 50 4층,송파구,석촌동,11240630,37.5002447307264,127.106664540387,무료,,공휴일,,홈페이지 참고,https://ppianoo.com/,22.2,양호
갤러리 무모,미술관/갤러리,전시시설,서울특별시 송파구 가락로19길 5,송파구,송파1동,11240610,37.5027201885223,127.111026578851,무료,,매주 월요일,,0507-1320-0543,http://mumogallery.com/,65.1,양호
갤러리아리아,미술관/갤러리,전시시설,서울특별시 송파구 오금로 170,송파구,송파1동,11240610,37.5094570810951,127.113220365122,무료,,월요일 휴관,,홈페이지 참고,https://www.instagram.com/_gallery__aria,75.9,양호
송파문화여성회관,문화예술회관,공연시설,서울 송파구 백제고분로42길 5 송파여성문화회관,송파구,송파1동,11240610,37.5059054977082,127.109788230628,무료,,매주 일요일,,02-2203-3330,https://www.songpawoman.org/,19.2,양호
송파여성문화회관,기타,기타문화,서울 송파구 백제고분로42길 5,송파구,송파1동,11240610,37.505929427057,127.109731490219,무료,,"일요일, 공휴일",,02-2203-3330,https://www.songpawoman.org/index.asp,17.4,양호
언바운드,미술관/갤러리,전시시설,서울 송파구 백제고분로45길 32 B01,송파구,송파1동,11240610,37.5106146799736,127.108234270692,무료,,"일요일(예약관람), 월요일-화요일(휴무)",,0507-1493-6543,https://www.unboundart.xyz/,35.9,양호
에브리데이몬데이 갤러리,미술관/갤러리,전시시설,서울특별시 송파구 송파대로48길 14,송파구,송파1동,11240610,37.5088551901993,127.105757151234,무료,,매주 월요일,,0507-1480-0309,https://www.everydaymooonday.com/,34.9,양호
소나무언덕4호작은도서관,도서관,도서관,서울 송파구 송이로 34 소나무언덕4호 작은도서관,송파구,송파2동,11240620,37.5022132589975,127.116843327039,무료,,"매주 월요일, 법정공휴일(일요일 제외)",,02-419-5100,https://www.splib.or.kr/sp4lib,34.7,양호
서울특별시교육청 송파도서관,도서관,도서관,서울특별시 송파구 동남로 263,송파구,오금동,11240600,37.4999953511054,127.134851529414,유료,,"매월 둘째, 넷째 화요일 / 국경일, 정부지정 공휴일",,02-3434-3333,http://splib.sen.go.kr/,73.7,양호
서울백제어린이박물관,박물관/기념관,전시시설,서울특별시 송파구 올림픽로 424,송파구,오륜동,11240590,37.523991,127.124412,무료,3월 ~ 10월 10:00 ~ 17:0011월 ~  2월 10:00 ~ 16:00,"매주 월요일(월요일이 휴일인 경우 정상개관), 1월 1일",,02-2152-5900,https://baekjemuseum.seoul.go.kr/dreamvillage/index.jsp,115.9,양호
소마미술관,미술관/갤러리,전시시설,서울특별시 송파구 위례성대로 51,송파구,오륜동,11240590,37.516920655117,127.118166964751,유료,10:00~18:00,"매주 월요일, 1월1일, 설날 및 추석 당일",,02-425-1077,https://soma.kspo.or.kr/main,188.5,양호
송파위례도서관,도서관,도서관,"서울시 송파구 장지동 위례광장로 210 위례동복합청사 4, 5층",송파구,위례동,11240820,37.4811495349987,127.143935580628,무료,,"매주 월요일, 법정공휴일(일요일 제외)",,02-402-3003,https://www.splib.or.kr/spwlib/index.do,77.0,양호
사각사각 플레이스,기타,기타문화,서울특별시 송파구 한가람로 65,송파구,잠실2동,11240790,37.5176276345914,127.08673648927,무료,,별도표기,,02-3780-0799,https://hangang.seoul.go.kr/www/contents/831.do?mid=541,121.6,양호
롯데월드 가든스테이지,공연장,공연시설,서울특별시 송파구 올림픽로 240,송파구,잠실3동,11240800,37.5113096112036,127.098141751177,유료,,연중무휴,,1661-2000,http://www.lotteworld.com,162.8,양호
문화실험공간 호수 ,기타,기타문화,서울특별시 송파구 송파나루길 256,송파구,잠실3동,11240800,37.5103180005696,127.101092270844,무료,,"월요일, 공휴일 휴관 ",,02-3431-9784,http://blog.naver.com/exp_space_hosu,25.0,양호
샤롯데씨어터,공연장,공연시설,서울특별시 송파구 올림픽로 240,송파구,잠실3동,11240800,37.5113096112036,127.098141751177,유료,,월요일,,1644-0078,http://www.charlottetheater.co.kr,162.8,양호
서울놀이마당,공연장,공연시설,서울 송파구 잠실로 124 서울놀이마당,송파구,잠실3동,11240800,37.5093666387938,127.098198247427,무료,,월요일,,02-2147-3375~6,https://blog.naver.com/norimadang_,53.8,양호
석촌호수 아뜰리에,공연장,공연시설,서울특별시 송파구 석촌호수로 191,송파구,잠실3동,11240800,37.5067771140172,127.098243601383,유료,,"매주 월요일, 공휴일",,02-2147-3246,https://blog.naver.com/art_space_sla,66.5,양호
소나무언덕2호도서관,도서관,도서관,서울특별시 송파구 석촌호수로 155,송파구,잠실3동,11240800,37.5072753051893,127.094230768006,무료,,"매주 월요일, 법정공휴일(일요일 제외)",,02-424-0083,https://splib.or.kr/sp2lib,15.1,양호
갤러리 화이트다이아몬드,미술관/갤러리,전시시설,서울 송파구 올림픽로37길 130 에이동 203호,송파구,잠실4동,11240750,37.5208819816451,127.104421421949,무료,,없음,,02-417-2001,https://www.instagram.com/gallerywhitediamond,33.6,양호
서울역사편찬원,기타,기타문화,서울 송파구 방이동 올림픽로 424(방이동 88-3),송파구,잠실4동,11240750,37.5203396980951,127.115517876627,무료,,"임시공휴일, 설연휴",,02-420-1255~1256,http://history.seoul.go.kr,125.9,양호
서울올림픽기념관,박물관/기념관,전시시설,서울특별시 송파구 올림픽로 424,송파구,잠실4동,11240750,37.5203396980951,127.115517876627,유료,10:00~17:30,"매주 월요일, 1월 1일, 설날, 추석 ",,02-410-1354,https://88olympic.kspo.or.kr/homepage/korean/contents/index.asp,125.9,양호
서울책보고,기타,기타문화,서울 송파구 신천동 14,송파구,잠실4동,11240750,37.52202784263066,127.1038467712633,무료,10:30~20:30 (화~목) / 10:00~21:00 (토~일),"매주 월요일, 1월 1일, 설날 및 추석연휴",50석,02-6951-4979,http://www.seoulbookbogo.kr,55.2,양호
송파어린이영어도서관,도서관,도서관,서울 송파구 신천동 14 신천빗물펌프장 4~5층,송파구,잠실4동,11240750,37.522391974255,127.102981769104,무료,,"매주 월요일, 법정공휴일",,02-415-3567,https://www.splib.or.kr/spelib,37.1,양호
더 갤러리 호수,미술관/갤러리,전시시설,서울 송파구 송파나루길 166 더 갤러리 호수,송파구,잠실6동,11240770,37.512296516856,127.107617545434,무료,,매주 월요일 및 법정 공휴일,,02-2147-3275,https://www.instagram.com/thegalleryhosu/,29.7,양호
롯데콘서트홀,공연장,공연시설,서울특별시 송파구 올림픽로 300 롯데월드몰 8층,송파구,잠실6동,11240770,37.5137519612953,127.104446890835,유료,,홈페이지 확인,,1544-7744,https://www.lotteconcerthall.com/kor,112.3,양호
한국광고박물관,박물관/기념관,전시시설,서울특별시 송파구 올림픽로35길 137,송파구,잠실6동,11240770,37.5159272595028,127.099643159822,무료,,"매주 월요일, 법정공휴일",,02-2144-0116,https://www.kobaco.co.kr/site/admuseum/home,79.6,양호
송파문화원,문화원,공연시설,서울특별시 송파구 올림픽로 44,송파구,잠실7동,11240780,37.5106823860183,127.075936810272,무료,,매주 일요일,,02-414-0354,https://www.spcc.or.kr/,47.5,양호
소나무언덕잠실본동도서관,도서관,도서관,서울특별시 송파구 탄천동로 205,송파구,잠실본동,11240710,37.5030788154573,127.076897082349,무료,,"매주 월요일, 법정공휴일",,02-412-0750,https://www.splib.or.kr/spmlib/index.do,103.9,양호
송파어린이도서관,도서관,도서관,서울 송파구 올림픽로 105 어린이도서관,송파구,잠실본동,11240710,37.5121020708813,127.08242916877,무료,,"매주 월요일, 법정공휴일",,02-418-0303,https://www.splib.or.kr/spclib,65.9,양호
아트잠실,기타,기타문화,서울특별시 송파구 삼전로13길 22,송파구,잠실본동,11240710,37.5077554427665,127.087930838384,무료,,-,,없음,https://www.artjamsil.com/,23.7,양호
송파글마루도서관,도서관,도서관,서울 송파구 충민로 120 글마루도서관,송파구,장지동,11240810,37.4808342224585,127.130477932489,무료,,매주 월요일 및 법정 공휴일,,02-449-8855,https://www.splib.or.kr/spjlib/index.do,52.7,양호
공간유보,미술관/갤러리,전시시설,서울 송파구 바람드리길 14 지하1층,송파구,풍납1동,11240510,37.5379381336317,127.117446112374,무료,,매주 월요일,,0507-1325-9504,https://www.instagram.com/space_ubo/,9.1,양호
공간지은,미술관/갤러리,전시시설,서울 송파구 풍성로 22 1층,송파구,풍납1동,11240510,37.5347555969296,127.114906287417,무료,,없음,,050-71388-0280,https://www.instagram.com/spacejieun,43.6,양호
송파 청년아티스트센터,기타,기타문화,서울특별시 송파구 풍성로10길 6-1,송파구,풍납2동,11240520,37.5340686405498,127.115954729217,무료,,매주 일요일 및 공휴일,,070-4062-2800 / 070-4001-2800,https://www.instagram.com/artistcenter_songpa/,78.9,양호
풍납도서관,도서관,도서관,서울특별시 송파구 풍성로8길 5,송파구,풍납2동,11240520,37.534141116015,127.115827218274,무료,,"매주 월요일, 법정공휴일(일요일 제외)",,02-475-0266,https://www.splib.or.kr/sppnlib/index.do,95.2,양호
대한무용협회,기타,기타문화,서울 양천구 목동서로 225 10층 1003호,양천구,목1동,11150510,37.5270754105611,126.870745963571,무료,,정보없음,,02-744-8066,https://www.koreadanceassociation.org/,72.4,양호
대한민국예술인센터 예총아트홀,공연장,공연시설,서울 양천구 목동서로 225 예술인회관 2층,양천구,목1동,11150510,37.5270754105611,126.870745963571,유료,,"공휴일, 주말",,02-2655-3099,http://www.yechong.or.kr/fo/site/commonContent?contentNo=28&menuSn=45,72.4,양호
한국방송회관 코바코홀,공연장,공연시설,서울특별시 양천구 목동동로 233 한국방송회관 2층,양천구,목1동,11150510,37.526981693329,126.871394248566,유료,,홈페이지 참조,,02-3219-5700,http://www.kobacohall.co.kr/,67.7,양호
한생연생명과학박물관,박물관/기념관,전시시설,서울특별시 양천구 목동동로 206-1,양천구,목1동,11150510,37.5239253588059,126.872014672404,유료,"10:00, 13::00, 15:00(방학기간 17:00 추가개장)","매주 월요일, 추석, 설날",,02-2654-8887,http://www.hlsi.co.kr/sub/sub05_0101.php,19.2,양호
미감도서관,도서관,도서관,서울 양천구 목동중앙남로 57-10 목사랑시장 고객주차장&공유센터,양천구,목4동,11150540,37.5389695033466,126.865488928768,무료,,"일요일, 공휴일",,02-2653-5919,https://lib.yangcheon.or.kr/libmigam/,55.6,양호
서울특별시교육청 양천도서관,도서관,도서관,서울특별시 양천구 목동서로 113,양천구,목5동,11150710,37.5335602034508,126.876230784641,유료,,"매월 첫째, 셋째 목요일, 법정공휴일",,02-2062-3900,http://yclib.sen.go.kr/,70.7,양호
건강힐링센터,기타,기타문화,서울특별시 양천구 남부순환로83길 54,양천구,신월2동,11150580,37.5175790145525,126.845873645663,유료,,공휴일,,02-2084-5485,https://www.yangcheon.go.kr/healing/healing/main.do,42.4,양호
다가치학교 강서양천,기타,기타문화,서울특별시 양천구 남부순환로 380,양천구,신월3동,11150590,37.5326758132814,126.828972567552,유료,,월요일,,02-6736-3800,https://www.instagram.com/dayangcheon/,65.9,양호
서울문화예술교육센터 양천,기타,기타문화,서울특별시 양천구 남부순환로64길 2,양천구,신월3동,11150590,37.5282197824835,126.832145349117,무료,,일요일 및 법정공휴일,,02-2697-2600,https://www.sfac.or.kr/artspace/artspace/arteducation_main.do,87.2,양호
신월문화체육센터,기타,기타문화,서울특별시 양천구 지양로 47,양천구,신월7동,11150630,37.519931063925554,126.8350545759677,무료,,"법정공휴일, 근로자의날",,02-2605-4093,https://www.ycs.or.kr/fmcs/21,42.3,양호
서울시립청소년음악센터,기타,기타문화,서울특별시 양천구 남부순환로 657,양천구,신정3동,11150660,37.5105883194895,126.842870706009,무료,,매주 월요일,,02-6956-1870,https://symc.or.kr/,38.0,양호
양천중앙도서관,도서관,도서관,서울특별시 양천구 신정로7길 81,양천구,신정3동,11150660,37.5136519608227,126.833629748577,무료,,"매주 금요일, 법정공휴일",,02-2699-5919,https://lib.yangcheon.or.kr/yclib/,59.4,양호
개울건강도서관,도서관,도서관,서울특별시 양천구 중앙로52길 56,양천구,신정4동,11150720,37.5259751797829,126.856602131412,무료,,"매주 일요일, 법정공휴일",,02-2603-5919,https://lib.yangcheon.or.kr/libgaeul/,50.1,양호
양천공원 책쉼터,도서관,도서관,서울 양천구 신정동 320,양천구,신정6동,11150690,37.5180124391585,126.868162966876,무료,,"월요일, 공휴일",,홈페이지 확인,https://ycpark.modoo.at/,10.5,양호
양천문화회관,문화예술회관,공연시설,서울 양천구 목동서로 367 양천문화회관,양천구,신정6동,11150690,37.5165209333904,126.863340014538,유료,,프로그램별 상이,,02-2021-8900,https://yfac.kr/main/contents.do?idx=2596,28.4,양호
양천문화회관,문화예술회관,공연시설,서울특별시 양천구 목동서로 367,양천구,신정6동,11150690,37.5165209333904,126.863340014538,무료,,없음,,02-2021-8900,https://yfac.kr/main/,28.4,양호
해누리타운 해누리홀?아트홀,공연장,공연시설,서울특별시 양천구 목동동로 81,양천구,신정6동,11150690,37.5159760603841,126.86385454407,무료,,행사 내용별 상이,,02-2620-4652,https://www.yangcheon.go.kr/site/yangcheon/05/10505080301002023111703.jsp,62.6,양호
갈산문화예술센터,기타,기타문화,서울특별시 양천구 목동남로 106,양천구,신정7동,11150700,37.5107624370301,126.87020687315,무료,,일요일?공휴일 : 대관시 운영,,02-2651-5300,https://www.yangcheon.go.kr/site/yangcheon/05/10504150100002023031503.jsp,37.0,양호
양천문화원,문화원,공연시설,서울 양천구 목동남로 106 2층 양천문화원,양천구,신정7동,11150700,37.5107624370301,126.87020687315,유료,,매주 일요일,,02-2651-5300,https://xn--z92b72qn1at0nqrn.kr/,37.0,양호
영등포아트홀,문화예술회관,공연시설,서울 영등포구 국회대로 596 영등포아트홀,영등포구,당산제1동,11190550,37.5260087284496,126.900109255921,유료,,"토?일?공휴일 : 미개방 (단, 공연 등이 있을 경우 3시간 전부터 유료운영)",,02-2629-2263,https://www.ydpcf.or.kr/arthall/arthall.do,170.1,양호
대림도서관,도서관,도서관,서울특별시 영등포구 도신로 27,영등포구,대림제3동,11190720,37.5042968146599,126.896055988494,무료,,"매주 월요일, 일요일을 제외한 법정공휴일",,02-828-3700,https://www.ydplib.or.kr/drlib/index.do,89.3,양호
도림생활문화센터,기타,기타문화,서울특별시 영등포구 도신로33길 4,영등포구,도림동,11190750,37.5099911988676,126.908050531966,무료,,"매주 일, 월요일",,0507-1349-2980,https://www.instagram.com/ydp_life/,19.4,양호
공간투,미술관/갤러리,전시시설,서울 영등포구 경인로 790 2F/3F,영등포구,문래동,11190760,37.514176444136,126.901017134427,무료,,"매주 월, 화요일",,02-2632-8848,https://www.gongcraft.net/?page_id=9737,56.3,양호
문래도서관,도서관,도서관,서울특별시 영등포구 문래로20길 49,영등포구,문래동,11190760,37.5168565720389,126.8908945524,무료,,매주 월요일 일요일을 제외한 법정공휴일,,02-2629-8600,https://www.ydplib.or.kr/mllib/index.do,23.8,양호
문래예술공장,기타,기타문화,서울특별시 영등포구 경인로88길 5-4,영등포구,문래동,11190760,37.5132170259667,126.900125854302,무료,,매주 월요일,,02-2676-4300,http://www.sfac.or.kr/artspace/artspace/mullae_main.do,54.7,양호
술술센터,기타,기타문화,서울 영등포구 도림로133길 15 술술센터,영등포구,문래동,11190760,37.5130103533725,126.894145367557,무료,,"월요일, 일요일, 공휴일",,02-2634-2220,https://soolsool.or.kr/,15.3,양호
시립문래청소년센터,기타,기타문화,서울특별시 영등포구 문래로 110,영등포구,문래동,11190760,37.5188522510214,126.894114718336,무료,,"국경일, 공휴일",,02-2167-0100,https://www.mullaeyouth.or.kr/,67.6,양호
아케이드서울,기타,기타문화,서울 영등포구 도림로128길 23 1층,영등포구,문래동,11190760,37.5155167575219,126.894539872062,무료,,없음,,0507-1497-4944,https://www.instagram.com/arcade.seoul/,27.9,양호
얼터(alter),기타,기타문화,서울특별시 영등포구 경인로74길 6,영등포구,문래동,11190760,37.5108435582263,126.893077314469,무료,,매주 월요일,,없음,https://www.alter.seoul.kr/,21.8,양호
문화라운지 영,기타,기타문화,서울 영등포구 신풍로 28 비스타동원 2층,영등포구,신길제6동,11190680,37.4998139228913,126.90960294998,무료,,일요일,,02-849-9247,https://www.ydpcf.or.kr/culture/young.do,47.0,양호
본아이에프 와이피센터 본아카데미홀,공연장,공연시설,서울 영등포구 선유로 165 YP센터 1층,영등포구,양평제1동,11190610,37.5285958444943,126.891507831752,유료,,없음 ,,02-3019-2236,https://www.bongroup.co.kr/bon-business/space-rental/,53.3,양호
KBS홀,공연장,공연시설,서울특별시 영등포구 여의공원로 13,영등포구,여의동,11190540,37.5259698897016,126.916716838156,유료,,홈페이지 참조,,02-781-1000,https://program.kbs.co.kr/online/office/hall/pc/index.html,218.4,주의
국회도서관,도서관,도서관,서울 영등포구 여의도동 의사당대로 1 국회의사당,영등포구,여의동,11190540,37.5329119742768,126.916403869603,무료,월요일~금요일 : 오전 9시~오후10시(야간이용시간 : 오후6시~오후10시)  토요일~일요일 : 오전9시~오후5시,"매월 둘째, 넷째 토요일/ 일요일을 제외한 공휴일(공휴일과 겹친 토요일, 일요일 휴관)",,02-6788-4211,http://www.nanet.go.kr,63.1,양호
영산아트홀,공연장,공연시설,서울특별시 영등포구 여의공원로 101 C.C.M.M빌딩 지하 2층,영등포구,여의동,11190540,37.5292719570904,126.924892738645,유료,,홈페이지 참조,,"02-6181-5260, 5261, 5263",http://www.youngsanarthall.com/,105.5,양호
한국잡지박물관,박물관/기념관,전시시설,서울특별시 영등포구 여의대방로67길 11,영등포구,여의동,11190540,37.5197651591196,126.930241165994,무료,,토/일요일 및 공휴일,,02-360-0040,http://archive.magazine.or.kr/magazine/info.do,64.8,양호
구립영등포아트스퀘어 ,기타,기타문화,서울특별시 영등포구 영중로 15 타임스퀘어 지하 2층,영등포구,영등포동,11190740,37.5172332566615,126.903715993779,무료,,"신정, 구정연휴, 추석연휴",,02-3457-7751,https://ydpartsquare.com/,112.6,양호
방도,기타,기타문화,서울 영등포구 영중로14길 33-1 2층-3층,영등포구,영등포동,11190740,37.5197542228629,126.908890002748,무료,,매주 월요일,,없음,https://www.instagram.com/bangdo.ydp/,52.7,양호
영등포문화라운지 따따따,기타,기타문화,서울특별시 영등포구 영중로 15,영등포구,영등포동,11190740,37.5172332566615,126.903715993779,무료,,매주 월요일,,02-2068-9421,https://blog.naver.com/iloveydp/223453847123,112.6,양호
영등포평생학습관,도서관,도서관,서울특별시 영등포구 버드나루로15길 10,영등포구,영등포동,11190740,37.52603749755506,126.90721167448456,무료,,"매월 둘째, 넷째 월요일(단, 평생교육프로그램은 운영)",,02-6712-7533,http://ydpllc.sen.go.kr/ydpllc_index.jsp,50.5,양호
하자센터,기타,기타문화,서울특별시 영등포구 영신로 200,영등포구,영등포동,11190740,37.5251674152059,126.90329955667,무료,,"1월 1일, 설날, 추석, 노동절, 임시공휴일",,02-2677-9200,https://haja.net/,50.4,양호
영등포문화원,문화원,공연시설,서울 영등포구 신길로 275 영등포문화원,영등포구,영등포본동,11190730,37.5161266236525,126.912126417071,유료,,매주 일요일,,02-846-0155,http://www.ydpcc.co.kr/,34.4,양호
동자아트홀,기타,기타문화,서울특별시 용산구 한강대로 372 KDB생명타워 B2층,용산구,남영동,11030530,37.5516794257654,126.972905059299,유료,,홈페이지 참조,,02-6388-7978,https://www.instagram.com/dongja_arthall/,27.1,양호
민주화운동기념관,박물관/기념관,전시시설,서울특별시 용산구 한강대로71길 37,용산구,남영동,11030530,37.5409459533191,126.971537661678,무료,,"매주 월요일, 1월 1일, 설?추석 당일",,02-6440-8800,https://www.kdemo.or.kr,116.4,양호
보광극장,공연장,공연시설,서울특별시 용산구 장문로19길 4,용산구,보광동,11030700,37.5261107778176,126.997818532998,유료,,정보없음,,02-794-5803,https://bktheater.modoo.at/,29.4,양호
용암어린이영어도서관,도서관,도서관,서울특별시 용산구 신흥로3가길 21-7,용산구,용산2가동,11030520,37.5410194799049,126.984690595663,무료,,일요일 및 법정공휴일,,02-798-4181~2,https://www.yslibrary.or.kr/small/menu/10174/program/30074/smallLibDetail.do?smallLibIdx=2,67.8,양호
용산구문화체육센터,기타,기타문화,서울특별시 용산구 백범로 350,용산구,원효로제1동,11030720,37.537241925875,126.967627844336,유료,,"1, 3, 5주 일요일, 공휴일, 국경일, 정기휴관일",,02-707-2492~4,https://www.yong-san.or.kr/site/cs/home,130.0,양호
캡션 서울,미술관/갤러리,전시시설,서울특별시 용산구 원효로81길 5,용산구,원효로제1동,11030720,37.5393388908586,126.96721801729,무료,,휴관일 없음,,0507-1409-7995,https://www.instagram.com/caption.seoul/,81.0,양호
용산문화원,문화원,공연시설,서울특별시 용산구 효창원로8길 28,용산구,원효로제2동,11030570,37.5334249577326,126.951860031908,유료,공연에 따라 다름,"매주 토,일요일",공연장 1개 총 300석 규모,02-703-0052~3,http://yongsan.kccf.or.kr,19.9,양호
윈드밀,기타,기타문화,서울 용산구 원효로 13 지하2층,용산구,원효로제2동,11030570,37.5347486637961,126.946125028265,무료,,공연별 상이,,없음,https://windmillperform.org/,52.0,양호
국립중앙박물관,박물관/기념관,전시시설,서울특별시 용산구 서빙고로 137,용산구,이촌제1동,11030630,37.52385582212769,126.98020301648832,무료,,"1월1일, 설날 당일, 추석 당일 / 상설전시실 정기휴실일: 매년 4월, 11월(첫째 월요일)",,02-2077-9000,http://www.museum.go.kr,414.3,주의
국립한글박물관,박물관/기념관,전시시설,서울 용산구 용산동6가 412-6,용산구,이촌제1동,11030630,37.5211619506891,126.98097295481348,무료,,"1월 1일, 설날, 추석",,02-2124-6200,http://www.hangeul.go.kr,168.5,양호
노들섬,기타,기타문화,서울특별시 용산구 양녕로 445,용산구,이촌제2동,11030640,37.5176638307111,126.958036465507,무료,,매주 월요일,,02-749-4500,http://nodeul.org/,615.8,확인필요
갤러리자유(Gallery Jayu),미술관/갤러리,전시시설,서울특별시 용산구 녹사평대로32길 8,용산구,이태원제1동,11030650,37.5335020410682,126.98931187262,무료,,"매주 월, 화요일",,없음,https://blog.naver.com/galleryjayu,34.6,양호
모다 갤러리,미술관/갤러리,전시시설,"서울 용산구 녹사평대로 132 3층, 4층",용산구,이태원제1동,11030650,37.5306658431999,126.991175512553,유료,,매주 월요일,,02-548-2510,https://www.instagram.com/moda.gallery_official/,171.2,양호
용산아트홀,문화예술회관,공연시설,서울특별시 용산구 녹사평대로 150,용산구,이태원제1동,11030650,37.5324522944579,126.990478820837,유료,공연에 따라 다름,매주 월요일,공연장 2개/대극장 총 787석 규모/소극장 총 304석 규모,02-2199-7260,http://art.yongsan.go.kr,91.2,양호
인가희갤러리,미술관/갤러리,전시시설,서울특별시 용산구 소월로44길 29,용산구,이태원제2동,11030660,37.5415864542653,126.99301974133,무료,,"매주 일,월,화",,0507-1329-2980,https://ingahee.com/,15.4,양호
숙명여자대학교 박물관,박물관/기념관,전시시설,서울특별시 용산구 청파로47길 99,용산구,청파동,11030710,37.5438324857962,126.965458400837,무료,"월~토 오전10시~오후5시 (일요일, 공휴일은 휴관)","주말, 공휴일, 숙명여대 창학기념일(5월 22일)",,02-710-9134,https://home.sookmyung.ac.kr/sites/museum/index.do,60.4,양호
숙명여자대학교 정영양자수박물관,박물관/기념관,전시시설,서울특별시 용산구 청파로47길 99,용산구,청파동,11030710,37.5438324857962,126.965458400837,무료,월~토 10:00~17:00,"주말, 공휴일, 숙명여대 창학기념일(5월 22일)",,02-710-9133,https://home.sookmyung.ac.kr/sites/museumintro/index..do,60.4,양호
식민지역사박물관,박물관/기념관,전시시설,서울특별시 용산구 청파로47다길 27,용산구,청파동,11030710,37.5457847154633,126.96683633939,유료,,"매주 월요일, 1월 1일, 5월 1일, 설날, 추석 연휴",,02-2139-0427,http://historymuseum.or.kr/,11.3,양호
옛 국립극단 백성희장민호극장,공연장,공연시설,서울특별시 용산구 청파로 373,용산구,청파동,11030710,37.5531465401719,126.968279388516,유료,,없음,,1644-2003,https://www.ntck.or.kr/ko,45.4,양호
용산구립청파도서관,도서관,도서관,서울특별시 용산구 청파로93길 27,용산구,청파동,11030710,37.5539252695747,126.967604332641,무료,,"매주 월요일, 법정공휴일",,02-714-3931,https://www.yslibrary.or.kr/cheongpa/index.do,15.0,양호
Art Space Loo,미술관/갤러리,전시시설,서울특별시 용산구 한강대로44길 5,용산구,한강로동,11030730,37.5311348836415,126.970500533465,무료,,정보없음,,02-790-3888,정보없음,65.5,양호
공간O'S [공간오즈],기타,기타문화,서울특별시 용산구 한강대로21길 7,용산구,한강로동,11030730,37.5266432193517,126.964329373384,무료,,없음,,0507-1361-8931,https://gonggan-os.com/,117.8,양호
국립중앙박물관 극장 용,공연장,공연시설,서울특별시 용산구 서빙고로 137,용산구,한강로동,11030730,37.5247022357875,126.977740246542,유료,,홈페이지 참조,,1544-5955,https://www.museum.go.kr/,426.0,주의
대원 콘텐츠 라이브,공연장,공연시설,서울특별시 용산구 한강대로23길 55 현대아이파크몰 리빙파크 6층 1-1 팝콘D스퀘어,용산구,한강로동,11030730,37.5297718014452,126.964741503485,유료,,홈페이지 참조,,02-6373-3366,http://www.popcond.com/index.php?p=contents_live_intro,161.0,양호
디멘션크리에이션,미술관/갤러리,전시시설,서울특별시 용산구 한강대로14길 35-32,용산구,한강로동,11030730,37.5246030233094,126.966600006643,무료,,매주 일요일,,0507-1330-7594 ,http://dimensiongallery.co.kr/,102.7,양호
서울문화예술교육센터 용산,기타,기타문화,"서울특별시 용산구 서빙고로 17 업무동 1층, 공공시설동 5-6층",용산구,한강로동,11030730,37.5269056148241,126.966566172294,무료,,공휴일,,02-3785-3199,https://www.sfac.or.kr/artspace/artspace/artsedu_main.do?groupCtgry=g5,177.5,양호
아크원 갤러리,미술관/갤러리,전시시설,서울특별시 용산구 한강대로40길 25,용산구,한강로동,11030730,37.5302989726222,126.970653369124,무료,,없음,,0507-1488-5956,https://smartstore.naver.com/flownoten,49.5,양호
용산도시기억전시관,박물관/기념관,전시시설,서울특별시 용산구 서빙고로 17,용산구,한강로동,11030730,37.5269056148241,126.966566172294,무료,,"일, 월, 공휴일",,02-3785-2590,https://blog.naver.com/yongsanpark_gallery,177.5,양호
용산역사박물관,박물관/기념관,전시시설,서울특별시 용산구 한강대로14길 35-29,용산구,한강로동,11030730,37.5256680404431,126.965769395985,무료,,"매주 월요일, 매년 1월 1일, 설날 및 추석 당일",,02-2199-4620,http://museum.yongsan.go.kr/,76.1,양호
전쟁기념관,박물관/기념관,전시시설,서울특별시 용산구 이태원로 29,용산구,한강로동,11030730,37.5373140468913,126.978466063237,무료,09:30~18:00,"매주 월요일, 신정, 설날 당일, 추석 당일",,02-709-3114,https://www.warmemo.or.kr/,441.9,주의
팝콘D스퀘어,기타,기타문화,서울특별시 용산구 한강대로23길 55 아이파크몰 테마파크 6층 1-1호,용산구,한강로동,11030730,37.52985067787847,126.9648716843599,유료,,연중무휴,,02-6373-3364,http://www.popcond.com/,157.3,양호
BHAK,미술관/갤러리,전시시설,서울특별시 용산구 한남대로40길 19,용산구,한남동,11030740,37.5428868498054,127.003200910809,무료,10:00~18:00(월~금) 10:30~17:00(주말),"일요일, 월요일, 공휴일 휴무",,02-544-8481,http://www.galeriebhak.com/,23.5,양호
LDK,기타,기타문화,서울 용산구 대사관로20길 8 ldk,용산구,한남동,11030740,37.5331280165774,127.003508572886,무료,,없음,,없음,https://www.instagram.com/ldk_roomservice,12.6,양호
OMG,미술관/갤러리,전시시설,서울 용산구 대사관로12길 8 지하층 101호,용산구,한남동,11030740,37.5332386145003,127.001288096524,무료,,"매주 월요일, 공휴일",,02-797-9989,https://www.omg-kr.com/,24.7,양호
갤러리 비선재,미술관/갤러리,전시시설,서울특별시 용산구 유엔빌리지3길 54-14,용산구,한남동,11030740,37.5357632637137,127.014278496667,무료,,일요일,,02-793-5445,https://www.bisunjae.com/,157.6,양호
갤러리 조은,미술관/갤러리,전시시설,서울특별시 용산구 이태원로55가길 3,용산구,한남동,11030740,37.538032303187,127.000742583982,무료,,"일요일, 공휴일",,02-790-5889,https://galleryjoeun.com/kor/main/,84.9,양호
갤러리비케이 이태원,미술관/갤러리,전시시설,서울특별시 용산구 이태원로42길 56,용산구,한남동,11030740,37.5369571346384,127.001296420098,무료,,"일요일, 월요일",,02-790-7079,http://www.gallerybk.co.kr/,11.9,양호
더줌아트센터,공연장,공연시설,서울특별시 용산구 독서당로 111,용산구,한남동,11030740,37.5361228594578,127.007307641122,유료,,홈페이지 참조,,02-790-6792,http://thezoom.kr/,106.4,양호
드플로허,기타,기타문화,서울특별시 용산구 대사관로5길 34,용산구,한남동,11030740,37.5357781821948,127.000275617878,무료,,"매주 화, 수",,홈페이지 참조,http://blog.naver.com/deflore1,24.8,양호
리움미술관,미술관/갤러리,전시시설,서울특별시 용산구 이태원로55길 60-16,용산구,한남동,11030740,37.5384612696435,126.999294071613,유료,,"매주 월요일, 1월 1일, 설날(음력) 및 추석 당일",,02-2014-6900,http://leeum.samsungfoundation.org,206.1,주의
블루스퀘어,공연장,공연시설,서울특별시 용산구 이태원로 294,용산구,한남동,11030740,37.5408694385607,127.00248525561,유료,,홈페이지 참조,,1544-1591,http://www.bluesquare.kr/,135.9,양호
스튜디오 콘크리트,미술관/갤러리,전시시설,서울특별시 용산구 한남대로 162,용산구,한남동,11030740,37.5424514132642,127.002516651699,무료,,월요일,,02-794-4095,http://www.studio-ccrt.com/xe/index_ccrt,29.2,양호
스파찌오 루체,공연장,공연시설,서울특별시 용산구 이태원로 213,용산구,한남동,11030740,37.5350171727459,126.997591083498,무료,,개별 확인,,0507-1438-1618,없음,82.9,양호
알부스갤러리,미술관/갤러리,전시시설,서울특별시 용산구 한남대로28길 26,용산구,한남동,11030740,37.5381999241501,127.005904817459,유료,,"매주 월요일, 설날, 추석, 임시 공휴일 등",,02-792-8050,http://albusgallery.com/,11.1,양호
어반아트,미술관/갤러리,전시시설,서울시 용산구 소월로 44길 7,용산구,한남동,11030740,37.5207027,127.0230798,유료,09:00 ~ 18:00,"토,일요일, 공휴일",,02-511-2931,http://www.urbanart4u.com/,1732.0,확인필요
용산문화재단,기타,기타문화,서울특별시 용산구 이태원로 274,용산구,한남동,11030740,37.5390273519405,127.002075483617,무료,,"매주 토요일, 일요일, 공휴일",,02-794-2740,https://yongsanculture.or.kr/site/main/home,60.3,양호
일신홀,공연장,공연시설,서울특별시 용산구 한남대로 98 일신빌딩 1층,용산구,한남동,11030740,37.537167036107,127.005516646173,유료,,"토, 일",,02-790-3364,http://ilshinhall.com/,65.2,양호
주한이탈리아문화원,문화원,공연시설,서울특별시 용산구 한남대로 98,용산구,한남동,11030740,37.537167036107,127.005516646173,유료,수요일 14:00 ? 17:00도서관 : 월~금요일 09:00~18:00 (점심시간제외),"공휴일, 이탈리아 공휴일 등",,02-796-0634,https://www.facebook.com/iicseoul1,65.2,양호
필 갤러리,미술관/갤러리,전시시설,서울 용산구 유엔빌리지길 24 필 갤러리,용산구,한남동,11030740,37.5335832999485,127.009780074836,무료,,"일, 월요일, 공휴일",,02-795-0046,https://www.instagram.com/fillgallery/,116.0,양호
한익환서울아트박물관,박물관/기념관,전시시설,서울특별시 용산구 한남대로 108,용산구,한남동,11030740,37.5380282356306,127.004991481116,무료,,"일, 월, 법정 공휴일",,02-796-0100,https://www.instagram.com/hanikhwanmuseum/,21.6,양호
현대카드 아트 라이브러리,기타,기타문화,서울특별시 용산구 이태원로 248,용산구,한남동,11030740,37.5368105457993,127.000866126411,무료,,"설, 추석 연휴 휴관",,02-2014-7899,https://dive.hyundaicard.com/web/artlibrary/spaceMain.hdc,27.8,양호
갤러리더씨,미술관/갤러리,전시시설,서울 용산구 임정로 35 2층,용산구,효창동,11030580,37.543149846744,126.958603008297,무료,,"일,월",,070-7869-9694,https://www.gallerythec.com/,50.0,양호
김세중미술관,미술관/갤러리,전시시설,서울특별시 용산구 효창원로70길 35,용산구,효창동,11030580,37.5420178518731,126.963882789719,무료,,"매주 월요일, 법정공휴일",,02-717-5129,http://www.kimsechoong.com/,28.7,양호
백범김구기념관,박물관/기념관,전시시설,서울특별시 용산구 임정로 26,용산구,효창동,11030580,37.5442779438577,126.959253034196,무료,3월~10월 10:00~18:0011월~2월 10:00~17:00,"월, 1월 1일, 설날, 추석, 기타 관장이 정하는 날",,02-799-3400,http://www.kimkoomuseum.org/main/,96.1,양호
용산 고래이야기 작은도서관,도서관,도서관,서울특별시 용산구 효창원로 157,용산구,효창동,11030580,37.541908846157,126.961645243993,무료,,"매주 토, 일요일",,070-8950-0615,http://cafe.naver.com/bookwhale,17.6,양호
효창공원,기타,기타문화,서울특별시 용산구 효창원로 177-18,용산구,효창동,11030580,37.54508764048156,126.96102849026596,무료,,연중무휴,,02-2199-8823,https://www.hyochangpark.com/,3.4,양호
KP Gallery,미술관/갤러리,전시시설,서울특별시 용산구 소월로2나길 12,용산구,후암동,11030510,37.553335577368,126.97730689223,무료,,"월, 일요일 및 공휴일",,02-706-6751,http://kpgallery.co.kr/,59.5,양호
N서울타워,기타,기타문화,서울특별시 용산구 남산공원길 105,용산구,후암동,11030510,37.5511225714939,126.987867837993,유료,홈페이지 참조,정보없음,,"02) 3455-9277, 9288",http://www.nseoultower.com,544.4,확인필요
서울특별시교육청 남산도서관,도서관,도서관,서울 용산구 소월로 109 남산도서관,용산구,후암동,11030510,37.5525564160959,126.982158117042,무료,,"매월 1,3주 월요일, 법정공휴일, 임시휴관일",,02-754-7338,http://nslib.sen.go.kr/,150.3,양호
서울특별시교육청 용산도서관,도서관,도서관,서울 용산구 두텁바위로 160 용산도서관,용산구,후암동,11030510,37.552006395161,126.980141252149,무료,,"매월 둘째, 넷째 화요일/ 법정공휴일",,02-6902-7777,http://yslib.sen.go.kr,34.3,양호
임수빈갤러리,미술관/갤러리,전시시설,서울특별시 용산구 두텁바위로37길 25,용산구,후암동,11030510,37.5478284300031,126.980470303588,유료,,"매주 토, 일요일 정기휴무",,02-779-7311,https://imsoobin.cargo.site/,49.5,양호
주한독일문화원,문화원,공연시설,서울 용산구 소월로 132 독일문화원,용산구,후암동,11030510,37.5507131461622,126.982711486486,유료,09:00 ? 18:00,"매주 일요일, 공휴일",,02-2021-2800,http://www.goethe.de/ins/kr/seo/deindex.htm,41.0,양호
콤플렉스,미술관/갤러리,전시시설,서울특별시 용산구 후암로 59,용산구,후암동,11030510,37.5510827221899,126.976845515427,무료,,"일, 월 (화,수,목,금,토 오전 11시 -오후 6시 운영)",,0507-1494-2094,https://komplex.kr,61.6,양호
은평생활문화센터 인디스테이션,공연장,공연시설,서울 은평구 연서로29길 19 지층,은평구,갈현제1동,11120550,37.619219866551,126.918120102107,무료,,매주 월요일,,070-4175-7471,https://epccc.efac.or.kr/sub01/sub02.php?mc=2,20.6,양호
은평마을예술창작소 별별곳간,기타,기타문화,서울 은평구 갈현동 333-9,은평구,갈현제2동,11120560,37.615188968599,126.909410004906,무료,,매주 일요일,,070-7363-3335,https://blog.naver.com/epmaulart,18.3,양호
구립구산동도서관마을,도서관,도서관,서울 은평구 연서로13길 29-23 구산동도서관마을,은평구,구산동,11120570,37.6101785198664,126.9126891869,무료,,"매주 월요일, 일요일을 제외한 법정공휴일",,02-357-0100,https://www.gsvlib.or.kr/,27.3,양호
서울기록원,기타,기타문화,서울특별시 은평구 통일로62길 7,은평구,녹번동,11120510,37.6075510290657,126.93482332974094,무료,,"매주 월요일, 신정, 설날, 추석",,02-350-5600,https://archives.seoul.go.kr/,135.1,양호
은평문화예술회관,문화예술회관,공연시설,서울 은평구 녹번로 16 은평문화예술회관,은평구,녹번동,11120510,37.6036996869964,126.927901672834,유료,,"매주 일요일, 공휴일 등",,02-351-3339,https://www.efac.or.kr,52.2,양호
이호철북콘서트홀,박물관/기념관,전시시설,서울특별시 은평구 통일로 767 호반베르디움스테이원 2층 상가,은평구,대조동,11120580,37.6139964990436,126.926499742667,무료,,매주 월요일,,02-351-8581,https://www.lbch.kr,23.0,양호
다문화박물관,박물관/기념관,전시시설,서울특별시 은평구 불광로 135,은평구,불광제1동,11120520,37.6187820901707,126.932520730455,유료,,홈페이지 참조,,02-356-6846,http://www.multiculturemuseum.com/main/index.php,29.2,양호
은평구립도서관,도서관,도서관,서울특별시 은평구 통일로78가길 13-84(불광동),은평구,불광제1동,11120520,37.6190451,126.9283998,무료,,매주 월요일,,02-385-1671-4,http://www.eplib.or.kr/,46.4,양호
래빗아트홀,공연장,공연시설,서울 은평구 수색로 242 지층,은평구,수색동,11120680,37.5814601139247,126.897104253273,무료,,연중무휴,,02-6958-8344,https://www.rabbitarthall.com/,64.7,양호
서울문화예술교육센터 은평,기타,기타문화,서울특별시 은평구 수색로 322-2,은평구,수색동,11120680,37.5851270962157,126.893782364905,무료,,정보없음,,02-2106-1300,https://scecep.creatorlink.net/,49.6,양호
내를 건너서 숲으로 도서관,도서관,도서관,서울특별시 은평구 증산로 17길 50 내를건너서숲으로도서관,은평구,신사제2동,11120660,37.5916963128908,126.908048159351,무료,,"월요일, 법정공휴일",,02-307-6701~2,https://www.nslib.or.kr/,43.3,양호
은평구청소년문화의집 신나는애프터센터,기타,기타문화,"서울특별시 은평구 연서로6길 7 (역촌동, 은평구청소년문화의집)",은평구,역촌동,11120740,37.6043734995,126.9166272426,무료,,"매주 월요일, 신정, 노동절, 설날/추석연휴",,02-353-7910,http://www.epyouth.org/,20.9,양호
cync,미술관/갤러리,전시시설,서울특별시 은평구 통일로 577,은평구,응암제1동,11120590,37.5986042688311,126.937285356594,무료,,"매주 일,월,화요일",,070-7954-1473,https://www.cync.art/,28.2,양호
불광천미디어센터,기타,기타문화,서울특별시 은평구 증산로 476,은평구,응암제1동,11120590,37.5986364230618,126.915836897008,유료,,"월요일, 법정공휴일",,02-351-3012,https://www.media.efac.or.kr/,19.9,양호
구립응암정보도서관,도서관,도서관,서울특별시 은평구 가좌로7길 15,은평구,응암제3동,11120730,37.5859660215622,126.919680927881,무료,,매주 금요일 및 법정공휴일,,02-308-2320,http://www.ealib.or.kr/,65.5,양호
제1서울창의예술교육센터 ,기타,기타문화,서울특별시 은평구 가좌로 208,은평구,응암제3동,11120730,37.589116171714174,126.91929937376948,무료,,"토, 일, 공휴일",,02-3151-1602~7,https://schoolart.sen.go.kr/crezone1/,34.2,양호
구립증산도서관,도서관,도서관,서울특별시 은평구 증산로5길 6,은평구,증산동,11120670,37.5828094398328,126.907671330325,무료,,"매주 금요일, 일요일을 제외한 법정공휴일",,02-307-6030,http://www.jsplib.or.kr,49.9,양호
구립상림도서관,도서관,도서관,서울 은평구 진관4로 48-25 은평뉴타운상림마을,은평구,진관동,11120710,37.6442168922771,126.928943033881,무료,,"매주 월요일,  법정공휴일, 기타 도서관 사정에 의한 임시휴관일",,02-383-7557,https://lib.eplib.or.kr/small_lib/sl06.asp,27.6,양호
구립은평뉴타운도서관,도서관,도서관,서울특별시 은평구 진관2로 111-51,은평구,진관동,11120710,37.63723039689538,126.93311834754996,무료,,매주 금요일과 법정공휴일,,(02) 6341-6400,http://www.enlib.or.kr/,134.9,양호
다락방(茶樂房),기타,기타문화,서울특별시 은평구 진관길 23,은평구,진관동,11120710,37.6415095859352,126.941165084265,무료,,매주 월요일,,02-351-8553,https://museum.ep.go.kr/experience/darakbang.asp,28.1,양호
사비나미술관,미술관/갤러리,전시시설,서울특별시 은평구 진관1로 93,은평구,진관동,11120710,37.6301285705198,126.929275690576,유료,,월요일,,02-736-4371,http://www.savinamuseum.com/,87.4,양호
삼각산금암미술관,미술관/갤러리,전시시설,서울 은평구 진관길 21-2 삼각산금암미술관,은평구,진관동,11120710,37.6416280285312,126.940911076697,무료,,"매주 월요일 1월 1일, 설?추석 연휴",,02-351-8554,https://museum.ep.go.kr/experience/artgallery.asp,54.4,양호
샤머니즘박물관,박물관/기념관,전시시설,서울특별시 은평구 진관2로 57-23,은평구,진관동,11120710,37.6351344788336,126.925378161529,무료,,"월,화, 수,토,일, 공휴일",,02-389-6522,http://www.shamanismmuseum.org/,21.3,양호
은평역사한옥박물관,박물관/기념관,전시시설,서울 은평구 연서로50길 8,은평구,진관동,11120710,37.6404009547,126.9380554763,유료,,"매주 월요일, 1월 1일, 설날?추석 연휴 ※ 월요일이 공휴일인 경우 화요일 휴관",,02-351-8556,http://museum.ep.go.kr,61.1,양호
은평한옥마을어울림터,기타,기타문화,서울특별시 은평구 연서로48길 74,은평구,진관동,11120710,37.6410413469516,126.941351270557,무료,,"매주 월요일, 1월 1일, 설?추석 연휴",,02-351-4331,https://museum.ep.go.kr/experience/village.asp,27.9,양호
LG상남도서관,도서관,도서관,서울특별시 종로구 창덕궁1길 18,종로구,가회동,11010600,37.5797322332183,126.98848528683,무료,월요일~금요일 09:00~18:00까지 이용,"토/일요일, 공휴일이나 도서관이 지정하는 날에는 휴관",,02-708-3700,http://www.lg.or.kr,70.3,양호
가회민화박물관,박물관/기념관,전시시설,서울특별시 종로구 북촌로 52,종로구,가회동,11010600,37.5815093512458,126.985229239519,무료,,월요일,,02-741-0466,http://www.gahoemuseum.org/new/,32.4,양호
계동배렴가옥,기타,기타문화,서울특별시 종로구 계동길 89,종로구,가회동,11010600,37.5812970665623,126.9866534944,무료,,"매주 월요일, 공휴일",,02-765-1375,https://seoulbrhouse.com/,98.7,양호
공공룸,미술관/갤러리,전시시설,서울특별시 종로구 계동길 23 북쪽방향 두번째 가게,종로구,가회동,11010600,37.578865058887246,126.98736205514392,무료,,"화요일, 수요일",,0507-1464-3104,https://www.instagram.com/oo.room_/,92.4,양호
명인박물관,박물관/기념관,전시시설,서울특별시 종로구 북촌로6길 1,종로구,가회동,11010600,37.580144794325,126.985214225647,유료,,매주 일?월 및 설날?추석 연휴,,02-766-0272,https://museum.or.kr/museum_bd4/bbs/board.php?bo_table=museums&wr_id=285&sca=&sfl=wr_subject&stx=%EB%AA%85%EC%9D%B8,24.1,양호
백인제가옥,박물관/기념관,전시시설,서울특별시 종로구 북촌로7길 16,종로구,가회동,11010600,37.5804450398958,126.984092922693,무료,,"1월 1일 , 매주 월요일(월요일이 공휴일인 경우 개관)",,"02-724-0200, 0232",https://museum.seoul.go.kr/www/intro/annexIntro/annex_22/annex_22_01.jsp?sso=ok,107.3,양호
북촌문화센터,기타,기타문화,서울특별시 종로구 계동길 37,종로구,가회동,11010600,37.57907437956687,126.9864318880889,무료,,월요일,,02-2133-1372,https://hanok.seoul.go.kr/front/kor/exp/expCenter.do?tab=1,44.3,양호
북촌박물관,박물관/기념관,전시시설,서울특별시 종로구 북촌로 39,종로구,가회동,11010600,37.5804323346915,126.984766984678,유료,화요일 - 일요일 오전11시 - 오후6시,"일요일, 월요일, 설, 추석",,02-766-8402,https://bukchonmuseum.modoo.at/,44.1,양호
북촌전통공예체험관,기타,기타문화,서울특별시 종로구 북촌로12길 24-5,종로구,가회동,11010600,37.582435035003456,126.98599257318986,무료,,"설날, 추석 당일 휴무",,02-741-2148,https://tour.jongno.go.kr/tour/main/contents.do?menuNo=110544#110544,89.8,양호
북촌창우극장,공연장,공연시설,서울 종로구 창덕궁길 29-6 B1 북촌창우극장,종로구,가회동,11010600,37.578907499269,126.988859908739,유료,,홈페이지 참조,,02-747-3809,https://bcchangwoo.modoo.at/,27.8,양호
북촌한옥역사관,기타,기타문화,서울특별시 종로구 계동4길 3,종로구,가회동,11010600,37.5823064951822,126.987062016756,무료,,매주 월요일,,02-747-8630,https://hanok.seoul.go.kr/front/kor/exp/expPlaceList.do?searchGubun=P300,35.5,양호
북촌한옥청,박물관/기념관,전시시설,서울특별시 종로구 북촌로12길 29-1,종로구,가회동,11010600,37.5827367359949,126.985645287314,무료,,월,,02-2133-5582,https://hanok.seoul.go.kr/front/kor/life/lifeSarang.do?tab=7,124.2,양호
서울교육박물관,박물관/기념관,전시시설,서울 종로구 북촌로5길 48 정독도서관,종로구,가회동,11010600,37.5812654545612,126.983870059299,무료,평일 09:00~18:00주말 09:00~17:00,"법정공휴일, 1,3주 수요일",,02-2011-5782,https://edumuseum.sen.go.kr/edumuseum/index.do?getContextPath=,77.0,양호
아라리오뮤지엄 인 스페이스,미술관/갤러리,전시시설,서울특별시 종로구 율곡로 83,종로구,가회동,11010600,37.5777621971432,126.988357552948,유료,,매주 월요일 휴관,,02-736-5700,http://www.arariomuseum.org/visit.php,49.0,양호
예화랑,미술관/갤러리,전시시설,서울특별시 종로구 창덕궁길 100,종로구,가회동,11010600,37.5819102116532,126.989519155846,유료,09:00~18:00  (주말 09:00 ~ 16:00),"일요일, 공휴일 (전시중 무휴)",,02-542-5543,http://www.galleryyeh.com/,56.0,양호
정독도서관,도서관,도서관,서울 종로구 북촌로5길 48 정독도서관,종로구,가회동,11010600,37.5812654545612,126.983870059299,무료,,매월 첫째?셋째 수요일 일요일을 제외한 법정공휴일(공휴일과 일요일이 겹칠 경우 휴관),,02-2011-5799,http://jdlib.sen.go.kr/,77.0,양호
종로구립 고희동미술관,미술관/갤러리,전시시설,서울 종로구 창덕궁5길 40 종로구립 고희동미술관,종로구,가회동,11010600,37.5831855099227,126.988884857967,무료,,"월요일, 1월 1일, 설날, 추석",,02-741-8424,https://www.jfac.or.kr/site/main/content/gohd01,24.0,양호
창덕궁 낙선재,박물관/기념관,전시시설,서울특별시 종로구 율곡로 99,종로구,가회동,11010600,37.5788697347103,126.989710338876,무료,,매주 월요일,,02-3668-2300,https://www.heritage.go.kr/heri/cul/culSelectDetail.do?ccbaKdcd=12&ccbaAsno=17640000&ccbaCtcd=11&pageNo=1_1_1_0,85.5,양호
창덕궁 돈화문,박물관/기념관,전시시설,서울 종로구 창덕궁길 94 원서노인정,종로구,가회동,11010600,37.581680541322,126.989439938903,무료,,정보없음,,정보없음,https://www.heritage.go.kr/heri/cul/culSelectDetail.do?ccbaKdcd=12&ccbaAsno=03830000&ccbaCtcd=11&pageNo=1_1_1_0,38.1,양호
창덕궁 인정전,박물관/기념관,전시시설,서울특별시 종로구 율곡로 99,종로구,가회동,11010600,37.5788697347103,126.989710338876,무료,,월요일,,02-3668-2300,https://royal.khs.go.kr/ROYAL/contents/menuInfo-cdg.do?grpCode=cdg,85.5,양호
학민재,기타,기타문화,서울특별시 종로구 북촌로11가길 28-2,종로구,가회동,11010600,37.5826998027203,126.984288870289,무료,,없음,,0507-1313-0213,https://blog.naver.com/hakminjae,86.8,양호
한식문화공간 이음,기타,기타문화,서울특별시 종로구 북촌로 18,종로구,가회동,11010600,37.5784106376538,126.985838684851,무료,,매주 월요일,,02-6320-8400,https://www.hansik.or.kr/main/main.do,71.0,양호
호경재,기타,기타문화,서울특별시 종로구 북촌로 77-3,종로구,가회동,11010600,37.5838013264631,126.984741164219,유료,,없음,,0507-1404-0547,https://www.xn--289au42cfjk.com/,37.4,양호
국립경찰박물관,박물관/기념관,전시시설,서울특별시 종로구 송월길 162,종로구,교남동,11010580,37.5720572964048,126.962196007118,무료,09:00~17:30,"1월 1일, 설?추석 연휴, 매주 월요일(공휴일인 경우 그 다음날)",,02-3150-3681,https://www.policemuseum.go.kr/,68.6,양호
서울 앨버트 테일러 가옥(딜쿠샤),박물관/기념관,전시시설,서울 종로구 사직로2길 17 딜쿠샤,종로구,교남동,11010580,37.5730423068152,126.963476480113,무료,,"1월 1일, 매주 월요일 (월요일이 공휴일인 경우 개관)",,070-4126-8853,https://museum.seoul.go.kr/www/intro/annexIntro/annex_dilkusha/annex_dilkusha_01.jsp,28.8,양호
서울역사박물관 경교장(사적 제465호),기타,기타문화,서울특별시 종로구 새문안로 29,종로구,교남동,11010580,37.56833998310813,126.9680343360196,무료,,"공휴일을 제외한 매주 월요일, 1월 1일",,02-735-2038,https://museum.seoul.go.kr/www/intro/annexIntro/annex_21/annex_21_01.jsp?sso=ok,97.2,양호
한국사회과학도서관,도서관,도서관,서울특별시 종로구 인왕산로1길 25,종로구,교남동,11010580,37.5734632504819,126.96435708849,무료,,"토/일요일, 공휴일, 근로자의 날 기타 관장이 필요하다고 인정하는 날",,02-767-9500,https://www.ekssl.or.kr/main/main/main.do,53.6,양호
홍난파가옥,박물관/기념관,전시시설,서울특별시 종로구 송월1길 38,종로구,교남동,11010580,37.5716374254324,126.965098385748,무료,,"토, 일, 공휴일",,02-2665-7419,https://www.lanpa.co.kr/,20.2,양호
공간일리,미술관/갤러리,전시시설,서울 종로구 세검정로9길 19 안채 공간일리,종로구,부암동,11010550,37.6039872305834,126.961140135552,무료,,매주 월요일,,0507-1425-3881,https://blog.naver.com/hsk3881,18.0,양호
김달진미술자료박물관,박물관/기념관,전시시설,서울특별시 종로구 홍지문1길 4,종로구,부암동,11010550,37.6000466301122,126.956659658461,무료,,"일, 법정공휴일",,02-730-6216,http://www.daljinmuseum.com,86.7,양호
김영옥 미술관,미술관/갤러리,전시시설,서울특별시 종로구 창의문로10길 11,종로구,부암동,11010550,37.5938781052674,126.964253937947,무료,,개별 확인,,정보없음,http://www.magmasup.com/?page_id=21521,78.0,양호
목인박물관 목석원,박물관/기념관,전시시설,서울특별시 종로구 창의문로5길 46-1,종로구,부암동,11010550,37.5890219122924,126.963289212881,유료,10:00~19:00,"매주 월요일 및 설, 추석 연휴 휴관",,02-722-5055,http://www.mokinmuseum.com/,58.3,양호
무계원,기타,기타문화,서울 종로구 창의문로5가길 2,종로구,부암동,11010550,37.5918679,126.9634368,무료,09:00 ~ 18:00,"매주 월요일, 1월 1일, 추석 및 설날 연휴",,02-379-7131~2,https://www.jfac.or.kr/site/main/content/moogw01,30.2,양호
부암아트,기타,기타문화,서울특별시 종로구 자하문로 242,종로구,부암동,11010550,37.5957362680382,126.964114676729,무료,,홈페이지 참조,,02-6263-3008,https://www.instagram.com/buamart7,62.0,양호
쌀롱드무지끄,기타,기타문화,서울 종로구 창의문로 129 2F,종로구,부암동,11010550,37.5923645927624,126.965994089373,무료,,없음,,홈페이지 참고,https://salondemusique9.imweb.me/,34.0,양호
유금와당박물관,박물관/기념관,전시시설,서울특별시 종로구 창의문로11가길 4,종로구,부암동,11010550,37.5937200276241,126.962657792099,유료,,"일, 월, 공휴일",,02-394-3451,http://www.yoogeum.org,117.8,양호
자하미술관,미술관/갤러리,전시시설,서울 종로구 창의문로5가길 46 자하미술관,종로구,부암동,11010550,37.5893771091653,126.960306246732,무료,,매주 월요일,,02-395-3222,https://www.zahamuseum.org,280.6,주의
하랑갤러리,미술관/갤러리,전시시설,서울특별시 종로구 자하문로38길 45,종로구,부암동,11010550,37.5941632391391,126.965670446605,무료,,매주 월요일,,02-365-9545,https://galleryharang.com/,98.2,양호
환기미술관,미술관/갤러리,전시시설,서울특별시 종로구 자하문로40길 63,종로구,부암동,11010550,37.5940877740173,126.966113670715,유료,10:00~18:00,"월요일설날, 추석연휴",,02-391-7701,http://whankimuseum.org/,78.2,양호
갤러리광화,미술관/갤러리,전시시설,서울특별시 종로구 새문안로 103,종로구,사직동,11010530,37.5705293260846,126.976089119166,무료,,연중무휴,,070-8287-2208,http://www.gallerygwanghwa.co.kr/main/main.php,23.5,양호
경희궁,박물관/기념관,전시시설,서울특별시 종로구 새문안로 45,종로구,사직동,11010530,37.57078184592975,126.96865021365493,무료,,"휴관일 : 1월 1일 , 매주 월요일",,02-724-0274~6,https://museum.seoul.go.kr/www/intro/annexIntro/annex_20/annex_20_01.jsp,58.1,양호
광화문아트홀,문화예술회관,공연시설,서울특별시 종로구 인왕산로1길 21,종로구,사직동,11010530,37.5742098160357,126.964661018954,무료,,공휴일*별도확인 필요,,02-6048-1266,https://www.ijongno.co.kr/fmcs/41,41.8,양호
국립고궁박물관,박물관/기념관,전시시설,서울 종로구 효자로 12 국립고궁박물관,종로구,사직동,11010530,37.5765916191985,126.974974825074,무료,"평일 09:00~18:00주말, 공휴일 09:00~19:00","신정, 설날 당일, 추석 당일",,02-3701-7500,https://www.gogung.go.kr/gogung/main/main.do,175.0,양호
대림미술관,미술관/갤러리,전시시설,서울 종로구 자하문로4길 21 대림미술관,종로구,사직동,11010530,37.5775038838066,126.973363701206,유료,10:00~18:00,"월요일, 추석, 설날",,02-720-0667,https://daelimmuseum.org/,72.0,양호
돈의문박물관마을,박물관/기념관,전시시설,서울특별시 종로구 송월길 14-3,종로구,사직동,11010530,37.56882394907892,126.96852312550762,유료,,"매주 월요일, 1월 1일",,02-739-6994,http://dmvillage.info,98.3,양호
돈의문역사관,박물관/기념관,전시시설,서울특별시 종로구 새문안로 35-54,종로구,사직동,11010530,37.5692197342866,126.968779117404,무료,,"1월 1일, 공휴일을 제외한 매주 월요일",,02-724-0271,https://museum.seoul.go.kr/www/intro/annexIntro/annex_donuimoon/annex_donuimoon_01.jsp?sso=ok,89.9,양호
미앤갤러리,미술관/갤러리,전시시설,서울특별시 종로구 자하문로10길 13-1,종로구,사직동,11010530,37.5795262021706,126.972349639942,무료,,"매주 일요일, 월요일",,0507-1390-7104,http://www.miandgallery.com/,41.3,양호
복합문화공간에무,기타,기타문화,서울특별시 종로구 경희궁1가길 7,종로구,사직동,11010530,37.572068922706,126.969011116977,유료,,없음,,02-730-5515,https://www.emuartspace.com/,58.7,양호
사직단,기타,기타문화,서울특별시 종로구 사직로 89,종로구,사직동,11010530,37.575936511748,126.967263789945,무료,,해당없음,,정보없음,https://www.heritage.go.kr/heri/cul/culSelectDetail.do?ccbaCpno=1121101770000&pageNo=1_1_1_1&sngl=Y,123.8,양호
서울도시건축센터,기타,기타문화,서울특별시 종로구 송월길 2 돈의문박물관마을 내,종로구,사직동,11010530,37.5685333472923,126.968746691077,무료,,"매주 월요일, 공휴일",,02-739-2900,https://sca.seoul.go.kr,74.8,양호
서울생활문화센터 체부,기타,기타문화,서울 종로구 자하문로1나길 3-2 서울생활문화센터 체부,종로구,사직동,11010530,37.5767084987432,126.97148941423,무료,,매주 월요일 / 신정 및 구정 연휴 / 추석연휴,,02-6272-0111,http://www.ccasc.or.kr/,15.2,양호
서울시립교향악단,공연장,공연시설,서울시 종로구 세종대로 175 예술동 3층,종로구,사직동,11010530,37.5718478584908,126.976168275947,유료,,정보없음,,1588-1210,https://www.seoulphil.or.kr/,45.4,양호
서울역사박물관,박물관/기념관,전시시설,서울특별시 종로구 새문안로 55,종로구,사직동,11010530,37.570507525011855,126.97052372473162,무료,9:00 ~ 18:00 (입장마감 : 17:30)<br>매주 금요일 21시까지 연장 운영(2024. 4. 12.부터)<br>※ 주중 ? 주말 동일 (2021년 11월 2일부터 적용),"1월 1일, 매주 월요일 ※ 월요일이「관공서의 공휴일에 관한 규정」제2조에 따른 공휴일일 때에는 휴관하지 아니함",,02-724-0274~6,https://museum.seoul.go.kr/,110.4,양호
서울특별시교육청 어린이도서관,도서관,도서관,서울특별시 종로구 사직로9길 7,종로구,사직동,11010530,37.5762858214854,126.968231878405,무료,,"매월 첫째, 셋째 월요일, 일요일을 제외한 법정 공휴일(일요일과 공휴일이 겹칠 경우 휴관)",,02-731-2300,http://childlib.sen.go.kr/,85.2,양호
서울특별시교육청 종로도서관,도서관,도서관,서울 종로구 사직로9길 5 사직치안센터,종로구,사직동,11010530,37.5763070087568,126.968620728293,유료,,"매월 둘째, 넷째 월요일,공휴일",,02-721-0707,http://jnlib.sen.go.kr/,76.5,양호
성곡미술관,미술관/갤러리,전시시설,서울 종로구 경희궁길 42 성곡미술관,종로구,사직동,11010530,37.5735105141974,126.96970364743,유료,10:00~18:00,월요일,,02-737-7650,http://www.sungkokmuseum.org/main/,57.5,양호
세종문화회관,공연장,공연시설,서울 종로구 세종대로 175,종로구,사직동,11010530,37.5726241,126.9760053,유료,,연중무휴,,02-399-1000,https://www.sejongpac.or.kr,108.3,양호
세종문화회관 미술관,미술관/갤러리,전시시설,서울특별시 종로구 세종대로 175,종로구,사직동,11010530,37.5718478584908,126.976168275947,유료,,연중무휴,,0507-1394-1114,https://www.sejongpac.or.kr/portal/main/contents.do?menuNo=200362,45.4,양호
세종충무공이야기,박물관/기념관,전시시설,서울특별시 종로구 세종대로 지하 175,종로구,사직동,11010530,37.5721860410735,126.976817249422,무료,,매주 월요일 및 공휴일,,02-399-1177,https://www.sejongstory.or.kr/sejongstory/main/main.do,126.6,양호
세화미술관,미술관/갤러리,전시시설,서울특별시 종로구 새문안로 68,종로구,사직동,11010530,37.5696425113058,126.972139469043,유료,,월요일 및 공휴일 ,,02-2002-7787,https://www.sehwamuseum.org,66.0,양호
스페이스깨,미술관/갤러리,전시시설,서울 종로구 자하문로5길 15 1층 스페이스깨,종로구,사직동,11010530,37.5776350450917,126.970971252469,무료,,매주 화요일,,홈페이지 참고,https://spaceccae.notion.site/spaceccae/Space-Ccae-0138d603a8034090ad615346e1a277f2,75.1,양호
신문박물관PRESSEUM,박물관/기념관,전시시설,"서울 종로구 세종대로 152 일민미술관건물 5층, 6층",종로구,사직동,11010530,37.5698677620456,126.977657083792,유료,화~일 10:00~18:00,"매주 월요일 / 1월 1일 / 설, 추석 연휴 / 봄, 가을 정기휴관 (3월, 9월 첫째 주 화?일요일)",,02-2020-1880,http://presseum.or.kr/,29.2,양호
아트사이드 갤러리,미술관/갤러리,전시시설,서울 종로구 자하문로6길 15 아트사이드 갤러리,종로구,사직동,11010530,37.5782683724918,126.972946031397,무료,10:00 ~ 18:00,연중무휴(명절제외),,02-725-1020,http://www.artside.org/,31.7,양호
이회영기념관,박물관/기념관,전시시설,서울 종로구 사직로6길 15 이회영기념관,종로구,사직동,11010530,37.5731739268239,126.965832677435,무료,,매주 월요일,,02-755-0610,http://leehoeyeong.com/,60.3,양호
일민미술관,미술관/갤러리,전시시설,서울특별시 종로구 세종대로 152,종로구,사직동,11010530,37.5698677620456,126.977657083792,유료,화~일 11:00~19:00,매주 월요일 및 추석 당일 휴관,,02-2020-2050,http://www.ilmin.org/,29.2,양호
주한중국문화원,문화원,공연시설,서울특별시 종로구 사직로8길 23-1,종로구,사직동,11010530,37.5746039215037,126.971348034463,유료,화-토요일 09:00~17:00(점심시간 12:00~13:00),"매주 토,일",,02-733-8307,http://www.cccseoul.org/,71.7,양호
표갤러리,미술관/갤러리,전시시설,서울특별시 종로구 자하문로5길 18-4,종로구,사직동,11010530,37.5778944965139,126.970829642595,유료,09:30 ~ 19:00,일요일 * 전시있을 경우 (10:00 ~ 18:00),,02-543-7337,https://www.pyogallery.com/,44.0,양호
황학정 국궁전시관,박물관/기념관,전시시설,서울특별시 종로구 사직로9길 15-32,종로구,사직동,11010530,37.5779183632114,126.963945833593,유료,,"매주 월요일, 1월1일, 설날 및 추석 당일",,"02-722-1600, 0424",https://www.jfac.or.kr/site/main/content/kbow01,39.7,양호
57th갤러리,미술관/갤러리,전시시설,"서울 종로구 율곡로3길 17 2층, 지하",종로구,삼청동,11010540,37.5764227904413,126.982592565586,무료,,없음,,02-733-2657,http://www.57gallery.co.kr/,96.8,양호
CN갤러리 (충남문화예술 서울전시장),미술관/갤러리,전시시설,서울특별시 종로구 북촌로5길 56-7 CN갤러리(정독도서관 앞),종로구,삼청동,11010540,37.5800389234192,126.981945857423,무료,,"월요일, 공휴일 휴관",,02-739-6405~6,https://cngallery.kr/,41.5,양호
MGFS100갤러리,미술관/갤러리,전시시설,서울특별시 종로구 삼청로 122 1층,종로구,삼청동,11010540,37.5861678210732,126.981816438846,무료,,"매주 월, 화요일",,전화 02-720-1220,https://www.mgfs.co.kr/,129.1,양호
MGFS100갤러리,미술관/갤러리,전시시설,서울 종로구 삼청로 122 1층 mgfs100,종로구,삼청동,11010540,37.58617358750333,126.98181689032252,무료,,매주 화요일,,02-720-1220,http://mgfs.co.kr,129.7,양호
PKM 갤러리,미술관/갤러리,전시시설,서울 종로구 삼청로7길 40 PKM 갤러리,종로구,삼청동,11010540,37.5840916531266,126.980082350686,유료,10:00 ~ 18:00,월요일,,02-734-9467,http://www.pkmgallery.com/,47.6,양호
갤러리 도올,미술관/갤러리,전시시설,서울 종로구 삼청로 87 도올빌딩 2층,종로구,삼청동,11010540,37.5832322737028,126.981676992197,무료,평일 10:30 ~ 18:30 휴일 11:30 ~ 18:30,무휴(전시기간중),,02-739-1405~6,http://www.gallerydoll.com/,98.4,양호
갤러리 마롱,미술관/갤러리,전시시설,서울특별시 종로구 북촌로 143-6,종로구,삼청동,11010540,37.5870817484472,126.98275199004,무료,,"월요일, 화요일, 설날, 추석연휴 등",,02-720-4540,https://www.gallerymarron.com/,48.8,양호
갤러리단정,미술관/갤러리,전시시설,서울 종로구 북촌로5가길 8-7 1층,종로구,삼청동,11010540,37.5802319009601,126.98244144798,무료,,매주 월요일,,02-6104-0058,https://www.instagram.com/gallerydanjung/,38.0,양호
갤러리제이원 서울,미술관/갤러리,전시시설,서울특별시 종로구 팔판길 13,종로구,삼청동,11010540,37.5825613346848,126.980738496133,무료,,"매주 일요일, 전시 준비 기간 중, 공휴일",,02-733-0101,https://www.galleryjone.com/,31.0,양호
갤러리현대,미술관/갤러리,전시시설,서울 종로구 삼청로 14 갤러리현대,종로구,삼청동,11010540,37.5773056844787,126.979823330741,무료,"화요일~토요일 : 10:00 ~ 18:00일요일,공휴일 : 10:00 ~ 17:00",매주 월요일,,02-2287-3500,http://www.galleryhyundai.com/,72.8,양호
공근혜갤러리 K.O.N.G. GALLERY,미술관/갤러리,전시시설,서울특별시 종로구 삼청로7길 38,종로구,삼청동,11010540,37.5840295953174,126.979674787414,유료,,"매주 일, 월요일",,02-738-7776,http://www.konggallery.com,21.6,양호
국립민속박물관,박물관/기념관,전시시설,서울특별시 종로구 삼청로 37,종로구,삼청동,11010540,37.58167716587645,126.9790131306123,유료,3월 10월 09:00~18:0011월 2월 09:00~17:00,"1월 1일, 설 당일, 추석 당일",,02-3704-3114,https://www.nfm.go.kr/home/index.do,142.1,양호
국립현대미술관 서울,미술관/갤러리,전시시설,서울특별시 종로구 삼청로 30,종로구,삼청동,11010540,37.5786280284849,126.980087994867,유료,"화, 목, 금, 일 10:00 ~ 18:00, 수, 토 10:00 ~ 21:00(야간개장 오후 6~9시 무료관람)","1월 1일, 설날, 추석",,02-3701-9500,https://www.mmca.go.kr/visitingInfo/seoulInfo.do,86.7,양호
국제갤러리,미술관/갤러리,전시시설,서울특별시 종로구 삼청로 54,종로구,삼청동,11010540,37.5807206678387,126.98057390782,무료,10:00 ~ 18:00 (화~토) 10:00 ~ 17:00 (일),연중무휴,,02-735-8449,https://www.kukjegallery.com/,61.1,양호
금호미술관,미술관/갤러리,전시시설,서울특별시 종로구 삼청로 18,종로구,삼청동,11010540,37.5774667074193,126.979912833772,유료,10:00~18:00,월요일,,02-720-5114,http://www.kumhomuseum.com/,58.2,양호
북촌동양문화박물관,박물관/기념관,전시시설,서울특별시 종로구 북촌로11길 76,종로구,삼청동,11010540,37.5839903499019,126.983370412821,유료,,없음,,02-723-0190,https://blog.naver.com/baamuseum,9.6,양호
북촌생활사박물관,박물관/기념관,전시시설,서울특별시 종로구 북촌로5나길 90,종로구,삼청동,11010540,37.5844954835796,126.982996796521,유료,,"매주 월요일, 설, 추석 연휴",,02-736-3957,http://cafe.daum.net/namu3579,48.8,양호
삼청공원 숲속도서관,도서관,도서관,서울 종로구 북촌로 134-3 삼청공원 내,종로구,삼청동,11010540,37.5879786940055,126.984086790682,무료,,"월요일, 1월1일, 설,추석연휴 휴무",,02-734-3900,https://www.jfac.or.kr/site/main/content/samcheong01,27.6,양호
서울공예박물관,박물관/기념관,전시시설,서울특별시 종로구 율곡로3길 4,종로구,삼청동,11010540,37.5766481740232,126.983533363501,무료,"전시실 : 10:00~18:00(평일, 주말 동일)<br>            ※ 2024년 4월 12일(금)부터 매주 금요일은 21:00까지 야간개관합니다.<br>            ※ 아카이브실은 평일(화~금)에만 운영됩니다.<br>            ※ 박물관 입장마감  : 17:30분<br>야외공간 : 안전사고 예방을 위해 야간 시간대의 공예마당 출입제한<br>              (제한시간 : 22:00~다음날 08:00)","매주 월요일, 1월1일",,02-6450-7000,http://craftmuseum.seoul.go.kr,92.6,양호
세계장신구박물관,박물관/기념관,전시시설,서울 종로구 북촌로5나길 2 세계장신구박물관,종로구,삼청동,11010540,37.5809771968776,126.981805927261,유료,10:00~19:00,사전예약제,,02-730-1610,http://www.wjm.or.kr/,45.8,양호
송원아트센터,미술관/갤러리,전시시설,서울특별시 종로구 윤보선길 75,종로구,삼청동,11010540,37.5793191593831,126.983448207812,무료,,월요일,,02-735-9277,https://songwonart.org/,140.9,양호
아트선재센터,미술관/갤러리,전시시설,서울 종로구 율곡로3길 87 아트선재센터,종로구,삼청동,11010540,37.5794635323506,126.981839239613,유료,11:00~19:00,"매주 월요일, 1월 1일, 설날 및 추석 연휴",,0507-1321-8951,http://www.artsonje.org/,41.2,양호
아트센터림,기타,기타문화,"서울 종로구 율곡로3길 77 지하2층,지상2층",종로구,삼청동,11010540,37.5790919031737,126.982040842138,유료,,"매주 월요일, 공휴일",,0507-1410-1504,https://artcenterlim.co.kr/,53.8,양호
안국동 윤보선가,박물관/기념관,전시시설,서울특별시 종로구 윤보선길 62,종로구,삼청동,11010540,37.5789462729289,126.98369950094,유료,,변동,,02-120,https://tour.jongno.go.kr/tour/tour/indvdlz/view.do?nttId=26989&menuNo=2009,139.4,양호
지우헌,미술관/갤러리,전시시설,서울특별시 종로구 북촌로11라길 13,종로구,삼청동,11010540,37.5833833879584,126.982999426985,유료,,"매주 일요일, 월요일, 공휴일 휴관",,02-765-7964,https://www.instagram.com/jiwooheon_dh/,44.8,양호
킵인터치,미술관/갤러리,전시시설,서울특별시 종로구 북촌로1길 13,종로구,삼청동,11010540,37.5773133865904,126.984946373051,무료,,월요일,,홈페이지 참고,https://keepintouchseoul.wordpress.com/,94.1,양호
학고재,미술관/갤러리,전시시설,서울특별시 종로구 삼청로 50,종로구,삼청동,11010540,37.5804654638012,126.980316758246,무료,하절기(3월-11월)월-금: 오전 9시-오후 7시토: 오전 9시 ？ 오후 6시일: 휴관/전시 기간 중 무휴 오전 10시-오후 6시동절기(12월-2월) 월-토: 오전 10시-오후 6시일: 휴관/전시 기간 중 무휴 오전 10시-오후 6시,"매주 월,일요일",,02-720-1524,http://hakgojae.com/,64.0,양호
한국공예문화진흥원,미술관/갤러리,전시시설,서울 종로구 율곡로 53 해영회관 5층,종로구,삼청동,11010540,37.576600362627,126.985127531969,무료,10:00 ~ 18:00,"토,일요일 휴무 (명절제외)",,02-398-7900,http://www.kcdf.kr/,80.8,양호
한벽원미술관,미술관/갤러리,전시시설,서울특별시 종로구 삼청로 83,종로구,삼청동,11010540,37.5828831210893,126.981563523249,무료,,"신정, 명절 휴무",,02-732-3777,-,67.3,양호
헌법재판소 전시관,기타,기타문화,서울 종로구 북촌로 15 헌법재판소,종로구,삼청동,11010540,37.5775337374097,126.984694556818,무료,, 매주 토?일요일 및 공휴일,,02-710-4296,https://www.ccourt.go.kr/site/kor/04/10408020000002020100509.jsp,72.7,양호
호리아트스페이스,미술관/갤러리,전시시설,서울특별시 종로구 삼청로7길 11,종로구,삼청동,11010540,37.5837344936393,126.981144526694,무료,,"전시기간 중 매주 일요일, 월요일, 공휴일",,02-511-5482,http://horiartspace.com,109.4,양호
아름꿈도서관,도서관,도서관,서울 종로구 종로58가길 19 2층,종로구,숭인제1동,11010700,37.5726963187211,127.017117455617,무료,,"매주 일요일, 법정공휴일",,02- 2237 -6644,https://www.jfac.or.kr/site/main/content/arum_dream01,85.0,양호
뮤지엄김치간,박물관/기념관,전시시설,서울 종로구 인사동길 35-4 인사동마루 본관 4~6층,종로구,숭인제2동,11010710,37.5129437,127.0571142,유료,화~일 10:00~18:00,"월요일, 1월 1일, 설?추석연휴, 12월 25일",,"02-2088-8531, 02-2088-3795",https://www.kimchikan.com/,7580.0,확인필요
NC문화재단,기타,기타문화,서울특별시 종로구 이화장길 100,종로구,이화동,11010640,37.5798042434578,127.004616599397,유료,,공연 일정 별 상이,,02-6320-2400,https://www.ncfoundation.or.kr/info/space,50.1,양호
NOL 유니플렉스,공연장,공연시설,서울특별시 종로구 대학로12길 64,종로구,이화동,11010640,37.5811975750507,127.00362019054,유료,,프로그램별 상이,,02-766-2115,http://www.uniplex.co.kr/,45.7,양호
가톨릭대학교 전례박물관,박물관/기념관,전시시설,서울특별시 종로구 창경궁로 296-12 카톨릭대학교,종로구,이화동,11010640,37.58500811051911,127.00464760285244,무료,월~금 10:00~12:3014:00~17:00,"일요일, 법정공휴일",,02-740-9714,http://museum.catholic.ac.kr,165.3,양호
공간아울,공연장,공연시설,서울특별시 종로구 대학로 120 (동숭동) 지하 1층,종로구,이화동,11010640,37.5818758763205,127.002292683609,유료,,홈페이지 참조,,홈페이지 참조,https://www.facebook.com/p/%EB%8C%80%ED%95%99%EB%A1%9C-%EA%B3%B5%EA%B0%84%EC%95%84%EC%9A%B8-100063971955194/?_rdr,10.3,양호
단막극장,공연장,공연시설,서울특별시 종로구 동숭4길 16-3,종로구,이화동,11010640,37.5833180300981,127.004577870228,유료,"평일:09:30-23:00, 토요일:09:30-23:00, 일요일:09:30-23:00",개별 확인,,02-765-1544,없음,22.6,양호
대학로극장 쿼드,공연장,공연시설,서울 종로구 동숭길 122 서울문화재단 대학로센터 B2,종로구,이화동,11010640,37.5836990003446,127.00371665858,유료,,홈페이지 참조,,1577-0369,https://www.quad.or.kr/Home/Main,43.9,양호
대학로스타릿홀,공연장,공연시설,서울 종로구 대학로8가길 111 지하층,종로구,이화동,11010640,37.5809723294107,127.003528025078,무료,,매주 화요일,,0507-1465-0692,없음,19.7,양호
대학로예술극장,공연장,공연시설,서울시 종로구 대학로 10길 17 대학로예술극장,종로구,이화동,11010640,37.5820961487244,127.003178474246,무료,,월요일,,02-3668-0007,https://theater.arko.or.kr/home/main,46.8,양호
대학로자유극장,공연장,공연시설,서울특별시 종로구 대학로12길 31,종로구,이화동,11010640,37.5827487259914,127.003607698821,유료,,연중무휴,,02-743-0661,https://blog.naver.com/jautheater,33.3,양호
대학로티오엠,공연장,공연시설,서울특별시 종로구 대학로8가길 85,종로구,이화동,11010640,37.5822760636383,127.003645489475,유료,,정보없음,,1544-8303,http://www.towntom.com/,52.1,양호
드림시어터 소극장,공연장,공연시설,서울 종로구 대학로10길 15-11 지하1층,종로구,이화동,11010640,37.5822609507002,127.002771590367,유료,,정보없음,,0507-1327-0221,https://bulltheatre.modoo.at/,55.3,양호
링크아트센터드림,공연장,공연시설,서울특별시 종로구 동숭길 123,종로구,이화동,11010640,37.5832861777566,127.003293438561,유료,,홈페이지 참조,,02-3674-7897,https://blog.naver.com/dreamartcenter,80.5,양호
마로니에 야외공연장,공연장,공연시설,"서울특별시 종로구 대학로 104, 마로니에공원 내",종로구,이화동,11010640,37.5803340012344,127.002515322401,무료,,월요일,,02-2148-1815,https://culture.jongno.go.kr/media/ko/culture/fclt.do,58.0,양호
마루아트홀,공연장,공연시설,서울특별시 종로구 대학로8가길 30 3층,종로구,이화동,11010640,37.5822944732185,127.002523766192,유료,,개별 확인,,070-4618-5753,없음,42.0,양호
미마지아트센터 물빛극장,공연장,공연시설,서울특별시 종로구 대학로8가길 129,종로구,이화동,11010640,37.5803062246686,127.003529125757,유료,,없음,,02-6404-5005,없음,62.0,양호
서울문화재단 대학로센터,기타,기타문화,서울특별시 종로구 동숭길 122,종로구,이화동,11010640,37.5836990003446,127.00371665858,무료,,"월요일, 법정공휴일, 대체공휴일, 재단이 사전에 공지한 날",,02-758-2176,https://www.sfac.or.kr/artspace/artspace/sfac_daehakro_main.do,43.9,양호
서울예술인지원센터,기타,기타문화,서울특별시 종로구 동숭길 122,종로구,이화동,11010640,37.5836990003446,127.00371665858,무료,,매주 월요일,,02-758-2178,https://www.sfac.or.kr/sasc/main.do,43.9,양호
서울장애예술창작센터,기타,기타문화,서울 종로구 대학로12길 31 자유빌딩 2층,종로구,이화동,11010640,37.5827487259914,127.003607698821,무료,,정보없음,,02-423-6675,https://www.sfac.or.kr/artspace/artspace/jamsil_main.do,33.3,양호
소극장 혜화당,공연장,공연시설,서울 종로구 대학로12길 63 석마빌딩 3층,종로구,이화동,11010640,37.581224141386,127.004021190026,무료,,정보없음,,02-742-1505,https://www.instagram.com/theater_hyehwadang/,64.3,양호
스카이씨어터,공연장,공연시설,서울특별시 종로구 대학로8가길 52,종로구,이화동,11010640,37.5829828294892,127.002649344897,유료,,개별 확인,,070-4106-8889,없음,57.5,양호
스튜디오블루,박물관/기념관,전시시설,서울 종로구 대학로8가길 80 리트모빌딩 지하,종로구,이화동,11010640,37.5824772665454,127.003268042931,무료,,공휴일,,0507-1328-9207,없음,73.3,양호
시온아트홀,공연장,공연시설,서울 종로구 대학로8가길 52 3층,종로구,이화동,11010640,37.5829828294892,127.002649344897,유료,,정보없음,,070-8719-9106,https://www.instagram.com/sionart__hall/,57.5,양호
아르코꿈밭극장,공연장,공연시설,서울 종로구 대학로12길 46 삼광빌딩,종로구,이화동,11010640,37.5820571199944,127.00371635053,무료,,정보 없음,,정보 없음,https://theater.arko.or.kr/customerservice/notice/236587,71.0,양호
아르코미술관,미술관/갤러리,전시시설,서울 종로구 동숭길 3 한국문화예술위원회 아르코미술관,종로구,이화동,11010640,37.5805022887696,127.003256182632,무료,11:00~20:00,"월요일, 설, 추석",,02-760-4850,https://www.arko.or.kr/artcenter/,41.8,양호
아르코예술극장,공연장,공연시설,서울특별시 종로구 대학로8길 7,종로구,이화동,11010640,37.5811855191284,127.002999899724,유료,,화-일 10:00-19:00 (월 쉼),,02-3668-0007,https://theater.arko.or.kr/Home/ko/Main,58.0,양호
예술가의집,기타,기타문화,서울특별시 종로구 동숭길 3,종로구,이화동,11010640,37.5805022887696,127.003256182632,유료,,"일요일, 법정공휴일",,02-760-4715,https://www.arko.or.kr/arthouse/,41.8,양호
예스24스테이지,공연장,공연시설,서울특별시 종로구 대학로12길 21,종로구,이화동,11010640,37.5827488289051,127.003160727291,유료,,매주 월요일,,02-742-9637,https://yes24stage.com/,82.4,양호
예스24아트원,공연장,공연시설,서울 종로구 대학로12길 83 대학로 아트원씨어터,종로구,이화동,11010640,37.5802682775819,127.004006760831,유료,,홈페이지 참조,,02-762-0010,https://yes24stage.com/,45.8,양호
올웨이즈씨어터,공연장,공연시설,서울특별시 종로구 대학로 132,종로구,이화동,11010640,37.5830954646593,127.00210331198,유료,,홈페이지 참조,,02-332-4902,https://www.instagram.com/jl_company2019/,59.2,양호
이화장,기타,기타문화,서울특별시 종로구 이화장1길 32,종로구,이화동,11010640,37.578342566916,127.006414931482,무료,,공사중으로 현재 미개방,,02-762-3171,https://tour.jongno.go.kr/tour/tour/indvdlz/view.do?nttId=26990&menuNo=2009,75.8,양호
정극장,공연장,공연시설,서울특별시 종로구 대학로12길 69,종로구,이화동,11010640,37.5810020483497,127.003964572067,유료,,공연별 상이,,02-747-6485,https://www.ninejin.com/,64.9,양호
파랑새극장,공연장,공연시설,서울특별시 종로구 대학로 116 공공일호건물지하2층 파랑새극장,종로구,이화동,11010640,37.5815326869888,127.002336486451,유료,,개별 확인,,02-443-7765,https://www.instagram.com/parangsae.theater/,29.4,양호
한국장애인문화예술원,문화원,공연시설,서울특별시 종로구 대학로 112,종로구,이화동,11010640,37.5811899477465,127.002398629301,무료,,없음,,02-760-9700,https://www.kdac.or.kr/main/view,66.6,양호
한예극장,공연장,공연시설,서울특별시 종로구 이화장길 66,종로구,이화동,11010640,37.5782085789748,127.004718727521,유료,,홈페이지 참조,,02-784-7840,https://hanye.modoo.at/,60.8,양호
해바라기 소극장,공연장,공연시설,서울특별시 종로구 동숭길 76,종로구,이화동,11010640,37.5816428205946,127.004374097465,유료,,홈페이지 참조,,1600-1716,https://www.instagram.com/bara_16007047,51.3,양호
홍익대 대학로 아트센터,기타,기타문화,서울특별시 종로구 대학로 57,종로구,이화동,11010640,37.57669201980256,127.00152261402984,유료,,홈페이지 참조,,02-742-0300,http://www.hongikartcenter.com/main.do,92.0,양호
KCDF갤러리,미술관/갤러리,전시시설,서울특별시 종로구 인사동11길 8,종로구,종로1.2.3.4가동,11010610,37.5740079809751,126.984128478814,무료,,매주 월요일,,02-732-9382,https://www.instagram.com/kcdf_insta/,35.8,양호
OCI미술관,미술관/갤러리,전시시설,서울특별시 종로구 우정국로 45-14,종로구,종로1.2.3.4가동,11010610,37.5732395069024,126.982128279816,무료,,"일,월요일, 공휴일",,02-734-0440,http://ocimuseum.org,99.5,양호
가람화랑,미술관/갤러리,전시시설,서울특별시 종로구 인사동10길 11,종로구,종로1.2.3.4가동,11010610,37.5742827945118,126.985613628841,무료,오전 10:00 ~ 오후 6:00,"토요일, 일요일, 공휴일(기획 및 초대전시중에는 무휴)",,02-732-6170,http://www.garamgallery.co.kr/,69.8,양호
갤러리 라메르,미술관/갤러리,전시시설,서울특별시 종로구 인사동5길 26 홍익빌딩,종로구,종로1.2.3.4가동,11010610,37.5725819833564,126.984868085947,무료,10:00~18:30,화요일,,02-730-5454,http://www.gallerylamer.com/,73.0,양호
갤러리 모나리자 산촌,미술관/갤러리,전시시설,서울특별시 종로구 인사동길 30-13,종로구,종로1.2.3.4가동,11010610,37.57379444189,126.986257044732,무료,,연중무휴,,02-765-1114,https://gallerysanchon.com/,96.2,양호
갤러리 안터 공간 눈빛,미술관/갤러리,전시시설,서울특별시 종로구 인사동11길 16,종로구,종로1.2.3.4가동,11010610,37.5739510958196,126.983889409627,무료,,변동,,02-324-8272,https://www.facebook.com/profile.php?id=61564889454106&sk=about,19.0,양호
갤러리 인덱스,미술관/갤러리,전시시설,서울특별시 종로구 인사동길 45,종로구,종로1.2.3.4가동,11010610,37.5741966894963,126.984430460968,무료,,화요일,,02-722-6635,http://www.galleryindex.co.kr,22.3,양호
갤러리미즈,미술관/갤러리,전시시설,서울특별시 종로구 삼일대로 461,종로구,종로1.2.3.4가동,11010610,37.5755954796793,126.985829029631,무료,10:30 ~ 18:30,개별 확인,,02-722-8005,https://gallerymiz.com/,50.7,양호
경복궁 수정전,박물관/기념관,전시시설,서울특별시 종로구 사직로 161,종로구,종로1.2.3.4가동,11010610,37.5759040910202,126.976842133821,무료,,정보없음,,02-3700-3900,https://royal.cha.go.kr/ROYAL/contents/menuInfo-gbg.do?grpCode=gbg,233.5,주의
경인미술관,미술관/갤러리,전시시설,서울특별시 종로구 인사동10길 11-4,종로구,종로1.2.3.4가동,11010610,37.5745908579478,126.985723489033,무료,10:00 ~ 19:00,신정 / 구정 / 추석,,02-733-4448,http://www.kyunginart.co.kr/,55.3,양호
공평도시유적전시관,박물관/기념관,전시시설,서울특별시 종로구 우정국로 26,종로구,종로1.2.3.4가동,11010610,37.57189081127559,126.98338815886144,무료,,연중무휴,,02-724-0135,https://museum.seoul.go.kr/www/intro/annexIntro/annex_gongpyeong/annex_gongpyeong_01.jsp?sso=ok,54.3,양호
관훈갤러리,미술관/갤러리,전시시설,서울특별시 종로구 인사동11길 11,종로구,종로1.2.3.4가동,11010610,37.5737991458507,126.984243988281,유료,10:30~18:30,월요일,,02-733-6469,http://www.kwanhoongallery.com/,38.2,양호
노화랑,미술관/갤러리,전시시설,서울특별시 종로구 인사동길 54,종로구,종로1.2.3.4가동,11010610,37.5748603162364,126.984085733694,무료,09:00 ~ 18:00,"일요일, 공휴일(전시기간 제외)",,02-732-3558,http://www.rhogallery.com/,61.4,양호
대한민국역사박물관,박물관/기념관,전시시설,서울특별시 종로구 세종대로 198,종로구,종로1.2.3.4가동,11010610,37.5737136067193,126.978339442463,무료,,"1월 1일, 설날(당일), 추석(당일)",,02-3703-9200,http://www.much.go.kr,86.4,양호
대한민국전통예술전승원,기타,기타문화,서울 종로구 삼일대로28길 16 하정빌딩 501호,종로구,종로1.2.3.4가동,11010610,37.5735402753764,126.988861161086,무료,,"매주 일요일, 공휴일",,02-766-3262,http://www.ktaia.or.kr,22.6,양호
동덕아트갤러리,미술관/갤러리,전시시설,서울특별시 종로구 우정국로 68,종로구,종로1.2.3.4가동,11010610,37.5749329202213,126.983315938932,무료,"10:00 ~ 19:0010:00 ~ 18:00(7~8월 1~2월 토,일요일,공휴일)",연중무휴,,02-732-6458,http://www.gallerydongduk.com/,74.1,양호
동산방화랑,미술관/갤러리,전시시설,서울특별시 종로구 인사동9길 35,종로구,종로1.2.3.4가동,11010610,37.5729277649791,126.983377627355,무료,10:00~18:00,"일요일, 공휴일",,02-733-5877,https://www.dongsanbanggallery.com/,21.3,양호
동호갤러리,미술관/갤러리,전시시설,서울특별시 종로구 인사동7길 12,종로구,종로1.2.3.4가동,11010610,37.5730678443379,126.985219247296,유료,10:00 ~ 19:00,정보없음,,02-722-3665,없음,53.4,양호
떡박물관,박물관/기념관,전시시설,서울 종로구 돈화문로 71 인산빌딩,종로구,종로1.2.3.4가동,11010610,37.5748995802783,126.990638129224,유료,평일 10:00~17:00일요일 12:00~17:00,"일, 설날?추석 당일",,02-741-5447,http://www.tkmuseum.or.kr/,89.3,양호
마루아트센터,기타,기타문화,서울 종로구 인사동길 35-6 B1/ 1 / 3F 마루아트센터,종로구,종로1.2.3.4가동,11010610,37.5734135359001,126.985058887009,무료,,연중무휴,,02-2223-2533,http://maruartcenter.co.kr/,56.4,양호
미림아트,미술관/갤러리,전시시설,서울시 종로구 인사동길 11-1 미림아트센터 3F,종로구,종로1.2.3.4가동,11010610,37.571852756212,126.986681102308,무료,,전시 일정 별 상이,,027355711,https://www.milimart.com/,37.9,양호
미오갤러리,미술관/갤러리,전시시설,서울 종로구 청계천로 55 지하1층,종로구,종로1.2.3.4가동,11010610,37.5690245373078,126.9838385148,무료,,"매주 일요일, 월요일",,없음,http://meoseoulgallery.com/ ,56.5,양호
보신각,기타,기타문화,서울특별시 종로구 종로 54,종로구,종로1.2.3.4가동,11010610,37.5697673859634,126.983677617361,무료,,매주 월요일,,02-2133-0983,https://culture.seoul.go.kr/culture/main/contents.do?menuNo=200049,80.2,양호
불교중앙박물관,박물관/기념관,전시시설,서울특별시 종로구 우정국로 55,종로구,종로1.2.3.4가동,11010610,37.5738931410856,126.981881684461,무료,,"월요일, 메년 1월1일, 명절연휴",,02-2011-1960,http://museum.buddhism.or.kr,68.3,양호
서울돈화문국악당,공연장,공연시설,서울  종로구 와룡동 12-2,종로구,종로1.2.3.4가동,11010610,37.5772502822,126.9907306641,유료,,매주 월요일,,02-3210-7001~2,https://sgtt.kr/,49.3,양호
서울무형유산교육전시장,기타,기타문화,서울특별시 종로구 율곡로 10길 13,종로구,종로1.2.3.4가동,11010610,37.5769351431409,126.991104508988,유료,오전 11시 ~ 오후 5시,매주 월요일,시연실 12개 : 매일 6~8종목 시연 / 전시판매실 2개 : 상설 및 기획 전시 /교육체험실 2개 : 시민체험프로그램,02-742-6444,http://seoulmaster.co.kr/index.php,25.0,양호
서울생활문화센터 낙원,기타,기타문화,서울 종로구 삼일대로 428 낙원상가 1층 하부공간,종로구,종로1.2.3.4가동,11010610,37.5727635233966,126.987902476529,무료,,"일요일, 신정, 구정, 추석연휴",,02-6959-8323,http://www.nakwon-communityart.or.kr/,42.9,양호
서울우리소리박물관,박물관/기념관,전시시설,서울특별시 종로구 율곡로 96,종로구,종로1.2.3.4가동,11010610,37.577157928122,126.989622047178,무료,"09:00 ~ 18:00 화~일 (입장 마감 17:30)<br>18:00 ~ 21:00 매주 금요일 서울문화의밤 운영(2024.04.~12.)<br>※개관시설: 음원감상실, 테마전시공간, 후원 등","매주 월요일, 1월 1일",,02-742-2600,https://museum.seoul.go.kr/sekm,95.3,양호
선화랑,미술관/갤러리,전시시설,서울특별시 종로구 인사동5길 8,종로구,종로1.2.3.4가동,11010610,37.5729226658133,126.985721883088,무료,10:00 ~ 18:00,"매주 일요일, 공휴일",,02-734-0458,http://www.sungallery.co.kr/,14.3,양호
수림큐브,미술관/갤러리,전시시설,서울특별시 종로구 돈화문로 84,종로구,종로1.2.3.4가동,11010610,37.5759408685551,126.990750184392,무료,,"일요일, 공휴일 ",,02-765-7911,http://soorimcf.or.kr/,35.3,양호
써드베란다,기타,기타문화,서울 종로구 인사동길 9 3층,종로구,종로1.2.3.4가동,11010610,37.5716790623016,126.986841195091,무료,,"매주 월, 화",,0507-1374-1986,https://blog.naver.com/3rdveranda,18.5,양호
아라아트센터,기타,기타문화,서울특별시 종로구 인사동9길 26,종로구,종로1.2.3.4가동,11010610,37.5734697478172,126.983623718252,유료,,없음,,0507-1318-1982,https://www.araart.co.kr,46.1,양호
아리수갤러리,미술관/갤러리,전시시설,서울특별시 종로구 종로11길 13,종로구,종로1.2.3.4가동,11010610,37.5709202758265,126.985570242096,무료,,연중무휴,,02-2212-5653,https://blog.naver.com/arisooart123,22.0,양호
아트센터 나비,미술관/갤러리,전시시설,서울시 종로구 종로 26 SK 서린동빌딩 4층,종로구,종로1.2.3.4가동,11010610,37.5696912777696,126.980303746598,무료,월~금 10:00~18:00,"주말(토, 일요일) 및 공휴일, 아트센터 나비에서 지정한 날",,02-2121-1031,http://www.nabi.or.kr/,57.5,양호
엠스테이지,공연장,공연시설,서울 종로구 인사동길 34-1 지하2층 엠스테이지,종로구,종로1.2.3.4가동,11010610,37.5735931856781,126.985717340243,유료,,홈페이지 참조,,1811-7476,https://www.mstage4u.com/,60.3,양호
우리소리도서관,도서관,도서관,서울특별시 종로구 삼일대로30길 47,종로구,종로1.2.3.4가동,11010610,37.5744823869,126.9902329177,무료,,"매주 일요일, 법정공휴일",,070-4550-5015~6,https://www.jfac.or.kr/,49.8,양호
우정총국,박물관/기념관,전시시설,서울특별시 종로구 우정국로 59,종로구,종로1.2.3.4가동,11010610,37.5744290728773,126.982614538067,무료,평일 09:00~18:00토요일 09:00~13:00,정보없음,,02-734-8369,https://www.heritage.go.kr/heri/cul/culSelectDetail.do?ccbaCpno=1331102130000&pageNo=1_1_1_1&sngl=Y,22.5,양호
운현궁,기타,기타문화,서울특별시 종로구 삼일대로 464,종로구,종로1.2.3.4가동,11010610,37.57607864675475,126.987083357962,무료,하절기 : 09:00 ~ 19:00 (4월초~10월말) / 동절기 : 09:00 ~ 18:00 (11월초~3월말),매주 월요일(월요일이 공휴일인 경우 정상 개관),특설무대 1개/관람석 배치시 총 2000석규모,02-766-9090,http://www.unhyeongung.or.kr/,98.0,양호
의정부지 역사유적광장,기타,기타문화,서울 종로구 세종로 76-14,종로구,종로1.2.3.4가동,11010610,37.5748036513699,126.977967142855,무료,,별도 휴관일 없음,,02-120,https://culture.seoul.go.kr/culture/main/main.do,59.3,양호
인사1010 갤러리,미술관/갤러리,전시시설,서울 종로구 인사동10길 10 B1-4F,종로구,종로1.2.3.4가동,11010610,37.5739830371389,126.98564311887,무료,,"연중무휴 (기획, 초대전시 화요일 휴관)",,02-722-8780,http://www.insa1010.com/,60.7,양호
인사도시유적전시관,박물관/기념관,전시시설,서울 종로구 우정국로 26 센트로폴리스 지하 1층,종로구,종로1.2.3.4가동,11010610,37.5716808092144,126.983530268891,무료,,매주 월요일(정기 휴무),,02-724-9710,https://museum.seoul.go.kr/www/intro/annexIntro/annex_insadosi/annex_insadosi_02.jsp?sso=ok,74.8,양호
인사아트센터,미술관/갤러리,전시시설,서울특별시 종로구 인사동길 41-1,종로구,종로1.2.3.4가동,11010610,37.5738798319827,126.98460089481,유료,전시장 10:00 ~ 19:30공예샵 10:00 ~ 20:00,매주 화요일,,02-736-1020,http://www.insaartcenter.com/,55.6,양호
인사아트프라자갤러리,미술관/갤러리,전시시설,서울특별시 종로구 인사동길 34-1,종로구,종로1.2.3.4가동,11010610,37.5738579749684,126.985609522118,유료,10:00 ~ 18:00,연중무휴,,02-736-6347,http://insaartplaza-gallery.com/xe/,57.0,양호
전태일기념관,박물관/기념관,전시시설,서울특별시 종로구 청계천로 105,종로구,종로1.2.3.4가동,11010610,37.5684664512813,126.989300313392,무료,,"매주 월요일, 1월 1일, 설날(당일), 추석(당일) 공휴일 개관 후 익일 임시 휴관",,02-318-0903,http://taeil.org,85.5,양호
조형갤러리,미술관/갤러리,전시시설,서울특별시 종로구 인사동5길 29 태화빌딩 B1,종로구,종로1.2.3.4가동,11010610,37.57198777376,126.984841944146,유료,10:30 ~ 18:30,연중무휴,,02-736-4804~5,http://www.chohyunggallery.com/,66.8,양호
창경궁,박물관/기념관,전시시설,서울 종로구 창경궁로 185 창경궁,종로구,종로1.2.3.4가동,11010610,37.5776239475981,126.993841430623,유료,,매주 월요일,,02-762-4868,https://cgg.cha.go.kr/agapp/main/index.do?siteCd=CGG,228.8,주의
춘원당한의약박물관,박물관/기념관,전시시설,서울특별시 종로구 돈화문로9길 27,종로구,종로1.2.3.4가동,11010610,37.5715005448529,126.990242136551,유료,,일요일 및 법정공휴일,,02-3672-2005,http://www.cwdmuseum.com/,31.9,양호
탑골미술관(서울노인복지센터),미술관/갤러리,전시시설,서울특별시 종로구 삼일대로 467,종로구,종로1.2.3.4가동,11010610,37.5759657913407,126.985853298403,무료,,"주말, 공휴일",,02-6220-8663,https://www.instagram.com/topgoal.art/,89.5,양호
토포하우스,미술관/갤러리,전시시설,서울 종로구 인사동11길 6 토포하우스,종로구,종로1.2.3.4가동,11010610,37.574095133366,126.98432452544,무료,11:00 ~ 18:30,전시시 무휴,,02-734-7555,https://www.topohaus.com/,28.4,양호
통인화랑,미술관/갤러리,전시시설,서울특별시 종로구 인사동길 32,종로구,종로1.2.3.4가동,11010610,37.5735831190527,126.985921443202,무료,,매주 월요일,,02-733-4867,http://www.tongingallery.com/,64.1,양호
한국불교역사 문화기념관,박물관/기념관,전시시설,서울특별시 종로구 우정국로 55,종로구,종로1.2.3.4가동,11010610,37.5738931410856,126.981881684461,무료,09:00~18:00,"매주 월요일 1월 1일, 설,추석 연휴",,02-2011-1700,http://www.buddhism.or.kr/jongdan/main/index.php,68.3,양호
한국색동박물관,박물관/기념관,전시시설,서울특별시 종로구 율곡로10길 85-7,종로구,종로1.2.3.4가동,11010610,37.5738877793786,126.992091307243,유료,,"일요일, 월요일, 국가 공휴일",,02-765-9286,http://www.saekdongmuseum.com/,45.2,양호
두산갤러리,미술관/갤러리,전시시설,서울특별시 종로구 종로33길 15,종로구,종로5.6가동,11010630,37.5718123278145,127.00100010537,무료,,"일요일, 월요일",,02-708-5050,https://www.doosanartcenter.com/ko/exhibit/main,105.4,양호
두산아트센터 스페이스111,공연장,공연시설,서울특별시 종로구 종로33길 15,종로구,종로5.6가동,11010630,37.5718123278145,127.00100010537,유료,,홈페이지 참조,,02-708-5001,https://www.doosanartcenter.com/ko/,105.4,양호
두산아트센터 연강홀,공연장,공연시설,서울특별시 종로구 종로33길 15,종로구,종로5.6가동,11010630,37.5718123278145,127.00100010537,유료,공연별로 다름,홈페이지 참조,,02-708-5001,https://www.doosanartcenter.com/ko/,105.4,양호
전통공연창작마루,공연장,공연시설,"서울 종로구 종로 272 신관(N동) 8, 9층",종로구,종로5.6가동,11010630,37.5708187075358,127.008091407146,유료,,정보 없음,,02-2263-6663,https://www.kotpa.org/ucms/main/contents.do?menuNo=300171,89.3,양호
한양도성박물관,박물관/기념관,전시시설,서울특별시 종로구 율곡로 283,종로구,종로5.6가동,11010630,37.5728571793919,127.008512843764,무료,,"매주 월요일, 1월 1일",,02-724-0243,http://www.museum.seoul.kr/scwm/NR_index.do,30.6,양호
서울시립 백남준을 기억하는 집,미술관/갤러리,전시시설,서울특별시 종로구 종로53길 12-1,종로구,창신제1동,11010670,37.5730656233283,127.013775536144,무료,평일(화~금) 오전 10시 ~ 오후 7시 (관람 종료 30분 전까지 입장)<br>토 ? 일 ? 공휴일 오전 10시~오후 7시,"1월 1일 , 매주 월요일(월요일이 공휴일인 경우 정상 개관)",,02-2124-5268,https://sema.seoul.go.kr/kr/visit/nam_june_paik_house,47.2,양호
종로구민회관,기타,기타문화,서울특별시 종로구 지봉로5길 7-5,종로구,창신제1동,11010670,37.57356472409345,127.01420103656748,유료,,법정공휴일,,02-6048-1318,https://www.ijongno.co.kr/fmcs/29,22.6,양호
창신소담도서관,도서관,도서관,서울 종로구 창신길 83 1층,종로구,창신제2동,11010680,37.5753265880665,127.010132952839,무료,,매주 월요일 및 공휴일,,02-3672-0234,https://lib.jongno.go.kr/,76.3,양호
갤러리 룩스,미술관/갤러리,전시시설,서울특별시 종로구 필운대로7길 12,종로구,청운효자동,11010720,37.5815965392578,126.967857491088,무료,10:00 ~ 19:00공휴일 11:00 ~ 19:00,정보없음,,02-720-8488,http://www.gallerylux.net/,78.0,양호
더 소호,미술관/갤러리,전시시설,서울 종로구 필운대로 17 필운동연립주택,종로구,청운효자동,11010720,37.5778764483968,126.969297162507,무료,11:00 ~ 22:00,개별 확인,,02-722-1999,http://www.thesoho.co.kr/,28.1,양호
더레퍼런스,미술관/갤러리,전시시설,"서울시 종로구 자하문로24길 44, 3층",종로구,청운효자동,11010720,37.5822928450685,126.971805868932,무료,,매주 월요일,,070-4150-3105,https://the-ref.kr/,21.6,양호
배화여자대학교 도서관,도서관,도서관,서울특별시 종로구 필운대로1길 34,종로구,청운효자동,11010720,37.5795440101952,126.967291871532,무료,,"토요일,공휴일",,"02-399-0744, 0853",https://lib.baewha.ac.kr/,68.7,양호
상촌재,기타,기타문화,서울특별시 종로구 자하문로17길 12-11,종로구,청운효자동,11010720,37.5818556960931,126.969677623398,무료,,"매주 월요일, 1월 1일, 설 당일, 추석 당일",,02-6013-1142,https://www.jfac.or.kr/site/main/content/sangchj01,59.5,양호
서촌라운지,기타,기타문화,서울특별시 종로구 필운대로 27-4,종로구,청운효자동,11010720,37.5784950496129,126.968871585185,무료,,"월요일, 공휴일",,02-736-7909,https://www.instagram.com/Seochon_lounge,43.2,양호
아트스페이스 보안1942(통의동 보안여관),기타,기타문화,서울특별시 종로구 효자로 33,종로구,청운효자동,11010720,37.579117894432,126.973630299897,무료,,매주 월요일,,02-720-8409,http://b1942.com/,40.2,양호
윤동주문학관,기타,기타문화,서울특별시 종로구 창의문로 119(청운동),종로구,청운효자동,11010720,37.5920259037,126.9669236248,무료,,"매주 월요일, 1월1일, 설날/추석 당일",,070-4531-4176,https://www.jfac.or.kr/site/main/content/yoondj01,30.3,양호
종로구립 박노수미술관,미술관/갤러리,전시시설,서울특별시 종로구 옥인1길 34,종로구,청운효자동,11010720,37.5813191962491,126.966818545949,유료,,"매주 월요일, 1월1일, 설날?추석 당일",,02-2148-4171,https://www.jfac.or.kr/site/main/content/parkns01,2.3,양호
종로문화원,문화원,공연시설,서울특별시 종로구 율곡로 5,종로구,청운효자동,11010720,37.5761097079432,126.980378016466,무료,,"토,일요일, 공휴일",,02-2148-4087-8,http://jongno.kccf.or.kr,120.9,양호
주한일본대사관 공보문화원,문화원,공연시설,서울 종로구 율곡로 6 트윈트리타워 B동,종로구,청운효자동,11010720,37.5754538625026,126.979775832051,유료,09:30~17:00,"매주 토.일요일 및 매주 제1 월요일, 공휴일, 연말연시 휴관",,02-765-3011,https://blog.naver.com/bunkain,132.8,양호
청와대 사랑채,기타,기타문화,서울특별시 종로구 효자로13길 45,종로구,청운효자동,11010720,37.582544875368,126.973059283309,무료,,매주 화요일 휴관,,02-723-0300,https://cwdsarangchae.kr/,80.6,양호
청운문학도서관,도서관,도서관,서울특별시 종로구 자하문로36길 40,종로구,청운효자동,11010720,37.5903786043,126.965918905,무료,,"매주 월요일, 1월1일,설연휴,추석연휴",,070-4680-4032~3,https://www.jfac.or.kr/,58.7,양호
클래식고택 디토,공연장,공연시설,서울특별시 종로구 필운대로 35-16,종로구,청운효자동,11010720,37.5792072268896,126.9683130536,무료,,연중무휴,,070-4001-0820,https://www.mfesta.org/,16.4,양호
가나아트센터,미술관/갤러리,전시시설,서울특별시 종로구 평창30길 28,종로구,평창동,11010560,37.6122447138613,126.975182153045,유료,"월 ~ 일, 10 am - 7pm",월요일,,02-720-1020,http://www.ganaart.com/,35.7,양호
갤러리세줄,미술관/갤러리,전시시설,서울특별시 종로구 평창30길 40,종로구,평창동,11010560,37.6134222984483,126.975144951828,무료,전시중 휴일 없음,일요일,,02-391-9171,http://www.sejul.com,102.5,양호
삼성출판박물관,박물관/기념관,전시시설,서울특별시 종로구 비봉길 2-2,종로구,평창동,11010560,37.6086977287684,126.95707605716,유료,월~금 10:00~17:00,"토, 일요일공휴일 휴관",,02-394-6544,http://ssmop.org/,139.9,양호
상명대학교 박물관,박물관/기념관,전시시설,서울특별시 종로구 평창문화로 151,종로구,평창동,11010560,37.6105845819103,126.975762353288,무료,월~금 10:00~16:00,"토,일요일법정공휴일개교기념일동하계 휴가기간",,02-781-7920,http://museum.smu.ac.kr/,174.5,양호
상명아트센터,공연장,공연시설,서울특별시 종로구 홍지문2길 20,종로구,평창동,11010560,37.604108905882,126.955159496571,유료,,홈페이지 참조,,02-2287-7186,https://www.smu.ac.kr/smarts/index.do,263.9,주의
서울시립 미술아카이브,미술관/갤러리,전시시설,서울특별시 종로구 평창문화로 101,종로구,평창동,11010560,37.6078008399411,126.97190179486,무료,평일(화~금) 오전 10시 ~ 오후 8시 (관람 종료 1시간 전까지 입장)<br>토 ? 일 ? 공휴일<br>   - 하절기(3~10월) 오전 10시~오후 7시<br>   - 동절기(11~2월) 오전 10시~오후 6시,"1월 1일 , 매주 월요일(월요일이 공휴일인 경우 정상 개관)",,02-2124-7400,https://sema.seoul.go.kr/kr/visit/art_archive,77.6,양호
서울아트센터 도암,공연장,공연시설,서울특별시 종로구 평창문화로 70,종로구,평창동,11010560,37.6057079931502,126.967906461707,유료,,홈페이지 참조,,02-2287-0599,https://doam.me/,59.1,양호
영인문학관,박물관/기념관,전시시설,서울특별시 종로구 평창30길 81,종로구,평창동,11010560,37.6118924682662,126.971757889162,유료,"연 2회 (4~5월, 9~10월)10:30~17:00","매주 토요일, 일요일 및 공휴일, 명절 연휴",,02-379-3182,https://young-in.kr/,159.3,양호
토탈미술관,미술관/갤러리,전시시설,서울특별시 종로구 평창32길 8,종로구,평창동,11010560,37.6121218314376,126.975674758078,유료,화~일 11:00~18:00,"월요일신정, 추석, 전시준비기간",,02-379-7037,http://www.totalmuseum.org/,8.1,양호
화정박물관,박물관/기념관,전시시설,서울 종로구 평창8길 3 화정박물관,종로구,평창동,11010560,37.6045448453703,126.966081861578,유료,10:00~18:00,"매주 월요일, 1월 1일, 설?추석 연휴",,02-2075-0114,http://www.hjmuseum.or.kr/,54.0,양호
JCC 아트센터,공연장,공연시설,서울특별시 종로구 창경궁로35길 29,종로구,혜화동,11010730,37.5871831839413,127.001885702262,유료,,운영프로그램에 따라 변동,,02-2138-7373,https://www.jeijcc.org/intro.html,43.7,양호
갤러리240,미술관/갤러리,전시시설,서울특별시 종로구 창경궁로 240-37,종로구,혜화동,11010730,37.5821766417247,126.998581997051,무료,,개별 확인,,0507-1396-2533,https://gallery240.creatorlink.net/index#,49.5,양호
극장동국,공연장,공연시설,서울특별시 종로구 창경궁로 259,종로구,혜화동,11010730,37.5845508578762,127.000034418091,유료,,홈페이지 참조,,02-747-5296,https://www.facebook.com/PalyDongGuk,80.9,양호
나온씨어터,공연장,공연시설,서울특별시 종로구 혜화로9길 7,종로구,혜화동,11010730,37.5877080257863,126.999406149636,유료,,없음,,02-3675-3677 ,https://naontheater20.modoo.at/,18.8,양호
동숭무대소극장,공연장,공연시설,서울특별시 종로구 혜화로 35 지하 1층,종로구,혜화동,11010730,37.58868965585108,126.99917120271677,유료,,홈페이지 참조,,0507-1360-2695,https://cafe.naver.com/dsstage,21.4,양호
링크아트센터,공연장,공연시설,서울 종로구 대학로14길 29 링크아트센터,종로구,혜화동,11010730,37.5846899489243,127.00229469461,유료,,홈페이지 참조,,02-3674-7897,http://www.linkartscenter.com/,72.7,양호
미마지아트센터 눈빛극장,공연장,공연시설,서울특별시 종로구 혜화로 17,종로구,혜화동,11010730,37.5871099480928,126.999784539905,유료,,정보없음,,02-6404-5005,http://www.mimagi.com/space2.htm,50.8,양호
민송아트홀,공연장,공연시설,서울시 종로구 대학로 144 중원빌딩 6층,종로구,혜화동,11010730,37.5839656428817,127.002167077362,유료,,홈페이지 참조,,02-766-8134,http://www.semyung.ac.kr/smenter/sub05_01.do,50.7,양호
서울 명륜동 장면 가옥 ,박물관/기념관,전시시설,서울특별시 종로구 혜화로5길 49,종로구,혜화동,11010730,37.5875414324732,126.999456195054,무료,,"매주 월요일, 명절",,070-8239-1063,https://tour.jongno.go.kr/tour/tour/indvdlz/view.do?nttId=27007&menuNo=400188,27.1,양호
서울대학교병원 의학박물관,박물관/기념관,전시시설,서울특별시 종로구 대학로 101,종로구,혜화동,11010730,37.5804523853297,126.997196437908,무료,,일요일 및 공휴일 / 근로자의 날(5. 1) / 병원 법인화 기념일(10. 15),,02-2072-2636,http://www.medicalmuseum.org,198.1,양호
서울연극센터,기타,기타문화,서울특별시 종로구 대명길 3,종로구,혜화동,11010730,37.583389560237,127.001322132303,유료,"화~토요일 10:00~20:00 | 일,공유일 10:00~19:00",매주 월요일 및 공휴일 휴관,,02-743-9333,https://www.sfac.or.kr/artspace/artspace/play_main.do,20.5,양호
선돌극장,공연장,공연시설,서울특별시 종로구 혜화로5길 5,종로구,혜화동,11010730,37.5868126204241,126.99976518,유료,,개별 확인,,02-747-3226,없음,47.2,양호
성균소극장,공연장,공연시설,서울특별시 종로구 성균관로 12-3,종로구,혜화동,11010730,37.5841853971749,126.997946812419,유료,,홈페이지 참조,,070-4135-3333,https://sktheater.modoo.at,41.6,양호
소극장 공유,공연장,공연시설,서울특별시 종로구 창경궁로 303,종로구,혜화동,11010730,37.5876012161168,127.003205541939,무료,,없음,,홈페이지 참고,https://theater0you.modoo.at/,104.9,양호
씨어터쿰,공연장,공연시설,서울특별시 종로구 창경궁로 253-7,종로구,혜화동,11010730,37.5844227357062,126.999528450321,무료,,없음,,02-6085-0015,https://www.daehakroticket.com/ticket.do?command=hall_view&tht_code=20200304001,55.9,양호
아웃사이트,미술관/갤러리,전시시설,서울특별시 종로구 창경궁로35가길 12,종로구,혜화동,11010730,37.5872586942711,127.001368055445,무료,,"월요일, 공휴일",,02-742-3512,http://www.out-sight.net,76.6,양호
어린이청소년 국학도서관,도서관,도서관,서울특별시 종로구 명륜길 26 와룡문화센터 5층,종로구,혜화동,11010730,37.588685880434,126.995540232987,무료,,"매주 일요일, 법정공휴일",,02-747-8335,https://www.jfac.or.kr,39.9,양호
연우소극장,공연장,공연시설,서울특별시 종로구 창경궁로35길 21,종로구,혜화동,11010730,37.5869860485923,127.001764324278,유료,,홈페이지 참조,,02-744-5701,https://iyeonwoo.modoo.at/,26.5,양호
열린극장,공연장,공연시설,서울특별시 종로구 창경궁로 258-12,종로구,혜화동,11010730,37.5837053652706,127.000356517572,유료,,개별 확인,,02-743-6474,없음,115.9,양호
예그린씨어터,공연장,공연시설,서울특별시 종로구 동숭길 130-5 B1,종로구,혜화동,11010730,37.583890209576,127.003075297162,유료,,프로그램별 상이,,02-6673-0100,https://yegreen.kr/,58.1,양호
예술공간혜화,공연장,공연시설,서울특별시 종로구 혜화로 10-3,종로구,혜화동,11010730,37.5866272854666,127.000475979187,유료,,홈페이지 참조,,홈페이지 참조,https://www.instagram.com/artdre2021/,42.6,양호
종로 아이들극장,공연장,공연시설,서울 종로구 명륜1가 2-42 올림픽기념국민생활관 신관,종로구,혜화동,11010730,37.59029701704756,126.99830160838778,유료,,홈페이지 참조,,02-2088-4290,https://jct.jfac.or.kr/site/child/home,13.9,양호
짚풀생활사박물관,박물관/기념관,전시시설,서울특별시 종로구 성균관로4길 45,종로구,혜화동,11010730,37.5849058490839,126.999842853497,유료,화~일 10:00~17:30,"매주 일요일, 월요일, 1월 1일, 설날, 추석 연휴",,02-743-8787,http://www.jipul.com/index.php,49.2,양호
파소 갤러리 헤리티지,미술관/갤러리,전시시설,서울특별시 종로구 성균관로 92,종로구,혜화동,11010730,37.5897525530897,126.998762107984,무료,,"공휴일 휴무, 전시 성격에 따라 운영시간 변동 될 수 있음",,02-765-4331,https://www.instagram.com/pasogallery/,43.8,양호
한무숙문학관,박물관/기념관,전시시설,서울특별시 종로구 혜화로9길 20,종로구,혜화동,11010730,37.587790370379,126.998657523066,무료,,"일요일, 공휴일",,02-762-3093,http://www.hahnmoosook.com,47.2,양호
한양도성 혜화동 전시안내센터,박물관/기념관,전시시설,서울특별시 종로구 창경궁로35길 63,종로구,혜화동,11010730,37.5886093418801,127.003012312572,무료,,"매주 월요일, 1월 1일, 설날, 추석",,02-766-8520,https://yeyak.seoul.go.kr/web/reservation/selectReservView.do?rsv_svc_id=S240723133537234632&code=T200,70.8,양호
혜화동1번지,공연장,공연시설,종로구 혜화동 88-1번지,종로구,혜화동,11010730,37.5864,127.001344,무료,,홈페이지 참조,,홈페이지 참조,https://www.instagram.com/hhdlab,65.5,양호
혜화아트센터,미술관/갤러리,전시시설,서울 종로구 대학로 156 1층,종로구,혜화동,11010730,37.585549,127.002437,무료,,정보 없음,,02-747-6943,https://hhart.co.kr/,84.5,양호
DDP(동대문디자인플라자),기타,기타문화,서울특별시 중구 을지로 281,중구,광희동,11020590,37.56735731522952,127.0097797348434,무료,,1월 1일 / 설날 / 추석 당일 * 공간별 상이,,02-2153-0000,http://www.ddp.or.kr,68.6,양호
YK Presents,미술관/갤러리,전시시설,서울특별시 중구 을지로43길 13,중구,광희동,11020590,37.5668979260337,127.006807513903,무료,,"월요일, 일요일",,홈페이지 참고,http://www.ykpresents.com,38.3,양호
인현이음,기타,기타문화,서울특별시 중구 퇴계로41길 30  인현문화마루 3층,중구,광희동,11020590,37.5631948764436,126.996190190284,무료,,"매주 일?월요일, 법정공휴일",,02-2230-6724,https://vo.la/QdZNx,55.2,양호
느티나무어린이도서관,도서관,도서관,서울특별시 중구 다산로 75,중구,다산동,11020700,37.5512817057142,127.007605731757,무료,,"일요일, 공휴일",,02-3298-0918,https://linktr.ee/neuty_lib,41.5,양호
박정희 가옥,박물관/기념관,전시시설,서울특별시 중구 다산로36가길 25,중구,동화동,11020730,37.561469121354,127.019854920988,무료,,"월, 1월 1일, 설날, 추석 기념 행사시(사전공지 예정)",,02-2231-5143,https://yeyak.seoul.go.kr/web/reservation/selectReservView.do?rsv_svc_id=S231222144218843893,22.4,양호
ALT SPACE,기타,기타문화,서울특별시 중구 퇴계로18길 77,중구,명동,11020550,37.5577104175282,126.984917948957,무료,,없음,,0507-1410-0246,https://alt9.xyz/,41.2,양호
CKL스테이지,공연장,공연시설,서울특별시 중구 청계천로 40 CKL기업지원센터 지하 1층 (한국관광공사 건물),중구,명동,11020550,37.5685285762171,126.981627280645,무료,,홈페이지 참조,,02-6441-3951,https://venture.ckl.or.kr/event/cklStageEvent.do,67.7,양호
국립극단 명동예술극장,공연장,공연시설,서울특별시 중구 명동길 35,중구,명동,11020550,37.5640414482615,126.984202014061,유료,,홈페이지 참조,,1644-2003,http://www.ntck.or.kr/ko,56.7,양호
군기시유적전시실,박물관/기념관,전시시설,서울특별시 중구 세종대로 110 시민청 지하 1층,중구,명동,11020550,37.56682861183312,126.9781287511621,무료,,"매주 일요일, 1월 1일, 설날?추석 당일",,02-739-9922,https://museum.seoul.go.kr/www/intro/annexIntro/annex_gun/annex_gun_01.jsp?sso=ok,88.8,양호
더 케이브 서울,기타,기타문화,서울 중구 청계천로 24 케이스퀘어빌딩 지하 1층,중구,명동,11020550,37.5685159133492,126.98020965303,무료,,매주 월요일,,02-6250-5352,https://www.thecave.me/,62.9,양호
명동난타극장,공연장,공연시설,서울특별시 중구 명동길 26,중구,명동,11020550,37.5634574532023,126.983764788709,유료,"월~일 및 공휴일 2시, 5시, 8시",없음,382,02-739-8288,http://www.nanta.co.kr/,40.1,양호
명동아트브리즈,기타,기타문화,서울특별시 중구 남대문로 52-20,중구,명동,11020550,37.5619920911407,126.982629878627,무료,,연중무휴(휴관일은 별도공지),,02-3789-2226,http://www.myeongdongbreeze.com,92.9,양호
모리함,미술관/갤러리,전시시설,서울특별시 중구 소공로 36,중구,명동,11020550,37.5587419129145,126.983167890728,무료,,없음,,02-790-1888,https://www.instagram.com/moryham_,14.2,양호
삼일로창고극장,공연장,공연시설,서울시 중구 삼일대로9길 12,중구,명동,11020550,37.563469,126.9879706,유료,공연시간에 따라 다름,"매주 월요일/설,추석 연휴 일(공연장) 설, 추석 연휴 당일(스튜디오)",100,02-3789-9640,http://samilro.com/,101.5,양호
서울갤러리,미술관/갤러리,전시시설,"서울특별시 중구 세종대로 110, 서울특별시청 지하 1, 2층",중구,명동,11020550,37.566370776634,126.977918351844,무료,,"매주 일요일, 1월 1일, 설추석 당일",,02-6324-1400,https://www.seoul.go.kr/seoulgallery/www/index.do,79.6,양호
서울도서관,도서관,도서관,서울특별시 중구 세종대로 110,중구,명동,11020550,37.5663174209601,126.977829174031,무료,,"매주 월요일, 공휴일",,02-2133-0300,https://lib.seoul.go.kr/,75.5,양호
서울도시건축전시관,박물관/기념관,전시시설,서울특별시 중구 세종대로 119,중구,명동,11020550,37.5668837502225,126.976702419575,무료,,"매주 월요일 (공휴일인 경우, 그 다음날), 1월1일, 설날, 추석 ",,027368050,https://sca.seoul.go.kr/seoulhour/site/urbanArch/home,24.3,양호
서울시청 하늘광장 갤러리,미술관/갤러리,전시시설,서울특별시 중구 세종대로 110,중구,명동,11020550,37.56672958991572,126.97860700965404,무료,,주말 및 공휴일,,02-2133-5641,http://skyplazagallery.com/,95.5,양호
주한 리스트 헝가리 문화원,문화원,공연시설,서울 중구 명동길 26 유네스코 회관 8층 801호,중구,명동,11020550,37.5634574532023,126.983764788709,무료,,"매주 토요일, 일요일",,02-3789-2106,https://culture.hu/kor/seoul/aboutus-kor,40.1,양호
지역관광 안테나숍,기타,기타문화,서울특별시 중구 세종대로 119,중구,명동,11020550,37.5668837502225,126.976702419575,무료,,"매주 월요일 및 추석, 설날",,0507-1371-0664,https://www.instagram.com/antennashop_seoul/,24.3,양호
청계천 광교갤러리,미술관/갤러리,전시시설,서울 중구 남대문로1가 9,중구,명동,11020550,37.5687746427352,126.982855935853,무료,,없음,,02-2290-6803,https://www.sisul.or.kr/open_content/cheonggye/application/gwanggyo.jsp,105.3,양호
초전섬유 퀼트박물관,박물관/기념관,전시시설,서울특별시 중구 퇴계로18길 66,중구,명동,11020550,37.5581456932929,126.984258263112,유료,10:00~17:00,공휴일 및 일요일,,02-753-4075,http://www.jculture.co.kr/museum/index1.htm,32.4,양호
한국금융사박물관,박물관/기념관,전시시설,서울특별시 중구 세종대로 135-5,중구,명동,11020550,37.5685952282764,126.976433052559,무료,월~토 10:00~18:00,일요일 및 공휴일,,02-2151-7677,https://www.beautifulshinhan.co.kr/servShcaInqy2010.do?mappingId=%2FservShcaInqy2010.do&genActiontypeCd=2ACT1010&genDoctreattypeCd=&genMenuId=menu_serv_serv_lawt_3020,36.3,양호
경향아트힐,기타,기타문화,서울 중구 정동길 3 경향신문사건물,중구,소공동,11020520,37.5681732680976,126.969976113229,유료,,연중무휴,,없음,없음,69.4,양호
국립정동극장,공연장,공연시설,서울특별시 중구 정동길 43,중구,소공동,11020520,37.5659336365406,126.972844434584,유료,"상설공연 오후4시, 8시",행사별 상이,344,02-751-1500,https://jeongdong.or.kr/portal/main/main.do,110.7,양호
국립정동극장 세실,공연장,공연시설,서울특별시 중구 세종대로19길 16,중구,소공동,11020520,37.566806928366,126.975968516037,유료,,공연별 상이,,02-751-1500,https://www.jeongdong.or.kr/portal/main/main.do,44.2,양호
국립현대미술관 덕수궁,미술관/갤러리,전시시설,서울특별시 중구 세종대로 99,중구,소공동,11020520,37.5660868250943,126.973725785222,유료,,"매주 월요일, 1월 1일",,02-2022-0600,https://www.mmca.go.kr/visitingInfo/deoksugungInfo.do,93.2,양호
국토발전전시관,박물관/기념관,전시시설,서울특별시 중구 정동길 18,중구,소공동,11020520,37.5668101785732,126.9700823803,무료,,"매주 월요일, 1월 1일, 설날.추석 연휴",,"02-3425-8900,  8901",https://www.molit.go.kr/molitum/intro.do,91.4,양호
농업박물관,박물관/기념관,전시시설,서울특별시 중구 새문안로 16,중구,소공동,11020520,37.566738542645766,126.96832931549086,무료,09:30~18:00,"월요일, 법정공휴일",,02-2080-5727,https://www.agrimuseum.or.kr:472/,97.4,양호
롯데화랑(본점),미술관/갤러리,전시시설,서울  중구 소공동 1 ),중구,소공동,11020520,37.5653936,126.9808087,무료,10:30 ~ 20:00 (백화점 영업시간과 동일),백화점과 동일,,02-726-4428-9,,55.5,양호
문화일보홀,공연장,공연시설,서울특별시 중구 새문안로 22 문화일보홀,중구,소공동,11020520,37.5671088579851,126.968689785217,유료,공연에 따라 다름,매주 일요일 (공휴일 휴관여부는 홈페이지 참조),302,02-739-5422~4,https://cafe.naver.com/seoulsilvercinema,47.8,양호
배재학당역사박물관,박물관/기념관,전시시설,서울특별시 중구 서소문로11길 19 배재학당역사박물관,중구,소공동,11020520,37.564007341132,126.97260325467973,무료,,일?월,,02-319-5578,https://appenzeller.pcu.ac.kr/appenzeller,23.5,양호
서울시립미술관 서소문본관,미술관/갤러리,전시시설,서울특별시 중구 덕수궁길 61,중구,소공동,11020520,37.5641060692766,126.973699316136,무료,평일(화~금) 오전 10시 ~ 오후 8시 (관람 종료 1시간 전까지 입장)<br>토 ? 일 ? 공휴일<br>   - 하절기(3~10월) 오전 10시~오후 7시<br>   - 동절기(11~2월) 오전 10시~오후 6시,"1월 1일 , 매주 월요일(월요일이 공휴일인 경우 정상 개관)",,02-2124-8800,https://sema.seoul.go.kr/kr/visit/seosomun,89.4,양호
서울아트시네마,공연장,공연시설,서울특별시 중구 정동길 3 경향아트힐 2층,중구,소공동,11020520,37.5681732680976,126.969976113229,유료,,홈페이지 참조,,02-741-9782,http://www.cinematheque.seoul.kr/,69.4,양호
이화박물관,박물관/기념관,전시시설,서울특별시 중구 정동길 26,중구,소공동,11020520,37.5661766361549,126.971324436617,무료,,"매주 일, 월요일, 공휴일, 기타 관장이 정하는 휴일",,02-2175-1964,http://www.ewhamuseum.com,75.7,양호
이화여고 100주년기념관,박물관/기념관,전시시설,서울특별시 중구 정동길 26,중구,소공동,11020520,37.56623459588855,126.9706951930061,무료,,공연 및 행사별 상이,,02-777-4258,https://ewha.hs.kr/bbs/board.php?bo_table=0108,57.5,양호
정동1928 아트센터,기타,기타문화,서울특별시 중구 덕수궁길 130,중구,소공동,11020520,37.5679960866099,126.973957385284,유료,,연중무휴,,02-722-1928,https://www.jeongdong1928.com/,7.4,양호
조선일보미술관,미술관/갤러리,전시시설,서울특별시 중구 세종대로21길 33,중구,소공동,11020520,37.567895444475,126.975208646759,무료,10:00 ~ 18:00,전시준비기간 및 기타 미술관 사정에 따라 달라질수 있음,,02-724-6322,없음,87.4,양호
주한영국문화원,문화원,공연시설,서울특별시 중구 서소문로11길 19,중구,소공동,11020520,37.5637878280982,126.972089131199,유료,,공휴일,,02-3702-0601,https://www.britishcouncil.kr/,39.2,양호
한국은행 화폐박물관,박물관/기념관,전시시설,서울특별시 중구 남대문로 39,중구,소공동,11020520,37.56204024128875,126.98055510383593,무료,10:00~17:00,"매주 월요일, 설 연휴, 추석 연휴, 근로자의 날, 선거일, 12월 29일부터 다음해 1월 2일",,02-759-4881,http://www.bok.or.kr/museum/main/main.do,39.5,양호
갤러리 신당,미술관/갤러리,전시시설,서울 중구 퇴계로 387 충무아트센터,중구,신당동,11020690,37.5659409687669,127.014790889728,유료,,"매주 월요일, 공휴일",,02-2230-6600,https://www.caci.or.kr/rent/space/JSVFazRqak55NFVRWFAzenFtMWJPa2hQMFNQcWdDdEc0U1dJVXpES1B4bFFpbUZ6NXYrRVBFajE3WGdWTlgzQmxSYQ==,85.1,양호
동대문역사관,박물관/기념관,전시시설,서울특별시 중구 을지로 281,중구,신당동,11020690,37.56710262553757,127.01153416188669,무료,,"월, 신정, 설?추석 당일",,02-2153-0200,https://museum.seoul.go.kr/scwm/ddmHistory/ddmWatchInfo.jsp,97.9,양호
동대문운동장기념관,박물관/기념관,전시시설,서울특별시 중구 을지로 281,중구,신당동,11020690,37.56781670060353,127.01116073816152,무료,,"월, 신정, 설?추석 당일",,02-2153-0201,https://museum.seoul.go.kr/scwm/ddmGround/ddmGWatchInfo.jsp,49.6,양호
뮤지엄멋 (museum mut),기타,기타문화,"서울특별시 중구 퇴계로 411 뮤지엄멋 m1, m2",중구,신당동,11020690,37.5657793622516,127.017212536149,무료,,정보없음,,정보없음,https://www.instagram.com/museum_mut/,26.7,양호
비더비(B the B) ,기타,기타문화,"서울시 중구 을지로 281, DDP 지하2층 DDP마켓 BtheB",중구,신당동,11020690,37.5680445876689,127.010890355484,무료,,매주 월요일,,02-2153-0770,https://btheb.sba.kr/,43.7,양호
충무아트센터,문화예술회관,공연시설,서울특별시 중구 퇴계로 387,중구,신당동,11020690,37.5659409687669,127.014790889728,유료,,월요일,,02-2230-6601,http://www.caci.or.kr,85.1,양호
신당생활문화예술터일상,기타,기타문화,서울특별시 중구 퇴계로 408,중구,신당제5동,11020650,37.5651113032546,127.017008191328,무료,,"매주 일요일, 법정공휴일",,070-7767-6733,https://www.instagram.com/ilsang_center/,29.9,양호
PS CENTER,미술관/갤러리,전시시설,"서울 중구 창경궁로5다길 18, 3층 ",중구,을지로동,11020600,37.56787,126.9967,무료,,"*일요일, 월요일, 공휴일 휴무 *30분 전 입장 마감 ",,02-6956-3501,https://www.instagram.com/p.s.center,27.8,양호
뉴스뮤지엄 을지로점,미술관/갤러리,전시시설,서울특별시 중구 을지로 127,중구,을지로동,11020600,37.5665858405333,126.99206174432,무료,,정보없음,,070-7717-6623,https://www.nnews-museum.com/euljiro,4.9,양호
명보아트홀,공연장,공연시설,서울특별시 중구 마른내로 47,중구,을지로동,11020600,37.5647056236712,126.993214191194,유료,평일 11:00 ~ 18:30 토?일요일 10:00 ~ 18:30,공연별 상이,,02-2274-2121,https://www.mbah.co.kr/,47.9,양호
서울영화센터,기타,기타문화,서울 중구 마른내로 38 서울영화센터,중구,을지로동,11020600,37.5641618036958,126.992108521208,무료,,없음,,02-3455-8389,https://www.seoulfilmcenter.com/index.do,43.0,양호
스페이스 카다로그,미술관/갤러리,전시시설,서울특별시 중구 을지로3가 수표로 58-1 3F,중구,을지로동,11020600,37.5664621449086,126.989854099281,무료,,매주 월요일,,없음,https://cadalogs.com/,69.1,양호
코소,미술관/갤러리,전시시설,서울특별시 중구 창경궁로5길 32,중구,을지로동,11020600,37.5670762773012,126.99617437226,무료,,전시에 따라 변경,,없음,https://cosocoso.kr/,32.1,양호
푸르지오 아트홀,공연장,공연시설,서울특별시 중구 을지로 170 을지트윈타워 서관 3층,중구,을지로동,11020600,37.5661391831606,126.99732748195,무료,,없음,,02-2288-2864,http://prugioarthall.daewooenc.com,71.4,양호
동국대학교 박물관,박물관/기념관,전시시설,서울특별시 중구 필동로1길 30,중구,장충동,11020580,37.55821033013079,127.00232862783749,무료,월~금 10:00~16:00,"토?일, 공휴일 (이외 홈페이지 참조)",,02-2260-3722~3,http://dgumuseum.dongguk.edu,37.6,양호
종이나라박물관,박물관/기념관,전시시설,서울특별시 중구 장충단로 166,중구,장충동,11020580,37.5596804372304,127.006202929994,유료,,"일요일, 국경일",,02-2279-7901,https://cafe.naver.com/papermuseum,69.6,양호
서소문성지 역사박물관,박물관/기념관,전시시설,서울특별시 중구 칠패로 5,중구,중림동,11020680,37.5605678517575,126.968867161039,무료,,"매주 월요일, 1월 1일. 설 당일, 추석 당일",,02-3147-2401,https://www.seosomun.org/,23.2,양호
서울로미디어캔버스,기타,기타문화,서울특별시 중구 만리재로 215,중구,중림동,11020680,37.55659103776328,126.96821760617011,무료,,없음,,02-2133-1938,http://www.instagram.com/mediaartseoul,44.7,양호
한국경제신문빌딩,기타,기타문화,서울특별시 중구 청파로 463,중구,중림동,11020680,37.5598688323642,126.967109652664,유료,,없음,,02-360-4114,https://company.hankyung.com/ked/,35.3,양호
RNL 로즈앤라임 갤러리,미술관/갤러리,전시시설,서울 중구 다산로 138 B1,중구,청구동,11020720,37.5560473866483,127.011629334897,무료,,매주 일요일,,02-2236-6247,https://www.rosenlime.com/RNL_exhibitions,20.1,양호
2ND AVENUE GALLERY,미술관/갤러리,전시시설,서울특별시 중구 필동로8길 22,중구,필동,11020570,37.555139463911,126.994911633545,무료,,"월요일, 공휴일",,02-593-1140,http://www.gallery2ndave.com/gallery/about,41.5,양호
공간채비,기타,기타문화,서울 중구 서애로1길 11 충무로 헤센스마트 상가201호,중구,필동,11020570,37.561326262637,126.998598237823,유료,,없음,,02-739-9517,https://www.chaebi.life,60.7,양호
국립극장,공연장,공연시설,서울특별시 중구 장충단로 59,중구,필동,11020570,37.5519949082942,126.999267349473,유료,,월요일,,02-2280-4114,https://www.ntok.go.kr,288.3,주의
남산XR스튜디오,기타,기타문화,서울특별시 중구 퇴계로26가길 82,중구,필동,11020570,37.5576096402862,126.991750102803,유료,,"매주 토, 일요일, 법정 공휴일",,02-779-9877 ,http://namsanxr.or.kr/,221.0,주의
남산골한옥마을,기타,기타문화,서울특별시 중구 퇴계로34길 28,중구,필동,11020570,37.559304933707146,126.994440072131,무료,4월 ~ 10월 : 09:00 ~ 21:00 / 11월 ~ 3월 : 09:00 ~ 20:00,매주 월요일 ,,02-6358-5533,http://www.hanokmaeul.or.kr,112.8,양호
동국대학교서울캠퍼스 이해랑예술극장,공연장,공연시설,서울특별시 중구 필동로1길 30,중구,필동,11020570,37.5589366401553,126.998737605491,유료,,홈페이지 참조,,02-2260-8563,https://larts.dongguk.edu/main,44.3,양호
드라마센터,공연장,공연시설,서울특별시 중구 소파로 138,중구,필동,11020570,37.5591300607013,126.988389426431,유료,공연에 따라 다름,공연에 따라 다름,476,02-778-0260,https://www.seoularts.ac.kr/web/content.do?proFn=9992321,60.9,양호
마프MAF,미술관/갤러리,전시시설,서울 중구 서애로 33 5F,중구,필동,11020570,37.5595492748546,126.996562057598,무료,,"매주 토,일,월,화",,02-3444-7178,https://mindfulartforum.modoo.at/,53.9,양호
문학의집서울,기타,기타문화,서울특별시 중구 퇴계로26길 65,중구,필동,11020570,37.5580841736,126.9892390979,무료,,"일요일 및 법정공휴일, 본 법인이 정한 날",,02-778-1026~7,http://www.imhs.co.kr,28.5,양호
샬트르성바오로수녀회 역사박물관,박물관/기념관,전시시설,서울특별시 중구 명동길 74-2,중구,필동,11020570,37.56244218046588,126.98804211686432,무료,"10:00~11:30, 13:30~16:30","매주 월요일, 국경일, 부활절, 성탄절",,02-3706-3255,http://www.spcseoul.or.kr,202.6,주의
서울남산국악당,공연장,공연시설,서울특별시 중구 퇴계로34길 28 서울남산국악당,중구,필동,11020570,37.5583499463987,126.994021611776,유료,,매주 월요일,,02-6358-5500,https://sgtt.kr/,3.3,양호
에케이다,미술관/갤러리,전시시설,서울 중구 퇴계로39길 12-7 1층,중구,필동,11020570,37.5619374686783,126.994490695752,무료,,"매주 월요일, 화요일",,없음,https://eckeida.my.canva.site/step1 ,51.2,양호
충무로영상센터 오!재미동,기타,기타문화,서울특별시 중구 퇴계로 지하 214 (충무로역 지하1층 개찰구 안) ,중구,필동,11020570,37.5612890978954,126.994207448462,무료,,일요일 포함 공휴일 휴관,,02-777-0421,https://www.ohzemidong.co.kr/main.php,41.0,양호
한국의집 민속극장,공연장,공연시설,서울특별시 중구 퇴계로36길 10,중구,필동,11020570,37.5602982972447,126.99475407474736,유료,월~ 토 1부:19:00~20:00              2부 20:50~21:50일 1부 20:00~21:00,홈페이지 참조,,02-2270-1131~2,https://www.kh.or.kr/cms/content/view/556,74.6,양호
신당창작아케이드,기타,기타문화,서울 중구 마장로 87 (서울중앙시장 지하),중구,황학동,11020670,37.5673552,127.0195172,유료,,주말 및 공휴일 휴관,,02-2232-8833,https://www.sfac.or.kr/artspace/artspace/sindang_main.do,28.6,양호
1인미디어콤플렉스,기타,기타문화,서울 중구 세종대로 14 GRAND CENTRAL A동 5F,중구,회현동,11020540,37.5578385325826,126.9744151,유료,,"매주 일요일, 법정공휴일, 임시휴일 및 12월 31일 휴관",,02-317-6192,https://meplex.co.kr/,41.2,양호
남산공원 호현당,기타,기타문화,서울 중구 회현동1가 산 1-44,중구,회현동,11020540,37.5550484830696,126.98043243063,무료,,프로그램별 상이,,02-3783-5995,http://parks.seoul.go.kr/,49.6,양호
문화역서울284,기타,기타문화,서울 중구 통일로 1 문화역서울284,중구,회현동,11020540,37.5560581817344,126.972115894161,무료,,매주 월요일 휴관,,02-3407-3500,https://www.seoul284.org/main,8.9,양호
안중근의사기념관,박물관/기념관,전시시설,서울특별시 중구 소월로 91,중구,회현동,11020540,37.5534684886426,126.980404324804,무료,3월 ~ 10월 09:00 ~ 18:00,"매주 월요일 (월요일이 공휴일인 경우 개관하고 다음 날 휴관) 1월 1일, 설날(당일), 추석(당일)",,02-3789-1016,http://www.ahnjunggeun.or.kr/index.html,124.7,양호
한양도성 유적전시관,기타,기타문화,서울 중구 회현동1가 100-267,중구,회현동,11020540,37.55390443319124,126.98179078204588,무료,,"매주 월요일, 1월 1일, 설날/추석 당일 * 외부 유적 관람은 휴관일에도 가능",,02-779-9870,https://seoulcitywall.seoul.go.kr/content/129.do,102.1,양호
양원숲속도서관,도서관,도서관,서울특별시 중랑구 송림길 172,중랑구,망우본동,11070730,37.6068612804905,127.110697152107,무료,,"월요일, 법정공휴일, 근로자의 날",,02-432-0710,https://www.jungnanglib.seoul.kr/ywlib/index.do,71.8,양호
망우마중마을활력소,기타,기타문화,서울특별시 중랑구 용마산로 461,중랑구,망우제3동,11070680,37.5923584985717,127.098158860524,무료,,"매주 일요일, 임시공휴일",,02-434-1240,https://blog.naver.com/jnmaeul46382,17.0,양호
중랑구립면목정보도서관,도서관,도서관,서울 중랑구 면목로 397,중랑구,면목본동,11070710,37.5873556125386,127.087555200335,무료,,"매월 1, 3번째 월요일",,02-432-4123,https://www.jungnanglib.seoul.kr/,30.6,양호
중랑구민회관,기타,기타문화,서울특별시 중랑구 면목로 238,중랑구,면목제4동,11070540,37.57384126888469,127.08506502512876,유료,09:00 ~ 21:00,"매월 첫째, 셋째 일요일, 공휴일",500,02-2207-6130,http://www.jungnangimc.or.kr,95.3,양호
중랑면목미디어센터,기타,기타문화,서울시 중랑구 용마산로 209 (쌍용더플래티넘 용마산) 104동 공공기여시설 B1,중랑구,면목제4동,11070540,37.5721214955079,127.085749618276,무료,,매주 일요일,,02-2094-0666,https://www.jungnang.go.kr/mediacenter/index.do,32.5,양호
중랑문화원,문화원,공연시설,"서울 중랑구 면목로 238 중랑구민회관 3층, 중랑문화원",중랑구,면목제4동,11070540,37.5739539541608,127.085105452975,무료,,정보없음,,02-492-0066~7,https://www.ejnc.kr/,82.2,양호
중랑문화체육관,기타,기타문화,서울특별시 중랑구 사가정로72길 47,중랑구,면목제7동,11070570,37.5793003913518,127.095770883838,유료,,"둘째,넷째,다섯째주 일요일, 법정공휴일",,02-436-9200,https://www.jungnangimc.or.kr/html/01020100,78.5,양호
중랑청소년문화예술창작센터,기타,기타문화,서울 중랑구 면목로36길 4 면목7동복합청사 3층 중랑청소년문화예술창작센터,중랑구,면목제7동,11070570,37.5777558156609,127.086063662762,무료,,일요일 및 공휴일,,02-495-3370,https://www.instagram.com/jyacc.official/#,37.5,양호
중랑구립정보도서관,도서관,도서관,서울특별시 중랑구 신내로15길 197,중랑구,묵제1동,11070640,37.6151705656244,127.086906408215,무료,,"매월 2, 4번째 월요일, 일요일을 제외한 법정공휴일 및 근로자의날(5월1일), 창립기념일(8월12일)",,02-3407-1111,http://www.jungnanglib.seoul.kr/,60.6,양호
중랑구립정보도서관,도서관,도서관,서울특별시 중랑구 신내로15길 197,중랑구,묵제1동,11070640,37.6151705656244,127.086906408215,무료,,"매월 2, 4번째 월요일, 일요일 제외한 공휴일, 도서관 사정에 의한 임시휴관일",,02-3407-1111,https://www.jungnanglib.seoul.kr/jnlib/,60.6,양호
중랑아트센터,미술관/갤러리,전시시설,서울특별시 중랑구 망우로 353 이노시티 C동 B2F,중랑구,상봉제1동,11070590,37.5983328190955,127.091624142481,무료,,"매주 일?월요일, 공휴일 휴관",,02-3407-6541,https://www.jnac.or.kr/index.html,149.6,양호
그루브뮤직스튜디오,공연장,공연시설,서울특별시 중랑구 동일로 711,중랑구,상봉제2동,11070600,37.5940132428236,127.079906045399,유료,,없음,,02-434-7110,http://www.groovestudio.kr/,31.3,양호
중랑상봉도서관,도서관,도서관,서울특별시 중랑구 동일로114길 10,중랑구,상봉제2동,11070600,37.5928919454227,127.08085178906,무료,,매주 월요일 / 일요일을 제외한 법정공휴일,,02-2209-0090,https://www.jungnanglib.seoul.kr/,27.7,양호
옹기테마공원 체험장,기타,기타문화,서울특별시 중랑구 신내로21길 116,중랑구,신내2동,11070700,37.6126537169803,127.088519359108,무료,,"매주 일요일, 월요일 (관공서 공휴일에 관한 규정에 따른 공휴일)",,"02-3407-6546, 6547",http://www.jungnang.go.kr/portal/main/contents.do?menuNo=201058,15.6,양호
