버스_정류소타입,ADM_CD
중앙차로,11010530
중앙차로,11010530
중앙차로,11010530
일반차로,11010530
일반차로,11010530
일반차로,11010530
일반차로,11010530
일반차로,11010530
일반차로,11010530
일반차로,11010530
일반차로,11010530
일반차로,11010530
일반차로,11010530
일반차로,11010530
일반차로,11010530
일반차로,11010530
일반차로,11010530
일반차로,11010530
마을버스,11010530
마을버스,11010530
마을버스,11010530
마을버스,11010530
마을버스,11010530
일반차로,11010530
마을버스,11010530
일반차로,11010530
일반차로,11010530
마을버스,11010530
마을버스,11010530
마을버스,11010530
일반차로,11010530
일반차로,11010530
일반차로,11010530
일반차로,11010540
일반차로,11010540
일반차로,11010540
마을버스,11010540
마을버스,11010540
마을버스,11010540
마을버스,11010540
마을버스,11010540
일반차로,11010540
마을버스,11010540
마을버스,11010540
일반차로,11010540
마을버스,11010540
마을버스,11010540
마을버스,11010540
마을버스,11010540
일반차로,11010540
일반차로,11010550
일반차로,11010550
일반차로,11010550
일반차로,11010550
일반차로,11010550
일반차로,11010550
일반차로,11010550
일반차로,11010550
일반차로,11010550
일반차로,11010550
일반차로,11010550
일반차로,11010550
일반차로,11010550
일반차로,11010550
일반차로,11010550
일반차로,11010550
일반차로,11010550
마을버스,11010550
마을버스,11010550
마을버스,11010550
마을버스,11010550
마을버스,11010550
마을버스,11010550
마을버스,11010550
마을버스,11010550
마을버스,11010550
마을버스,11010550
마을버스,11010550
마을버스,11010550
마을버스,11010550
마을버스,11010550
마을버스,11010550
마을버스,11010550
마을버스,11010550
일반차로,11010560
일반차로,11010560
일반차로,11010560
일반차로,11010560
일반차로,11010560
일반차로,11010560
일반차로,11010560
일반차로,11010560
일반차로,11010560
일반차로,11010560
일반차로,11010560
일반차로,11010560
일반차로,11010560
일반차로,11010560
일반차로,11010560
일반차로,11010560
일반차로,11010560
일반차로,11010560
일반차로,11010560
일반차로,11010560
마을버스,11010560
마을버스,11010560
마을버스,11010560
마을버스,11010560
마을버스,11010560
마을버스,11010560
마을버스,11010560
마을버스,11010560
마을버스,11010560
마을버스,11010560
마을버스,11010560
마을버스,11010560
마을버스,11010560
마을버스,11010560
마을버스,11010560
마을버스,11010560
마을버스,11010560
마을버스,11010560
마을버스,11010560
마을버스,11010560
마을버스,11010560
마을버스,11010560
마을버스,11010560
마을버스,11010560
마을버스,11010560
마을버스,11010560
마을버스,11010560
마을버스,11010560
마을버스,11010560
마을버스,11010560
마을버스,11010560
마을버스,11010560
마을버스,11010560
마을버스,11010560
일반차로,11010570
마을버스,11010570
마을버스,11010570
중앙차로,11010570
중앙차로,11010580
일반차로,11010580
일반차로,11010580
일반차로,11010580
일반차로,11010580
마을버스,11010580
마을버스,11010580
마을버스,11010580
마을버스,11010580
마을버스,11010580
마을버스,11010580
마을버스,11010580
마을버스,11010580
마을버스,11010580
마을버스,11010580
마을버스,11010580
마을버스,11010580
마을버스,11010580
마을버스,11010580
마을버스,11010580
마을버스,11010580
중앙차로,11010580
마을버스,11010600
마을버스,11010600
마을버스,11010600
마을버스,11010600
마을버스,11010600
마을버스,11010600
마을버스,11010600
마을버스,11010600
마을버스,11010600
마을버스,11010600
마을버스,11010600
마을버스,11010600
마을버스,11010600
마을버스,11010600
마을버스,11010600
마을버스,11010600
마을버스,11010600
마을버스,11010600
마을버스,11010600
마을버스,11010600
마을버스,11010600
중앙차로,11010610
중앙차로,11010610
중앙차로,11010610
중앙차로,11010610
중앙차로,11010610
중앙차로,11010610
중앙차로,11010610
중앙차로,11010610
중앙차로,11010610
중앙차로,11010610
중앙차로,11010610
중앙차로,11010610
중앙차로,11010610
일반차로,11010610
일반차로,11010610
일반차로,11010610
일반차로,11010610
일반차로,11010610
일반차로,11010610
일반차로,11010610
일반차로,11010610
가로변시간,11010610
일반차로,11010610
일반차로,11010610
일반차로,11010610
일반차로,11010610
일반차로,11010610
일반차로,11010610
일반차로,11010610
일반차로,11010610
가로변시간,11010610
일반차로,11010610
일반차로,11010610
일반차로,11010610
일반차로,11010610
일반차로,11010610
일반차로,11010610
일반차로,11010610
마을버스,11010610
마을버스,11010610
마을버스,11010610
마을버스,11010610
마을버스,11010610
마을버스,11010610
마을버스,11010610
마을버스,11010610
마을버스,11010610
마을버스,11010610
마을버스,11010610
일반차로,11010610
일반차로,11010610
일반차로,11010610
일반차로,11010610
일반차로,11010610
일반차로,11010610
일반차로,11010610
일반차로,11010610
마을버스,11010610
마을버스,11010610
마을버스,11010610
마을버스,11010610
마을버스,11010610
일반차로,11010610
일반차로,11010610
일반차로,11010610
일반차로,11010610
일반차로,11010610
일반차로,11010610
중앙차로,11010630
중앙차로,11010630
가로변시간,11010630
가로변시간,11010630
일반차로,11010630
일반차로,11010630
일반차로,11010630
일반차로,11010630
일반차로,11010630
일반차로,11010630
일반차로,11010630
일반차로,11010630
마을버스,11010630
마을버스,11010630
일반차로,11010630
마을버스,11010630
마을버스,11010630
일반차로,11010630
중앙차로,11010640
가로변전일,11010640
가로변전일,11010640
가로변전일,11010640
일반차로,11010640
일반차로,11010640
일반차로,11010640
일반차로,11010640
일반차로,11010640
마을버스,11010640
마을버스,11010640
마을버스,11010640
마을버스,11010640
마을버스,11010640
마을버스,11010640
마을버스,11010640
마을버스,11010640
마을버스,11010640
마을버스,11010640
일반차로,11010640
중앙차로,11010670
중앙차로,11010670
일반차로,11010670
일반차로,11010670
일반차로,11010670
일반차로,11010670
마을버스,11010670
마을버스,11010670
마을버스,11010680
일반차로,11010690
마을버스,11010690
마을버스,11010690
마을버스,11010690
마을버스,11010690
마을버스,11010690
중앙차로,11010700
일반차로,11010700
일반차로,11010700
일반차로,11010700
마을버스,11010700
마을버스,11010700
마을버스,11010700
마을버스,11010700
마을버스,11010700
마을버스,11010700
마을버스,11010700
마을버스,11010700
중앙차로,11010710
일반차로,11010710
일반차로,11010710
일반차로,11010710
일반차로,11010710
일반차로,11010710
일반차로,11010710
일반차로,11010710
일반차로,11010720
일반차로,11010720
일반차로,11010720
일반차로,11010720
일반차로,11010720
일반차로,11010720
일반차로,11010720
일반차로,11010720
일반차로,11010720
일반차로,11010720
일반차로,11010720
일반차로,11010720
일반차로,11010720
마을버스,11010720
마을버스,11010720
마을버스,11010720
마을버스,11010720
마을버스,11010720
마을버스,11010720
마을버스,11010720
일반차로,11010720
일반차로,11010720
마을버스,11010720
마을버스,11010720
마을버스,11010720
마을버스,11010720
일반차로,11010720
일반차로,11010720
일반차로,11010720
중앙차로,11010730
중앙차로,11010730
일반차로,11010730
일반차로,11010730
일반차로,11010730
가로변시간,11010730
마을버스,11010730
마을버스,11010730
마을버스,11010730
마을버스,11010730
마을버스,11010730
마을버스,11010730
마을버스,11010730
마을버스,11010730
마을버스,11010730
마을버스,11010730
마을버스,11010730
마을버스,11010730
마을버스,11010730
마을버스,11010730
마을버스,11010730
마을버스,11010730
마을버스,11010730
마을버스,11010730
마을버스,11010730
마을버스,11010730
일반차로,11010730
마을버스,11010730
마을버스,11010730
마을버스,11010730
마을버스,11010730
마을버스,11010730
마을버스,11010730
마을버스,11010730
마을버스,11010730
마을버스,11010730
마을버스,11010730
마을버스,11010730
일반차로,11020520
일반차로,11020520
일반차로,11020520
가로변시간,11020520
일반차로,11020520
일반차로,11020520
일반차로,11020520
일반차로,11020520
일반차로,11020520
일반차로,11020520
가로변전일,11020520
가로변시간,11020520
가로변전일,11020520
가로변전일,11020520
일반차로,11020520
가로변전일,11020520
가로변시간,11020520
일반차로,11020520
일반차로,11020520
마을버스,11020520
마을버스,11020520
마을버스,11020520
가로변시간,11020520
일반차로,11020520
일반차로,11020520
일반차로,11020520
일반차로,11020520
일반차로,11020520
일반차로,11020520
가로변전일,11020520
일반차로,11020520
일반차로,11020520
일반차로,11020520
일반차로,11020520
일반차로,11020520
일반차로,11020520
일반차로,11020520
가로변전일,11020520
중앙차로,11020520
중앙차로,11020520
중앙차로,11020540
중앙차로,11020540
중앙차로,11020540
중앙차로,11020540
중앙차로,11020540
중앙차로,11020540
일반차로,11020540
일반차로,11020540
일반차로,11020540
일반차로,11020540
일반차로,11020540
일반차로,11020540
일반차로,11020540
일반차로,11020540
일반차로,11020540
일반차로,11020540
일반차로,11020540
일반차로,11020540
일반차로,11020540
일반차로,11020540
일반차로,11020540
일반차로,11020540
가로변시간,11020540
일반차로,11020540
일반차로,11020540
일반차로,11020540
일반차로,11020540
일반차로,11020540
마을버스,11020540
일반차로,11020540
가로변시간,11020540
일반차로,11020540
일반차로,11020540
중앙차로,11020550
중앙차로,11020550
일반차로,11020550
가로변시간,11020550
일반차로,11020550
일반차로,11020550
가로변시간,11020550
일반차로,11020550
일반차로,11020550
일반차로,11020550
일반차로,11020550
일반차로,11020550
일반차로,11020550
일반차로,11020550
일반차로,11020550
일반차로,11020550
일반차로,11020550
가로변시간,11020550
일반차로,11020550
일반차로,11020550
마을버스,11020550
마을버스,11020550
일반차로,11020550
일반차로,11020550
일반차로,11020550
일반차로,11020550
일반차로,11020550
일반차로,11020550
일반차로,11020550
일반차로,11020550
일반차로,11020570
일반차로,11020570
일반차로,11020570
일반차로,11020570
일반차로,11020570
일반차로,11020570
일반차로,11020570
일반차로,11020570
일반차로,11020570
일반차로,11020570
일반차로,11020580
일반차로,11020580
일반차로,11020580
일반차로,11020580
일반차로,11020580
일반차로,11020580
일반차로,11020580
일반차로,11020580
일반차로,11020580
일반차로,11020580
일반차로,11020580
일반차로,11020580
일반차로,11020580
일반차로,11020590
일반차로,11020590
일반차로,11020590
일반차로,11020590
일반차로,11020590
일반차로,11020590
일반차로,11020590
일반차로,11020590
일반차로,11020590
일반차로,11020590
일반차로,11020590
일반차로,11020590
일반차로,11020590
일반차로,11020590
일반차로,11020590
일반차로,11020590
일반차로,11020590
일반차로,11020590
일반차로,11020590
일반차로,11020590
일반차로,11020590
일반차로,11020590
일반차로,11020590
일반차로,11020590
일반차로,11020600
일반차로,11020600
일반차로,11020600
일반차로,11020600
일반차로,11020600
일반차로,11020600
일반차로,11020600
일반차로,11020600
일반차로,11020600
일반차로,11020600
일반차로,11020600
일반차로,11020600
일반차로,11020600
일반차로,11020600
일반차로,11020600
일반차로,11020600
일반차로,11020600
일반차로,11020650
일반차로,11020650
일반차로,11020650
일반차로,11020650
일반차로,11020650
일반차로,11020650
일반차로,11020650
마을버스,11020650
일반차로,11020670
일반차로,11020670
일반차로,11020670
일반차로,11020670
일반차로,11020670
일반차로,11020670
일반차로,11020670
일반차로,11020680
일반차로,11020680
일반차로,11020680
일반차로,11020680
일반차로,11020680
일반차로,11020680
일반차로,11020680
일반차로,11020680
마을버스,11020680
가로변전일,11020690
일반차로,11020690
일반차로,11020690
일반차로,11020690
일반차로,11020690
일반차로,11020690
일반차로,11020690
일반차로,11020690
일반차로,11020700
일반차로,11020700
일반차로,11020700
일반차로,11020700
일반차로,11020700
일반차로,11020700
일반차로,11020700
일반차로,11020700
일반차로,11020710
일반차로,11020710
일반차로,11020710
일반차로,11020710
일반차로,11020710
마을버스,11020710
마을버스,11020710
마을버스,11020710
마을버스,11020710
마을버스,11020710
마을버스,11020710
마을버스,11020710
일반차로,11020720
일반차로,11020720
일반차로,11020720
일반차로,11020720
일반차로,11020720
일반차로,11020730
일반차로,11020730
일반차로,11020730
일반차로,11020730
일반차로,11030510
일반차로,11030510
일반차로,11030510
일반차로,11030510
일반차로,11030510
일반차로,11030510
일반차로,11030510
일반차로,11030510
일반차로,11030510
일반차로,11030510
일반차로,11030510
일반차로,11030510
마을버스,11030510
마을버스,11030510
마을버스,11030510
마을버스,11030510
일반차로,11030520
일반차로,11030520
일반차로,11030520
일반차로,11030520
일반차로,11030520
일반차로,11030520
일반차로,11030520
일반차로,11030520
마을버스,11030520
마을버스,11030520
마을버스,11030520
마을버스,11030520
마을버스,11030520
마을버스,11030520
마을버스,11030520
마을버스,11030520
마을버스,11030520
마을버스,11030520
마을버스,11030520
마을버스,11030520
마을버스,11030520
마을버스,11030520
마을버스,11030520
마을버스,11030520
마을버스,11030520
마을버스,11030520
마을버스,11030520
일반차로,11030530
중앙차로,11030530
중앙차로,11030530
중앙차로,11030530
중앙차로,11030530
일반차로,11030530
일반차로,11030530
일반차로,11030530
일반차로,11030530
일반차로,11030530
일반차로,11030530
일반차로,11030530
일반차로,11030530
일반차로,11030530
일반차로,11030530
일반차로,11030530
마을버스,11030530
마을버스,11030530
마을버스,11030530
마을버스,11030530
마을버스,11030530
일반차로,11030570
가로변시간,11030570
일반차로,11030570
일반차로,11030570
일반차로,11030570
일반차로,11030570
일반차로,11030570
일반차로,11030570
일반차로,11030570
일반차로,11030570
일반차로,11030570
일반차로,11030570
일반차로,11030570
일반차로,11030570
일반차로,11030570
일반차로,11030570
일반차로,11030570
일반차로,11030570
일반차로,11030570
일반차로,11030570
일반차로,11030570
마을버스,11030570
마을버스,11030570
일반차로,11030580
일반차로,11030580
일반차로,11030580
일반차로,11030580
일반차로,11030580
일반차로,11030580
일반차로,11030580
일반차로,11030580
일반차로,11030580
일반차로,11030580
마을버스,11030580
마을버스,11030580
마을버스,11030580
마을버스,11030580
마을버스,11030580
일반차로,11030590
일반차로,11030590
일반차로,11030590
일반차로,11030590
일반차로,11030590
일반차로,11030590
일반차로,11030590
일반차로,11030590
일반차로,11030590
마을버스,11030590
마을버스,11030590
마을버스,11030590
마을버스,11030590
마을버스,11030590
마을버스,11030590
마을버스,11030590
일반차로,11030630
일반차로,11030630
일반차로,11030630
일반차로,11030630
일반차로,11030630
일반차로,11030630
일반차로,11030630
일반차로,11030630
일반차로,11030630
일반차로,11030630
일반차로,11030630
일반차로,11030630
일반차로,11030630
일반차로,11030630
일반차로,11030630
일반차로,11030630
일반차로,11030630
일반차로,11030630
일반차로,11030630
일반차로,11030630
일반차로,11030630
일반차로,11030640
일반차로,11030640
일반차로,11030640
일반차로,11030640
일반차로,11030640
일반차로,11030640
일반차로,11030640
일반차로,11030640
일반차로,11030650
일반차로,11030650
일반차로,11030650
일반차로,11030650
일반차로,11030650
일반차로,11030650
일반차로,11030650
일반차로,11030650
마을버스,11030650
마을버스,11030650
마을버스,11030650
마을버스,11030650
마을버스,11030650
마을버스,11030650
마을버스,11030650
가로변시간,11030660
일반차로,11030660
일반차로,11030660
일반차로,11030660
일반차로,11030660
일반차로,11030660
일반차로,11030660
일반차로,11030660
마을버스,11030660
마을버스,11030660
마을버스,11030660
마을버스,11030660
마을버스,11030660
마을버스,11030660
마을버스,11030660
마을버스,11030660
마을버스,11030660
마을버스,11030660
마을버스,11030660
마을버스,11030660
일반차로,11030660
일반차로,11030690
일반차로,11030690
일반차로,11030690
일반차로,11030690
일반차로,11030690
일반차로,11030690
일반차로,11030690
일반차로,11030690
일반차로,11030690
일반차로,11030690
일반차로,11030690
일반차로,11030690
일반차로,11030690
일반차로,11030690
일반차로,11030690
일반차로,11030690
일반차로,11030690
일반차로,11030690
마을버스,11030690
일반차로,11030690
일반차로,11030690
일반차로,11030690
일반차로,11030700
일반차로,11030700
일반차로,11030700
일반차로,11030700
일반차로,11030700
일반차로,11030700
일반차로,11030700
마을버스,11030700
마을버스,11030700
일반차로,11030710
일반차로,11030710
일반차로,11030710
일반차로,11030710
일반차로,11030710
일반차로,11030710
일반차로,11030710
일반차로,11030710
일반차로,11030710
일반차로,11030710
일반차로,11030710
일반차로,11030710
일반차로,11030710
일반차로,11030710
일반차로,11030710
일반차로,11030710
일반차로,11030710
일반차로,11030710
마을버스,11030710
마을버스,11030710
마을버스,11030710
마을버스,11030710
마을버스,11030710
마을버스,11030710
일반차로,11030720
일반차로,11030720
가로변시간,11030720
가로변시간,11030720
가로변시간,11030720
가로변전일,11030720
가로변시간,11030720
가로변전일,11030720
가로변시간,11030720
일반차로,11030720
일반차로,11030720
일반차로,11030720
일반차로,11030720
일반차로,11030720
일반차로,11030720
일반차로,11030720
일반차로,11030720
마을버스,11030720
마을버스,11030720
마을버스,11030720
마을버스,11030720
마을버스,11030720
마을버스,11030720
중앙차로,11030730
중앙차로,11030730
중앙차로,11030730
중앙차로,11030730
중앙차로,11030730
중앙차로,11030730
중앙차로,11030730
중앙차로,11030730
일반차로,11030730
일반차로,11030730
일반차로,11030730
일반차로,11030730
일반차로,11030730
일반차로,11030730
일반차로,11030730
일반차로,11030730
일반차로,11030730
일반차로,11030730
일반차로,11030730
일반차로,11030730
일반차로,11030730
일반차로,11030730
일반차로,11030730
일반차로,11030730
일반차로,11030730
일반차로,11030730
일반차로,11030730
일반차로,11030730
일반차로,11030730
일반차로,11030730
일반차로,11030730
일반차로,11030730
일반차로,11030730
일반차로,11030730
일반차로,11030730
일반차로,11030730
마을버스,11030730
마을버스,11030730
마을버스,11030730
일반차로,11030730
일반차로,11030730
일반차로,11030740
일반차로,11030740
일반차로,11030740
일반차로,11030740
가로변시간,11030740
가로변전일,11030740
일반차로,11030740
일반차로,11030740
일반차로,11030740
일반차로,11030740
일반차로,11030740
일반차로,11030740
일반차로,11030740
일반차로,11030740
일반차로,11030740
일반차로,11030740
일반차로,11030740
일반차로,11030740
일반차로,11030740
일반차로,11030740
일반차로,11030740
일반차로,11030740
일반차로,11030740
마을버스,11030740
마을버스,11030740
마을버스,11030740
일반차로,11030740
일반차로,11030740
마을버스,11030740
일반차로,11030740
일반차로,11030740
일반차로,11030740
일반차로,11030740
일반차로,11030740
일반차로,11040520
일반차로,11040520
일반차로,11040520
일반차로,11040520
일반차로,11040520
일반차로,11040520
일반차로,11040520
일반차로,11040520
마을버스,11040520
마을버스,11040520
마을버스,11040520
마을버스,11040520
마을버스,11040520
일반차로,11040540
일반차로,11040540
일반차로,11040540
가로변전일,11040540
가로변전일,11040540
일반차로,11040540
일반차로,11040540
일반차로,11040540
일반차로,11040540
일반차로,11040540
일반차로,11040540
마을버스,11040540
마을버스,11040540
마을버스,11040540
마을버스,11040540
마을버스,11040540
마을버스,11040540
마을버스,11040540
마을버스,11040540
마을버스,11040540
마을버스,11040540
마을버스,11040540
마을버스,11040540
마을버스,11040540
마을버스,11040540
마을버스,11040540
마을버스,11040540
마을버스,11040540
일반차로,11040550
일반차로,11040550
일반차로,11040550
일반차로,11040550
일반차로,11040550
가로변전일,11040550
일반차로,11040550
일반차로,11040550
일반차로,11040550
일반차로,11040550
일반차로,11040550
일반차로,11040550
일반차로,11040550
일반차로,11040550
일반차로,11040550
일반차로,11040550
일반차로,11040550
일반차로,11040550
일반차로,11040550
일반차로,11040550
일반차로,11040550
일반차로,11040550
마을버스,11040550
마을버스,11040550
마을버스,11040550
마을버스,11040550
마을버스,11040550
마을버스,11040550
마을버스,11040550
마을버스,11040550
일반차로,11040550
마을버스,11040550
마을버스,11040550
마을버스,11040550
마을버스,11040550
마을버스,11040550
마을버스,11040550
마을버스,11040550
마을버스,11040550
마을버스,11040550
일반차로,11040560
일반차로,11040560
가로변시간,11040560
일반차로,11040560
일반차로,11040560
일반차로,11040560
일반차로,11040560
일반차로,11040560
일반차로,11040560
일반차로,11040560
마을버스,11040560
마을버스,11040560
마을버스,11040560
마을버스,11040560
마을버스,11040560
일반차로,11040560
일반차로,11040560
마을버스,11040560
일반차로,11040560
마을버스,11040560
마을버스,11040560
마을버스,11040560
마을버스,11040560
마을버스,11040560
일반차로,11040560
마을버스,11040560
일반차로,11040570
일반차로,11040570
일반차로,11040570
일반차로,11040570
일반차로,11040570
일반차로,11040570
마을버스,11040570
마을버스,11040570
마을버스,11040570
마을버스,11040570
마을버스,11040570
마을버스,11040570
마을버스,11040570
마을버스,11040570
마을버스,11040570
마을버스,11040570
마을버스,11040570
마을버스,11040570
일반차로,11040570
일반차로,11040570
마을버스,11040570
마을버스,11040570
마을버스,11040570
마을버스,11040570
마을버스,11040570
일반차로,11040580
일반차로,11040580
일반차로,11040580
일반차로,11040580
마을버스,11040580
마을버스,11040580
마을버스,11040580
마을버스,11040580
마을버스,11040580
마을버스,11040580
마을버스,11040580
마을버스,11040580
마을버스,11040580
마을버스,11040580
마을버스,11040580
마을버스,11040580
마을버스,11040580
마을버스,11040580
마을버스,11040580
마을버스,11040580
마을버스,11040580
일반차로,11040580
일반차로,11040580
일반차로,11040580
일반차로,11040580
마을버스,11040580
마을버스,11040580
마을버스,11040580
마을버스,11040580
마을버스,11040580
마을버스,11040580
마을버스,11040580
마을버스,11040580
일반차로,11040590
일반차로,11040590
일반차로,11040590
일반차로,11040590
일반차로,11040590
마을버스,11040590
마을버스,11040590
마을버스,11040590
마을버스,11040590
마을버스,11040590
마을버스,11040590
마을버스,11040590
일반차로,11040590
마을버스,11040590
마을버스,11040590
마을버스,11040590
마을버스,11040590
마을버스,11040590
마을버스,11040590
마을버스,11040590
마을버스,11040590
마을버스,11040590
마을버스,11040590
마을버스,11040590
마을버스,11040590
마을버스,11040590
마을버스,11040590
마을버스,11040590
마을버스,11040590
마을버스,11040590
마을버스,11040590
마을버스,11040590
마을버스,11040590
마을버스,11040590
마을버스,11040590
마을버스,11040590
마을버스,11040590
마을버스,11040590
마을버스,11040590
일반차로,11040620
일반차로,11040620
일반차로,11040620
일반차로,11040620
일반차로,11040620
일반차로,11040620
마을버스,11040620
마을버스,11040620
마을버스,11040620
마을버스,11040620
마을버스,11040620
마을버스,11040620
마을버스,11040620
마을버스,11040620
마을버스,11040620
마을버스,11040620
마을버스,11040620
마을버스,11040620
마을버스,11040620
마을버스,11040620
마을버스,11040620
마을버스,11040620
마을버스,11040620
마을버스,11040620
일반차로,11040620
일반차로,11040620
일반차로,11040620
일반차로,11040620
일반차로,11040620
마을버스,11040620
한강선착장,11040650
일반차로,11040650
일반차로,11040650
일반차로,11040650
일반차로,11040650
일반차로,11040650
일반차로,11040650
일반차로,11040650
일반차로,11040650
일반차로,11040650
일반차로,11040650
일반차로,11040650
일반차로,11040650
일반차로,11040650
일반차로,11040650
일반차로,11040650
일반차로,11040650
일반차로,11040650
일반차로,11040650
일반차로,11040650
일반차로,11040650
일반차로,11040650
마을버스,11040650
마을버스,11040650
마을버스,11040650
마을버스,11040650
마을버스,11040650
마을버스,11040650
마을버스,11040650
마을버스,11040650
일반차로,11040650
일반차로,11040660
일반차로,11040660
일반차로,11040660
일반차로,11040660
일반차로,11040660
일반차로,11040660
일반차로,11040660
일반차로,11040660
일반차로,11040660
일반차로,11040660
일반차로,11040660
일반차로,11040660
일반차로,11040670
일반차로,11040670
일반차로,11040670
일반차로,11040670
일반차로,11040670
일반차로,11040670
일반차로,11040670
일반차로,11040670
일반차로,11040670
일반차로,11040670
일반차로,11040670
일반차로,11040670
일반차로,11040670
일반차로,11040670
일반차로,11040670
일반차로,11040670
일반차로,11040670
일반차로,11040670
일반차로,11040670
일반차로,11040670
일반차로,11040670
일반차로,11040670
마을버스,11040670
마을버스,11040670
마을버스,11040670
마을버스,11040670
마을버스,11040670
마을버스,11040670
마을버스,11040670
마을버스,11040670
일반차로,11040680
일반차로,11040680
일반차로,11040680
일반차로,11040680
일반차로,11040680
일반차로,11040680
일반차로,11040680
일반차로,11040680
일반차로,11040680
일반차로,11040680
일반차로,11040680
마을버스,11040680
마을버스,11040680
마을버스,11040680
마을버스,11040680
마을버스,11040680
마을버스,11040680
마을버스,11040680
마을버스,11040680
일반차로,11040680
일반차로,11040690
일반차로,11040690
일반차로,11040690
일반차로,11040690
일반차로,11040690
일반차로,11040690
마을버스,11040690
마을버스,11040690
마을버스,11040690
마을버스,11040690
마을버스,11040690
마을버스,11040690
마을버스,11040690
중앙차로,11040700
중앙차로,11040700
중앙차로,11040700
일반차로,11040700
일반차로,11040700
일반차로,11040700
일반차로,11040700
일반차로,11040700
중앙차로,11040700
중앙차로,11040700
일반차로,11040700
일반차로,11040700
일반차로,11040710
일반차로,11040710
일반차로,11040710
일반차로,11040710
일반차로,11040710
일반차로,11040710
가로변시간,11040710
일반차로,11040710
일반차로,11040710
일반차로,11040710
일반차로,11040710
일반차로,11040710
일반차로,11040710
일반차로,11040710
마을버스,11040710
마을버스,11040710
마을버스,11040710
마을버스,11040710
마을버스,11040710
마을버스,11040710
마을버스,11040710
마을버스,11040710
마을버스,11040710
마을버스,11040710
마을버스,11040710
마을버스,11040720
일반차로,11040720
일반차로,11040720
일반차로,11040720
일반차로,11040720
일반차로,11040720
일반차로,11040720
일반차로,11040720
마을버스,11040720
마을버스,11040720
마을버스,11040720
마을버스,11040720
마을버스,11040720
마을버스,11040720
마을버스,11040720
마을버스,11040720
마을버스,11040720
마을버스,11040720
마을버스,11040720
마을버스,11040720
마을버스,11040720
마을버스,11040720
마을버스,11040720
마을버스,11040720
마을버스,11040720
마을버스,11040720
마을버스,11040720
마을버스,11040720
마을버스,11040720
마을버스,11040720
마을버스,11040720
마을버스,11040720
마을버스,11040720
마을버스,11040720
마을버스,11040720
일반차로,11040720
마을버스,11040720
마을버스,11040720
한강선착장,11040730
일반차로,11040730
일반차로,11040730
일반차로,11040730
일반차로,11040730
가로변전일,11040730
일반차로,11040730
일반차로,11040730
일반차로,11040730
일반차로,11040730
일반차로,11040730
일반차로,11040730
일반차로,11040730
마을버스,11040730
마을버스,11040730
마을버스,11040730
마을버스,11040730
마을버스,11040730
마을버스,11040730
마을버스,11040730
마을버스,11040730
마을버스,11040730
마을버스,11040730
마을버스,11040730
마을버스,11040730
마을버스,11040730
마을버스,11040730
일반차로,11040730
일반차로,11040730
일반차로,11040730
일반차로,11040730
마을버스,11040730
마을버스,11040730
마을버스,11040730
마을버스,11040730
마을버스,11040730
마을버스,11040730
마을버스,11040730
마을버스,11040730
마을버스,11040730
마을버스,11040730
일반차로,11050530
일반차로,11050530
일반차로,11050530
일반차로,11050530
일반차로,11050530
일반차로,11050530
일반차로,11050530
일반차로,11050530
일반차로,11050530
일반차로,11050530
일반차로,11050530
일반차로,11050530
마을버스,11050530
마을버스,11050530
마을버스,11050530
마을버스,11050530
일반차로,11050530
일반차로,11050530
일반차로,11050530
중앙차로,11050540
일반차로,11050540
일반차로,11050540
일반차로,11050540
일반차로,11050540
일반차로,11050540
일반차로,11050540
일반차로,11050540
일반차로,11050540
일반차로,11050540
일반차로,11050540
일반차로,11050540
일반차로,11050540
일반차로,11050540
일반차로,11050540
일반차로,11050540
일반차로,11050540
일반차로,11050540
일반차로,11050540
일반차로,11050540
일반차로,11050540
일반차로,11050540
중앙차로,11050550
일반차로,11050550
일반차로,11050550
일반차로,11050550
일반차로,11050550
일반차로,11050550
일반차로,11050550
일반차로,11050550
일반차로,11050550
일반차로,11050550
일반차로,11050550
일반차로,11050550
일반차로,11050550
일반차로,11050550
일반차로,11050550
마을버스,11050550
일반차로,11050550
마을버스,11050550
중앙차로,11050560
중앙차로,11050560
일반차로,11050560
일반차로,11050560
일반차로,11050560
일반차로,11050560
일반차로,11050560
일반차로,11050560
일반차로,11050560
일반차로,11050560
일반차로,11050560
일반차로,11050560
마을버스,11050560
마을버스,11050560
마을버스,11050560
마을버스,11050560
마을버스,11050560
일반차로,11050570
일반차로,11050570
일반차로,11050570
일반차로,11050570
일반차로,11050570
일반차로,11050570
일반차로,11050570
일반차로,11050570
일반차로,11050570
일반차로,11050570
일반차로,11050570
일반차로,11050570
일반차로,11050570
일반차로,11050570
일반차로,11050570
일반차로,11050570
일반차로,11050570
마을버스,11050570
마을버스,11050570
마을버스,11050570
일반차로,11050570
마을버스,11050570
중앙차로,11050580
일반차로,11050580
일반차로,11050580
일반차로,11050580
일반차로,11050580
일반차로,11050580
마을버스,11050580
마을버스,11050580
마을버스,11050580
마을버스,11050580
마을버스,11050580
마을버스,11050580
마을버스,11050580
일반차로,11050580
마을버스,11050580
마을버스,11050580
마을버스,11050580
마을버스,11050580
마을버스,11050580
마을버스,11050580
마을버스,11050580
마을버스,11050580
마을버스,11050580
마을버스,11050580
마을버스,11050580
마을버스,11050580
마을버스,11050580
마을버스,11050580
마을버스,11050580
마을버스,11050580
마을버스,11050580
마을버스,11050580
마을버스,11050580
마을버스,11050580
중앙차로,11050590
중앙차로,11050590
일반차로,11050590
일반차로,11050590
가로변시간,11050590
가로변시간,11050590
일반차로,11050590
일반차로,11050590
일반차로,11050590
가로변시간,11050600
일반차로,11050600
일반차로,11050600
일반차로,11050600
일반차로,11050600
일반차로,11050600
일반차로,11050600
마을버스,11050600
마을버스,11050600
마을버스,11050600
마을버스,11050600
마을버스,11050600
마을버스,11050600
중앙차로,11050610
중앙차로,11050610
중앙차로,11050610
일반차로,11050610
일반차로,11050610
일반차로,11050610
일반차로,11050610
일반차로,11050610
일반차로,11050610
일반차로,11050610
마을버스,11050610
마을버스,11050610
마을버스,11050610
마을버스,11050610
마을버스,11050610
마을버스,11050610
마을버스,11050610
마을버스,11050610
마을버스,11050610
마을버스,11050610
마을버스,11050610
일반차로,11050620
일반차로,11050620
일반차로,11050620
일반차로,11050620
일반차로,11050620
일반차로,11050620
일반차로,11050620
일반차로,11050620
일반차로,11050620
일반차로,11050620
일반차로,11050620
마을버스,11050620
마을버스,11050620
마을버스,11050620
마을버스,11050620
마을버스,11050620
마을버스,11050620
마을버스,11050620
마을버스,11050620
마을버스,11050620
마을버스,11050620
마을버스,11050620
마을버스,11050620
중앙차로,11050630
중앙차로,11050630
일반차로,11050630
일반차로,11050630
일반차로,11050630
일반차로,11050630
일반차로,11050630
일반차로,11050630
일반차로,11050630
일반차로,11050630
일반차로,11050630
일반차로,11050630
일반차로,11050630
마을버스,11050630
마을버스,11050630
마을버스,11050630
마을버스,11050630
마을버스,11050630
마을버스,11050630
마을버스,11050630
마을버스,11050630
마을버스,11050630
마을버스,11050630
마을버스,11050630
마을버스,11050630
마을버스,11050630
마을버스,11050630
마을버스,11050630
마을버스,11050630
마을버스,11050630
마을버스,11050630
마을버스,11050630
마을버스,11050630
마을버스,11050630
일반차로,11050630
마을버스,11050630
마을버스,11050630
마을버스,11050630
일반차로,11050640
일반차로,11050640
일반차로,11050640
일반차로,11050640
일반차로,11050640
일반차로,11050640
일반차로,11050640
일반차로,11050640
일반차로,11050640
마을버스,11050640
마을버스,11050640
마을버스,11050640
마을버스,11050640
일반차로,11050650
일반차로,11050650
일반차로,11050650
일반차로,11050650
일반차로,11050650
일반차로,11050650
일반차로,11050650
마을버스,11050650
마을버스,11050650
마을버스,11050650
마을버스,11050650
마을버스,11050650
마을버스,11050650
마을버스,11050650
한강선착장,11050660
일반차로,11050660
일반차로,11050660
일반차로,11050660
일반차로,11050660
일반차로,11050660
일반차로,11050660
일반차로,11050660
일반차로,11050660
일반차로,11050660
일반차로,11050660
일반차로,11050660
일반차로,11050660
일반차로,11050660
일반차로,11050660
마을버스,11050660
마을버스,11050660
일반차로,11050660
마을버스,11050660
일반차로,11050660
일반차로,11050670
일반차로,11050670
일반차로,11050670
일반차로,11050670
일반차로,11050670
일반차로,11050670
일반차로,11050670
일반차로,11050670
일반차로,11050670
일반차로,11050670
일반차로,11050670
일반차로,11050670
일반차로,11060710
일반차로,11060710
일반차로,11060710
일반차로,11060710
일반차로,11060710
일반차로,11060710
마을버스,11060710
마을버스,11060710
마을버스,11060710
마을버스,11060710
중앙차로,11060720
중앙차로,11060720
일반차로,11060720
일반차로,11060720
일반차로,11060720
일반차로,11060720
일반차로,11060720
일반차로,11060720
일반차로,11060720
일반차로,11060720
마을버스,11060720
마을버스,11060720
마을버스,11060720
중앙차로,11060730
중앙차로,11060730
중앙차로,11060730
가로변시간,11060730
일반차로,11060730
일반차로,11060730
일반차로,11060730
일반차로,11060730
일반차로,11060730
일반차로,11060730
일반차로,11060730
일반차로,11060730
일반차로,11060730
일반차로,11060730
일반차로,11060730
일반차로,11060730
마을버스,11060730
마을버스,11060730
중앙차로,11060800
중앙차로,11060800
중앙차로,11060800
중앙차로,11060800
일반차로,11060800
일반차로,11060800
일반차로,11060800
일반차로,11060800
일반차로,11060800
일반차로,11060800
일반차로,11060800
일반차로,11060800
일반차로,11060800
일반차로,11060800
일반차로,11060800
일반차로,11060800
일반차로,11060800
일반차로,11060800
가로변전일,11060800
일반차로,11060800
일반차로,11060800
일반차로,11060800
일반차로,11060800
일반차로,11060800
중앙차로,11060810
중앙차로,11060810
중앙차로,11060810
중앙차로,11060810
중앙차로,11060810
중앙차로,11060810
중앙차로,11060810
중앙차로,11060810
중앙차로,11060810
가로변시간,11060810
일반차로,11060810
가로변시간,11060810
가로변시간,11060810
일반차로,11060810
일반차로,11060810
일반차로,11060810
가로변전일,11060810
일반차로,11060810
일반차로,11060810
일반차로,11060810
일반차로,11060810
일반차로,11060810
일반차로,11060810
일반차로,11060810
일반차로,11060810
일반차로,11060810
일반차로,11060810
일반차로,11060810
일반차로,11060810
일반차로,11060810
일반차로,11060810
일반차로,11060810
일반차로,11060810
일반차로,11060810
일반차로,11060810
일반차로,11060810
마을버스,11060810
일반차로,11060810
일반차로,11060810
중앙차로,11060820
중앙차로,11060820
일반차로,11060820
일반차로,11060820
일반차로,11060820
일반차로,11060820
일반차로,11060820
일반차로,11060820
일반차로,11060820
일반차로,11060820
일반차로,11060820
일반차로,11060820
일반차로,11060820
일반차로,11060820
일반차로,11060820
일반차로,11060820
일반차로,11060820
일반차로,11060820
일반차로,11060820
일반차로,11060820
일반차로,11060820
일반차로,11060820
일반차로,11060820
마을버스,11060820
일반차로,11060820
일반차로,11060820
일반차로,11060820
중앙차로,11060830
중앙차로,11060830
중앙차로,11060830
가로변전일,11060830
가로변시간,11060830
일반차로,11060830
일반차로,11060830
일반차로,11060830
일반차로,11060830
일반차로,11060830
일반차로,11060830
일반차로,11060830
일반차로,11060830
일반차로,11060830
일반차로,11060830
일반차로,11060830
마을버스,11060830
마을버스,11060830
마을버스,11060830
마을버스,11060830
마을버스,11060830
마을버스,11060830
마을버스,11060830
마을버스,11060830
마을버스,11060830
마을버스,11060830
마을버스,11060830
마을버스,11060830
일반차로,11060830
일반차로,11060830
일반차로,11060830
일반차로,11060840
일반차로,11060840
일반차로,11060840
일반차로,11060840
일반차로,11060840
일반차로,11060840
일반차로,11060840
일반차로,11060840
일반차로,11060840
일반차로,11060840
일반차로,11060840
마을버스,11060840
중앙차로,11060860
일반차로,11060860
일반차로,11060860
일반차로,11060860
일반차로,11060860
일반차로,11060860
일반차로,11060860
일반차로,11060860
일반차로,11060860
일반차로,11060860
일반차로,11060860
일반차로,11060860
일반차로,11060860
일반차로,11060860
일반차로,11060860
일반차로,11060860
일반차로,11060860
일반차로,11060860
마을버스,11060860
일반차로,11060860
중앙차로,11060870
중앙차로,11060870
일반차로,11060870
일반차로,11060870
일반차로,11060870
일반차로,11060870
일반차로,11060870
일반차로,11060870
일반차로,11060870
일반차로,11060870
일반차로,11060870
일반차로,11060870
일반차로,11060870
일반차로,11060870
일반차로,11060870
일반차로,11060870
일반차로,11060870
일반차로,11060870
일반차로,11060870
일반차로,11060870
일반차로,11060870
일반차로,11060870
일반차로,11060870
일반차로,11060870
일반차로,11060870
일반차로,11060870
일반차로,11060870
일반차로,11060880
일반차로,11060880
일반차로,11060880
일반차로,11060880
일반차로,11060880
일반차로,11060880
일반차로,11060880
일반차로,11060880
일반차로,11060880
일반차로,11060880
일반차로,11060880
일반차로,11060880
일반차로,11060880
일반차로,11060880
일반차로,11060880
일반차로,11060880
일반차로,11060880
일반차로,11060880
일반차로,11060880
일반차로,11060880
일반차로,11060880
일반차로,11060880
일반차로,11060880
일반차로,11060880
일반차로,11060880
일반차로,11060880
일반차로,11060880
일반차로,11060880
마을버스,11060880
일반차로,11060880
일반차로,11060880
일반차로,11060880
일반차로,11060880
일반차로,11060880
일반차로,11060890
일반차로,11060890
일반차로,11060890
일반차로,11060890
일반차로,11060890
일반차로,11060890
일반차로,11060890
일반차로,11060890
일반차로,11060890
일반차로,11060890
일반차로,11060890
일반차로,11060890
일반차로,11060890
마을버스,11060890
마을버스,11060890
마을버스,11060890
마을버스,11060890
마을버스,11060890
마을버스,11060890
마을버스,11060890
마을버스,11060890
마을버스,11060890
마을버스,11060890
마을버스,11060890
마을버스,11060890
마을버스,11060890
마을버스,11060890
마을버스,11060890
마을버스,11060890
마을버스,11060890
일반차로,11060900
일반차로,11060900
일반차로,11060900
일반차로,11060900
일반차로,11060900
일반차로,11060900
일반차로,11060900
일반차로,11060900
일반차로,11060900
일반차로,11060900
일반차로,11060900
일반차로,11060910
일반차로,11060910
일반차로,11060910
일반차로,11060910
일반차로,11060910
일반차로,11060910
일반차로,11060910
일반차로,11060910
일반차로,11060910
일반차로,11060910
일반차로,11060910
일반차로,11060910
일반차로,11060910
일반차로,11060910
마을버스,11060910
마을버스,11060910
일반차로,11060910
마을버스,11060910
마을버스,11060910
마을버스,11060910
마을버스,11060910
마을버스,11060910
마을버스,11060910
마을버스,11060910
마을버스,11060910
마을버스,11060910
일반차로,11060910
일반차로,11070520
일반차로,11070520
일반차로,11070520
일반차로,11070520
일반차로,11070520
일반차로,11070520
일반차로,11070520
일반차로,11070520
일반차로,11070520
일반차로,11070520
일반차로,11070520
일반차로,11070520
일반차로,11070520
일반차로,11070520
일반차로,11070520
일반차로,11070520
일반차로,11070520
일반차로,11070520
일반차로,11070520
일반차로,11070520
마을버스,11070520
마을버스,11070520
마을버스,11070520
일반차로,11070540
일반차로,11070540
일반차로,11070540
일반차로,11070540
일반차로,11070540
일반차로,11070540
일반차로,11070540
일반차로,11070540
일반차로,11070540
일반차로,11070540
일반차로,11070540
일반차로,11070540
일반차로,11070540
일반차로,11070550
일반차로,11070550
일반차로,11070550
일반차로,11070550
일반차로,11070550
일반차로,11070550
일반차로,11070550
일반차로,11070550
일반차로,11070550
일반차로,11070550
일반차로,11070550
일반차로,11070570
일반차로,11070570
일반차로,11070570
일반차로,11070570
일반차로,11070570
일반차로,11070570
일반차로,11070570
일반차로,11070570
일반차로,11070570
일반차로,11070570
일반차로,11070570
일반차로,11070570
일반차로,11070570
일반차로,11070570
일반차로,11070570
일반차로,11070570
일반차로,11070570
일반차로,11070570
일반차로,11070590
일반차로,11070590
일반차로,11070590
일반차로,11070590
일반차로,11070590
일반차로,11070590
일반차로,11070590
일반차로,11070590
일반차로,11070590
일반차로,11070590
일반차로,11070590
일반차로,11070590
일반차로,11070590
중앙차로,11070600
중앙차로,11070600
중앙차로,11070600
중앙차로,11070600
중앙차로,11070600
일반차로,11070600
일반차로,11070600
일반차로,11070600
일반차로,11070600
가로변전일,11070600
일반차로,11070600
일반차로,11070600
일반차로,11070600
일반차로,11070600
일반차로,11070600
일반차로,11070600
일반차로,11070600
일반차로,11070600
가로변시간,11070610
일반차로,11070610
일반차로,11070610
일반차로,11070610
일반차로,11070610
일반차로,11070610
일반차로,11070610
일반차로,11070610
마을버스,11070610
마을버스,11070610
마을버스,11070610
마을버스,11070610
마을버스,11070610
마을버스,11070610
중앙차로,11070620
가로변시간,11070620
가로변시간,11070620
일반차로,11070620
일반차로,11070620
일반차로,11070620
일반차로,11070620
일반차로,11070620
일반차로,11070620
일반차로,11070620
일반차로,11070620
일반차로,11070620
일반차로,11070620
일반차로,11070620
일반차로,11070620
일반차로,11070620
일반차로,11070620
일반차로,11070620
일반차로,11070620
일반차로,11070620
일반차로,11070620
일반차로,11070620
일반차로,11070620
일반차로,11070620
일반차로,11070620
마을버스,11070620
마을버스,11070620
마을버스,11070620
일반차로,11070640
일반차로,11070640
가로변시간,11070640
일반차로,11070640
일반차로,11070640
일반차로,11070640
일반차로,11070640
일반차로,11070640
일반차로,11070640
일반차로,11070640
일반차로,11070640
일반차로,11070640
일반차로,11070640
일반차로,11070640
일반차로,11070640
일반차로,11070640
일반차로,11070640
일반차로,11070640
일반차로,11070640
일반차로,11070640
일반차로,11070640
일반차로,11070640
일반차로,11070640
일반차로,11070640
일반차로,11070640
일반차로,11070640
일반차로,11070640
일반차로,11070640
일반차로,11070640
가로변시간,11070640
일반차로,11070640
일반차로,11070640
일반차로,11070640
가로변시간,11070650
가로변시간,11070650
가로변시간,11070650
일반차로,11070650
일반차로,11070650
일반차로,11070650
일반차로,11070650
일반차로,11070650
일반차로,11070650
일반차로,11070650
일반차로,11070650
일반차로,11070650
일반차로,11070650
일반차로,11070650
일반차로,11070650
일반차로,11070650
일반차로,11070650
가로변시간,11070650
일반차로,11070650
마을버스,11070650
일반차로,11070680
일반차로,11070680
일반차로,11070680
일반차로,11070680
일반차로,11070680
일반차로,11070680
일반차로,11070680
일반차로,11070680
일반차로,11070680
일반차로,11070680
일반차로,11070680
일반차로,11070690
일반차로,11070690
일반차로,11070690
일반차로,11070690
일반차로,11070690
일반차로,11070690
일반차로,11070690
일반차로,11070690
일반차로,11070690
일반차로,11070690
일반차로,11070690
일반차로,11070690
일반차로,11070690
일반차로,11070690
일반차로,11070690
일반차로,11070690
일반차로,11070690
일반차로,11070690
일반차로,11070690
일반차로,11070690
일반차로,11070690
일반차로,11070690
일반차로,11070690
일반차로,11070690
일반차로,11070690
일반차로,11070690
일반차로,11070690
일반차로,11070690
일반차로,11070690
일반차로,11070690
일반차로,11070690
일반차로,11070690
일반차로,11070690
일반차로,11070690
일반차로,11070690
일반차로,11070690
일반차로,11070690
일반차로,11070690
일반차로,11070690
일반차로,11070690
일반차로,11070690
일반차로,11070690
일반차로,11070690
일반차로,11070690
일반차로,11070690
일반차로,11070690
일반차로,11070690
일반차로,11070690
일반차로,11070690
일반차로,11070690
일반차로,11070690
일반차로,11070690
일반차로,11070690
일반차로,11070700
일반차로,11070700
일반차로,11070700
일반차로,11070700
일반차로,11070700
일반차로,11070700
일반차로,11070700
일반차로,11070700
일반차로,11070700
일반차로,11070700
일반차로,11070700
일반차로,11070700
일반차로,11070700
일반차로,11070700
일반차로,11070700
일반차로,11070700
일반차로,11070700
일반차로,11070700
일반차로,11070700
일반차로,11070710
일반차로,11070710
일반차로,11070710
일반차로,11070710
일반차로,11070710
일반차로,11070710
일반차로,11070710
일반차로,11070710
일반차로,11070710
일반차로,11070710
일반차로,11070710
일반차로,11070710
일반차로,11070710
일반차로,11070710
일반차로,11070710
일반차로,11070710
일반차로,11070710
일반차로,11070710
일반차로,11070710
일반차로,11070710
일반차로,11070710
일반차로,11070710
일반차로,11070710
일반차로,11070710
마을버스,11070710
마을버스,11070710
마을버스,11070710
마을버스,11070710
일반차로,11070720
일반차로,11070720
일반차로,11070720
일반차로,11070720
일반차로,11070720
일반차로,11070720
일반차로,11070720
일반차로,11070720
일반차로,11070720
일반차로,11070720
일반차로,11070720
일반차로,11070720
일반차로,11070720
일반차로,11070720
일반차로,11070720
일반차로,11070720
일반차로,11070720
일반차로,11070720
일반차로,11070720
마을버스,11070720
마을버스,11070720
마을버스,11070720
마을버스,11070720
마을버스,11070720
마을버스,11070720
마을버스,11070720
마을버스,11070720
마을버스,11070720
마을버스,11070720
마을버스,11070720
중앙차로,11070730
중앙차로,11070730
중앙차로,11070730
중앙차로,11070730
중앙차로,11070730
중앙차로,11070730
중앙차로,11070730
중앙차로,11070730
일반차로,11070730
일반차로,11070730
가로변시간,11070730
가로변시간,11070730
일반차로,11070730
가로변시간,11070730
일반차로,11070730
가로변시간,11070730
가로변전일,11070730
가로변전일,11070730
일반차로,11070730
일반차로,11070730
일반차로,11070730
일반차로,11070730
일반차로,11070730
일반차로,11070730
일반차로,11070730
일반차로,11070730
일반차로,11070730
일반차로,11070730
일반차로,11070730
일반차로,11070730
일반차로,11070730
일반차로,11070730
일반차로,11070730
일반차로,11070730
일반차로,11070730
일반차로,11070730
일반차로,11070730
일반차로,11070730
일반차로,11070730
일반차로,11070730
일반차로,11070730
일반차로,11070730
일반차로,11070730
일반차로,11070730
일반차로,11070730
일반차로,11070730
일반차로,11070730
일반차로,11070730
일반차로,11070730
일반차로,11070730
일반차로,11070730
일반차로,11070730
일반차로,11070730
일반차로,11070730
일반차로,11070730
일반차로,11070730
중앙차로,11080580
중앙차로,11080580
일반차로,11080580
일반차로,11080580
일반차로,11080580
일반차로,11080580
마을버스,11080580
마을버스,11080580
마을버스,11080580
마을버스,11080580
마을버스,11080580
마을버스,11080580
마을버스,11080580
마을버스,11080580
일반차로,11080590
일반차로,11080590
일반차로,11080590
일반차로,11080590
일반차로,11080590
일반차로,11080590
마을버스,11080590
마을버스,11080590
마을버스,11080590
마을버스,11080590
마을버스,11080590
마을버스,11080590
마을버스,11080590
마을버스,11080590
마을버스,11080590
마을버스,11080590
마을버스,11080590
마을버스,11080590
마을버스,11080590
마을버스,11080590
마을버스,11080590
마을버스,11080590
마을버스,11080590
마을버스,11080590
마을버스,11080590
마을버스,11080590
마을버스,11080590
마을버스,11080590
마을버스,11080590
마을버스,11080590
마을버스,11080590
마을버스,11080590
마을버스,11080590
마을버스,11080590
일반차로,11080600
일반차로,11080600
일반차로,11080600
일반차로,11080600
일반차로,11080600
일반차로,11080600
일반차로,11080600
일반차로,11080600
일반차로,11080600
일반차로,11080600
일반차로,11080600
일반차로,11080600
일반차로,11080600
일반차로,11080600
일반차로,11080600
일반차로,11080600
일반차로,11080600
마을버스,11080600
마을버스,11080600
마을버스,11080600
마을버스,11080600
마을버스,11080600
마을버스,11080600
마을버스,11080600
마을버스,11080600
마을버스,11080600
마을버스,11080600
마을버스,11080600
마을버스,11080600
마을버스,11080600
마을버스,11080600
일반차로,11080610
일반차로,11080610
일반차로,11080610
일반차로,11080610
일반차로,11080610
일반차로,11080610
일반차로,11080610
일반차로,11080610
일반차로,11080610
일반차로,11080620
일반차로,11080620
일반차로,11080620
일반차로,11080620
일반차로,11080620
일반차로,11080620
일반차로,11080620
일반차로,11080620
일반차로,11080620
일반차로,11080620
마을버스,11080620
마을버스,11080620
마을버스,11080620
마을버스,11080620
마을버스,11080620
마을버스,11080620
일반차로,11080630
일반차로,11080630
일반차로,11080630
일반차로,11080630
일반차로,11080630
일반차로,11080630
일반차로,11080630
일반차로,11080630
일반차로,11080630
일반차로,11080630
일반차로,11080630
일반차로,11080630
일반차로,11080630
일반차로,11080630
일반차로,11080630
일반차로,11080630
일반차로,11080630
일반차로,11080630
일반차로,11080630
일반차로,11080630
일반차로,11080630
일반차로,11080630
일반차로,11080630
일반차로,11080630
일반차로,11080630
일반차로,11080630
마을버스,11080630
마을버스,11080630
마을버스,11080630
마을버스,11080630
마을버스,11080630
마을버스,11080630
마을버스,11080630
마을버스,11080630
마을버스,11080630
마을버스,11080630
마을버스,11080630
마을버스,11080630
마을버스,11080630
마을버스,11080630
마을버스,11080630
마을버스,11080630
마을버스,11080630
마을버스,11080630
마을버스,11080630
마을버스,11080630
일반차로,11080640
일반차로,11080640
일반차로,11080640
일반차로,11080640
일반차로,11080640
일반차로,11080640
일반차로,11080640
일반차로,11080640
일반차로,11080640
일반차로,11080640
일반차로,11080640
일반차로,11080640
일반차로,11080640
일반차로,11080640
일반차로,11080640
일반차로,11080640
일반차로,11080640
일반차로,11080640
일반차로,11080640
마을버스,11080640
마을버스,11080640
마을버스,11080640
마을버스,11080640
마을버스,11080640
마을버스,11080640
마을버스,11080640
마을버스,11080640
마을버스,11080640
마을버스,11080640
마을버스,11080640
마을버스,11080640
마을버스,11080640
일반차로,11080650
일반차로,11080650
일반차로,11080650
일반차로,11080650
일반차로,11080650
일반차로,11080650
일반차로,11080650
일반차로,11080650
일반차로,11080650
일반차로,11080650
일반차로,11080650
일반차로,11080650
일반차로,11080650
일반차로,11080650
일반차로,11080650
일반차로,11080650
일반차로,11080650
일반차로,11080650
일반차로,11080650
일반차로,11080650
일반차로,11080650
일반차로,11080650
일반차로,11080650
일반차로,11080650
일반차로,11080650
일반차로,11080650
일반차로,11080650
마을버스,11080650
마을버스,11080650
마을버스,11080650
마을버스,11080650
일반차로,11080650
마을버스,11080650
마을버스,11080650
중앙차로,11080660
중앙차로,11080660
일반차로,11080660
일반차로,11080660
일반차로,11080660
일반차로,11080660
일반차로,11080660
마을버스,11080660
마을버스,11080660
마을버스,11080660
마을버스,11080660
마을버스,11080660
마을버스,11080660
마을버스,11080660
마을버스,11080660
마을버스,11080660
마을버스,11080660
마을버스,11080660
마을버스,11080660
마을버스,11080660
마을버스,11080660
마을버스,11080660
마을버스,11080660
마을버스,11080660
마을버스,11080660
마을버스,11080660
마을버스,11080660
중앙차로,11080680
중앙차로,11080680
일반차로,11080680
일반차로,11080680
일반차로,11080680
일반차로,11080680
일반차로,11080680
일반차로,11080680
일반차로,11080680
일반차로,11080680
일반차로,11080680
마을버스,11080680
마을버스,11080680
마을버스,11080680
마을버스,11080680
마을버스,11080680
마을버스,11080680
마을버스,11080680
마을버스,11080680
마을버스,11080680
마을버스,11080680
마을버스,11080680
일반차로,11080710
일반차로,11080710
일반차로,11080710
일반차로,11080710
일반차로,11080710
일반차로,11080710
일반차로,11080710
일반차로,11080710
일반차로,11080710
일반차로,11080710
일반차로,11080710
일반차로,11080710
일반차로,11080710
일반차로,11080710
일반차로,11080710
마을버스,11080710
마을버스,11080710
마을버스,11080710
마을버스,11080710
마을버스,11080710
마을버스,11080710
일반차로,11080720
일반차로,11080720
일반차로,11080720
일반차로,11080720
일반차로,11080720
일반차로,11080720
일반차로,11080720
일반차로,11080720
일반차로,11080720
일반차로,11080720
일반차로,11080720
일반차로,11080720
일반차로,11080720
일반차로,11080720
일반차로,11080720
마을버스,11080720
마을버스,11080720
마을버스,11080720
마을버스,11080720
마을버스,11080720
마을버스,11080720
마을버스,11080720
마을버스,11080720
마을버스,11080720
마을버스,11080720
마을버스,11080720
마을버스,11080720
일반차로,11080760
일반차로,11080760
일반차로,11080760
일반차로,11080760
일반차로,11080760
일반차로,11080760
일반차로,11080760
일반차로,11080760
일반차로,11080760
일반차로,11080760
일반차로,11080760
일반차로,11080760
일반차로,11080760
일반차로,11080760
일반차로,11080760
일반차로,11080760
일반차로,11080760
마을버스,11080760
마을버스,11080760
마을버스,11080760
마을버스,11080760
마을버스,11080760
마을버스,11080760
마을버스,11080760
마을버스,11080760
마을버스,11080760
마을버스,11080760
마을버스,11080760
마을버스,11080760
마을버스,11080760
마을버스,11080760
마을버스,11080760
일반차로,11080760
일반차로,11080770
일반차로,11080770
일반차로,11080770
일반차로,11080770
일반차로,11080770
일반차로,11080770
일반차로,11080770
일반차로,11080770
일반차로,11080770
일반차로,11080770
일반차로,11080770
마을버스,11080770
마을버스,11080770
마을버스,11080770
마을버스,11080770
마을버스,11080770
마을버스,11080770
마을버스,11080770
마을버스,11080770
마을버스,11080770
마을버스,11080770
마을버스,11080770
마을버스,11080770
마을버스,11080770
마을버스,11080770
마을버스,11080770
마을버스,11080770
마을버스,11080770
마을버스,11080770
마을버스,11080770
일반차로,11080780
일반차로,11080780
일반차로,11080780
일반차로,11080780
일반차로,11080780
일반차로,11080780
일반차로,11080780
일반차로,11080780
일반차로,11080780
일반차로,11080780
일반차로,11080780
일반차로,11080780
일반차로,11080780
일반차로,11080780
일반차로,11080780
일반차로,11080780
일반차로,11080780
마을버스,11080780
마을버스,11080780
마을버스,11080780
마을버스,11080780
마을버스,11080780
마을버스,11080780
마을버스,11080780
마을버스,11080780
마을버스,11080780
마을버스,11080780
일반차로,11080780
마을버스,11080780
마을버스,11080780
마을버스,11080780
마을버스,11080780
마을버스,11080780
마을버스,11080780
중앙차로,11080810
일반차로,11080810
일반차로,11080810
일반차로,11080810
일반차로,11080810
일반차로,11080810
일반차로,11080810
일반차로,11080810
일반차로,11080810
일반차로,11080810
일반차로,11080810
일반차로,11080810
일반차로,11080810
일반차로,11080810
일반차로,11080810
일반차로,11080810
일반차로,11080810
일반차로,11080810
마을버스,11080810
마을버스,11080810
마을버스,11080810
마을버스,11080810
마을버스,11080810
마을버스,11080810
마을버스,11080810
마을버스,11080810
마을버스,11080810
마을버스,11080810
마을버스,11080810
마을버스,11080810
마을버스,11080810
마을버스,11080810
마을버스,11080810
마을버스,11080810
마을버스,11080810
마을버스,11080810
마을버스,11080810
마을버스,11080810
마을버스,11080810
마을버스,11080810
마을버스,11080810
마을버스,11080810
마을버스,11080810
마을버스,11080810
마을버스,11080810
마을버스,11080810
중앙차로,11080820
일반차로,11080820
일반차로,11080820
일반차로,11080820
일반차로,11080820
일반차로,11080820
일반차로,11080820
마을버스,11080820
마을버스,11080820
마을버스,11080820
마을버스,11080820
마을버스,11080820
마을버스,11080820
마을버스,11080820
마을버스,11080820
마을버스,11080820
마을버스,11080820
마을버스,11080820
마을버스,11080820
마을버스,11080820
마을버스,11080820
마을버스,11080820
마을버스,11080820
마을버스,11080820
마을버스,11080820
마을버스,11080820
마을버스,11080820
마을버스,11080820
마을버스,11080820
마을버스,11080820
마을버스,11080820
마을버스,11080820
마을버스,11080820
마을버스,11080820
마을버스,11080820
마을버스,11080820
마을버스,11080820
마을버스,11080820
중앙차로,11080830
중앙차로,11080830
일반차로,11080830
일반차로,11080830
일반차로,11080830
일반차로,11080830
일반차로,11080830
일반차로,11080830
일반차로,11080830
일반차로,11080830
일반차로,11080830
마을버스,11080830
마을버스,11080830
마을버스,11080830
마을버스,11080830
마을버스,11080830
마을버스,11080830
일반차로,11080840
일반차로,11080840
일반차로,11080840
일반차로,11080840
일반차로,11080840
일반차로,11080840
일반차로,11080840
일반차로,11080840
일반차로,11080840
일반차로,11080840
일반차로,11080840
일반차로,11080840
일반차로,11080840
일반차로,11080840
마을버스,11080840
마을버스,11080840
마을버스,11080840
마을버스,11080840
마을버스,11080840
마을버스,11080840
마을버스,11080840
마을버스,11080840
마을버스,11080840
마을버스,11080840
마을버스,11080840
마을버스,11080840
마을버스,11080840
마을버스,11080840
마을버스,11080840
마을버스,11080840
마을버스,11080840
마을버스,11080840
마을버스,11080840
마을버스,11080840
마을버스,11080840
마을버스,11080840
마을버스,11080840
마을버스,11080840
마을버스,11080840
마을버스,11080840
마을버스,11080840
마을버스,11080840
마을버스,11080840
일반차로,11080840
마을버스,11080840
마을버스,11080840
마을버스,11080840
마을버스,11080840
마을버스,11080840
마을버스,11080840
마을버스,11080840
마을버스,11080840
일반차로,11080840
마을버스,11080840
마을버스,11080840
마을버스,11080840
마을버스,11080840
마을버스,11080840
마을버스,11080840
일반차로,11080850
일반차로,11080850
일반차로,11080850
일반차로,11080850
일반차로,11080850
일반차로,11080850
일반차로,11080850
일반차로,11080850
일반차로,11080850
일반차로,11080850
일반차로,11080850
일반차로,11080850
일반차로,11080850
일반차로,11080850
일반차로,11080850
일반차로,11080850
일반차로,11080850
일반차로,11080850
일반차로,11080850
일반차로,11080850
일반차로,11080850
일반차로,11080850
일반차로,11080850
일반차로,11080850
마을버스,11080850
마을버스,11080850
마을버스,11080850
마을버스,11080850
마을버스,11080850
마을버스,11080850
중앙차로,11090600
중앙차로,11090600
일반차로,11090600
일반차로,11090600
일반차로,11090600
일반차로,11090600
일반차로,11090600
일반차로,11090600
일반차로,11090600
일반차로,11090600
일반차로,11090600
일반차로,11090600
일반차로,11090600
일반차로,11090600
일반차로,11090600
일반차로,11090600
마을버스,11090600
마을버스,11090600
마을버스,11090600
마을버스,11090600
마을버스,11090600
마을버스,11090600
일반차로,11090600
일반차로,11090610
일반차로,11090610
일반차로,11090610
일반차로,11090610
일반차로,11090610
일반차로,11090610
일반차로,11090610
일반차로,11090610
일반차로,11090610
일반차로,11090610
일반차로,11090610
일반차로,11090610
일반차로,11090610
일반차로,11090610
일반차로,11090610
마을버스,11090610
마을버스,11090610
마을버스,11090610
마을버스,11090610
마을버스,11090610
마을버스,11090610
마을버스,11090610
마을버스,11090610
마을버스,11090610
마을버스,11090610
마을버스,11090610
마을버스,11090610
마을버스,11090610
마을버스,11090610
마을버스,11090610
마을버스,11090610
마을버스,11090610
마을버스,11090610
마을버스,11090610
마을버스,11090610
마을버스,11090610
마을버스,11090610
마을버스,11090610
마을버스,11090610
마을버스,11090610
마을버스,11090610
마을버스,11090610
일반차로,11090620
일반차로,11090620
일반차로,11090620
일반차로,11090620
일반차로,11090620
일반차로,11090620
일반차로,11090620
일반차로,11090620
일반차로,11090620
일반차로,11090620
일반차로,11090620
일반차로,11090620
일반차로,11090620
일반차로,11090620
마을버스,11090620
마을버스,11090620
마을버스,11090620
마을버스,11090620
마을버스,11090620
마을버스,11090620
마을버스,11090620
마을버스,11090620
일반차로,11090620
마을버스,11090620
마을버스,11090620
마을버스,11090620
마을버스,11090620
마을버스,11090620
마을버스,11090620
마을버스,11090620
마을버스,11090620
마을버스,11090620
마을버스,11090620
마을버스,11090620
마을버스,11090620
중앙차로,11090630
일반차로,11090630
일반차로,11090630
일반차로,11090630
일반차로,11090630
일반차로,11090630
일반차로,11090630
일반차로,11090630
일반차로,11090630
일반차로,11090630
일반차로,11090630
일반차로,11090630
일반차로,11090630
일반차로,11090630
일반차로,11090630
일반차로,11090630
마을버스,11090630
마을버스,11090630
마을버스,11090630
마을버스,11090630
마을버스,11090630
마을버스,11090630
마을버스,11090630
마을버스,11090630
마을버스,11090630
마을버스,11090630
마을버스,11090630
마을버스,11090630
마을버스,11090630
마을버스,11090630
마을버스,11090630
마을버스,11090630
마을버스,11090630
마을버스,11090630
마을버스,11090630
마을버스,11090630
마을버스,11090630
마을버스,11090630
마을버스,11090630
일반차로,11090640
일반차로,11090640
일반차로,11090640
일반차로,11090640
일반차로,11090640
일반차로,11090640
일반차로,11090640
일반차로,11090640
일반차로,11090640
일반차로,11090640
마을버스,11090640
마을버스,11090640
마을버스,11090640
중앙차로,11090650
중앙차로,11090650
중앙차로,11090650
일반차로,11090650
일반차로,11090650
일반차로,11090650
일반차로,11090650
일반차로,11090650
일반차로,11090650
일반차로,11090650
일반차로,11090650
일반차로,11090650
일반차로,11090650
일반차로,11090650
마을버스,11090650
마을버스,11090650
마을버스,11090650
마을버스,11090650
마을버스,11090650
마을버스,11090650
마을버스,11090650
마을버스,11090650
마을버스,11090650
마을버스,11090650
일반차로,11090690
일반차로,11090690
일반차로,11090690
일반차로,11090690
일반차로,11090690
일반차로,11090690
일반차로,11090690
일반차로,11090690
일반차로,11090690
일반차로,11090690
마을버스,11090690
마을버스,11090690
마을버스,11090690
마을버스,11090690
마을버스,11090690
마을버스,11090690
마을버스,11090690
마을버스,11090690
마을버스,11090690
마을버스,11090690
마을버스,11090690
마을버스,11090690
마을버스,11090690
마을버스,11090690
마을버스,11090690
마을버스,11090690
마을버스,11090690
마을버스,11090690
마을버스,11090690
중앙차로,11090700
중앙차로,11090700
일반차로,11090700
일반차로,11090700
마을버스,11090700
마을버스,11090700
마을버스,11090700
마을버스,11090700
마을버스,11090700
마을버스,11090700
마을버스,11090700
마을버스,11090700
마을버스,11090700
마을버스,11090700
마을버스,11090700
마을버스,11090700
마을버스,11090700
마을버스,11090700
마을버스,11090700
마을버스,11090700
마을버스,11090700
마을버스,11090700
마을버스,11090700
마을버스,11090700
마을버스,11090700
마을버스,11090700
마을버스,11090700
중앙차로,11090710
중앙차로,11090710
중앙차로,11090710
일반차로,11090710
일반차로,11090710
일반차로,11090710
일반차로,11090710
일반차로,11090710
일반차로,11090710
일반차로,11090710
일반차로,11090710
일반차로,11090710
일반차로,11090710
일반차로,11090710
일반차로,11090710
일반차로,11090710
일반차로,11090710
일반차로,11090710
마을버스,11090710
마을버스,11090710
마을버스,11090710
마을버스,11090710
마을버스,11090710
마을버스,11090710
마을버스,11090710
마을버스,11090710
마을버스,11090710
마을버스,11090710
마을버스,11090710
마을버스,11090710
마을버스,11090710
마을버스,11090710
일반차로,11090710
마을버스,11090710
마을버스,11090710
마을버스,11090710
마을버스,11090710
마을버스,11090710
마을버스,11090710
마을버스,11090710
마을버스,11090710
마을버스,11090710
마을버스,11090710
마을버스,11090710
마을버스,11090710
마을버스,11090710
마을버스,11090710
마을버스,11090710
마을버스,11090710
마을버스,11090710
마을버스,11090710
마을버스,11090710
마을버스,11090710
마을버스,11090710
마을버스,11090710
마을버스,11090710
마을버스,11090710
마을버스,11090710
중앙차로,11090720
중앙차로,11090720
일반차로,11090720
일반차로,11090720
일반차로,11090720
일반차로,11090720
일반차로,11090720
일반차로,11090720
일반차로,11090720
일반차로,11090720
일반차로,11090720
일반차로,11090720
일반차로,11090720
일반차로,11090720
마을버스,11090720
마을버스,11090720
마을버스,11090720
마을버스,11090720
일반차로,11090730
일반차로,11090730
일반차로,11090730
일반차로,11090730
일반차로,11090730
일반차로,11090730
일반차로,11090730
일반차로,11090730
일반차로,11090730
일반차로,11090730
일반차로,11090730
일반차로,11090730
일반차로,11090730
일반차로,11090730
일반차로,11090730
일반차로,11090730
일반차로,11090730
일반차로,11090730
일반차로,11090730
일반차로,11090730
마을버스,11090730
마을버스,11090730
일반차로,11090740
일반차로,11090740
일반차로,11090740
일반차로,11090740
일반차로,11090740
일반차로,11090740
일반차로,11090740
일반차로,11090740
일반차로,11090740
일반차로,11090740
일반차로,11090740
일반차로,11090740
일반차로,11090740
일반차로,11090740
일반차로,11090740
일반차로,11090740
일반차로,11090740
일반차로,11090740
일반차로,11090740
일반차로,11090740
일반차로,11090740
일반차로,11090740
일반차로,11090740
일반차로,11090740
마을버스,11090740
마을버스,11090740
마을버스,11090740
마을버스,11090740
마을버스,11090740
마을버스,11090740
마을버스,11090740
마을버스,11090740
일반차로,11090740
일반차로,11090740
일반차로,11090750
일반차로,11090750
일반차로,11090750
일반차로,11090750
일반차로,11090750
일반차로,11090750
일반차로,11090750
일반차로,11090750
일반차로,11090750
일반차로,11090750
일반차로,11090750
일반차로,11090750
일반차로,11090750
일반차로,11090750
일반차로,11090750
일반차로,11090750
일반차로,11090750
일반차로,11090750
일반차로,11090750
마을버스,11090750
마을버스,11090750
마을버스,11090750
마을버스,11090750
마을버스,11090750
마을버스,11090750
마을버스,11090750
마을버스,11090750
마을버스,11090750
마을버스,11090750
마을버스,11090750
마을버스,11090750
마을버스,11090750
마을버스,11090750
마을버스,11090750
마을버스,11090750
마을버스,11090750
마을버스,11090750
마을버스,11090750
마을버스,11090750
마을버스,11090750
마을버스,11090750
마을버스,11090750
마을버스,11090750
마을버스,11090750
마을버스,11090750
마을버스,11090750
마을버스,11090750
마을버스,11090750
마을버스,11090750
일반차로,11100510
일반차로,11100510
일반차로,11100510
일반차로,11100510
일반차로,11100510
일반차로,11100510
일반차로,11100510
일반차로,11100510
일반차로,11100510
일반차로,11100510
마을버스,11100510
마을버스,11100510
마을버스,11100510
마을버스,11100510
마을버스,11100510
마을버스,11100510
마을버스,11100510
마을버스,11100510
마을버스,11100510
마을버스,11100510
마을버스,11100510
마을버스,11100510
마을버스,11100510
마을버스,11100510
마을버스,11100510
마을버스,11100510
마을버스,11100510
마을버스,11100510
마을버스,11100510
마을버스,11100510
마을버스,11100510
마을버스,11100510
마을버스,11100510
마을버스,11100510
마을버스,11100510
마을버스,11100510
마을버스,11100510
마을버스,11100510
마을버스,11100510
마을버스,11100510
마을버스,11100510
마을버스,11100510
마을버스,11100510
마을버스,11100510
중앙차로,11100520
중앙차로,11100520
일반차로,11100520
일반차로,11100520
일반차로,11100520
일반차로,11100520
일반차로,11100520
일반차로,11100520
일반차로,11100520
일반차로,11100520
마을버스,11100520
마을버스,11100520
마을버스,11100520
마을버스,11100520
중앙차로,11100530
중앙차로,11100530
일반차로,11100530
일반차로,11100530
일반차로,11100530
일반차로,11100530
마을버스,11100530
마을버스,11100530
마을버스,11100530
마을버스,11100530
마을버스,11100530
마을버스,11100530
마을버스,11100530
마을버스,11100530
마을버스,11100530
일반차로,11100540
일반차로,11100540
일반차로,11100540
일반차로,11100540
일반차로,11100540
일반차로,11100540
일반차로,11100540
마을버스,11100540
마을버스,11100540
마을버스,11100540
마을버스,11100540
마을버스,11100540
마을버스,11100540
마을버스,11100540
마을버스,11100540
마을버스,11100540
마을버스,11100540
중앙차로,11100550
중앙차로,11100550
중앙차로,11100550
일반차로,11100550
일반차로,11100550
일반차로,11100550
일반차로,11100550
일반차로,11100550
일반차로,11100550
일반차로,11100550
일반차로,11100550
일반차로,11100550
일반차로,11100550
일반차로,11100550
일반차로,11100550
일반차로,11100550
일반차로,11100550
일반차로,11100550
일반차로,11100550
일반차로,11100550
일반차로,11100550
일반차로,11100550
일반차로,11100550
일반차로,11100550
일반차로,11100550
일반차로,11100550
마을버스,11100550
일반차로,11100550
마을버스,11100550
마을버스,11100550
마을버스,11100550
일반차로,11100550
일반차로,11100560
일반차로,11100560
일반차로,11100560
일반차로,11100560
일반차로,11100560
일반차로,11100560
일반차로,11100560
일반차로,11100560
일반차로,11100560
일반차로,11100560
일반차로,11100560
일반차로,11100560
일반차로,11100560
일반차로,11100560
일반차로,11100560
일반차로,11100560
일반차로,11100560
일반차로,11100560
일반차로,11100560
일반차로,11100560
일반차로,11100560
마을버스,11100560
일반차로,11100560
일반차로,11100570
일반차로,11100570
일반차로,11100570
일반차로,11100570
일반차로,11100570
일반차로,11100570
일반차로,11100570
일반차로,11100570
일반차로,11100570
일반차로,11100570
일반차로,11100570
일반차로,11100570
일반차로,11100570
일반차로,11100570
일반차로,11100570
일반차로,11100570
일반차로,11100570
마을버스,11100570
마을버스,11100570
마을버스,11100570
마을버스,11100570
마을버스,11100570
마을버스,11100570
마을버스,11100570
마을버스,11100570
마을버스,11100570
중앙차로,11100590
일반차로,11100590
일반차로,11100590
일반차로,11100590
일반차로,11100590
일반차로,11100590
일반차로,11100590
일반차로,11100590
일반차로,11100590
일반차로,11100590
일반차로,11100590
일반차로,11100590
일반차로,11100590
일반차로,11100590
일반차로,11100590
일반차로,11100590
마을버스,11100590
마을버스,11100590
마을버스,11100590
마을버스,11100590
마을버스,11100590
마을버스,11100590
중앙차로,11100600
일반차로,11100600
일반차로,11100600
일반차로,11100600
일반차로,11100600
일반차로,11100600
일반차로,11100600
일반차로,11100600
일반차로,11100600
일반차로,11100600
일반차로,11100600
일반차로,11100600
일반차로,11100600
일반차로,11100600
일반차로,11100600
일반차로,11100600
일반차로,11100600
일반차로,11100600
일반차로,11100600
일반차로,11100600
마을버스,11100600
마을버스,11100600
마을버스,11100600
마을버스,11100600
마을버스,11100600
일반차로,11100610
일반차로,11100610
일반차로,11100610
일반차로,11100610
일반차로,11100610
일반차로,11100610
일반차로,11100610
일반차로,11100610
일반차로,11100610
일반차로,11100610
일반차로,11100610
일반차로,11100610
마을버스,11100610
마을버스,11100610
일반차로,11100620
일반차로,11100620
일반차로,11100620
일반차로,11100620
일반차로,11100620
일반차로,11100620
일반차로,11100620
일반차로,11100620
일반차로,11100620
일반차로,11100620
일반차로,11100620
일반차로,11100620
일반차로,11100620
일반차로,11100620
일반차로,11100620
일반차로,11100620
일반차로,11100620
일반차로,11100620
일반차로,11100620
일반차로,11100620
일반차로,11100620
일반차로,11100620
일반차로,11100620
일반차로,11100620
일반차로,11100620
일반차로,11100620
일반차로,11100620
일반차로,11100620
일반차로,11100620
일반차로,11100620
일반차로,11100620
마을버스,11100620
마을버스,11100620
마을버스,11100620
마을버스,11100620
마을버스,11100620
마을버스,11100620
중앙차로,11100630
중앙차로,11100630
일반차로,11100630
일반차로,11100630
일반차로,11100630
일반차로,11100630
일반차로,11100630
일반차로,11100630
일반차로,11100630
일반차로,11100630
일반차로,11100630
일반차로,11100630
일반차로,11100630
마을버스,11100630
마을버스,11100630
마을버스,11100630
마을버스,11100630
마을버스,11100630
중앙차로,11100640
중앙차로,11100640
중앙차로,11100640
중앙차로,11100640
일반차로,11100640
일반차로,11100640
일반차로,11100640
일반차로,11100640
일반차로,11100640
일반차로,11100640
일반차로,11100640
일반차로,11100640
일반차로,11100640
일반차로,11100640
일반차로,11100640
일반차로,11100640
마을버스,11100640
마을버스,11100640
마을버스,11100640
마을버스,11100640
마을버스,11100640
마을버스,11100640
마을버스,11100640
마을버스,11100640
마을버스,11100640
마을버스,11100640
마을버스,11100640
마을버스,11100640
마을버스,11100640
마을버스,11100640
마을버스,11100640
마을버스,11100640
마을버스,11100640
마을버스,11100640
마을버스,11100640
마을버스,11100640
중앙차로,11100650
중앙차로,11100650
중앙차로,11100650
중앙차로,11100650
중앙차로,11100650
일반차로,11100650
일반차로,11100650
일반차로,11100650
일반차로,11100650
일반차로,11100650
일반차로,11100650
일반차로,11100650
일반차로,11100650
일반차로,11100650
일반차로,11100650
일반차로,11100650
일반차로,11100650
일반차로,11100650
마을버스,11100650
마을버스,11100650
마을버스,11100650
마을버스,11100650
마을버스,11100650
마을버스,11100650
마을버스,11100650
마을버스,11100650
마을버스,11100650
일반차로,11100650
마을버스,11100650
마을버스,11100650
마을버스,11100650
마을버스,11100650
마을버스,11100650
마을버스,11100650
마을버스,11100650
마을버스,11100650
마을버스,11100650
마을버스,11100650
마을버스,11100650
마을버스,11100650
마을버스,11100650
마을버스,11100650
일반차로,11100650
마을버스,11100650
일반차로,11110510
일반차로,11110510
일반차로,11110510
일반차로,11110510
일반차로,11110510
일반차로,11110510
일반차로,11110510
일반차로,11110510
일반차로,11110510
일반차로,11110510
일반차로,11110510
일반차로,11110510
일반차로,11110510
일반차로,11110510
일반차로,11110510
가로변시간,11110510
일반차로,11110510
일반차로,11110510
일반차로,11110510
일반차로,11110510
일반차로,11110510
일반차로,11110510
일반차로,11110510
일반차로,11110510
일반차로,11110510
일반차로,11110510
일반차로,11110510
마을버스,11110510
마을버스,11110510
마을버스,11110510
마을버스,11110510
마을버스,11110510
마을버스,11110510
마을버스,11110510
마을버스,11110510
마을버스,11110510
마을버스,11110510
일반차로,11110510
마을버스,11110510
마을버스,11110510
마을버스,11110510
마을버스,11110510
마을버스,11110510
일반차로,11110520
일반차로,11110520
일반차로,11110520
일반차로,11110520
일반차로,11110520
일반차로,11110520
일반차로,11110520
일반차로,11110520
일반차로,11110520
일반차로,11110520
일반차로,11110520
일반차로,11110520
일반차로,11110520
일반차로,11110520
일반차로,11110520
일반차로,11110520
일반차로,11110520
일반차로,11110520
일반차로,11110520
일반차로,11110520
일반차로,11110520
가로변시간,11110520
가로변시간,11110520
일반차로,11110520
일반차로,11110520
일반차로,11110520
일반차로,11110520
일반차로,11110520
일반차로,11110520
일반차로,11110520
일반차로,11110520
일반차로,11110520
마을버스,11110520
마을버스,11110520
마을버스,11110520
마을버스,11110520
마을버스,11110520
일반차로,11110520
가로변전일,11110520
일반차로,11110520
일반차로,11110530
일반차로,11110530
일반차로,11110530
일반차로,11110530
일반차로,11110530
일반차로,11110530
일반차로,11110530
일반차로,11110530
일반차로,11110530
일반차로,11110530
일반차로,11110530
일반차로,11110530
일반차로,11110530
일반차로,11110530
일반차로,11110530
일반차로,11110530
일반차로,11110530
일반차로,11110530
가로변시간,11110530
가로변시간,11110530
일반차로,11110530
일반차로,11110530
일반차로,11110530
일반차로,11110530
일반차로,11110560
일반차로,11110560
일반차로,11110560
일반차로,11110560
일반차로,11110560
일반차로,11110560
일반차로,11110560
일반차로,11110560
일반차로,11110560
일반차로,11110560
일반차로,11110560
일반차로,11110560
일반차로,11110560
일반차로,11110560
일반차로,11110560
일반차로,11110560
일반차로,11110560
일반차로,11110560
일반차로,11110560
일반차로,11110560
일반차로,11110560
일반차로,11110560
일반차로,11110560
일반차로,11110560
일반차로,11110560
일반차로,11110560
일반차로,11110560
일반차로,11110560
일반차로,11110560
일반차로,11110560
일반차로,11110560
일반차로,11110560
일반차로,11110560
일반차로,11110560
일반차로,11110560
일반차로,11110560
일반차로,11110560
일반차로,11110560
일반차로,11110560
일반차로,11110560
일반차로,11110560
일반차로,11110560
일반차로,11110560
일반차로,11110560
일반차로,11110560
일반차로,11110560
마을버스,11110560
마을버스,11110560
마을버스,11110560
마을버스,11110560
마을버스,11110560
마을버스,11110560
가로변시간,11110580
일반차로,11110580
일반차로,11110580
일반차로,11110580
일반차로,11110580
일반차로,11110580
일반차로,11110580
일반차로,11110580
가로변시간,11110580
가로변시간,11110580
일반차로,11110580
일반차로,11110580
일반차로,11110580
일반차로,11110580
일반차로,11110580
일반차로,11110580
일반차로,11110580
일반차로,11110580
일반차로,11110580
일반차로,11110580
일반차로,11110580
일반차로,11110580
일반차로,11110580
일반차로,11110580
일반차로,11110580
일반차로,11110580
일반차로,11110580
일반차로,11110580
일반차로,11110580
일반차로,11110580
일반차로,11110580
마을버스,11110580
가로변전일,11110590
가로변시간,11110590
가로변전일,11110590
일반차로,11110590
일반차로,11110590
일반차로,11110590
가로변시간,11110590
가로변시간,11110590
가로변시간,11110590
가로변전일,11110590
일반차로,11110590
일반차로,11110590
마을버스,11110590
마을버스,11110590
마을버스,11110590
마을버스,11110590
일반차로,11110590
가로변시간,11110590
가로변시간,11110590
마을버스,11110590
마을버스,11110590
마을버스,11110590
일반차로,11110600
일반차로,11110600
일반차로,11110600
일반차로,11110600
일반차로,11110600
일반차로,11110600
일반차로,11110600
일반차로,11110600
일반차로,11110600
일반차로,11110600
일반차로,11110600
일반차로,11110600
일반차로,11110600
일반차로,11110600
일반차로,11110600
일반차로,11110600
일반차로,11110600
일반차로,11110600
일반차로,11110610
일반차로,11110610
일반차로,11110610
일반차로,11110610
일반차로,11110610
일반차로,11110610
일반차로,11110610
일반차로,11110610
일반차로,11110610
일반차로,11110610
일반차로,11110610
일반차로,11110610
일반차로,11110610
일반차로,11110610
일반차로,11110610
일반차로,11110610
일반차로,11110610
일반차로,11110610
일반차로,11110640
일반차로,11110640
일반차로,11110640
일반차로,11110640
일반차로,11110640
일반차로,11110640
마을버스,11110640
일반차로,11110650
일반차로,11110650
일반차로,11110650
가로변전일,11110650
일반차로,11110650
일반차로,11110650
일반차로,11110650
일반차로,11110650
일반차로,11110650
일반차로,11110650
일반차로,11110650
가로변시간,11110650
일반차로,11110650
일반차로,11110650
마을버스,11110650
마을버스,11110650
마을버스,11110650
마을버스,11110650
마을버스,11110650
마을버스,11110650
가로변시간,11110650
일반차로,11110650
일반차로,11110650
일반차로,11110650
마을버스,11110650
마을버스,11110650
마을버스,11110650
마을버스,11110650
마을버스,11110650
일반차로,11110660
일반차로,11110660
일반차로,11110660
일반차로,11110660
일반차로,11110660
일반차로,11110660
일반차로,11110660
일반차로,11110660
일반차로,11110660
일반차로,11110660
일반차로,11110660
일반차로,11110660
일반차로,11110660
일반차로,11110660
일반차로,11110660
일반차로,11110660
일반차로,11110660
일반차로,11110660
마을버스,11110660
마을버스,11110660
마을버스,11110660
마을버스,11110660
마을버스,11110660
마을버스,11110660
일반차로,11110690
일반차로,11110690
일반차로,11110690
일반차로,11110690
일반차로,11110690
일반차로,11110690
일반차로,11110690
일반차로,11110690
일반차로,11110690
일반차로,11110690
일반차로,11110690
마을버스,11110690
마을버스,11110690
마을버스,11110690
마을버스,11110690
마을버스,11110690
마을버스,11110690
마을버스,11110690
마을버스,11110690
마을버스,11110690
마을버스,11110690
마을버스,11110690
마을버스,11110690
마을버스,11110690
마을버스,11110690
마을버스,11110690
마을버스,11110690
일반차로,11110720
가로변전일,11110720
가로변전일,11110720
일반차로,11110720
마을버스,11110720
마을버스,11110720
마을버스,11110720
마을버스,11110720
마을버스,11110720
마을버스,11110720
마을버스,11110720
마을버스,11110720
가로변전일,11110730
일반차로,11110730
일반차로,11110730
일반차로,11110730
일반차로,11110730
일반차로,11110730
마을버스,11110730
마을버스,11110730
마을버스,11110730
마을버스,11110730
마을버스,11110730
마을버스,11110730
마을버스,11110730
마을버스,11110730
마을버스,11110730
마을버스,11110730
마을버스,11110730
마을버스,11110730
가로변전일,11110740
일반차로,11110740
일반차로,11110740
가로변시간,11110740
가로변시간,11110740
일반차로,11110740
일반차로,11110740
일반차로,11110740
일반차로,11110740
일반차로,11110740
일반차로,11110740
일반차로,11110740
일반차로,11110740
일반차로,11110740
가로변전일,11110740
일반차로,11110740
일반차로,11110740
일반차로,11110740
마을버스,11110740
마을버스,11110740
마을버스,11110740
마을버스,11110740
마을버스,11110740
마을버스,11110740
일반차로,11110760
일반차로,11110760
일반차로,11110760
일반차로,11110760
일반차로,11110760
일반차로,11110760
일반차로,11110760
일반차로,11110760
일반차로,11110760
일반차로,11110760
마을버스,11110760
일반차로,11110760
일반차로,11110760
일반차로,11110760
일반차로,11110760
일반차로,11110760
일반차로,11110760
일반차로,11110760
일반차로,11110760
일반차로,11110760
가로변시간,11110770
가로변시간,11110770
가로변시간,11110770
일반차로,11110770
일반차로,11110770
일반차로,11110770
일반차로,11110770
일반차로,11110770
일반차로,11110770
일반차로,11110770
가로변전일,11110770
가로변시간,11110770
가로변시간,11110770
일반차로,11110770
일반차로,11110770
일반차로,11110770
일반차로,11110770
마을버스,11110770
마을버스,11110770
마을버스,11110770
마을버스,11110770
마을버스,11110770
마을버스,11110770
가로변시간,11110770
가로변전일,11110770
가로변시간,11110770
가로변시간,11110770
마을버스,11110770
일반차로,11110770
가로변시간,11110780
가로변전일,11110780
일반차로,11110780
일반차로,11110780
일반차로,11110780
일반차로,11110780
일반차로,11110780
가로변전일,11110780
가로변시간,11110780
일반차로,11110780
일반차로,11110780
일반차로,11110780
일반차로,11110780
일반차로,11110780
일반차로,11110780
일반차로,11110780
일반차로,11110780
일반차로,11110780
일반차로,11110780
일반차로,11110780
일반차로,11110780
일반차로,11110780
일반차로,11110780
일반차로,11110780
가로변시간,11110780
일반차로,11110780
일반차로,11110780
일반차로,11110780
일반차로,11110780
마을버스,11110780
마을버스,11110780
가로변시간,11110790
가로변시간,11110790
가로변전일,11110790
가로변전일,11110790
일반차로,11110790
일반차로,11110790
일반차로,11110790
일반차로,11110790
일반차로,11110790
일반차로,11110790
일반차로,11110790
일반차로,11110790
일반차로,11110790
일반차로,11110790
일반차로,11110790
일반차로,11110790
일반차로,11110790
일반차로,11110790
일반차로,11110790
가로변시간,11110790
가로변시간,11110790
가로변시간,11110790
가로변시간,11110790
일반차로,11110790
일반차로,11110790
일반차로,11110790
일반차로,11110790
일반차로,11110790
일반차로,11110790
일반차로,11110790
일반차로,11110790
일반차로,11110790
일반차로,11110790
일반차로,11110790
일반차로,11110790
일반차로,11110790
일반차로,11110790
일반차로,11110790
마을버스,11110790
마을버스,11110790
마을버스,11110790
마을버스,11110790
마을버스,11110790
마을버스,11110790
마을버스,11110790
중앙차로,11120510
중앙차로,11120510
중앙차로,11120510
중앙차로,11120510
중앙차로,11120510
가로변시간,11120510
일반차로,11120510
일반차로,11120510
일반차로,11120510
일반차로,11120510
일반차로,11120510
일반차로,11120510
일반차로,11120510
일반차로,11120510
일반차로,11120510
일반차로,11120510
일반차로,11120510
가로변시간,11120510
마을버스,11120510
마을버스,11120510
마을버스,11120510
마을버스,11120510
마을버스,11120510
마을버스,11120510
일반차로,11120510
마을버스,11120510
마을버스,11120510
중앙차로,11120520
중앙차로,11120520
중앙차로,11120520
중앙차로,11120520
중앙차로,11120520
가로변전일,11120520
가로변시간,11120520
가로변전일,11120520
가로변시간,11120520
가로변전일,11120520
가로변전일,11120520
일반차로,11120520
일반차로,11120520
일반차로,11120520
일반차로,11120520
일반차로,11120520
일반차로,11120520
일반차로,11120520
일반차로,11120520
일반차로,11120520
일반차로,11120520
일반차로,11120520
일반차로,11120520
일반차로,11120520
일반차로,11120520
일반차로,11120520
일반차로,11120520
일반차로,11120520
마을버스,11120520
마을버스,11120520
마을버스,11120520
마을버스,11120520
마을버스,11120520
마을버스,11120520
마을버스,11120520
마을버스,11120520
마을버스,11120520
마을버스,11120520
중앙차로,11120550
가로변시간,11120550
가로변시간,11120550
일반차로,11120550
일반차로,11120550
일반차로,11120550
일반차로,11120550
일반차로,11120550
일반차로,11120550
일반차로,11120550
일반차로,11120550
일반차로,11120550
마을버스,11120550
마을버스,11120550
마을버스,11120550
마을버스,11120550
마을버스,11120550
마을버스,11120550
마을버스,11120550
마을버스,11120550
마을버스,11120550
마을버스,11120550
마을버스,11120550
마을버스,11120550
마을버스,11120550
마을버스,11120550
마을버스,11120550
마을버스,11120550
마을버스,11120550
마을버스,11120550
마을버스,11120550
마을버스,11120550
마을버스,11120550
일반차로,11120560
일반차로,11120560
일반차로,11120560
일반차로,11120560
일반차로,11120560
일반차로,11120560
일반차로,11120560
일반차로,11120560
일반차로,11120560
일반차로,11120560
일반차로,11120560
일반차로,11120560
일반차로,11120560
일반차로,11120560
일반차로,11120560
마을버스,11120560
마을버스,11120560
마을버스,11120560
마을버스,11120560
마을버스,11120560
마을버스,11120560
마을버스,11120560
마을버스,11120560
마을버스,11120560
마을버스,11120560
마을버스,11120560
마을버스,11120560
마을버스,11120560
마을버스,11120560
마을버스,11120560
일반차로,11120570
일반차로,11120570
일반차로,11120570
일반차로,11120570
일반차로,11120570
일반차로,11120570
일반차로,11120570
일반차로,11120570
일반차로,11120570
일반차로,11120570
일반차로,11120570
일반차로,11120570
일반차로,11120570
일반차로,11120570
마을버스,11120570
마을버스,11120570
마을버스,11120570
마을버스,11120570
마을버스,11120570
마을버스,11120570
마을버스,11120570
마을버스,11120570
마을버스,11120570
마을버스,11120570
마을버스,11120570
마을버스,11120570
마을버스,11120570
마을버스,11120570
마을버스,11120570
마을버스,11120570
마을버스,11120570
마을버스,11120570
마을버스,11120570
마을버스,11120570
중앙차로,11120580
가로변시간,11120580
가로변전일,11120580
일반차로,11120580
일반차로,11120580
일반차로,11120580
일반차로,11120580
일반차로,11120580
일반차로,11120580
일반차로,11120580
일반차로,11120580
일반차로,11120580
일반차로,11120580
일반차로,11120580
일반차로,11120580
마을버스,11120580
마을버스,11120580
마을버스,11120580
마을버스,11120580
마을버스,11120580
마을버스,11120580
마을버스,11120580
마을버스,11120580
마을버스,11120580
가로변전일,11120590
일반차로,11120590
일반차로,11120590
일반차로,11120590
일반차로,11120590
일반차로,11120590
일반차로,11120590
가로변전일,11120590
일반차로,11120590
일반차로,11120590
일반차로,11120590
일반차로,11120590
일반차로,11120590
일반차로,11120590
일반차로,11120590
가로변시간,11120590
일반차로,11120590
일반차로,11120590
마을버스,11120590
마을버스,11120590
마을버스,11120590
일반차로,11120590
마을버스,11120590
일반차로,11120600
일반차로,11120600
일반차로,11120600
일반차로,11120600
일반차로,11120600
일반차로,11120600
일반차로,11120600
일반차로,11120600
일반차로,11120600
일반차로,11120600
일반차로,11120600
마을버스,11120600
마을버스,11120600
마을버스,11120600
마을버스,11120600
마을버스,11120600
마을버스,11120600
마을버스,11120600
마을버스,11120600
마을버스,11120600
마을버스,11120600
마을버스,11120600
마을버스,11120600
마을버스,11120600
마을버스,11120600
마을버스,11120600
마을버스,11120600
마을버스,11120600
마을버스,11120600
마을버스,11120600
마을버스,11120600
마을버스,11120600
마을버스,11120600
마을버스,11120600
일반차로,11120650
일반차로,11120650
일반차로,11120650
일반차로,11120650
일반차로,11120650
일반차로,11120650
일반차로,11120650
일반차로,11120650
일반차로,11120650
일반차로,11120650
일반차로,11120650
일반차로,11120650
일반차로,11120650
일반차로,11120650
일반차로,11120650
일반차로,11120650
일반차로,11120650
마을버스,11120650
마을버스,11120650
마을버스,11120650
마을버스,11120650
마을버스,11120650
일반차로,11120650
마을버스,11120650
일반차로,11120660
일반차로,11120660
일반차로,11120660
일반차로,11120660
일반차로,11120660
일반차로,11120660
일반차로,11120660
일반차로,11120660
일반차로,11120660
일반차로,11120660
일반차로,11120660
일반차로,11120660
일반차로,11120660
일반차로,11120660
일반차로,11120660
일반차로,11120660
마을버스,11120660
마을버스,11120660
마을버스,11120660
마을버스,11120660
마을버스,11120660
마을버스,11120660
마을버스,11120660
마을버스,11120660
마을버스,11120660
마을버스,11120660
마을버스,11120660
마을버스,11120660
마을버스,11120660
마을버스,11120660
마을버스,11120660
중앙차로,11120670
중앙차로,11120670
일반차로,11120670
일반차로,11120670
일반차로,11120670
일반차로,11120670
일반차로,11120670
일반차로,11120670
일반차로,11120670
일반차로,11120670
일반차로,11120670
중앙차로,11120680
중앙차로,11120680
중앙차로,11120680
중앙차로,11120680
중앙차로,11120680
중앙차로,11120680
일반차로,11120680
일반차로,11120680
일반차로,11120680
일반차로,11120680
일반차로,11120680
일반차로,11120680
일반차로,11120680
일반차로,11120680
일반차로,11120680
일반차로,11120680
일반차로,11120680
일반차로,11120680
일반차로,11120680
중앙차로,11120710
중앙차로,11120710
중앙차로,11120710
중앙차로,11120710
중앙차로,11120710
중앙차로,11120710
일반차로,11120710
일반차로,11120710
일반차로,11120710
일반차로,11120710
일반차로,11120710
일반차로,11120710
일반차로,11120710
일반차로,11120710
일반차로,11120710
일반차로,11120710
일반차로,11120710
일반차로,11120710
일반차로,11120710
일반차로,11120710
일반차로,11120710
일반차로,11120710
일반차로,11120710
일반차로,11120710
일반차로,11120710
일반차로,11120710
일반차로,11120710
일반차로,11120710
일반차로,11120710
일반차로,11120710
일반차로,11120710
일반차로,11120710
일반차로,11120710
일반차로,11120710
일반차로,11120710
일반차로,11120710
일반차로,11120710
일반차로,11120710
일반차로,11120710
일반차로,11120710
일반차로,11120710
일반차로,11120710
일반차로,11120710
일반차로,11120710
일반차로,11120710
일반차로,11120710
일반차로,11120710
일반차로,11120710
일반차로,11120710
일반차로,11120710
일반차로,11120710
일반차로,11120710
일반차로,11120710
일반차로,11120710
가로변전일,11120710
일반차로,11120710
일반차로,11120710
일반차로,11120710
일반차로,11120710
일반차로,11120710
일반차로,11120710
일반차로,11120710
일반차로,11120710
일반차로,11120710
일반차로,11120710
일반차로,11120710
일반차로,11120710
일반차로,11120710
일반차로,11120710
마을버스,11120710
일반차로,11120710
중앙차로,11120720
중앙차로,11120720
가로변전일,11120720
가로변시간,11120720
일반차로,11120720
일반차로,11120720
일반차로,11120720
일반차로,11120720
일반차로,11120720
일반차로,11120720
일반차로,11120720
일반차로,11120720
일반차로,11120720
일반차로,11120720
일반차로,11120720
일반차로,11120720
일반차로,11120720
일반차로,11120720
일반차로,11120720
마을버스,11120720
마을버스,11120720
마을버스,11120720
마을버스,11120720
마을버스,11120720
마을버스,11120720
마을버스,11120720
일반차로,11120730
일반차로,11120730
일반차로,11120730
일반차로,11120730
일반차로,11120730
일반차로,11120730
일반차로,11120730
일반차로,11120730
일반차로,11120730
일반차로,11120730
일반차로,11120730
일반차로,11120730
일반차로,11120730
일반차로,11120730
일반차로,11120730
일반차로,11120730
일반차로,11120730
일반차로,11120730
마을버스,11120730
마을버스,11120730
마을버스,11120730
마을버스,11120730
마을버스,11120730
마을버스,11120730
마을버스,11120730
일반차로,11120740
일반차로,11120740
일반차로,11120740
일반차로,11120740
일반차로,11120740
일반차로,11120740
일반차로,11120740
일반차로,11120740
일반차로,11120740
일반차로,11120740
일반차로,11120740
일반차로,11120740
일반차로,11120740
일반차로,11120740
일반차로,11120740
일반차로,11120740
일반차로,11120740
일반차로,11120740
일반차로,11120740
일반차로,11120740
일반차로,11120740
일반차로,11120740
일반차로,11120740
일반차로,11120740
마을버스,11120740
마을버스,11120740
마을버스,11120740
마을버스,11120740
마을버스,11120740
마을버스,11120740
마을버스,11120740
마을버스,11120740
마을버스,11120740
마을버스,11120740
마을버스,11120740
마을버스,11120740
마을버스,11120740
마을버스,11120740
마을버스,11120740
마을버스,11120740
마을버스,11120740
마을버스,11120740
마을버스,11120740
일반차로,11120740
마을버스,11120740
마을버스,11120740
마을버스,11120740
마을버스,11120740
마을버스,11120740
마을버스,11120740
중앙차로,11130520
중앙차로,11130520
일반차로,11130520
일반차로,11130520
일반차로,11130520
일반차로,11130520
일반차로,11130520
일반차로,11130520
일반차로,11130520
일반차로,11130520
일반차로,11130520
마을버스,11130520
마을버스,11130520
마을버스,11130520
마을버스,11130520
마을버스,11130520
마을버스,11130520
마을버스,11130520
마을버스,11130520
마을버스,11130520
마을버스,11130520
마을버스,11130520
마을버스,11130520
마을버스,11130520
마을버스,11130520
마을버스,11130520
마을버스,11130520
마을버스,11130520
마을버스,11130520
마을버스,11130520
마을버스,11130520
마을버스,11130520
마을버스,11130520
마을버스,11130520
마을버스,11130520
마을버스,11130520
중앙차로,11130620
중앙차로,11130620
중앙차로,11130620
중앙차로,11130620
가로변시간,11130620
일반차로,11130620
일반차로,11130620
일반차로,11130620
일반차로,11130620
마을버스,11130620
마을버스,11130620
마을버스,11130620
마을버스,11130620
마을버스,11130620
마을버스,11130620
마을버스,11130620
마을버스,11130620
마을버스,11130620
마을버스,11130620
일반차로,11130620
마을버스,11130620
마을버스,11130620
일반차로,11130640
일반차로,11130640
일반차로,11130640
일반차로,11130640
일반차로,11130640
일반차로,11130640
일반차로,11130640
일반차로,11130640
일반차로,11130640
마을버스,11130640
마을버스,11130640
마을버스,11130640
마을버스,11130640
마을버스,11130640
마을버스,11130640
마을버스,11130640
마을버스,11130640
마을버스,11130640
마을버스,11130640
마을버스,11130640
마을버스,11130640
마을버스,11130640
마을버스,11130640
마을버스,11130640
마을버스,11130640
마을버스,11130640
마을버스,11130640
마을버스,11130640
마을버스,11130640
마을버스,11130640
마을버스,11130640
마을버스,11130640
마을버스,11130640
마을버스,11130640
마을버스,11130640
마을버스,11130640
마을버스,11130640
마을버스,11130640
일반차로,11130640
일반차로,11130640
마을버스,11130640
마을버스,11130640
중앙차로,11130650
중앙차로,11130650
중앙차로,11130650
마을버스,11130650
마을버스,11130650
마을버스,11130650
마을버스,11130650
마을버스,11130650
마을버스,11130650
중앙차로,11130660
가로변시간,11130660
일반차로,11130660
일반차로,11130660
마을버스,11130660
마을버스,11130660
마을버스,11130660
마을버스,11130660
마을버스,11130660
마을버스,11130660
마을버스,11130660
마을버스,11130660
마을버스,11130660
마을버스,11130660
마을버스,11130660
마을버스,11130660
마을버스,11130660
마을버스,11130660
마을버스,11130660
마을버스,11130660
마을버스,11130660
마을버스,11130660
마을버스,11130660
마을버스,11130660
마을버스,11130660
마을버스,11130660
마을버스,11130660
마을버스,11130660
마을버스,11130660
마을버스,11130660
중앙차로,11130680
일반차로,11130680
일반차로,11130680
일반차로,11130680
일반차로,11130680
일반차로,11130680
일반차로,11130680
일반차로,11130680
일반차로,11130680
일반차로,11130680
일반차로,11130680
일반차로,11130680
일반차로,11130680
일반차로,11130680
일반차로,11130680
일반차로,11130680
일반차로,11130680
일반차로,11130680
일반차로,11130680
일반차로,11130680
일반차로,11130680
일반차로,11130680
일반차로,11130680
마을버스,11130680
마을버스,11130680
마을버스,11130680
마을버스,11130680
마을버스,11130680
마을버스,11130680
마을버스,11130680
마을버스,11130680
마을버스,11130680
마을버스,11130680
마을버스,11130680
마을버스,11130680
마을버스,11130680
마을버스,11130680
마을버스,11130680
마을버스,11130680
마을버스,11130680
마을버스,11130680
일반차로,11130680
마을버스,11130680
일반차로,11130680
일반차로,11130680
마을버스,11130680
마을버스,11130680
마을버스,11130680
마을버스,11130680
마을버스,11130680
마을버스,11130680
마을버스,11130680
마을버스,11130680
마을버스,11130680
마을버스,11130680
마을버스,11130680
마을버스,11130680
마을버스,11130680
마을버스,11130680
마을버스,11130680
마을버스,11130680
마을버스,11130680
마을버스,11130680
마을버스,11130680
마을버스,11130680
마을버스,11130680
마을버스,11130680
마을버스,11130680
마을버스,11130680
마을버스,11130680
마을버스,11130680
중앙차로,11130690
중앙차로,11130690
중앙차로,11130690
일반차로,11130690
일반차로,11130690
일반차로,11130690
일반차로,11130690
일반차로,11130690
일반차로,11130690
일반차로,11130690
일반차로,11130690
일반차로,11130690
일반차로,11130690
마을버스,11130690
마을버스,11130690
마을버스,11130690
일반차로,11130700
일반차로,11130700
일반차로,11130700
일반차로,11130700
일반차로,11130700
일반차로,11130700
일반차로,11130700
일반차로,11130700
일반차로,11130700
일반차로,11130700
일반차로,11130700
일반차로,11130700
일반차로,11130700
일반차로,11130700
일반차로,11130700
일반차로,11130700
일반차로,11130700
일반차로,11130700
일반차로,11130700
마을버스,11130700
마을버스,11130700
마을버스,11130700
마을버스,11130700
마을버스,11130700
마을버스,11130700
중앙차로,11130710
중앙차로,11130710
중앙차로,11130710
일반차로,11130710
일반차로,11130710
일반차로,11130710
일반차로,11130710
일반차로,11130710
일반차로,11130710
일반차로,11130710
일반차로,11130710
일반차로,11130720
일반차로,11130720
일반차로,11130720
일반차로,11130720
일반차로,11130720
일반차로,11130720
일반차로,11130720
일반차로,11130720
일반차로,11130720
일반차로,11130720
일반차로,11130720
일반차로,11130720
일반차로,11130720
일반차로,11130720
일반차로,11130720
일반차로,11130720
일반차로,11130720
일반차로,11130720
일반차로,11130720
일반차로,11130720
일반차로,11130720
일반차로,11130720
일반차로,11130720
마을버스,11130720
마을버스,11130720
마을버스,11130720
마을버스,11130720
마을버스,11130720
마을버스,11130720
마을버스,11130720
마을버스,11130720
마을버스,11130720
마을버스,11130720
마을버스,11130720
마을버스,11130720
마을버스,11130720
중앙차로,11130730
중앙차로,11130730
중앙차로,11130730
중앙차로,11130730
일반차로,11130730
일반차로,11130730
일반차로,11130730
일반차로,11130730
일반차로,11130730
마을버스,11130730
마을버스,11130730
마을버스,11130730
마을버스,11130730
마을버스,11130730
마을버스,11130730
마을버스,11130730
마을버스,11130730
마을버스,11130730
마을버스,11130730
마을버스,11130730
마을버스,11130730
마을버스,11130730
마을버스,11130730
마을버스,11130730
일반차로,11130730
마을버스,11130730
마을버스,11130730
마을버스,11130730
마을버스,11130730
마을버스,11130730
마을버스,11130730
마을버스,11130730
마을버스,11130730
마을버스,11130730
마을버스,11130730
마을버스,11130730
마을버스,11130730
마을버스,11130730
마을버스,11130730
마을버스,11130730
마을버스,11130730
마을버스,11130730
마을버스,11130730
중앙차로,11130740
중앙차로,11130740
일반차로,11130740
마을버스,11130740
마을버스,11130740
마을버스,11130740
마을버스,11130740
마을버스,11130740
마을버스,11130740
일반차로,11130740
마을버스,11130740
마을버스,11130740
마을버스,11130740
마을버스,11130740
마을버스,11130740
마을버스,11130740
중앙차로,11130750
중앙차로,11130750
중앙차로,11130750
중앙차로,11130750
중앙차로,11130750
중앙차로,11130750
중앙차로,11130750
중앙차로,11130750
중앙차로,11130750
중앙차로,11130750
일반차로,11130750
일반차로,11130750
일반차로,11130750
일반차로,11130750
일반차로,11130750
일반차로,11130750
일반차로,11130750
일반차로,11130750
일반차로,11130750
가로변전일,11130750
가로변전일,11130750
일반차로,11130750
가로변전일,11130750
일반차로,11130750
일반차로,11130750
일반차로,11130750
일반차로,11130750
가로변전일,11130750
일반차로,11130750
일반차로,11130750
일반차로,11130750
일반차로,11130750
일반차로,11130750
일반차로,11130750
일반차로,11130750
마을버스,11130750
마을버스,11130750
마을버스,11130750
마을버스,11130750
마을버스,11130750
마을버스,11130750
마을버스,11130750
마을버스,11130750
마을버스,11130750
마을버스,11130750
마을버스,11130750
마을버스,11130750
중앙차로,11130760
중앙차로,11130760
중앙차로,11130760
일반차로,11130760
일반차로,11130760
일반차로,11130760
일반차로,11130760
일반차로,11130760
일반차로,11130760
일반차로,11130760
일반차로,11130760
일반차로,11130760
일반차로,11130760
일반차로,11130760
일반차로,11130760
일반차로,11130760
일반차로,11130760
일반차로,11130760
일반차로,11130760
일반차로,11130760
일반차로,11130760
일반차로,11130760
일반차로,11130760
일반차로,11130760
일반차로,11130760
일반차로,11130760
일반차로,11130760
일반차로,11130760
일반차로,11130760
일반차로,11130760
일반차로,11130760
일반차로,11130760
마을버스,11130760
마을버스,11130760
마을버스,11130760
마을버스,11130760
마을버스,11130760
마을버스,11130760
마을버스,11130760
일반차로,11130760
일반차로,11130760
일반차로,11130760
일반차로,11130760
일반차로,11130760
일반차로,11130760
마을버스,11130760
마을버스,11130760
마을버스,11130760
마을버스,11130760
마을버스,11130760
마을버스,11130760
마을버스,11130760
마을버스,11130760
마을버스,11130760
마을버스,11130760
마을버스,11130760
마을버스,11130760
중앙차로,11140590
일반차로,11140590
일반차로,11140590
일반차로,11140590
일반차로,11140590
마을버스,11140590
마을버스,11140590
일반차로,11140590
마을버스,11140590
마을버스,11140590
마을버스,11140590
마을버스,11140590
마을버스,11140590
마을버스,11140590
마을버스,11140590
마을버스,11140590
일반차로,11140590
마을버스,11140590
마을버스,11140590
마을버스,11140590
마을버스,11140590
마을버스,11140590
중앙차로,11140600
중앙차로,11140600
일반차로,11140600
일반차로,11140600
일반차로,11140600
일반차로,11140600
일반차로,11140600
일반차로,11140600
일반차로,11140600
일반차로,11140600
일반차로,11140600
일반차로,11140600
일반차로,11140600
일반차로,11140600
일반차로,11140600
일반차로,11140600
일반차로,11140600
일반차로,11140600
일반차로,11140600
일반차로,11140600
마을버스,11140600
마을버스,11140600
마을버스,11140600
마을버스,11140600
마을버스,11140600
마을버스,11140600
마을버스,11140600
마을버스,11140600
마을버스,11140600
마을버스,11140600
마을버스,11140600
중앙차로,11140610
일반차로,11140610
일반차로,11140610
마을버스,11140610
마을버스,11140610
마을버스,11140610
일반차로,11140610
마을버스,11140610
마을버스,11140610
마을버스,11140610
일반차로,11140630
일반차로,11140630
일반차로,11140630
일반차로,11140630
일반차로,11140630
일반차로,11140630
마을버스,11140630
마을버스,11140630
마을버스,11140630
마을버스,11140630
마을버스,11140630
마을버스,11140630
마을버스,11140630
마을버스,11140630
마을버스,11140630
마을버스,11140630
마을버스,11140630
마을버스,11140630
마을버스,11140630
마을버스,11140630
마을버스,11140630
마을버스,11140630
마을버스,11140630
마을버스,11140630
중앙차로,11140660
중앙차로,11140660
중앙차로,11140660
중앙차로,11140660
중앙차로,11140660
중앙차로,11140660
중앙차로,11140660
일반차로,11140660
일반차로,11140660
일반차로,11140660
일반차로,11140660
일반차로,11140660
일반차로,11140660
일반차로,11140660
가로변전일,11140660
가로변전일,11140660
일반차로,11140660
가로변전일,11140660
일반차로,11140660
일반차로,11140660
일반차로,11140660
일반차로,11140660
일반차로,11140660
일반차로,11140660
일반차로,11140660
일반차로,11140660
일반차로,11140660
일반차로,11140660
일반차로,11140660
마을버스,11140660
마을버스,11140660
마을버스,11140660
마을버스,11140660
마을버스,11140660
일반차로,11140660
일반차로,11140660
일반차로,11140660
마을버스,11140660
마을버스,11140660
마을버스,11140660
마을버스,11140660
일반차로,11140660
마을버스,11140660
마을버스,11140660
마을버스,11140660
마을버스,11140660
마을버스,11140660
마을버스,11140660
마을버스,11140660
마을버스,11140660
마을버스,11140660
일반차로,11140660
마을버스,11140660
마을버스,11140660
마을버스,11140660
마을버스,11140660
마을버스,11140660
마을버스,11140660
마을버스,11140660
마을버스,11140660
일반차로,11140660
마을버스,11140660
마을버스,11140660
마을버스,11140660
마을버스,11140660
마을버스,11140660
마을버스,11140660
마을버스,11140660
마을버스,11140660
마을버스,11140660
마을버스,11140660
마을버스,11140660
마을버스,11140660
마을버스,11140660
마을버스,11140660
마을버스,11140660
마을버스,11140660
마을버스,11140660
마을버스,11140660
마을버스,11140660
중앙차로,11140680
중앙차로,11140680
일반차로,11140680
일반차로,11140680
일반차로,11140680
일반차로,11140680
일반차로,11140680
가로변전일,11140680
일반차로,11140680
일반차로,11140680
일반차로,11140680
일반차로,11140680
일반차로,11140680
마을버스,11140680
마을버스,11140680
마을버스,11140680
마을버스,11140680
마을버스,11140680
일반차로,11140680
일반차로,11140680
마을버스,11140680
마을버스,11140680
마을버스,11140680
마을버스,11140680
마을버스,11140680
마을버스,11140680
마을버스,11140680
마을버스,11140680
한강선착장,11140690
일반차로,11140690
일반차로,11140690
일반차로,11140690
일반차로,11140690
일반차로,11140690
일반차로,11140690
일반차로,11140690
마을버스,11140690
마을버스,11140690
마을버스,11140690
마을버스,11140690
마을버스,11140690
마을버스,11140690
마을버스,11140690
마을버스,11140690
마을버스,11140690
마을버스,11140690
마을버스,11140690
마을버스,11140690
마을버스,11140690
마을버스,11140690
마을버스,11140690
마을버스,11140690
마을버스,11140690
일반차로,11140700
일반차로,11140700
일반차로,11140700
일반차로,11140700
일반차로,11140700
일반차로,11140700
일반차로,11140700
일반차로,11140700
일반차로,11140700
일반차로,11140700
일반차로,11140700
마을버스,11140700
마을버스,11140700
마을버스,11140700
마을버스,11140700
마을버스,11140700
마을버스,11140700
마을버스,11140700
마을버스,11140700
일반차로,11140700
일반차로,11140700
일반차로,11140700
일반차로,11140700
마을버스,11140700
마을버스,11140700
마을버스,11140700
마을버스,11140700
마을버스,11140700
마을버스,11140700
마을버스,11140700
마을버스,11140700
마을버스,11140700
마을버스,11140700
마을버스,11140700
마을버스,11140700
일반차로,11140710
일반차로,11140710
마을버스,11140710
마을버스,11140710
마을버스,11140710
마을버스,11140710
마을버스,11140710
마을버스,11140710
마을버스,11140710
마을버스,11140710
마을버스,11140710
마을버스,11140710
마을버스,11140710
마을버스,11140710
일반차로,11140710
마을버스,11140710
마을버스,11140710
마을버스,11140710
마을버스,11140710
마을버스,11140710
마을버스,11140710
마을버스,11140710
일반차로,11140720
일반차로,11140720
일반차로,11140720
일반차로,11140720
일반차로,11140720
일반차로,11140720
일반차로,11140720
가로변전일,11140720
가로변전일,11140720
가로변시간,11140720
일반차로,11140720
일반차로,11140720
일반차로,11140720
일반차로,11140720
일반차로,11140720
일반차로,11140720
마을버스,11140720
마을버스,11140720
마을버스,11140720
마을버스,11140720
마을버스,11140720
마을버스,11140720
마을버스,11140720
마을버스,11140720
마을버스,11140720
마을버스,11140720
일반차로,11140730
일반차로,11140730
일반차로,11140730
일반차로,11140730
일반차로,11140730
일반차로,11140730
일반차로,11140730
일반차로,11140730
일반차로,11140730
일반차로,11140730
일반차로,11140730
일반차로,11140730
일반차로,11140730
일반차로,11140730
일반차로,11140730
일반차로,11140730
일반차로,11140730
일반차로,11140730
일반차로,11140730
일반차로,11140730
일반차로,11140730
일반차로,11140730
일반차로,11140730
일반차로,11140730
일반차로,11140730
일반차로,11140730
일반차로,11140730
일반차로,11140730
일반차로,11140730
일반차로,11140730
마을버스,11140730
마을버스,11140730
마을버스,11140730
일반차로,11140730
마을버스,11140730
일반차로,11140730
마을버스,11140730
마을버스,11140730
마을버스,11140730
마을버스,11140730
마을버스,11140730
일반차로,11140740
일반차로,11140740
일반차로,11140740
일반차로,11140740
일반차로,11140740
일반차로,11140740
일반차로,11140740
일반차로,11140740
일반차로,11140740
일반차로,11140740
일반차로,11140740
일반차로,11140740
일반차로,11140740
일반차로,11140740
일반차로,11140740
일반차로,11140740
일반차로,11140740
일반차로,11140740
일반차로,11140740
일반차로,11140740
일반차로,11140740
일반차로,11140740
일반차로,11140740
일반차로,11140740
일반차로,11140740
일반차로,11140740
일반차로,11140740
일반차로,11140740
일반차로,11140740
일반차로,11140740
일반차로,11140740
일반차로,11140740
일반차로,11140740
일반차로,11140740
일반차로,11140740
일반차로,11140740
일반차로,11140740
일반차로,11140740
일반차로,11140740
일반차로,11140740
일반차로,11140740
일반차로,11140740
일반차로,11140740
일반차로,11140740
일반차로,11140740
일반차로,11140740
일반차로,11140740
일반차로,11140740
일반차로,11140740
일반차로,11140740
일반차로,11140740
일반차로,11140740
일반차로,11140740
일반차로,11140740
일반차로,11140740
마을버스,11140740
마을버스,11140740
마을버스,11140740
일반차로,11140740
마을버스,11140740
마을버스,11140740
마을버스,11140740
마을버스,11140740
마을버스,11140740
마을버스,11140740
마을버스,11140740
마을버스,11140740
마을버스,11140740
마을버스,11140740
마을버스,11140740
마을버스,11140740
일반차로,11140740
일반차로,11140740
마을버스,11140740
마을버스,11140740
마을버스,11140740
마을버스,11140740
마을버스,11140740
마을버스,11140740
마을버스,11140740
마을버스,11140740
일반차로,11140740
일반차로,11140740
일반차로,11140740
일반차로,11140740
일반차로,11140740
일반차로,11140740
일반차로,11140740
일반차로,11140740
일반차로,11140740
마을버스,11140740
마을버스,11140740
마을버스,11140740
마을버스,11140740
마을버스,11140740
일반차로,11140740
일반차로,11140740
마을버스,11140740
중앙차로,11140750
일반차로,11140750
일반차로,11140750
일반차로,11140750
일반차로,11140750
일반차로,11140750
일반차로,11140750
마을버스,11140750
마을버스,11140750
마을버스,11140750
마을버스,11140750
마을버스,11140750
마을버스,11140750
마을버스,11140750
마을버스,11140750
마을버스,11140750
마을버스,11140750
마을버스,11140750
일반차로,11140750
마을버스,11140750
마을버스,11140750
마을버스,11140750
마을버스,11140750
마을버스,11140750
마을버스,11140750
마을버스,11140750
마을버스,11140750
마을버스,11140750
마을버스,11140750
마을버스,11140750
마을버스,11140750
마을버스,11140750
마을버스,11140750
마을버스,11140750
일반차로,11140760
일반차로,11140760
일반차로,11140760
일반차로,11140760
일반차로,11140760
일반차로,11140760
일반차로,11140760
일반차로,11140760
일반차로,11140760
일반차로,11140760
일반차로,11140760
일반차로,11140760
일반차로,11140760
일반차로,11140760
일반차로,11140760
일반차로,11140760
일반차로,11140760
일반차로,11140760
마을버스,11140760
마을버스,11140760
마을버스,11140760
마을버스,11140760
마을버스,11140760
마을버스,11140760
마을버스,11140760
마을버스,11140760
마을버스,11140760
마을버스,11140760
마을버스,11140760
마을버스,11140760
마을버스,11140760
마을버스,11140760
마을버스,11140760
마을버스,11140760
일반차로,11140760
일반차로,11140760
마을버스,11140760
마을버스,11140760
마을버스,11140760
마을버스,11140760
마을버스,11140760
마을버스,11140760
마을버스,11140760
마을버스,11140760
마을버스,11140760
마을버스,11140760
마을버스,11140760
마을버스,11140760
마을버스,11140760
마을버스,11140760
마을버스,11140760
마을버스,11140760
마을버스,11140760
마을버스,11140760
마을버스,11140760
마을버스,11140760
마을버스,11140760
마을버스,11140760
마을버스,11140760
마을버스,11140760
마을버스,11140760
마을버스,11140760
중앙차로,11140770
중앙차로,11140770
중앙차로,11140770
중앙차로,11140770
일반차로,11140770
일반차로,11140770
일반차로,11140770
일반차로,11140770
일반차로,11140770
일반차로,11140770
일반차로,11140770
일반차로,11140770
일반차로,11140770
일반차로,11140770
일반차로,11140770
일반차로,11140770
마을버스,11140770
마을버스,11140770
마을버스,11140770
마을버스,11140770
마을버스,11140770
마을버스,11140770
마을버스,11140770
마을버스,11140770
마을버스,11140770
마을버스,11140770
마을버스,11140770
마을버스,11140770
마을버스,11140770
마을버스,11140770
마을버스,11140770
마을버스,11140770
마을버스,11140770
마을버스,11140770
마을버스,11140770
마을버스,11140770
마을버스,11140770
중앙차로,11140780
중앙차로,11140780
중앙차로,11140780
중앙차로,11140780
중앙차로,11140780
중앙차로,11140780
일반차로,11140780
일반차로,11140780
일반차로,11140780
마을버스,11140780
마을버스,11140780
마을버스,11140780
마을버스,11140780
마을버스,11140780
마을버스,11140780
마을버스,11140780
마을버스,11140780
일반차로,11150510
일반차로,11150510
일반차로,11150510
일반차로,11150510
일반차로,11150510
일반차로,11150510
일반차로,11150510
일반차로,11150510
일반차로,11150510
일반차로,11150510
일반차로,11150510
일반차로,11150510
일반차로,11150510
일반차로,11150510
일반차로,11150510
일반차로,11150510
일반차로,11150510
일반차로,11150510
일반차로,11150510
마을버스,11150510
일반차로,11150510
일반차로,11150510
일반차로,11150510
일반차로,11150510
일반차로,11150520
일반차로,11150520
일반차로,11150520
일반차로,11150520
일반차로,11150520
일반차로,11150520
마을버스,11150520
마을버스,11150520
마을버스,11150520
마을버스,11150520
마을버스,11150520
마을버스,11150520
마을버스,11150520
마을버스,11150520
마을버스,11150520
중앙차로,11150520
가로변전일,11150530
가로변시간,11150530
가로변시간,11150530
마을버스,11150530
마을버스,11150530
가로변시간,11150530
중앙차로,11150530
가로변시간,11150530
가로변시간,11150540
일반차로,11150540
가로변시간,11150540
가로변시간,11150540
가로변시간,11150540
일반차로,11150540
일반차로,11150540
일반차로,11150540
마을버스,11150540
마을버스,11150540
마을버스,11150540
마을버스,11150540
마을버스,11150540
마을버스,11150540
일반차로,11150570
일반차로,11150570
일반차로,11150570
일반차로,11150570
일반차로,11150570
일반차로,11150570
일반차로,11150570
일반차로,11150570
일반차로,11150570
일반차로,11150580
일반차로,11150580
일반차로,11150580
일반차로,11150580
일반차로,11150580
일반차로,11150580
일반차로,11150580
일반차로,11150580
일반차로,11150580
일반차로,11150590
일반차로,11150590
일반차로,11150590
일반차로,11150590
일반차로,11150590
일반차로,11150590
일반차로,11150590
일반차로,11150590
일반차로,11150590
일반차로,11150590
일반차로,11150590
일반차로,11150590
일반차로,11150600
일반차로,11150600
일반차로,11150600
일반차로,11150600
일반차로,11150600
일반차로,11150600
일반차로,11150600
일반차로,11150600
마을버스,11150600
일반차로,11150600
일반차로,11150610
일반차로,11150610
일반차로,11150610
가로변전일,11150610
가로변전일,11150610
가로변전일,11150610
일반차로,11150610
가로변시간,11150610
마을버스,11150610
마을버스,11150610
일반차로,11150610
마을버스,11150610
마을버스,11150610
일반차로,11150620
일반차로,11150620
일반차로,11150620
일반차로,11150620
일반차로,11150620
일반차로,11150620
마을버스,11150620
마을버스,11150620
마을버스,11150620
마을버스,11150620
마을버스,11150620
마을버스,11150620
일반차로,11150630
일반차로,11150630
일반차로,11150630
일반차로,11150630
일반차로,11150630
일반차로,11150630
일반차로,11150630
일반차로,11150630
일반차로,11150630
일반차로,11150630
일반차로,11150630
일반차로,11150630
일반차로,11150630
일반차로,11150630
일반차로,11150630
일반차로,11150630
일반차로,11150630
일반차로,11150630
일반차로,11150630
일반차로,11150640
일반차로,11150640
일반차로,11150640
일반차로,11150640
일반차로,11150640
일반차로,11150640
일반차로,11150640
일반차로,11150640
일반차로,11150640
일반차로,11150640
일반차로,11150640
일반차로,11150640
일반차로,11150640
일반차로,11150640
일반차로,11150640
일반차로,11150640
일반차로,11150640
일반차로,11150640
일반차로,11150640
일반차로,11150640
마을버스,11150640
마을버스,11150640
마을버스,11150640
마을버스,11150640
마을버스,11150640
마을버스,11150640
마을버스,11150640
마을버스,11150640
일반차로,11150650
일반차로,11150650
일반차로,11150650
일반차로,11150650
일반차로,11150650
일반차로,11150650
일반차로,11150650
일반차로,11150650
일반차로,11150650
일반차로,11150650
일반차로,11150650
일반차로,11150650
일반차로,11150650
일반차로,11150650
일반차로,11150660
일반차로,11150660
일반차로,11150660
일반차로,11150660
일반차로,11150660
일반차로,11150660
일반차로,11150660
일반차로,11150660
일반차로,11150660
일반차로,11150660
일반차로,11150660
일반차로,11150660
일반차로,11150660
일반차로,11150660
일반차로,11150660
일반차로,11150660
일반차로,11150660
일반차로,11150660
일반차로,11150660
일반차로,11150660
일반차로,11150660
일반차로,11150660
일반차로,11150660
일반차로,11150660
일반차로,11150660
일반차로,11150660
일반차로,11150660
일반차로,11150660
일반차로,11150660
일반차로,11150660
일반차로,11150660
일반차로,11150660
일반차로,11150660
일반차로,11150660
일반차로,11150660
일반차로,11150660
일반차로,11150660
일반차로,11150660
마을버스,11150660
마을버스,11150660
마을버스,11150660
마을버스,11150660
마을버스,11150660
마을버스,11150660
마을버스,11150660
마을버스,11150660
마을버스,11150660
마을버스,11150660
마을버스,11150660
마을버스,11150660
마을버스,11150660
마을버스,11150660
마을버스,11150660
마을버스,11150660
일반차로,11150660
일반차로,11150660
일반차로,11150660
일반차로,11150690
일반차로,11150690
일반차로,11150690
일반차로,11150690
일반차로,11150690
일반차로,11150690
일반차로,11150690
일반차로,11150690
일반차로,11150690
일반차로,11150690
일반차로,11150690
일반차로,11150690
일반차로,11150690
일반차로,11150690
일반차로,11150690
일반차로,11150690
일반차로,11150690
일반차로,11150690
마을버스,11150690
일반차로,11150700
일반차로,11150700
일반차로,11150700
일반차로,11150700
일반차로,11150700
일반차로,11150700
일반차로,11150700
일반차로,11150700
일반차로,11150700
일반차로,11150700
일반차로,11150700
일반차로,11150700
일반차로,11150700
일반차로,11150700
일반차로,11150700
일반차로,11150700
일반차로,11150700
일반차로,11150700
일반차로,11150700
일반차로,11150700
일반차로,11150700
일반차로,11150700
일반차로,11150700
일반차로,11150700
일반차로,11150700
일반차로,11150700
일반차로,11150700
일반차로,11150710
일반차로,11150710
일반차로,11150710
일반차로,11150710
일반차로,11150710
일반차로,11150710
일반차로,11150710
일반차로,11150710
일반차로,11150710
일반차로,11150710
일반차로,11150710
일반차로,11150710
일반차로,11150710
일반차로,11150710
일반차로,11150710
일반차로,11150710
일반차로,11150710
일반차로,11150710
일반차로,11150710
일반차로,11150710
일반차로,11150710
일반차로,11150710
일반차로,11150710
일반차로,11150710
일반차로,11150710
마을버스,11150710
마을버스,11150710
마을버스,11150710
일반차로,11150720
일반차로,11150720
일반차로,11150720
일반차로,11150720
일반차로,11150720
일반차로,11150720
일반차로,11150720
일반차로,11150720
일반차로,11150720
일반차로,11150720
일반차로,11150720
일반차로,11150720
일반차로,11150720
일반차로,11150720
일반차로,11150720
일반차로,11150720
일반차로,11150720
일반차로,11150720
중앙차로,11160510
중앙차로,11160510
일반차로,11160510
일반차로,11160510
일반차로,11160510
일반차로,11160510
일반차로,11160510
일반차로,11160510
일반차로,11160510
일반차로,11160510
일반차로,11160510
마을버스,11160510
마을버스,11160510
마을버스,11160510
마을버스,11160510
마을버스,11160510
마을버스,11160510
마을버스,11160510
마을버스,11160510
마을버스,11160510
마을버스,11160510
마을버스,11160510
마을버스,11160510
마을버스,11160510
마을버스,11160510
마을버스,11160510
일반차로,11160510
일반차로,11160510
일반차로,11160510
일반차로,11160510
마을버스,11160510
마을버스,11160510
일반차로,11160510
일반차로,11160510
일반차로,11160510
일반차로,11160510
중앙차로,11160520
중앙차로,11160520
일반차로,11160520
일반차로,11160520
일반차로,11160520
일반차로,11160520
일반차로,11160520
일반차로,11160520
일반차로,11160520
일반차로,11160520
마을버스,11160520
마을버스,11160520
마을버스,11160520
일반차로,11160520
마을버스,11160520
중앙차로,11160530
일반차로,11160530
가로변시간,11160530
가로변시간,11160530
가로변전일,11160530
가로변시간,11160530
가로변전일,11160530
가로변시간,11160530
가로변전일,11160530
중앙차로,11160540
중앙차로,11160540
중앙차로,11160540
가로변시간,11160540
가로변시간,11160540
일반차로,11160540
일반차로,11160540
일반차로,11160540
일반차로,11160540
일반차로,11160540
일반차로,11160540
일반차로,11160540
일반차로,11160540
일반차로,11160540
일반차로,11160540
일반차로,11160540
일반차로,11160540
일반차로,11160540
일반차로,11160540
일반차로,11160540
일반차로,11160540
일반차로,11160540
일반차로,11160540
일반차로,11160540
일반차로,11160540
일반차로,11160540
일반차로,11160540
일반차로,11160540
일반차로,11160540
일반차로,11160540
마을버스,11160540
마을버스,11160540
마을버스,11160540
마을버스,11160540
마을버스,11160540
마을버스,11160540
마을버스,11160540
마을버스,11160540
마을버스,11160540
마을버스,11160540
마을버스,11160540
마을버스,11160540
마을버스,11160540
마을버스,11160540
마을버스,11160540
마을버스,11160540
마을버스,11160540
마을버스,11160540
마을버스,11160540
가로변전일,11160550
가로변시간,11160550
가로변시간,11160550
가로변시간,11160550
마을버스,11160550
마을버스,11160550
마을버스,11160550
마을버스,11160550
마을버스,11160550
마을버스,11160550
마을버스,11160550
마을버스,11160550
마을버스,11160550
마을버스,11160550
마을버스,11160550
마을버스,11160550
마을버스,11160550
마을버스,11160550
마을버스,11160550
마을버스,11160550
마을버스,11160550
마을버스,11160550
마을버스,11160550
마을버스,11160550
마을버스,11160550
일반차로,11160570
일반차로,11160570
일반차로,11160570
일반차로,11160570
일반차로,11160570
마을버스,11160570
마을버스,11160570
마을버스,11160570
마을버스,11160570
마을버스,11160570
마을버스,11160570
마을버스,11160570
마을버스,11160570
마을버스,11160570
마을버스,11160570
마을버스,11160570
마을버스,11160570
마을버스,11160570
마을버스,11160570
마을버스,11160570
마을버스,11160570
마을버스,11160570
마을버스,11160570
마을버스,11160570
마을버스,11160570
마을버스,11160570
마을버스,11160570
마을버스,11160570
가로변전일,11160580
가로변시간,11160580
가로변전일,11160580
가로변시간,11160580
가로변시간,11160580
일반차로,11160580
일반차로,11160580
마을버스,11160580
마을버스,11160580
가로변시간,11160590
가로변시간,11160590
일반차로,11160590
마을버스,11160590
마을버스,11160590
마을버스,11160590
마을버스,11160590
마을버스,11160590
마을버스,11160590
마을버스,11160590
마을버스,11160590
마을버스,11160590
마을버스,11160590
마을버스,11160590
마을버스,11160590
마을버스,11160590
마을버스,11160590
마을버스,11160590
마을버스,11160590
마을버스,11160590
마을버스,11160590
마을버스,11160590
가로변시간,11160590
마을버스,11160590
마을버스,11160590
마을버스,11160590
마을버스,11160590
마을버스,11160590
마을버스,11160590
마을버스,11160590
중앙차로,11160610
중앙차로,11160610
일반차로,11160610
가로변시간,11160610
가로변전일,11160610
가로변전일,11160610
가로변시간,11160610
마을버스,11160610
마을버스,11160610
마을버스,11160610
마을버스,11160610
마을버스,11160610
마을버스,11160610
마을버스,11160610
마을버스,11160610
마을버스,11160610
마을버스,11160610
마을버스,11160610
마을버스,11160610
마을버스,11160610
마을버스,11160610
마을버스,11160610
마을버스,11160610
마을버스,11160610
마을버스,11160610
마을버스,11160610
마을버스,11160610
마을버스,11160610
마을버스,11160610
일반차로,11160630
일반차로,11160630
일반차로,11160630
일반차로,11160630
마을버스,11160630
마을버스,11160630
마을버스,11160630
마을버스,11160630
마을버스,11160630
마을버스,11160630
마을버스,11160630
마을버스,11160630
마을버스,11160630
마을버스,11160630
마을버스,11160630
마을버스,11160630
마을버스,11160630
마을버스,11160630
마을버스,11160630
마을버스,11160630
마을버스,11160630
마을버스,11160630
마을버스,11160630
마을버스,11160630
마을버스,11160630
마을버스,11160630
마을버스,11160630
일반차로,11160650
일반차로,11160650
일반차로,11160650
일반차로,11160650
일반차로,11160650
일반차로,11160650
일반차로,11160650
일반차로,11160650
일반차로,11160650
일반차로,11160650
일반차로,11160650
일반차로,11160650
일반차로,11160650
일반차로,11160660
일반차로,11160660
일반차로,11160660
일반차로,11160660
일반차로,11160660
일반차로,11160660
일반차로,11160660
일반차로,11160660
일반차로,11160660
일반차로,11160660
일반차로,11160660
일반차로,11160660
마을버스,11160660
일반차로,11160660
일반차로,11160670
일반차로,11160670
일반차로,11160670
일반차로,11160670
일반차로,11160670
일반차로,11160670
일반차로,11160670
일반차로,11160670
가로변시간,11160670
가로변전일,11160670
가로변전일,11160670
일반차로,11160670
일반차로,11160670
일반차로,11160670
일반차로,11160670
일반차로,11160670
일반차로,11160670
일반차로,11160670
일반차로,11160670
일반차로,11160670
일반차로,11160670
일반차로,11160670
마을버스,11160670
마을버스,11160670
마을버스,11160670
마을버스,11160670
마을버스,11160670
일반차로,11160670
마을버스,11160670
마을버스,11160670
일반차로,11160670
마을버스,11160670
마을버스,11160670
일반차로,11160670
일반차로,11160670
마을버스,11160670
마을버스,11160670
마을버스,11160670
마을버스,11160670
마을버스,11160670
마을버스,11160670
마을버스,11160670
마을버스,11160670
마을버스,11160670
마을버스,11160670
마을버스,11160670
마을버스,11160670
마을버스,11160670
마을버스,11160670
마을버스,11160670
마을버스,11160670
마을버스,11160670
마을버스,11160670
마을버스,11160670
마을버스,11160670
마을버스,11160670
일반차로,11160670
일반차로,11160670
중앙차로,11160690
중앙차로,11160690
중앙차로,11160690
중앙차로,11160690
중앙차로,11160690
중앙차로,11160690
중앙차로,11160690
일반차로,11160690
가로변시간,11160690
가로변시간,11160690
가로변전일,11160690
일반차로,11160690
일반차로,11160690
일반차로,11160690
일반차로,11160690
일반차로,11160690
일반차로,11160690
일반차로,11160690
일반차로,11160690
일반차로,11160690
일반차로,11160690
일반차로,11160690
일반차로,11160690
일반차로,11160690
일반차로,11160690
일반차로,11160690
일반차로,11160690
일반차로,11160690
일반차로,11160690
마을버스,11160690
마을버스,11160690
일반차로,11160690
일반차로,11160690
일반차로,11160690
일반차로,11160690
일반차로,11160690
일반차로,11160690
일반차로,11160690
일반차로,11160690
마을버스,11160690
마을버스,11160690
마을버스,11160690
마을버스,11160690
일반차로,11160690
일반차로,11160690
마을버스,11160690
마을버스,11160690
마을버스,11160690
일반차로,11160690
일반차로,11160690
가로변시간,11160690
일반차로,11160690
일반차로,11160690
일반차로,11160690
일반차로,11160690
일반차로,11160690
일반차로,11160690
일반차로,11160690
일반차로,11160690
일반차로,11160690
일반차로,11160690
일반차로,11160700
일반차로,11160700
일반차로,11160700
일반차로,11160700
일반차로,11160700
일반차로,11160700
일반차로,11160700
일반차로,11160700
일반차로,11160700
일반차로,11160700
일반차로,11160700
일반차로,11160700
일반차로,11160700
일반차로,11160700
일반차로,11160700
일반차로,11160700
일반차로,11160700
일반차로,11160700
일반차로,11160700
마을버스,11160700
마을버스,11160700
마을버스,11160700
마을버스,11160700
마을버스,11160700
마을버스,11160700
마을버스,11160700
마을버스,11160700
마을버스,11160700
마을버스,11160700
마을버스,11160700
마을버스,11160700
마을버스,11160700
마을버스,11160700
마을버스,11160700
마을버스,11160700
마을버스,11160700
마을버스,11160700
마을버스,11160700
마을버스,11160700
마을버스,11160700
일반차로,11160700
일반차로,11160700
일반차로,11160700
일반차로,11160710
일반차로,11160710
일반차로,11160710
일반차로,11160710
일반차로,11160710
일반차로,11160710
일반차로,11160710
일반차로,11160710
일반차로,11160710
일반차로,11160710
일반차로,11160710
일반차로,11160710
일반차로,11160710
일반차로,11160710
일반차로,11160710
일반차로,11160710
일반차로,11160710
일반차로,11160710
일반차로,11160710
일반차로,11160710
일반차로,11160710
일반차로,11160710
일반차로,11160710
일반차로,11160710
일반차로,11160710
일반차로,11160710
일반차로,11160710
일반차로,11160710
일반차로,11160710
일반차로,11160710
일반차로,11160710
일반차로,11160710
일반차로,11160710
일반차로,11160730
일반차로,11160730
가로변전일,11160730
가로변시간,11160730
일반차로,11160730
일반차로,11160730
일반차로,11160730
일반차로,11160730
일반차로,11160730
일반차로,11160730
일반차로,11160730
일반차로,11160730
일반차로,11160730
일반차로,11160730
일반차로,11160730
일반차로,11160730
일반차로,11160730
일반차로,11160730
일반차로,11160730
일반차로,11160730
일반차로,11160730
가로변시간,11160730
일반차로,11160730
일반차로,11160730
마을버스,11160730
마을버스,11160730
일반차로,11160730
중앙차로,11160740
중앙차로,11160740
가로변시간,11160740
일반차로,11160740
가로변시간,11160740
가로변전일,11160740
가로변시간,11160740
일반차로,11160740
가로변전일,11160740
가로변시간,11160740
일반차로,11160740
일반차로,11160740
일반차로,11160740
일반차로,11160740
일반차로,11160740
가로변시간,11160740
일반차로,11160740
일반차로,11160740
마을버스,11160740
마을버스,11160740
마을버스,11160740
마을버스,11160740
마을버스,11160740
마을버스,11160740
마을버스,11160740
마을버스,11160740
마을버스,11160740
마을버스,11160740
한강선착장,11160751
중앙차로,11160751
중앙차로,11160751
중앙차로,11160751
일반차로,11160751
일반차로,11160751
일반차로,11160751
일반차로,11160751
일반차로,11160751
일반차로,11160751
일반차로,11160751
일반차로,11160751
일반차로,11160751
일반차로,11160751
일반차로,11160751
일반차로,11160751
일반차로,11160751
일반차로,11160751
일반차로,11160751
일반차로,11160751
일반차로,11160751
일반차로,11160751
일반차로,11160751
일반차로,11160751
일반차로,11160751
일반차로,11160751
일반차로,11160751
일반차로,11160751
일반차로,11160751
일반차로,11160751
일반차로,11160751
일반차로,11160751
일반차로,11160751
일반차로,11160751
일반차로,11160751
일반차로,11160751
일반차로,11160751
일반차로,11160751
마을버스,11160751
마을버스,11160751
마을버스,11160751
마을버스,11160751
마을버스,11160751
마을버스,11160751
일반차로,11160751
일반차로,11160751
일반차로,11160751
일반차로,11160751
일반차로,11160751
마을버스,11160751
마을버스,11160751
일반차로,11160751
일반차로,11160751
일반차로,11160751
마을버스,11160751
마을버스,11160751
일반차로,11160761
일반차로,11160761
일반차로,11160761
일반차로,11160761
일반차로,11160761
일반차로,11160761
일반차로,11160761
일반차로,11160761
마을버스,11160761
마을버스,11160761
마을버스,11160761
마을버스,11160761
마을버스,11160761
마을버스,11160761
마을버스,11160761
마을버스,11160761
마을버스,11160761
마을버스,11160761
일반차로,11170510
중앙차로,11170510
중앙차로,11170510
중앙차로,11170510
중앙차로,11170510
일반차로,11170510
일반차로,11170510
일반차로,11170510
일반차로,11170510
마을버스,11170510
마을버스,11170510
마을버스,11170510
마을버스,11170510
마을버스,11170510
마을버스,11170510
마을버스,11170510
마을버스,11170510
마을버스,11170510
일반차로,11170510
일반차로,11170510
일반차로,11170510
일반차로,11170510
일반차로,11170510
마을버스,11170510
마을버스,11170510
마을버스,11170510
마을버스,11170510
마을버스,11170510
마을버스,11170510
마을버스,11170510
마을버스,11170510
마을버스,11170510
일반차로,11170520
일반차로,11170520
일반차로,11170520
일반차로,11170520
일반차로,11170520
마을버스,11170520
마을버스,11170520
일반차로,11170520
마을버스,11170520
마을버스,11170520
마을버스,11170520
마을버스,11170520
마을버스,11170520
마을버스,11170520
마을버스,11170520
마을버스,11170520
마을버스,11170520
마을버스,11170520
마을버스,11170520
마을버스,11170520
마을버스,11170520
중앙차로,11170540
일반차로,11170540
일반차로,11170540
일반차로,11170540
일반차로,11170540
일반차로,11170540
일반차로,11170540
일반차로,11170540
일반차로,11170540
일반차로,11170540
일반차로,11170540
일반차로,11170540
일반차로,11170540
일반차로,11170540
일반차로,11170540
일반차로,11170540
마을버스,11170540
마을버스,11170540
마을버스,11170540
마을버스,11170540
마을버스,11170540
마을버스,11170540
마을버스,11170540
마을버스,11170540
마을버스,11170540
마을버스,11170540
마을버스,11170540
마을버스,11170540
일반차로,11170540
일반차로,11170540
일반차로,11170540
마을버스,11170540
일반차로,11170540
일반차로,11170540
마을버스,11170540
마을버스,11170540
마을버스,11170540
일반차로,11170540
마을버스,11170540
마을버스,11170540
마을버스,11170540
마을버스,11170540
마을버스,11170540
마을버스,11170540
마을버스,11170540
마을버스,11170540
마을버스,11170540
일반차로,11170550
일반차로,11170550
일반차로,11170550
일반차로,11170550
일반차로,11170550
일반차로,11170550
일반차로,11170550
마을버스,11170550
마을버스,11170550
일반차로,11170550
일반차로,11170550
마을버스,11170550
마을버스,11170550
일반차로,11170560
일반차로,11170560
일반차로,11170560
일반차로,11170560
일반차로,11170560
일반차로,11170560
일반차로,11170560
일반차로,11170560
일반차로,11170560
일반차로,11170560
일반차로,11170560
일반차로,11170560
일반차로,11170560
일반차로,11170560
일반차로,11170560
일반차로,11170560
일반차로,11170560
일반차로,11170560
일반차로,11170560
일반차로,11170560
일반차로,11170560
마을버스,11170560
마을버스,11170560
마을버스,11170560
일반차로,11170560
마을버스,11170560
마을버스,11170560
일반차로,11170560
일반차로,11170560
일반차로,11170560
마을버스,11170560
마을버스,11170560
마을버스,11170560
마을버스,11170560
중앙차로,11170610
중앙차로,11170610
중앙차로,11170610
일반차로,11170610
일반차로,11170610
일반차로,11170610
일반차로,11170610
마을버스,11170610
마을버스,11170610
마을버스,11170610
마을버스,11170610
마을버스,11170610
마을버스,11170610
마을버스,11170610
마을버스,11170610
마을버스,11170610
마을버스,11170610
마을버스,11170610
마을버스,11170610
마을버스,11170610
마을버스,11170610
마을버스,11170610
마을버스,11170610
마을버스,11170610
마을버스,11170610
마을버스,11170610
마을버스,11170610
마을버스,11170610
마을버스,11170610
마을버스,11170610
마을버스,11170610
일반차로,11170620
일반차로,11170620
일반차로,11170620
일반차로,11170620
일반차로,11170620
일반차로,11170620
일반차로,11170620
일반차로,11170620
마을버스,11170620
마을버스,11170620
마을버스,11170620
마을버스,11170620
마을버스,11170620
마을버스,11170620
마을버스,11170620
마을버스,11170620
마을버스,11170620
마을버스,11170620
마을버스,11170620
마을버스,11170620
마을버스,11170620
마을버스,11170620
마을버스,11170620
마을버스,11170620
마을버스,11170620
마을버스,11170620
마을버스,11170620
마을버스,11170620
마을버스,11170620
마을버스,11170620
마을버스,11170620
마을버스,11170620
마을버스,11170620
마을버스,11170620
마을버스,11170620
마을버스,11170620
일반차로,11170640
일반차로,11170640
일반차로,11170640
일반차로,11170640
일반차로,11170640
일반차로,11170640
마을버스,11170640
마을버스,11170640
마을버스,11170640
마을버스,11170640
마을버스,11170640
마을버스,11170640
마을버스,11170640
마을버스,11170640
마을버스,11170640
마을버스,11170640
마을버스,11170640
마을버스,11170640
마을버스,11170640
마을버스,11170640
마을버스,11170640
마을버스,11170640
마을버스,11170640
일반차로,11170640
일반차로,11170640
일반차로,11170650
일반차로,11170650
마을버스,11170650
마을버스,11170650
마을버스,11170650
일반차로,11170650
마을버스,11170650
마을버스,11170650
마을버스,11170650
마을버스,11170650
마을버스,11170650
마을버스,11170650
마을버스,11170650
마을버스,11170650
마을버스,11170650
마을버스,11170650
마을버스,11170650
일반차로,11170650
일반차로,11170650
마을버스,11170650
마을버스,11170650
마을버스,11170650
일반차로,11170670
일반차로,11170670
일반차로,11170670
일반차로,11170670
일반차로,11170670
일반차로,11170670
일반차로,11170670
일반차로,11170670
일반차로,11170670
일반차로,11170670
일반차로,11170670
마을버스,11170670
마을버스,11170670
마을버스,11170670
일반차로,11170690
가로변전일,11170690
일반차로,11170690
일반차로,11170690
일반차로,11170690
일반차로,11170690
일반차로,11170690
일반차로,11170690
일반차로,11170690
일반차로,11170690
일반차로,11170690
일반차로,11170690
일반차로,11170690
일반차로,11170690
일반차로,11170690
일반차로,11170690
일반차로,11170690
일반차로,11170690
일반차로,11170690
일반차로,11170690
일반차로,11170690
일반차로,11170690
일반차로,11170690
일반차로,11170690
일반차로,11170690
일반차로,11170690
마을버스,11170690
마을버스,11170690
마을버스,11170690
마을버스,11170690
마을버스,11170690
마을버스,11170690
마을버스,11170690
마을버스,11170690
마을버스,11170690
마을버스,11170690
마을버스,11170690
일반차로,11170690
일반차로,11170690
일반차로,11170690
일반차로,11170690
일반차로,11170700
일반차로,11170700
일반차로,11170700
일반차로,11170700
일반차로,11170700
일반차로,11170700
일반차로,11170700
일반차로,11170700
일반차로,11170700
일반차로,11170700
중앙차로,11170710
중앙차로,11170710
일반차로,11170710
일반차로,11170710
일반차로,11170710
일반차로,11170710
일반차로,11170710
일반차로,11170710
일반차로,11170710
일반차로,11170710
일반차로,11170710
일반차로,11170710
일반차로,11170710
일반차로,11170710
일반차로,11170710
일반차로,11170710
일반차로,11170710
일반차로,11170710
일반차로,11170710
일반차로,11170710
일반차로,11170710
일반차로,11170710
일반차로,11170710
일반차로,11170710
일반차로,11170710
일반차로,11170710
일반차로,11170710
일반차로,11170710
마을버스,11170710
마을버스,11170710
마을버스,11170710
일반차로,11170710
마을버스,11170710
마을버스,11170710
일반차로,11170710
마을버스,11170710
일반차로,11170710
마을버스,11170710
마을버스,11170710
마을버스,11170710
마을버스,11170710
마을버스,11170710
중앙차로,11170720
중앙차로,11170720
중앙차로,11170720
일반차로,11170720
일반차로,11170720
일반차로,11170720
일반차로,11170720
일반차로,11170720
일반차로,11170720
일반차로,11170720
일반차로,11170720
일반차로,11170720
일반차로,11170720
일반차로,11170720
일반차로,11170720
일반차로,11170720
마을버스,11170720
마을버스,11170720
마을버스,11170720
마을버스,11170720
마을버스,11170720
마을버스,11170720
마을버스,11170720
마을버스,11170720
마을버스,11170720
마을버스,11170720
마을버스,11170720
마을버스,11170720
마을버스,11170720
마을버스,11170720
마을버스,11170720
마을버스,11170720
마을버스,11170720
마을버스,11170720
마을버스,11170720
마을버스,11170720
마을버스,11170720
마을버스,11170720
마을버스,11170720
마을버스,11170720
마을버스,11170720
마을버스,11170720
일반차로,11170720
마을버스,11170720
마을버스,11170720
마을버스,11170720
일반차로,11170730
일반차로,11170730
일반차로,11170730
일반차로,11170730
일반차로,11170730
일반차로,11170730
일반차로,11170730
일반차로,11170730
일반차로,11170730
일반차로,11170730
일반차로,11170730
일반차로,11170730
일반차로,11170730
일반차로,11170730
일반차로,11170730
일반차로,11170730
일반차로,11170730
일반차로,11170730
일반차로,11170730
마을버스,11170730
마을버스,11170730
마을버스,11170730
일반차로,11170730
마을버스,11170730
마을버스,11170730
마을버스,11170730
일반차로,11170730
마을버스,11170730
마을버스,11170730
마을버스,11170730
마을버스,11170730
마을버스,11170730
일반차로,11170730
마을버스,11170730
마을버스,11170730
마을버스,11170730
일반차로,11170730
일반차로,11170730
마을버스,11170730
마을버스,11170730
일반차로,11170730
일반차로,11170730
일반차로,11170730
일반차로,11170730
일반차로,11170730
일반차로,11170730
일반차로,11170730
일반차로,11170730
마을버스,11170730
마을버스,11170730
마을버스,11170730
마을버스,11170730
마을버스,11170730
마을버스,11170730
마을버스,11170730
마을버스,11170730
일반차로,11170730
일반차로,11170730
일반차로,11170740
일반차로,11170740
일반차로,11170740
일반차로,11170740
일반차로,11170740
일반차로,11170740
일반차로,11170740
일반차로,11170740
일반차로,11170740
일반차로,11170740
일반차로,11170740
일반차로,11170740
일반차로,11170740
마을버스,11170740
일반차로,11170740
일반차로,11170740
일반차로,11170740
일반차로,11170740
마을버스,11170740
마을버스,11170740
마을버스,11170740
마을버스,11170740
일반차로,11170740
일반차로,11170740
마을버스,11170740
마을버스,11170740
마을버스,11170740
일반차로,11170740
일반차로,11170740
일반차로,11170740
마을버스,11170740
일반차로,11180510
마을버스,11180510
일반차로,11180510
일반차로,11180510
일반차로,11180510
일반차로,11180510
일반차로,11180510
일반차로,11180510
일반차로,11180510
일반차로,11180510
일반차로,11180510
일반차로,11180510
일반차로,11180510
일반차로,11180510
일반차로,11180510
일반차로,11180510
일반차로,11180510
일반차로,11180510
일반차로,11180510
일반차로,11180510
일반차로,11180510
일반차로,11180510
일반차로,11180510
일반차로,11180510
일반차로,11180510
일반차로,11180510
일반차로,11180510
일반차로,11180510
일반차로,11180510
일반차로,11180510
일반차로,11180510
일반차로,11180510
일반차로,11180510
일반차로,11180510
일반차로,11180510
일반차로,11180510
일반차로,11180510
일반차로,11180510
일반차로,11180510
일반차로,11180510
일반차로,11180510
일반차로,11180510
일반차로,11180510
마을버스,11180510
마을버스,11180510
마을버스,11180510
마을버스,11180510
마을버스,11180510
마을버스,11180510
마을버스,11180510
마을버스,11180510
마을버스,11180510
마을버스,11180510
마을버스,11180510
마을버스,11180510
마을버스,11180510
마을버스,11180510
마을버스,11180510
마을버스,11180510
마을버스,11180510
마을버스,11180510
마을버스,11180510
마을버스,11180510
마을버스,11180510
마을버스,11180510
마을버스,11180510
마을버스,11180510
마을버스,11180510
일반차로,11180510
일반차로,11180510
일반차로,11180510
일반차로,11180510
일반차로,11180510
일반차로,11180510
일반차로,11180510
일반차로,11180510
일반차로,11180510
일반차로,11180510
일반차로,11180510
마을버스,11180510
마을버스,11180510
마을버스,11180510
마을버스,11180510
마을버스,11180510
마을버스,11180510
마을버스,11180510
마을버스,11180510
마을버스,11180510
마을버스,11180510
마을버스,11180510
마을버스,11180510
일반차로,11180510
마을버스,11180510
마을버스,11180510
마을버스,11180510
마을버스,11180510
마을버스,11180510
마을버스,11180510
마을버스,11180510
마을버스,11180510
일반차로,11180510
일반차로,11180510
일반차로,11180510
일반차로,11180510
일반차로,11180510
중앙차로,11180520
일반차로,11180520
일반차로,11180520
일반차로,11180520
일반차로,11180520
일반차로,11180520
일반차로,11180520
일반차로,11180520
일반차로,11180520
일반차로,11180520
일반차로,11180520
일반차로,11180520
일반차로,11180520
일반차로,11180520
일반차로,11180520
일반차로,11180520
일반차로,11180520
일반차로,11180520
일반차로,11180520
마을버스,11180520
마을버스,11180520
마을버스,11180520
마을버스,11180520
마을버스,11180520
마을버스,11180520
마을버스,11180520
마을버스,11180520
마을버스,11180520
마을버스,11180520
마을버스,11180520
마을버스,11180520
마을버스,11180520
마을버스,11180520
마을버스,11180520
마을버스,11180520
마을버스,11180520
마을버스,11180520
마을버스,11180520
마을버스,11180520
마을버스,11180520
마을버스,11180520
마을버스,11180520
마을버스,11180520
마을버스,11180520
마을버스,11180520
마을버스,11180520
마을버스,11180520
마을버스,11180520
마을버스,11180520
마을버스,11180520
마을버스,11180520
마을버스,11180520
마을버스,11180520
마을버스,11180520
마을버스,11180520
마을버스,11180520
마을버스,11180520
마을버스,11180520
마을버스,11180520
마을버스,11180520
마을버스,11180520
마을버스,11180520
마을버스,11180520
마을버스,11180520
마을버스,11180520
마을버스,11180520
중앙차로,11180530
중앙차로,11180530
중앙차로,11180530
일반차로,11180530
일반차로,11180530
일반차로,11180530
일반차로,11180530
마을버스,11180530
마을버스,11180530
중앙차로,11180540
일반차로,11180540
일반차로,11180540
일반차로,11180540
일반차로,11180540
일반차로,11180540
일반차로,11180540
일반차로,11180540
가로변시간,11180540
가로변전일,11180540
일반차로,11180540
일반차로,11180540
일반차로,11180540
일반차로,11180540
일반차로,11180540
일반차로,11180540
일반차로,11180540
마을버스,11180540
마을버스,11180540
마을버스,11180540
마을버스,11180540
마을버스,11180540
중앙차로,11180550
중앙차로,11180550
일반차로,11180550
일반차로,11180550
일반차로,11180550
일반차로,11180550
일반차로,11180550
일반차로,11180550
마을버스,11180550
마을버스,11180550
마을버스,11180550
마을버스,11180550
마을버스,11180550
마을버스,11180550
일반차로,11180550
중앙차로,11180570
중앙차로,11180570
중앙차로,11180570
중앙차로,11180570
일반차로,11180570
일반차로,11180570
일반차로,11180570
일반차로,11180570
일반차로,11180570
일반차로,11180570
일반차로,11180570
일반차로,11180570
일반차로,11180570
일반차로,11180570
일반차로,11180570
일반차로,11180570
일반차로,11180570
일반차로,11180570
일반차로,11180570
마을버스,11180570
마을버스,11180570
마을버스,11180570
마을버스,11180570
마을버스,11180570
마을버스,11180570
마을버스,11180570
마을버스,11180570
마을버스,11180570
마을버스,11180570
마을버스,11180570
마을버스,11180570
마을버스,11180570
마을버스,11180570
마을버스,11180570
마을버스,11180570
마을버스,11180570
마을버스,11180570
마을버스,11180570
마을버스,11180570
일반차로,11180580
일반차로,11180580
일반차로,11180580
일반차로,11180580
마을버스,11180580
마을버스,11180580
마을버스,11180580
마을버스,11180580
마을버스,11180580
마을버스,11180580
마을버스,11180580
마을버스,11180580
마을버스,11180580
마을버스,11180580
마을버스,11180580
마을버스,11180580
마을버스,11180580
마을버스,11180580
마을버스,11180580
마을버스,11180580
마을버스,11180580
마을버스,11180580
마을버스,11180580
중앙차로,11180590
중앙차로,11180590
일반차로,11180590
일반차로,11180590
일반차로,11180590
일반차로,11180590
일반차로,11180590
마을버스,11180590
마을버스,11180590
마을버스,11180590
마을버스,11180590
마을버스,11180590
마을버스,11180590
마을버스,11180590
마을버스,11180590
마을버스,11180590
일반차로,11180600
일반차로,11180600
일반차로,11180600
일반차로,11180600
일반차로,11180600
일반차로,11180600
마을버스,11180600
마을버스,11180600
일반차로,11180600
일반차로,11180600
일반차로,11180600
일반차로,11180600
마을버스,11180600
마을버스,11180600
마을버스,11180600
마을버스,11180600
마을버스,11180600
마을버스,11180600
마을버스,11180600
마을버스,11180600
마을버스,11180600
마을버스,11180600
마을버스,11180600
중앙차로,11180610
일반차로,11180610
일반차로,11180610
일반차로,11180610
일반차로,11180610
일반차로,11180610
일반차로,11180610
일반차로,11180610
일반차로,11180610
일반차로,11180610
일반차로,11180610
일반차로,11180610
일반차로,11180610
일반차로,11180610
마을버스,11180610
마을버스,11180610
마을버스,11180610
마을버스,11180610
마을버스,11180610
일반차로,11180610
마을버스,11180610
마을버스,11180610
마을버스,11180610
마을버스,11180610
마을버스,11180610
마을버스,11180610
마을버스,11180610
마을버스,11180610
마을버스,11180610
마을버스,11180610
마을버스,11180610
마을버스,11180610
마을버스,11180610
마을버스,11180610
마을버스,11180610
한강선착장,11190540
중앙차로,11190540
중앙차로,11190540
중앙차로,11190540
중앙차로,11190540
일반차로,11190540
일반차로,11190540
일반차로,11190540
일반차로,11190540
일반차로,11190540
일반차로,11190540
일반차로,11190540
일반차로,11190540
일반차로,11190540
일반차로,11190540
일반차로,11190540
일반차로,11190540
일반차로,11190540
일반차로,11190540
일반차로,11190540
가로변시간,11190540
일반차로,11190540
일반차로,11190540
일반차로,11190540
가로변시간,11190540
가로변전일,11190540
일반차로,11190540
일반차로,11190540
일반차로,11190540
일반차로,11190540
일반차로,11190540
일반차로,11190540
일반차로,11190540
일반차로,11190540
일반차로,11190540
일반차로,11190540
일반차로,11190540
일반차로,11190540
일반차로,11190540
일반차로,11190540
일반차로,11190540
일반차로,11190540
일반차로,11190540
일반차로,11190540
일반차로,11190540
일반차로,11190540
일반차로,11190540
일반차로,11190540
일반차로,11190540
일반차로,11190540
일반차로,11190540
일반차로,11190540
일반차로,11190540
일반차로,11190540
일반차로,11190540
일반차로,11190540
일반차로,11190540
일반차로,11190540
가로변전일,11190550
가로변시간,11190550
일반차로,11190550
가로변시간,11190550
가로변시간,11190550
일반차로,11190550
일반차로,11190550
일반차로,11190550
일반차로,11190550
일반차로,11190550
일반차로,11190550
일반차로,11190550
일반차로,11190550
마을버스,11190550
마을버스,11190550
마을버스,11190550
마을버스,11190550
마을버스,11190550
일반차로,11190550
일반차로,11190550
일반차로,11190560
일반차로,11190560
일반차로,11190560
가로변시간,11190560
가로변시간,11190560
가로변시간,11190560
일반차로,11190560
일반차로,11190560
일반차로,11190560
일반차로,11190560
일반차로,11190560
일반차로,11190560
일반차로,11190560
일반차로,11190560
가로변전일,11190560
가로변전일,11190560
일반차로,11190560
일반차로,11190560
마을버스,11190560
마을버스,11190560
마을버스,11190560
마을버스,11190560
마을버스,11190560
마을버스,11190560
마을버스,11190560
마을버스,11190560
마을버스,11190560
마을버스,11190560
마을버스,11190560
마을버스,11190560
마을버스,11190560
마을버스,11190560
마을버스,11190560
가로변시간,11190560
마을버스,11190560
마을버스,11190560
일반차로,11190560
일반차로,11190560
마을버스,11190560
마을버스,11190560
가로변시간,11190560
가로변시간,11190610
가로변시간,11190610
가로변시간,11190610
가로변시간,11190610
일반차로,11190610
일반차로,11190610
일반차로,11190610
일반차로,11190610
마을버스,11190610
마을버스,11190610
마을버스,11190610
마을버스,11190610
마을버스,11190610
마을버스,11190610
마을버스,11190610
마을버스,11190610
마을버스,11190610
마을버스,11190610
마을버스,11190610
마을버스,11190610
마을버스,11190610
마을버스,11190610
일반차로,11190620
일반차로,11190620
일반차로,11190620
일반차로,11190620
일반차로,11190620
일반차로,11190620
일반차로,11190620
일반차로,11190620
일반차로,11190620
일반차로,11190620
일반차로,11190620
일반차로,11190620
일반차로,11190620
마을버스,11190620
마을버스,11190620
마을버스,11190620
마을버스,11190620
마을버스,11190620
마을버스,11190620
마을버스,11190620
마을버스,11190620
마을버스,11190620
마을버스,11190620
마을버스,11190620
마을버스,11190620
마을버스,11190620
마을버스,11190620
마을버스,11190620
일반차로,11190630
일반차로,11190630
일반차로,11190630
일반차로,11190630
일반차로,11190630
일반차로,11190630
마을버스,11190630
마을버스,11190630
마을버스,11190630
마을버스,11190630
마을버스,11190630
마을버스,11190630
마을버스,11190630
마을버스,11190630
마을버스,11190630
마을버스,11190630
마을버스,11190630
마을버스,11190630
마을버스,11190630
마을버스,11190630
일반차로,11190650
일반차로,11190650
일반차로,11190650
일반차로,11190650
일반차로,11190650
일반차로,11190650
일반차로,11190650
일반차로,11190650
일반차로,11190650
일반차로,11190650
일반차로,11190650
일반차로,11190650
일반차로,11190650
일반차로,11190650
일반차로,11190650
일반차로,11190650
일반차로,11190650
일반차로,11190650
마을버스,11190650
마을버스,11190650
마을버스,11190650
마을버스,11190650
일반차로,11190650
마을버스,11190650
일반차로,11190660
일반차로,11190660
일반차로,11190660
일반차로,11190660
일반차로,11190660
마을버스,11190660
마을버스,11190660
마을버스,11190660
마을버스,11190660
마을버스,11190660
마을버스,11190660
마을버스,11190660
일반차로,11190670
일반차로,11190670
일반차로,11190670
일반차로,11190670
일반차로,11190670
일반차로,11190670
일반차로,11190670
일반차로,11190670
일반차로,11190670
일반차로,11190670
일반차로,11190670
일반차로,11190670
일반차로,11190670
일반차로,11190670
일반차로,11190670
마을버스,11190670
마을버스,11190670
일반차로,11190670
마을버스,11190670
마을버스,11190670
일반차로,11190670
중앙차로,11190680
중앙차로,11190680
일반차로,11190680
일반차로,11190680
일반차로,11190680
일반차로,11190680
일반차로,11190680
일반차로,11190680
일반차로,11190680
일반차로,11190680
일반차로,11190680
일반차로,11190680
일반차로,11190680
일반차로,11190680
일반차로,11190680
일반차로,11190680
일반차로,11190680
일반차로,11190680
마을버스,11190680
마을버스,11190680
마을버스,11190680
일반차로,11190680
마을버스,11190680
중앙차로,11190690
중앙차로,11190690
일반차로,11190690
일반차로,11190690
일반차로,11190690
일반차로,11190690
일반차로,11190690
일반차로,11190690
일반차로,11190690
일반차로,11190690
일반차로,11190690
일반차로,11190690
일반차로,11190690
일반차로,11190690
일반차로,11190690
마을버스,11190690
마을버스,11190690
마을버스,11190690
일반차로,11190690
마을버스,11190690
마을버스,11190690
마을버스,11190690
마을버스,11190690
마을버스,11190690
일반차로,11190690
마을버스,11190690
마을버스,11190690
마을버스,11190690
마을버스,11190690
마을버스,11190690
일반차로,11190690
중앙차로,11190700
일반차로,11190700
일반차로,11190700
일반차로,11190700
일반차로,11190700
일반차로,11190700
마을버스,11190700
마을버스,11190700
마을버스,11190700
마을버스,11190700
마을버스,11190700
마을버스,11190700
마을버스,11190700
마을버스,11190700
마을버스,11190700
중앙차로,11190700
중앙차로,11190710
일반차로,11190710
일반차로,11190710
일반차로,11190710
일반차로,11190710
일반차로,11190710
마을버스,11190710
마을버스,11190710
마을버스,11190710
마을버스,11190710
마을버스,11190710
마을버스,11190710
일반차로,11190720
일반차로,11190720
일반차로,11190720
일반차로,11190720
일반차로,11190720
일반차로,11190720
일반차로,11190720
일반차로,11190720
일반차로,11190720
일반차로,11190720
일반차로,11190720
일반차로,11190720
일반차로,11190720
일반차로,11190720
일반차로,11190720
일반차로,11190720
일반차로,11190720
일반차로,11190720
일반차로,11190720
일반차로,11190720
일반차로,11190720
일반차로,11190720
일반차로,11190720
일반차로,11190720
마을버스,11190720
마을버스,11190720
마을버스,11190720
마을버스,11190720
마을버스,11190720
마을버스,11190720
마을버스,11190720
마을버스,11190720
마을버스,11190720
마을버스,11190720
마을버스,11190720
마을버스,11190720
일반차로,11190720
일반차로,11190730
일반차로,11190730
일반차로,11190730
일반차로,11190730
일반차로,11190730
일반차로,11190730
일반차로,11190730
일반차로,11190730
일반차로,11190730
일반차로,11190730
마을버스,11190730
마을버스,11190730
마을버스,11190730
일반차로,11190730
마을버스,11190730
일반차로,11190730
마을버스,11190730
마을버스,11190730
마을버스,11190730
중앙차로,11190740
중앙차로,11190740
일반차로,11190740
가로변시간,11190740
가로변시간,11190740
가로변시간,11190740
가로변시간,11190740
일반차로,11190740
일반차로,11190740
일반차로,11190740
일반차로,11190740
일반차로,11190740
가로변시간,11190740
가로변시간,11190740
일반차로,11190740
일반차로,11190740
일반차로,11190740
일반차로,11190740
일반차로,11190740
가로변시간,11190740
가로변전일,11190740
일반차로,11190740
일반차로,11190740
가로변시간,11190740
일반차로,11190740
일반차로,11190740
일반차로,11190740
일반차로,11190740
일반차로,11190740
일반차로,11190740
마을버스,11190740
마을버스,11190740
마을버스,11190740
마을버스,11190740
마을버스,11190740
마을버스,11190740
마을버스,11190740
마을버스,11190740
일반차로,11190740
일반차로,11190740
일반차로,11190740
일반차로,11190740
일반차로,11190740
일반차로,11190740
일반차로,11190750
일반차로,11190750
일반차로,11190750
일반차로,11190750
일반차로,11190750
일반차로,11190750
일반차로,11190750
일반차로,11190750
일반차로,11190750
마을버스,11190750
마을버스,11190750
마을버스,11190750
마을버스,11190750
마을버스,11190750
마을버스,11190750
마을버스,11190750
마을버스,11190750
마을버스,11190750
마을버스,11190750
마을버스,11190750
일반차로,11190750
마을버스,11190750
중앙차로,11190760
중앙차로,11190760
중앙차로,11190760
중앙차로,11190760
일반차로,11190760
일반차로,11190760
일반차로,11190760
일반차로,11190760
일반차로,11190760
일반차로,11190760
일반차로,11190760
일반차로,11190760
일반차로,11190760
일반차로,11190760
일반차로,11190760
일반차로,11190760
일반차로,11190760
일반차로,11190760
일반차로,11190760
일반차로,11190760
일반차로,11190760
일반차로,11190760
일반차로,11190760
일반차로,11190760
일반차로,11190760
일반차로,11190760
일반차로,11190760
마을버스,11190760
마을버스,11190760
마을버스,11190760
일반차로,11190760
마을버스,11190760
마을버스,11190760
마을버스,11190760
마을버스,11190760
마을버스,11190760
마을버스,11190760
마을버스,11190760
마을버스,11190760
마을버스,11190760
일반차로,11190760
일반차로,11190760
일반차로,11190760
중앙차로,11200520
중앙차로,11200520
일반차로,11200520
일반차로,11200520
일반차로,11200520
일반차로,11200520
일반차로,11200520
마을버스,11200520
마을버스,11200520
마을버스,11200520
마을버스,11200520
마을버스,11200520
일반차로,11200530
일반차로,11200530
일반차로,11200530
일반차로,11200530
일반차로,11200530
일반차로,11200530
일반차로,11200530
일반차로,11200530
일반차로,11200530
가로변시간,11200530
일반차로,11200530
일반차로,11200530
일반차로,11200530
일반차로,11200530
일반차로,11200530
일반차로,11200530
일반차로,11200530
일반차로,11200530
일반차로,11200530
일반차로,11200530
일반차로,11200530
일반차로,11200530
일반차로,11200530
일반차로,11200530
마을버스,11200530
마을버스,11200530
마을버스,11200530
마을버스,11200530
마을버스,11200530
마을버스,11200530
마을버스,11200530
마을버스,11200530
마을버스,11200530
마을버스,11200530
마을버스,11200530
마을버스,11200530
마을버스,11200530
마을버스,11200530
마을버스,11200530
마을버스,11200530
마을버스,11200530
마을버스,11200530
마을버스,11200530
마을버스,11200530
일반차로,11200540
일반차로,11200540
일반차로,11200540
일반차로,11200540
일반차로,11200540
일반차로,11200540
일반차로,11200540
일반차로,11200540
일반차로,11200540
일반차로,11200540
마을버스,11200540
마을버스,11200540
마을버스,11200540
마을버스,11200540
마을버스,11200540
마을버스,11200540
마을버스,11200540
마을버스,11200540
마을버스,11200540
마을버스,11200540
마을버스,11200540
마을버스,11200540
마을버스,11200540
마을버스,11200540
마을버스,11200540
마을버스,11200540
마을버스,11200540
마을버스,11200540
마을버스,11200540
마을버스,11200540
마을버스,11200540
마을버스,11200540
마을버스,11200540
마을버스,11200540
마을버스,11200540
마을버스,11200540
일반차로,11200550
일반차로,11200550
일반차로,11200550
마을버스,11200550
마을버스,11200550
마을버스,11200550
마을버스,11200550
마을버스,11200550
마을버스,11200550
마을버스,11200550
마을버스,11200550
마을버스,11200550
마을버스,11200550
마을버스,11200550
마을버스,11200550
마을버스,11200550
마을버스,11200550
마을버스,11200550
일반차로,11200550
마을버스,11200550
마을버스,11200550
마을버스,11200550
마을버스,11200550
마을버스,11200550
마을버스,11200550
마을버스,11200550
마을버스,11200550
마을버스,11200550
마을버스,11200550
마을버스,11200550
마을버스,11200550
마을버스,11200550
일반차로,11200550
일반차로,11200560
일반차로,11200560
일반차로,11200560
일반차로,11200560
일반차로,11200560
일반차로,11200560
마을버스,11200560
마을버스,11200560
마을버스,11200560
마을버스,11200560
마을버스,11200560
마을버스,11200560
마을버스,11200560
마을버스,11200560
마을버스,11200560
마을버스,11200560
마을버스,11200560
마을버스,11200560
마을버스,11200560
마을버스,11200560
일반차로,11200560
마을버스,11200560
마을버스,11200560
마을버스,11200560
마을버스,11200560
마을버스,11200560
마을버스,11200560
마을버스,11200560
마을버스,11200560
마을버스,11200560
마을버스,11200560
마을버스,11200560
마을버스,11200560
마을버스,11200560
마을버스,11200560
마을버스,11200560
중앙차로,11200630
중앙차로,11200630
일반차로,11200630
일반차로,11200630
일반차로,11200630
일반차로,11200630
일반차로,11200630
일반차로,11200630
마을버스,11200630
마을버스,11200630
마을버스,11200630
마을버스,11200630
일반차로,11200650
일반차로,11200650
일반차로,11200650
일반차로,11200650
일반차로,11200650
일반차로,11200650
마을버스,11200650
마을버스,11200650
마을버스,11200650
마을버스,11200650
마을버스,11200650
마을버스,11200650
마을버스,11200650
마을버스,11200650
마을버스,11200650
마을버스,11200650
마을버스,11200650
마을버스,11200650
마을버스,11200650
마을버스,11200650
마을버스,11200650
마을버스,11200650
마을버스,11200650
마을버스,11200650
마을버스,11200650
마을버스,11200650
마을버스,11200650
일반차로,11200660
일반차로,11200660
마을버스,11200660
마을버스,11200660
일반차로,11200670
일반차로,11200670
일반차로,11200670
일반차로,11200670
마을버스,11200670
마을버스,11200670
마을버스,11200670
마을버스,11200670
마을버스,11200670
마을버스,11200670
마을버스,11200670
마을버스,11200670
마을버스,11200670
마을버스,11200670
마을버스,11200670
마을버스,11200670
마을버스,11200670
마을버스,11200670
마을버스,11200670
마을버스,11200670
마을버스,11200670
마을버스,11200670
마을버스,11200670
마을버스,11200670
중앙차로,11200680
일반차로,11200680
중앙차로,11200680
중앙차로,11200680
중앙차로,11200680
일반차로,11200680
일반차로,11200680
일반차로,11200680
일반차로,11200680
일반차로,11200680
일반차로,11200680
일반차로,11200680
일반차로,11200680
일반차로,11200680
마을버스,11200680
마을버스,11200680
마을버스,11200680
마을버스,11200680
마을버스,11200680
마을버스,11200680
마을버스,11200680
마을버스,11200680
마을버스,11200680
마을버스,11200680
마을버스,11200680
마을버스,11200680
마을버스,11200680
마을버스,11200680
마을버스,11200680
마을버스,11200680
마을버스,11200680
마을버스,11200680
마을버스,11200680
마을버스,11200680
마을버스,11200680
마을버스,11200680
마을버스,11200680
마을버스,11200680
마을버스,11200680
마을버스,11200680
마을버스,11200680
마을버스,11200680
마을버스,11200680
마을버스,11200680
마을버스,11200680
마을버스,11200680
마을버스,11200680
마을버스,11200680
마을버스,11200680
마을버스,11200680
마을버스,11200680
마을버스,11200680
마을버스,11200680
중앙차로,11200690
중앙차로,11200690
일반차로,11200690
일반차로,11200690
일반차로,11200690
일반차로,11200690
마을버스,11200690
마을버스,11200690
마을버스,11200690
마을버스,11200690
마을버스,11200690
마을버스,11200690
마을버스,11200690
마을버스,11200690
중앙차로,11200700
중앙차로,11200700
일반차로,11200700
일반차로,11200700
일반차로,11200700
일반차로,11200700
마을버스,11200700
마을버스,11200700
마을버스,11200700
마을버스,11200700
마을버스,11200700
마을버스,11200700
마을버스,11200700
마을버스,11200700
마을버스,11200700
마을버스,11200700
마을버스,11200700
마을버스,11200700
마을버스,11200700
마을버스,11200700
마을버스,11200700
마을버스,11200700
마을버스,11200700
마을버스,11200700
마을버스,11200700
마을버스,11200700
일반차로,11200710
가로변전일,11200710
일반차로,11200710
가로변시간,11200710
가로변시간,11200710
가로변시간,11200710
가로변시간,11200710
가로변전일,11200710
가로변시간,11200710
일반차로,11200710
일반차로,11200710
일반차로,11200710
일반차로,11200710
일반차로,11200710
일반차로,11200710
일반차로,11200710
일반차로,11200710
마을버스,11200710
마을버스,11200710
마을버스,11200710
마을버스,11200710
마을버스,11200710
마을버스,11200710
마을버스,11200710
마을버스,11200710
마을버스,11200710
마을버스,11200710
마을버스,11200710
마을버스,11200710
마을버스,11200710
마을버스,11200710
마을버스,11200710
일반차로,11200710
가로변전일,11200710
가로변시간,11200710
가로변시간,11200710
마을버스,11200710
마을버스,11200710
마을버스,11200710
마을버스,11200710
마을버스,11200710
마을버스,11200710
마을버스,11200710
마을버스,11200710
마을버스,11200710
마을버스,11200710
마을버스,11200710
마을버스,11200710
마을버스,11200710
마을버스,11200710
마을버스,11200710
마을버스,11200710
마을버스,11200710
마을버스,11200710
마을버스,11200710
중앙차로,11200720
중앙차로,11200720
중앙차로,11200720
중앙차로,11200720
일반차로,11200720
일반차로,11200720
일반차로,11200720
일반차로,11200720
일반차로,11200720
일반차로,11200720
일반차로,11200720
일반차로,11200720
일반차로,11200720
일반차로,11200720
일반차로,11200720
일반차로,11200720
마을버스,11200720
마을버스,11200720
마을버스,11200720
마을버스,11200720
마을버스,11200720
마을버스,11200720
마을버스,11200720
마을버스,11200720
마을버스,11200720
마을버스,11200720
마을버스,11200720
마을버스,11200720
마을버스,11200720
마을버스,11200720
마을버스,11200720
마을버스,11200720
마을버스,11200720
마을버스,11200720
마을버스,11200720
마을버스,11200720
마을버스,11200720
마을버스,11200720
마을버스,11200720
마을버스,11200720
마을버스,11200720
마을버스,11200720
마을버스,11200720
마을버스,11200720
마을버스,11200720
마을버스,11200720
마을버스,11200720
마을버스,11200720
일반차로,11200720
중앙차로,11200730
중앙차로,11200730
중앙차로,11200730
중앙차로,11200730
일반차로,11200730
일반차로,11200730
일반차로,11200730
마을버스,11200730
마을버스,11200730
마을버스,11200730
마을버스,11200730
마을버스,11200730
마을버스,11200730
마을버스,11200730
마을버스,11200730
마을버스,11200730
마을버스,11200730
마을버스,11200730
마을버스,11200730
마을버스,11200730
마을버스,11200730
마을버스,11200730
마을버스,11200730
마을버스,11200730
중앙차로,11200730
일반차로,11200730
일반차로,11210520
일반차로,11210520
일반차로,11210520
일반차로,11210520
일반차로,11210520
일반차로,11210520
일반차로,11210520
일반차로,11210520
일반차로,11210520
일반차로,11210520
일반차로,11210520
일반차로,11210520
일반차로,11210520
일반차로,11210520
일반차로,11210520
일반차로,11210520
마을버스,11210520
마을버스,11210520
마을버스,11210520
마을버스,11210520
마을버스,11210520
마을버스,11210520
일반차로,11210520
마을버스,11210520
마을버스,11210520
마을버스,11210540
일반차로,11210540
일반차로,11210540
일반차로,11210540
일반차로,11210540
마을버스,11210540
마을버스,11210540
마을버스,11210540
일반차로,11210570
일반차로,11210570
일반차로,11210570
가로변전일,11210570
가로변시간,11210570
마을버스,11210570
마을버스,11210570
마을버스,11210570
마을버스,11210570
마을버스,11210570
마을버스,11210570
마을버스,11210570
마을버스,11210570
마을버스,11210570
일반차로,11210570
가로변시간,11210580
가로변시간,11210580
가로변시간,11210580
일반차로,11210580
일반차로,11210580
일반차로,11210580
일반차로,11210580
마을버스,11210580
마을버스,11210580
마을버스,11210580
마을버스,11210580
마을버스,11210580
마을버스,11210580
마을버스,11210580
마을버스,11210580
마을버스,11210580
마을버스,11210580
마을버스,11210580
마을버스,11210580
마을버스,11210580
마을버스,11210580
일반차로,11210580
마을버스,11210580
마을버스,11210580
마을버스,11210580
마을버스,11210580
마을버스,11210580
마을버스,11210580
마을버스,11210580
마을버스,11210580
마을버스,11210580
마을버스,11210580
마을버스,11210580
마을버스,11210580
가로변시간,11210610
가로변전일,11210610
가로변시간,11210610
일반차로,11210610
일반차로,11210610
일반차로,11210610
일반차로,11210610
일반차로,11210610
일반차로,11210610
마을버스,11210610
마을버스,11210610
가로변전일,11210610
일반차로,11210620
마을버스,11210620
마을버스,11210620
마을버스,11210620
마을버스,11210620
마을버스,11210620
마을버스,11210620
마을버스,11210620
마을버스,11210620
마을버스,11210620
마을버스,11210620
마을버스,11210620
마을버스,11210620
마을버스,11210620
마을버스,11210620
마을버스,11210620
마을버스,11210620
마을버스,11210620
마을버스,11210620
마을버스,11210620
마을버스,11210620
마을버스,11210620
마을버스,11210620
마을버스,11210620
중앙차로,11210630
중앙차로,11210630
일반차로,11210630
일반차로,11210630
가로변시간,11210630
일반차로,11210630
일반차로,11210630
일반차로,11210630
일반차로,11210630
일반차로,11210640
일반차로,11210640
일반차로,11210640
일반차로,11210640
일반차로,11210640
일반차로,11210640
가로변시간,11210640
일반차로,11210640
일반차로,11210640
일반차로,11210640
마을버스,11210640
마을버스,11210640
마을버스,11210640
마을버스,11210640
마을버스,11210640
가로변전일,11210640
가로변시간,11210640
마을버스,11210640
마을버스,11210640
마을버스,11210640
마을버스,11210640
마을버스,11210650
마을버스,11210650
마을버스,11210650
마을버스,11210650
마을버스,11210650
마을버스,11210650
마을버스,11210650
마을버스,11210650
마을버스,11210650
마을버스,11210650
일반차로,11210660
일반차로,11210660
일반차로,11210660
일반차로,11210660
일반차로,11210660
일반차로,11210660
일반차로,11210660
일반차로,11210660
일반차로,11210660
일반차로,11210660
일반차로,11210660
일반차로,11210660
일반차로,11210660
일반차로,11210660
일반차로,11210660
일반차로,11210660
일반차로,11210660
마을버스,11210660
마을버스,11210660
마을버스,11210660
마을버스,11210660
일반차로,11210660
일반차로,11210660
가로변시간,11210680
가로변시간,11210680
가로변시간,11210680
일반차로,11210680
일반차로,11210680
일반차로,11210680
일반차로,11210680
일반차로,11210680
일반차로,11210680
일반차로,11210680
일반차로,11210680
일반차로,11210680
일반차로,11210680
일반차로,11210680
일반차로,11210680
일반차로,11210680
일반차로,11210680
마을버스,11210680
일반차로,11210690
일반차로,11210690
일반차로,11210690
일반차로,11210690
일반차로,11210690
일반차로,11210690
일반차로,11210690
가로변전일,11210690
일반차로,11210690
일반차로,11210690
마을버스,11210690
마을버스,11210690
마을버스,11210690
마을버스,11210690
마을버스,11210690
일반차로,11210690
가로변전일,11210690
일반차로,11210710
일반차로,11210710
일반차로,11210710
일반차로,11210710
일반차로,11210710
일반차로,11210710
일반차로,11210710
일반차로,11210710
일반차로,11210710
일반차로,11210710
일반차로,11210710
일반차로,11210710
마을버스,11210710
일반차로,11210710
일반차로,11210710
일반차로,11210720
일반차로,11210720
중앙차로,11210720
중앙차로,11210720
가로변시간,11210720
가로변시간,11210720
가로변시간,11210720
일반차로,11210720
일반차로,11210720
일반차로,11210720
일반차로,11210720
일반차로,11210720
일반차로,11210720
일반차로,11210720
일반차로,11210720
일반차로,11210720
일반차로,11210720
일반차로,11210720
일반차로,11210720
일반차로,11210720
마을버스,11210720
마을버스,11210720
마을버스,11210720
마을버스,11210720
일반차로,11210720
일반차로,11210720
일반차로,11210730
일반차로,11210730
일반차로,11210730
일반차로,11210730
일반차로,11210730
일반차로,11210730
일반차로,11210730
일반차로,11210730
일반차로,11210730
일반차로,11210730
일반차로,11210730
일반차로,11210730
일반차로,11210730
일반차로,11210730
일반차로,11210730
일반차로,11210730
일반차로,11210730
일반차로,11210730
일반차로,11210730
일반차로,11210730
일반차로,11210730
일반차로,11210730
일반차로,11210730
일반차로,11210730
일반차로,11210730
일반차로,11210730
일반차로,11210730
일반차로,11210730
일반차로,11210730
일반차로,11210730
일반차로,11210730
일반차로,11210730
일반차로,11210730
일반차로,11210730
일반차로,11210730
일반차로,11210730
일반차로,11210730
일반차로,11210730
일반차로,11210730
일반차로,11210730
일반차로,11210730
일반차로,11210730
일반차로,11210730
일반차로,11210730
일반차로,11210730
일반차로,11210730
마을버스,11210730
마을버스,11210730
마을버스,11210730
마을버스,11210730
마을버스,11210730
가로변전일,11210780
가로변시간,11210780
일반차로,11210780
일반차로,11210780
일반차로,11210780
일반차로,11210780
일반차로,11210780
일반차로,11210780
일반차로,11210780
일반차로,11210780
일반차로,11210780
일반차로,11210780
일반차로,11210780
일반차로,11210780
일반차로,11210780
마을버스,11210780
마을버스,11210780
마을버스,11210780
마을버스,11210780
마을버스,11210780
마을버스,11210780
마을버스,11210780
마을버스,11210780
마을버스,11210780
마을버스,11210780
마을버스,11210780
마을버스,11210780
마을버스,11210780
마을버스,11210780
일반차로,11210780
마을버스,11210780
가로변시간,11210780
마을버스,11210780
일반차로,11210780
마을버스,11210780
마을버스,11210780
마을버스,11210780
마을버스,11210780
마을버스,11210780
마을버스,11210780
일반차로,11210790
일반차로,11210790
일반차로,11210790
일반차로,11210790
일반차로,11210790
일반차로,11210790
일반차로,11210790
일반차로,11210790
일반차로,11210790
일반차로,11210790
일반차로,11210790
일반차로,11210790
일반차로,11210790
일반차로,11210790
일반차로,11210790
일반차로,11210790
일반차로,11210790
마을버스,11210790
마을버스,11210790
마을버스,11210790
마을버스,11210790
마을버스,11210790
마을버스,11210790
마을버스,11210790
마을버스,11210790
마을버스,11210790
마을버스,11210790
마을버스,11210790
마을버스,11210790
가로변시간,11210800
가로변시간,11210800
일반차로,11210800
일반차로,11210800
일반차로,11210800
일반차로,11210800
일반차로,11210800
일반차로,11210800
일반차로,11210800
일반차로,11210800
일반차로,11210800
일반차로,11210800
일반차로,11210800
일반차로,11210800
일반차로,11210800
가로변전일,11210800
일반차로,11210810
일반차로,11210810
일반차로,11210810
일반차로,11210810
일반차로,11210810
일반차로,11210810
일반차로,11210810
마을버스,11210810
마을버스,11210810
마을버스,11210810
마을버스,11210810
마을버스,11210810
마을버스,11210810
마을버스,11210810
마을버스,11210810
마을버스,11210810
마을버스,11210810
마을버스,11210810
마을버스,11210810
마을버스,11210810
마을버스,11210810
마을버스,11210810
일반차로,11210820
일반차로,11210820
일반차로,11210820
일반차로,11210820
일반차로,11210820
일반차로,11210820
일반차로,11210820
일반차로,11210820
일반차로,11210820
일반차로,11210820
일반차로,11210820
일반차로,11210820
일반차로,11210820
마을버스,11210820
마을버스,11210820
마을버스,11210820
마을버스,11210820
마을버스,11210820
마을버스,11210820
마을버스,11210820
마을버스,11210820
마을버스,11210820
마을버스,11210820
마을버스,11210820
마을버스,11210820
마을버스,11210820
마을버스,11210820
마을버스,11210820
마을버스,11210820
마을버스,11210820
가로변전일,11210830
가로변전일,11210830
일반차로,11210830
일반차로,11210830
일반차로,11210830
일반차로,11210830
일반차로,11210830
일반차로,11210830
일반차로,11210830
일반차로,11210830
일반차로,11210830
마을버스,11210830
마을버스,11210830
마을버스,11210830
마을버스,11210830
마을버스,11210830
마을버스,11210830
마을버스,11210830
마을버스,11210830
마을버스,11210830
마을버스,11210830
마을버스,11210830
마을버스,11210830
마을버스,11210830
마을버스,11210830
마을버스,11210830
마을버스,11210830
마을버스,11210830
마을버스,11210830
마을버스,11210830
마을버스,11210830
마을버스,11210830
마을버스,11210830
마을버스,11210830
마을버스,11210830
마을버스,11210830
일반차로,11220510
일반차로,11220510
일반차로,11220510
일반차로,11220510
일반차로,11220510
일반차로,11220510
일반차로,11220510
일반차로,11220510
일반차로,11220510
일반차로,11220510
가로변전일,11220510
일반차로,11220510
일반차로,11220510
마을버스,11220510
일반차로,11220510
일반차로,11220510
마을버스,11220510
마을버스,11220510
마을버스,11220510
마을버스,11220510
마을버스,11220510
마을버스,11220510
마을버스,11220510
마을버스,11220510
일반차로,11220510
일반차로,11220510
마을버스,11220510
마을버스,11220510
마을버스,11220510
마을버스,11220510
마을버스,11220510
마을버스,11220510
마을버스,11220510
마을버스,11220510
중앙차로,11220520
중앙차로,11220520
중앙차로,11220520
일반차로,11220520
일반차로,11220520
일반차로,11220520
일반차로,11220520
일반차로,11220520
일반차로,11220520
일반차로,11220520
일반차로,11220520
일반차로,11220520
일반차로,11220520
일반차로,11220520
일반차로,11220520
일반차로,11220520
일반차로,11220520
일반차로,11220520
일반차로,11220520
일반차로,11220520
일반차로,11220520
일반차로,11220520
마을버스,11220520
마을버스,11220520
마을버스,11220520
마을버스,11220520
일반차로,11220520
일반차로,11220520
일반차로,11220520
일반차로,11220520
마을버스,11220520
마을버스,11220520
마을버스,11220520
마을버스,11220520
마을버스,11220520
마을버스,11220520
마을버스,11220520
마을버스,11220520
마을버스,11220520
일반차로,11220520
마을버스,11220520
마을버스,11220520
마을버스,11220520
일반차로,11220520
마을버스,11220530
일반차로,11220530
일반차로,11220530
일반차로,11220530
일반차로,11220530
일반차로,11220530
일반차로,11220530
일반차로,11220530
일반차로,11220530
일반차로,11220530
일반차로,11220530
일반차로,11220530
일반차로,11220530
일반차로,11220530
가로변시간,11220530
가로변시간,11220530
가로변시간,11220530
가로변시간,11220530
일반차로,11220530
일반차로,11220530
일반차로,11220530
일반차로,11220530
일반차로,11220530
일반차로,11220530
일반차로,11220530
일반차로,11220530
일반차로,11220530
일반차로,11220530
일반차로,11220530
가로변시간,11220530
마을버스,11220530
일반차로,11220530
마을버스,11220530
일반차로,11220530
마을버스,11220530
마을버스,11220530
마을버스,11220530
마을버스,11220530
마을버스,11220530
마을버스,11220530
마을버스,11220530
마을버스,11220530
마을버스,11220530
일반차로,11220530
마을버스,11220530
마을버스,11220530
가로변시간,11220530
가로변시간,11220530
일반차로,11220530
일반차로,11220530
일반차로,11220530
일반차로,11220530
마을버스,11220530
마을버스,11220530
마을버스,11220530
마을버스,11220530
마을버스,11220530
마을버스,11220530
마을버스,11220530
마을버스,11220530
마을버스,11220530
마을버스,11220530
마을버스,11220530
마을버스,11220530
마을버스,11220530
마을버스,11220530
마을버스,11220530
마을버스,11220530
마을버스,11220530
마을버스,11220530
마을버스,11220530
마을버스,11220530
마을버스,11220530
중앙차로,11220540
일반차로,11220540
일반차로,11220540
일반차로,11220540
일반차로,11220540
일반차로,11220540
일반차로,11220540
일반차로,11220540
일반차로,11220540
일반차로,11220540
일반차로,11220540
일반차로,11220540
일반차로,11220540
일반차로,11220540
일반차로,11220540
일반차로,11220540
일반차로,11220540
일반차로,11220540
일반차로,11220540
일반차로,11220540
마을버스,11220540
마을버스,11220540
마을버스,11220540
마을버스,11220540
마을버스,11220540
마을버스,11220540
마을버스,11220540
마을버스,11220540
마을버스,11220540
마을버스,11220540
마을버스,11220540
일반차로,11220540
일반차로,11220540
일반차로,11220540
마을버스,11220540
마을버스,11220540
마을버스,11220540
마을버스,11220540
마을버스,11220540
마을버스,11220540
마을버스,11220540
마을버스,11220540
중앙차로,11220550
중앙차로,11220550
일반차로,11220550
일반차로,11220550
일반차로,11220550
일반차로,11220550
일반차로,11220550
일반차로,11220550
일반차로,11220550
일반차로,11220550
일반차로,11220550
일반차로,11220550
일반차로,11220550
일반차로,11220550
일반차로,11220550
일반차로,11220550
마을버스,11220550
마을버스,11220550
일반차로,11220550
마을버스,11220550
중앙차로,11220560
중앙차로,11220560
일반차로,11220560
중앙차로,11220570
중앙차로,11220570
일반차로,11220570
일반차로,11220570
일반차로,11220570
일반차로,11220570
일반차로,11220570
가로변시간,11220570
일반차로,11220570
일반차로,11220570
마을버스,11220570
마을버스,11220570
마을버스,11220570
마을버스,11220570
일반차로,11220570
마을버스,11220570
마을버스,11220570
마을버스,11220570
일반차로,11220570
중앙차로,11220580
중앙차로,11220580
일반차로,11220580
일반차로,11220580
마을버스,11220580
마을버스,11220580
일반차로,11220580
일반차로,11220580
일반차로,11220580
마을버스,11220580
마을버스,11220580
마을버스,11220580
마을버스,11220580
마을버스,11220580
마을버스,11220580
일반차로,11220580
마을버스,11220580
중앙차로,11220590
중앙차로,11220590
일반차로,11220590
일반차로,11220590
일반차로,11220590
일반차로,11220590
일반차로,11220590
마을버스,11220590
마을버스,11220590
마을버스,11220590
일반차로,11220590
마을버스,11220590
마을버스,11220590
마을버스,11220590
마을버스,11220590
마을버스,11220590
일반차로,11220600
일반차로,11220600
일반차로,11220600
일반차로,11220600
일반차로,11220600
일반차로,11220600
일반차로,11220600
일반차로,11220600
일반차로,11220600
마을버스,11220600
마을버스,11220600
마을버스,11220600
마을버스,11220600
마을버스,11220600
마을버스,11220600
마을버스,11220600
마을버스,11220600
마을버스,11220600
마을버스,11220600
일반차로,11220600
마을버스,11220600
마을버스,11220600
마을버스,11220600
마을버스,11220600
마을버스,11220600
마을버스,11220600
일반차로,11220600
마을버스,11220600
마을버스,11220600
마을버스,11220600
마을버스,11220600
마을버스,11220600
일반차로,11220610
일반차로,11220610
일반차로,11220610
일반차로,11220610
일반차로,11220610
마을버스,11220610
마을버스,11220610
마을버스,11220610
마을버스,11220610
마을버스,11220610
마을버스,11220610
일반차로,11220610
마을버스,11220610
마을버스,11220610
마을버스,11220610
마을버스,11220610
마을버스,11220610
마을버스,11220610
마을버스,11220610
마을버스,11220610
마을버스,11220610
가로변전일,11220620
일반차로,11220620
일반차로,11220620
일반차로,11220620
일반차로,11220620
가로변시간,11220620
일반차로,11220620
마을버스,11220620
일반차로,11220620
일반차로,11220620
일반차로,11220620
마을버스,11220620
마을버스,11220620
마을버스,11220620
마을버스,11220620
마을버스,11220620
일반차로,11220620
가로변시간,11220620
마을버스,11220620
마을버스,11220620
마을버스,11220620
마을버스,11220620
중앙차로,11220630
중앙차로,11220630
중앙차로,11220630
일반차로,11220630
일반차로,11220630
일반차로,11220630
일반차로,11220630
일반차로,11220630
일반차로,11220630
가로변시간,11220630
마을버스,11220630
일반차로,11220630
일반차로,11220630
마을버스,11220630
마을버스,11220630
마을버스,11220630
마을버스,11220630
마을버스,11220630
마을버스,11220630
마을버스,11220630
마을버스,11220630
마을버스,11220630
마을버스,11220630
마을버스,11220630
마을버스,11220630
마을버스,11220630
마을버스,11220630
일반차로,11220630
일반차로,11220630
일반차로,11220630
마을버스,11220630
일반차로,11220630
마을버스,11220630
일반차로,11220630
마을버스,11220630
일반차로,11220640
일반차로,11220640
일반차로,11220640
일반차로,11220640
가로변시간,11220640
일반차로,11220640
일반차로,11220640
일반차로,11220640
일반차로,11220640
일반차로,11220640
일반차로,11220640
일반차로,11220640
일반차로,11220640
일반차로,11220640
일반차로,11220640
일반차로,11220640
일반차로,11220640
일반차로,11220640
일반차로,11220640
가로변시간,11220640
가로변시간,11220640
마을버스,11220640
마을버스,11220640
마을버스,11220640
마을버스,11220640
마을버스,11220640
마을버스,11220640
마을버스,11220640
마을버스,11220640
마을버스,11220640
마을버스,11220640
마을버스,11220640
마을버스,11220640
마을버스,11220640
마을버스,11220640
일반차로,11220640
마을버스,11220640
마을버스,11220640
마을버스,11220640
마을버스,11220640
마을버스,11220640
마을버스,11220640
마을버스,11220640
중앙차로,11220650
중앙차로,11220650
일반차로,11220650
일반차로,11220650
일반차로,11220650
일반차로,11220650
일반차로,11220650
마을버스,11220650
일반차로,11220650
일반차로,11220650
일반차로,11220650
마을버스,11220650
마을버스,11220650
마을버스,11220650
마을버스,11220650
마을버스,11220650
마을버스,11220650
마을버스,11220650
마을버스,11220650
마을버스,11220650
마을버스,11220650
마을버스,11220650
마을버스,11220650
마을버스,11220650
마을버스,11220650
마을버스,11220650
마을버스,11220650
마을버스,11220650
마을버스,11220650
중앙차로,11220660
중앙차로,11220660
중앙차로,11220660
중앙차로,11220660
가로변시간,11220660
일반차로,11220660
일반차로,11220660
일반차로,11220660
일반차로,11220660
일반차로,11220660
일반차로,11220660
일반차로,11220660
일반차로,11220660
일반차로,11220660
일반차로,11220660
일반차로,11220660
일반차로,11220660
일반차로,11220660
일반차로,11220660
일반차로,11220660
일반차로,11220660
일반차로,11220660
일반차로,11220660
일반차로,11220660
일반차로,11220660
일반차로,11220660
일반차로,11220660
일반차로,11220660
일반차로,11220660
일반차로,11220660
마을버스,11220660
마을버스,11220660
일반차로,11220660
마을버스,11220660
마을버스,11220660
마을버스,11220660
마을버스,11220660
마을버스,11220660
마을버스,11220660
마을버스,11220660
일반차로,11220660
일반차로,11220660
일반차로,11220660
일반차로,11220660
일반차로,11220660
마을버스,11220660
마을버스,11220660
마을버스,11220660
마을버스,11220660
마을버스,11220660
마을버스,11220660
일반차로,11220660
마을버스,11220660
일반차로,11220660
일반차로,11220660
일반차로,11220660
마을버스,11220660
마을버스,11220660
마을버스,11220660
일반차로,11220660
일반차로,11220660
일반차로,11220660
마을버스,11220660
마을버스,11220660
마을버스,11220660
마을버스,11220660
마을버스,11220660
마을버스,11220660
마을버스,11220660
일반차로,11220660
일반차로,11220660
마을버스,11220660
중앙차로,11220670
중앙차로,11220670
중앙차로,11220670
중앙차로,11220670
마을버스,11220670
마을버스,11220670
마을버스,11220670
마을버스,11220670
마을버스,11220670
마을버스,11220670
가로변시간,11220670
가로변시간,11220670
가로변전일,11220670
가로변시간,11220670
가로변전일,11220670
가로변시간,11220670
일반차로,11220670
일반차로,11220670
일반차로,11220670
일반차로,11220670
일반차로,11220670
일반차로,11220670
일반차로,11220670
일반차로,11220670
일반차로,11220670
일반차로,11220670
일반차로,11220670
일반차로,11220670
일반차로,11220670
마을버스,11220670
마을버스,11220670
마을버스,11220670
마을버스,11220670
마을버스,11220670
마을버스,11220670
마을버스,11220670
마을버스,11220670
마을버스,11220670
마을버스,11220670
마을버스,11220670
마을버스,11220670
마을버스,11220670
마을버스,11220670
마을버스,11220670
마을버스,11220670
마을버스,11220670
마을버스,11220670
마을버스,11220670
마을버스,11220670
일반차로,11220670
일반차로,11220670
일반차로,11220670
중앙차로,11220680
중앙차로,11220680
중앙차로,11220680
중앙차로,11220680
중앙차로,11220680
중앙차로,11220680
중앙차로,11220680
중앙차로,11220680
마을버스,11220680
일반차로,11220680
일반차로,11220680
일반차로,11220680
일반차로,11220680
일반차로,11220680
일반차로,11220680
일반차로,11220680
일반차로,11220680
일반차로,11220680
일반차로,11220680
일반차로,11220680
일반차로,11220680
일반차로,11220680
가로변전일,11220680
가로변시간,11220680
일반차로,11220680
일반차로,11220680
일반차로,11220680
일반차로,11220680
일반차로,11220680
일반차로,11220680
일반차로,11220680
일반차로,11220680
일반차로,11220680
일반차로,11220680
일반차로,11220680
일반차로,11220680
마을버스,11220680
일반차로,11220680
일반차로,11220680
일반차로,11220680
일반차로,11220680
마을버스,11220680
마을버스,11220680
마을버스,11220680
마을버스,11220680
마을버스,11220680
마을버스,11220680
마을버스,11220680
마을버스,11220680
마을버스,11220680
마을버스,11220680
마을버스,11220680
마을버스,11220680
마을버스,11220680
마을버스,11220680
마을버스,11220680
마을버스,11220680
마을버스,11220680
마을버스,11220680
마을버스,11220680
한강선착장,11230510
가로변시간,11230510
가로변시간,11230510
일반차로,11230510
가로변시간,11230510
일반차로,11230510
일반차로,11230510
가로변시간,11230510
가로변전일,11230510
일반차로,11230510
일반차로,11230510
일반차로,11230510
일반차로,11230510
일반차로,11230510
가로변시간,11230510
일반차로,11230511
일반차로,11230511
일반차로,11230511
일반차로,11230511
일반차로,11230511
일반차로,11230511
일반차로,11230511
일반차로,11230511
마을버스,11230511
마을버스,11230511
마을버스,11230511
마을버스,11230511
중앙차로,11230520
중앙차로,11230520
일반차로,11230520
가로변시간,11230520
가로변전일,11230520
일반차로,11230520
일반차로,11230520
일반차로,11230520
일반차로,11230520
일반차로,11230520
일반차로,11230520
일반차로,11230520
일반차로,11230520
일반차로,11230520
일반차로,11230520
일반차로,11230520
일반차로,11230520
마을버스,11230520
일반차로,11230530
일반차로,11230530
일반차로,11230530
일반차로,11230530
일반차로,11230530
일반차로,11230530
일반차로,11230530
일반차로,11230530
일반차로,11230530
일반차로,11230530
일반차로,11230530
일반차로,11230530
일반차로,11230530
일반차로,11230530
일반차로,11230530
일반차로,11230530
일반차로,11230530
일반차로,11230530
일반차로,11230530
일반차로,11230530
일반차로,11230530
일반차로,11230530
일반차로,11230530
일반차로,11230530
일반차로,11230530
일반차로,11230530
일반차로,11230580
일반차로,11230580
가로변시간,11230580
가로변시간,11230580
가로변시간,11230580
일반차로,11230580
가로변전일,11230580
일반차로,11230580
일반차로,11230580
일반차로,11230580
일반차로,11230580
일반차로,11230580
일반차로,11230580
일반차로,11230580
일반차로,11230580
일반차로,11230580
일반차로,11230580
일반차로,11230580
일반차로,11230580
마을버스,11230580
일반차로,11230580
일반차로,11230580
일반차로,11230580
일반차로,11230580
마을버스,11230580
마을버스,11230580
마을버스,11230580
마을버스,11230580
마을버스,11230580
일반차로,11230590
일반차로,11230590
일반차로,11230590
일반차로,11230590
일반차로,11230590
일반차로,11230590
일반차로,11230590
가로변시간,11230590
일반차로,11230590
일반차로,11230590
일반차로,11230590
일반차로,11230590
일반차로,11230590
일반차로,11230590
일반차로,11230590
일반차로,11230590
일반차로,11230590
일반차로,11230590
마을버스,11230590
일반차로,11230590
마을버스,11230590
가로변전일,11230600
일반차로,11230600
일반차로,11230600
일반차로,11230600
일반차로,11230600
일반차로,11230600
일반차로,11230600
가로변전일,11230600
가로변전일,11230600
가로변전일,11230600
가로변전일,11230600
가로변전일,11230600
일반차로,11230600
일반차로,11230600
일반차로,11230600
일반차로,11230600
가로변전일,11230600
가로변전일,11230600
일반차로,11230630
일반차로,11230630
일반차로,11230630
일반차로,11230630
일반차로,11230630
일반차로,11230630
일반차로,11230630
일반차로,11230630
일반차로,11230630
일반차로,11230630
일반차로,11230630
일반차로,11230630
일반차로,11230630
마을버스,11230630
중앙차로,11230640
중앙차로,11230640
중앙차로,11230640
일반차로,11230640
일반차로,11230640
일반차로,11230640
일반차로,11230640
일반차로,11230640
일반차로,11230640
일반차로,11230640
일반차로,11230640
일반차로,11230640
일반차로,11230640
일반차로,11230640
일반차로,11230640
일반차로,11230640
일반차로,11230640
일반차로,11230640
일반차로,11230640
일반차로,11230640
일반차로,11230640
일반차로,11230640
일반차로,11230640
일반차로,11230640
일반차로,11230640
일반차로,11230640
일반차로,11230640
일반차로,11230640
일반차로,11230640
일반차로,11230640
일반차로,11230640
일반차로,11230640
일반차로,11230640
일반차로,11230640
일반차로,11230640
일반차로,11230640
일반차로,11230640
일반차로,11230640
일반차로,11230640
일반차로,11230640
일반차로,11230640
일반차로,11230640
일반차로,11230640
일반차로,11230640
일반차로,11230640
일반차로,11230640
일반차로,11230640
일반차로,11230650
일반차로,11230650
일반차로,11230650
일반차로,11230650
일반차로,11230650
일반차로,11230650
일반차로,11230650
일반차로,11230650
일반차로,11230650
일반차로,11230650
일반차로,11230650
일반차로,11230650
일반차로,11230650
일반차로,11230650
일반차로,11230650
일반차로,11230650
일반차로,11230650
일반차로,11230650
일반차로,11230650
일반차로,11230650
마을버스,11230650
마을버스,11230650
마을버스,11230650
마을버스,11230650
마을버스,11230650
마을버스,11230650
중앙차로,11230660
일반차로,11230660
일반차로,11230660
가로변시간,11230660
가로변전일,11230660
가로변시간,11230660
일반차로,11230660
일반차로,11230660
일반차로,11230660
일반차로,11230660
일반차로,11230660
일반차로,11230660
일반차로,11230660
일반차로,11230660
일반차로,11230660
가로변시간,11230660
일반차로,11230660
마을버스,11230660
마을버스,11230660
마을버스,11230660
마을버스,11230660
마을버스,11230660
마을버스,11230670
일반차로,11230670
가로변시간,11230670
일반차로,11230670
일반차로,11230670
가로변시간,11230670
가로변시간,11230670
일반차로,11230670
일반차로,11230670
일반차로,11230670
일반차로,11230670
일반차로,11230670
일반차로,11230670
마을버스,11230670
일반차로,11230670
일반차로,11230670
마을버스,11230670
일반차로,11230670
일반차로,11230670
가로변시간,11230670
일반차로,11230680
일반차로,11230680
일반차로,11230680
일반차로,11230680
일반차로,11230680
일반차로,11230680
일반차로,11230680
일반차로,11230680
일반차로,11230680
일반차로,11230680
일반차로,11230680
일반차로,11230680
마을버스,11230680
일반차로,11230680
일반차로,11230680
일반차로,11230710
일반차로,11230710
일반차로,11230710
일반차로,11230710
일반차로,11230710
일반차로,11230710
일반차로,11230710
일반차로,11230710
일반차로,11230710
일반차로,11230710
일반차로,11230710
일반차로,11230710
일반차로,11230710
일반차로,11230710
일반차로,11230710
일반차로,11230710
일반차로,11230710
일반차로,11230710
일반차로,11230710
일반차로,11230710
일반차로,11230710
일반차로,11230710
일반차로,11230710
일반차로,11230710
일반차로,11230710
마을버스,11230710
마을버스,11230710
마을버스,11230710
일반차로,11230720
일반차로,11230720
일반차로,11230720
일반차로,11230720
일반차로,11230720
일반차로,11230720
일반차로,11230720
일반차로,11230720
일반차로,11230720
일반차로,11230720
일반차로,11230720
일반차로,11230720
일반차로,11230720
마을버스,11230720
마을버스,11230720
마을버스,11230720
마을버스,11230720
마을버스,11230720
마을버스,11230720
마을버스,11230720
마을버스,11230720
마을버스,11230720
마을버스,11230720
마을버스,11230720
마을버스,11230720
마을버스,11230720
일반차로,11230720
일반차로,11230730
일반차로,11230730
일반차로,11230730
일반차로,11230730
마을버스,11230730
마을버스,11230730
마을버스,11230730
마을버스,11230730
마을버스,11230730
마을버스,11230730
마을버스,11230730
마을버스,11230730
마을버스,11230730
마을버스,11230730
일반차로,11230730
일반차로,11230750
일반차로,11230750
일반차로,11230750
일반차로,11230750
일반차로,11230750
일반차로,11230750
일반차로,11230750
일반차로,11230750
일반차로,11230750
일반차로,11230750
일반차로,11230750
마을버스,11230750
마을버스,11230750
마을버스,11230750
마을버스,11230750
마을버스,11230750
마을버스,11230750
마을버스,11230750
마을버스,11230750
마을버스,11230750
일반차로,11230760
일반차로,11230760
일반차로,11230760
일반차로,11230760
일반차로,11230760
일반차로,11230760
일반차로,11230760
일반차로,11230760
일반차로,11230760
일반차로,11230760
일반차로,11230760
일반차로,11230760
일반차로,11230760
일반차로,11230760
일반차로,11230760
일반차로,11230760
일반차로,11230760
일반차로,11230760
일반차로,11230760
일반차로,11230760
일반차로,11230760
일반차로,11230760
일반차로,11230760
일반차로,11230760
일반차로,11230760
일반차로,11230760
일반차로,11230760
일반차로,11230760
일반차로,11230760
일반차로,11230760
일반차로,11230760
일반차로,11230760
일반차로,11230760
일반차로,11230760
일반차로,11230760
일반차로,11230760
일반차로,11230760
일반차로,11230760
일반차로,11230760
일반차로,11230760
일반차로,11230760
일반차로,11230760
일반차로,11230760
일반차로,11230760
마을버스,11230760
마을버스,11230760
마을버스,11230760
마을버스,11230760
마을버스,11230760
마을버스,11230760
마을버스,11230760
마을버스,11230760
마을버스,11230760
마을버스,11230760
마을버스,11230760
마을버스,11230760
마을버스,11230760
마을버스,11230760
마을버스,11230760
마을버스,11230760
마을버스,11230760
마을버스,11230760
마을버스,11230760
마을버스,11230760
마을버스,11230760
마을버스,11230760
일반차로,11230770
가로변시간,11230770
일반차로,11230770
일반차로,11230770
일반차로,11230770
일반차로,11230770
일반차로,11230770
가로변시간,11230770
가로변시간,11230770
일반차로,11230770
가로변시간,11230770
일반차로,11230770
일반차로,11230770
일반차로,11230770
일반차로,11230770
일반차로,11230770
일반차로,11230770
일반차로,11230770
일반차로,11230770
가로변시간,11230770
일반차로,11230780
일반차로,11230780
일반차로,11230780
일반차로,11230780
가로변시간,11230780
가로변시간,11230780
가로변전일,11230780
일반차로,11230780
일반차로,11230780
일반차로,11230780
일반차로,11230780
일반차로,11230780
일반차로,11230780
일반차로,11230780
일반차로,11230780
일반차로,11230780
일반차로,11230780
일반차로,11230780
일반차로,11230780
일반차로,11230780
가로변전일,11230780
일반차로,11230780
일반차로,11230780
가로변시간,11230780
일반차로,11230780
일반차로,11230790
일반차로,11230790
일반차로,11230790
가로변전일,11230790
가로변전일,11230790
가로변시간,11230790
가로변시간,11230790
가로변전일,11230790
가로변시간,11230790
가로변전일,11230790
일반차로,11230790
일반차로,11230790
일반차로,11230790
일반차로,11230790
일반차로,11230790
일반차로,11230790
일반차로,11230790
일반차로,11230790
일반차로,11230790
가로변시간,11230790
가로변시간,11230790
일반차로,11230790
일반차로,11230790
가로변시간,11230790
가로변전일,11230790
일반차로,11230790
마을버스,11230790
가로변전일,11230790
가로변전일,11230790
마을버스,11230790
일반차로,11230800
일반차로,11230800
일반차로,11230800
일반차로,11230800
일반차로,11230800
일반차로,11230800
일반차로,11230800
일반차로,11230800
일반차로,11230800
일반차로,11230800
일반차로,11230800
일반차로,11230800
일반차로,11230800
일반차로,11230800
일반차로,11230800
일반차로,11230800
일반차로,11230800
일반차로,11230800
일반차로,11230800
일반차로,11230800
일반차로,11230800
일반차로,11230800
일반차로,11230800
일반차로,11230800
일반차로,11230800
일반차로,11230800
일반차로,11230800
일반차로,11230800
일반차로,11230800
일반차로,11230800
일반차로,11230800
일반차로,11230800
일반차로,11230800
일반차로,11230800
가로변시간,11240510
가로변시간,11240510
일반차로,11240510
일반차로,11240510
일반차로,11240510
일반차로,11240510
일반차로,11240510
일반차로,11240510
가로변전일,11240520
가로변시간,11240520
일반차로,11240520
일반차로,11240520
일반차로,11240520
일반차로,11240520
일반차로,11240520
일반차로,11240520
일반차로,11240520
일반차로,11240520
일반차로,11240520
일반차로,11240520
일반차로,11240520
일반차로,11240520
일반차로,11240520
일반차로,11240520
일반차로,11240520
일반차로,11240520
일반차로,11240520
가로변시간,11240520
일반차로,11240520
일반차로,11240520
일반차로,11240520
가로변전일,11240520
일반차로,11240530
일반차로,11240530
일반차로,11240530
일반차로,11240530
일반차로,11240530
일반차로,11240530
일반차로,11240530
일반차로,11240530
일반차로,11240540
일반차로,11240540
일반차로,11240540
일반차로,11240540
일반차로,11240540
일반차로,11240540
일반차로,11240540
일반차로,11240540
일반차로,11240540
일반차로,11240550
일반차로,11240550
일반차로,11240550
일반차로,11240550
일반차로,11240550
일반차로,11240550
일반차로,11240550
일반차로,11240550
일반차로,11240550
일반차로,11240550
일반차로,11240550
일반차로,11240550
일반차로,11240550
일반차로,11240560
일반차로,11240560
일반차로,11240560
일반차로,11240560
일반차로,11240560
일반차로,11240560
일반차로,11240560
일반차로,11240560
일반차로,11240560
일반차로,11240560
일반차로,11240560
일반차로,11240560
일반차로,11240560
일반차로,11240560
일반차로,11240560
일반차로,11240570
일반차로,11240570
일반차로,11240570
일반차로,11240570
일반차로,11240570
일반차로,11240570
일반차로,11240570
일반차로,11240570
일반차로,11240570
일반차로,11240570
일반차로,11240570
일반차로,11240570
일반차로,11240580
일반차로,11240580
일반차로,11240580
일반차로,11240580
일반차로,11240580
일반차로,11240580
가로변전일,11240580
일반차로,11240580
일반차로,11240580
일반차로,11240580
일반차로,11240580
일반차로,11240580
일반차로,11240580
가로변전일,11240590
가로변전일,11240590
일반차로,11240590
일반차로,11240590
일반차로,11240590
일반차로,11240590
일반차로,11240590
일반차로,11240590
일반차로,11240590
일반차로,11240590
일반차로,11240590
일반차로,11240590
일반차로,11240590
일반차로,11240590
일반차로,11240590
마을버스,11240590
일반차로,11240590
일반차로,11240590
일반차로,11240590
일반차로,11240590
일반차로,11240590
일반차로,11240590
일반차로,11240590
일반차로,11240600
일반차로,11240600
일반차로,11240600
일반차로,11240600
일반차로,11240600
일반차로,11240600
일반차로,11240600
일반차로,11240600
일반차로,11240600
일반차로,11240600
일반차로,11240600
일반차로,11240600
일반차로,11240600
일반차로,11240600
일반차로,11240600
일반차로,11240600
일반차로,11240600
일반차로,11240600
일반차로,11240600
일반차로,11240600
일반차로,11240600
일반차로,11240600
일반차로,11240600
일반차로,11240600
일반차로,11240600
일반차로,11240600
일반차로,11240600
마을버스,11240600
마을버스,11240600
마을버스,11240600
마을버스,11240600
마을버스,11240600
마을버스,11240600
마을버스,11240600
마을버스,11240600
일반차로,11240600
일반차로,11240600
일반차로,11240600
중앙차로,11240610
중앙차로,11240610
일반차로,11240610
일반차로,11240610
일반차로,11240610
일반차로,11240610
일반차로,11240610
일반차로,11240610
일반차로,11240610
일반차로,11240610
일반차로,11240610
일반차로,11240610
일반차로,11240610
마을버스,11240610
일반차로,11240620
일반차로,11240620
일반차로,11240620
일반차로,11240620
일반차로,11240620
일반차로,11240620
마을버스,11240620
마을버스,11240620
마을버스,11240620
마을버스,11240620
마을버스,11240620
마을버스,11240620
중앙차로,11240630
중앙차로,11240630
중앙차로,11240630
일반차로,11240630
일반차로,11240630
일반차로,11240630
일반차로,11240630
일반차로,11240630
일반차로,11240630
일반차로,11240630
일반차로,11240630
일반차로,11240630
일반차로,11240630
일반차로,11240630
일반차로,11240630
일반차로,11240630
일반차로,11240630
일반차로,11240630
마을버스,11240630
일반차로,11240640
일반차로,11240640
일반차로,11240640
일반차로,11240640
일반차로,11240640
일반차로,11240640
일반차로,11240640
일반차로,11240640
일반차로,11240640
일반차로,11240640
일반차로,11240640
일반차로,11240640
마을버스,11240640
마을버스,11240640
중앙차로,11240650
일반차로,11240650
일반차로,11240650
일반차로,11240650
일반차로,11240650
일반차로,11240650
일반차로,11240650
일반차로,11240650
일반차로,11240650
일반차로,11240650
일반차로,11240650
일반차로,11240650
일반차로,11240650
일반차로,11240650
일반차로,11240650
일반차로,11240650
일반차로,11240650
일반차로,11240650
일반차로,11240650
일반차로,11240650
일반차로,11240650
마을버스,11240650
일반차로,11240650
일반차로,11240650
일반차로,11240650
일반차로,11240650
중앙차로,11240660
중앙차로,11240660
가로변전일,11240660
일반차로,11240660
일반차로,11240660
일반차로,11240660
일반차로,11240660
일반차로,11240660
일반차로,11240660
일반차로,11240660
마을버스,11240660
마을버스,11240660
일반차로,11240660
일반차로,11240660
일반차로,11240670
일반차로,11240670
일반차로,11240670
일반차로,11240670
일반차로,11240670
일반차로,11240670
일반차로,11240670
일반차로,11240670
일반차로,11240670
일반차로,11240670
일반차로,11240670
일반차로,11240670
일반차로,11240670
일반차로,11240670
일반차로,11240670
일반차로,11240670
일반차로,11240670
일반차로,11240670
일반차로,11240670
일반차로,11240670
일반차로,11240670
일반차로,11240670
일반차로,11240670
중앙차로,11240680
일반차로,11240680
일반차로,11240680
일반차로,11240680
일반차로,11240680
일반차로,11240680
일반차로,11240680
일반차로,11240680
일반차로,11240680
일반차로,11240680
일반차로,11240680
일반차로,11240680
일반차로,11240680
일반차로,11240680
일반차로,11240680
일반차로,11240680
일반차로,11240680
중앙차로,11240690
중앙차로,11240690
중앙차로,11240690
일반차로,11240690
일반차로,11240690
가로변전일,11240690
일반차로,11240690
가로변전일,11240690
일반차로,11240690
일반차로,11240690
일반차로,11240690
일반차로,11240690
일반차로,11240690
일반차로,11240690
일반차로,11240690
일반차로,11240690
일반차로,11240690
일반차로,11240690
마을버스,11240690
마을버스,11240690
마을버스,11240690
마을버스,11240690
마을버스,11240690
마을버스,11240690
마을버스,11240690
마을버스,11240690
마을버스,11240690
마을버스,11240690
마을버스,11240690
마을버스,11240690
마을버스,11240690
마을버스,11240690
일반차로,11240690
가로변시간,11240710
가로변시간,11240710
일반차로,11240710
일반차로,11240710
일반차로,11240710
일반차로,11240710
일반차로,11240710
일반차로,11240710
일반차로,11240710
일반차로,11240710
일반차로,11240710
일반차로,11240710
가로변시간,11240710
가로변시간,11240750
일반차로,11240750
일반차로,11240750
일반차로,11240750
가로변시간,11240750
가로변시간,11240750
일반차로,11240750
일반차로,11240750
마을버스,11240750
마을버스,11240750
마을버스,11240750
마을버스,11240750
일반차로,11240750
중앙차로,11240770
중앙차로,11240770
일반차로,11240770
일반차로,11240770
일반차로,11240770
일반차로,11240770
일반차로,11240770
일반차로,11240770
일반차로,11240770
일반차로,11240770
일반차로,11240770
일반차로,11240770
마을버스,11240770
일반차로,11240770
일반차로,11240770
일반차로,11240780
일반차로,11240780
일반차로,11240780
가로변전일,11240780
한강선착장,11240790
가로변시간,11240790
가로변시간,11240790
가로변시간,11240790
가로변시간,11240790
가로변전일,11240790
가로변전일,11240790
가로변전일,11240790
일반차로,11240790
일반차로,11240790
일반차로,11240790
일반차로,11240790
중앙차로,11240800
중앙차로,11240800
일반차로,11240800
일반차로,11240800
가로변전일,11240800
가로변전일,11240800
가로변전일,11240800
일반차로,11240800
일반차로,11240800
일반차로,11240800
일반차로,11240800
일반차로,11240800
일반차로,11240800
일반차로,11240800
일반차로,11240800
일반차로,11240800
일반차로,11240800
마을버스,11240800
마을버스,11240800
마을버스,11240800
마을버스,11240800
마을버스,11240800
마을버스,11240800
마을버스,11240800
일반차로,11240800
가로변전일,11240800
일반차로,11240800
일반차로,11240800
중앙차로,11240810
중앙차로,11240810
일반차로,11240810
일반차로,11240810
일반차로,11240810
일반차로,11240810
일반차로,11240810
일반차로,11240810
일반차로,11240810
일반차로,11240810
일반차로,11240810
일반차로,11240810
일반차로,11240810
일반차로,11240810
일반차로,11240810
일반차로,11240810
일반차로,11240810
일반차로,11240810
일반차로,11240810
일반차로,11240810
일반차로,11240810
일반차로,11240810
일반차로,11240810
일반차로,11240810
일반차로,11240810
일반차로,11240810
일반차로,11240810
일반차로,11240810
일반차로,11240810
일반차로,11240810
일반차로,11240810
일반차로,11240810
일반차로,11240810
일반차로,11240810
일반차로,11240810
일반차로,11240810
일반차로,11240810
일반차로,11240810
일반차로,11240810
마을버스,11240810
마을버스,11240810
마을버스,11240810
마을버스,11240810
일반차로,11240820
일반차로,11240820
일반차로,11240820
일반차로,11240820
일반차로,11240820
일반차로,11240820
일반차로,11240820
일반차로,11240820
일반차로,11240820
일반차로,11240820
일반차로,11240820
일반차로,11240820
일반차로,11240820
일반차로,11240820
일반차로,11240820
일반차로,11240820
일반차로,11240820
일반차로,11240820
일반차로,11240820
일반차로,11240820
일반차로,11240820
일반차로,11240820
일반차로,11240820
일반차로,11240820
일반차로,11240820
일반차로,11240820
일반차로,11240820
일반차로,11240820
일반차로,11240820
일반차로,11240820
일반차로,11240820
일반차로,11240820
일반차로,11240820
일반차로,11240820
일반차로,11240820
일반차로,11240820
일반차로,11240820
일반차로,11240820
일반차로,11240820
일반차로,11240820
일반차로,11240820
일반차로,11240820
일반차로,11240820
일반차로,11240820
일반차로,11240820
일반차로,11240820
일반차로,11240820
일반차로,11240820
일반차로,11240820
일반차로,11240820
일반차로,11240820
마을버스,11240820
마을버스,11240820
마을버스,11240820
일반차로,11240820
일반차로,11240820
일반차로,11240820
일반차로,11250530
일반차로,11250530
일반차로,11250530
일반차로,11250530
일반차로,11250530
일반차로,11250530
일반차로,11250530
일반차로,11250530
일반차로,11250530
일반차로,11250530
일반차로,11250530
일반차로,11250530
일반차로,11250530
일반차로,11250530
일반차로,11250530
마을버스,11250530
마을버스,11250530
마을버스,11250530
일반차로,11250530
마을버스,11250530
마을버스,11250530
일반차로,11250530
일반차로,11250530
일반차로,11250530
일반차로,11250540
일반차로,11250540
일반차로,11250540
일반차로,11250540
일반차로,11250540
일반차로,11250540
일반차로,11250540
일반차로,11250540
일반차로,11250540
마을버스,11250540
마을버스,11250540
일반차로,11250540
마을버스,11250540
일반차로,11250550
일반차로,11250550
일반차로,11250550
일반차로,11250550
일반차로,11250550
일반차로,11250550
일반차로,11250550
일반차로,11250550
일반차로,11250550
일반차로,11250550
일반차로,11250550
일반차로,11250550
일반차로,11250550
일반차로,11250550
일반차로,11250550
일반차로,11250550
일반차로,11250550
마을버스,11250550
마을버스,11250550
마을버스,11250550
마을버스,11250550
마을버스,11250550
마을버스,11250550
마을버스,11250550
마을버스,11250550
마을버스,11250550
마을버스,11250550
마을버스,11250550
마을버스,11250550
일반차로,11250560
일반차로,11250560
일반차로,11250560
일반차로,11250560
일반차로,11250560
일반차로,11250560
일반차로,11250560
일반차로,11250560
일반차로,11250560
일반차로,11250560
일반차로,11250560
일반차로,11250560
일반차로,11250560
일반차로,11250560
일반차로,11250560
일반차로,11250560
일반차로,11250560
일반차로,11250560
일반차로,11250560
일반차로,11250560
일반차로,11250560
일반차로,11250560
마을버스,11250560
마을버스,11250560
마을버스,11250560
일반차로,11250560
마을버스,11250560
마을버스,11250560
마을버스,11250560
마을버스,11250560
마을버스,11250560
마을버스,11250560
마을버스,11250560
마을버스,11250560
마을버스,11250560
마을버스,11250560
마을버스,11250560
마을버스,11250560
마을버스,11250560
일반차로,11250580
일반차로,11250580
마을버스,11250580
마을버스,11250580
마을버스,11250580
마을버스,11250580
일반차로,11250590
일반차로,11250590
일반차로,11250590
일반차로,11250590
일반차로,11250590
일반차로,11250590
일반차로,11250590
일반차로,11250590
일반차로,11250590
일반차로,11250590
일반차로,11250590
마을버스,11250590
마을버스,11250590
마을버스,11250590
마을버스,11250590
마을버스,11250590
마을버스,11250590
마을버스,11250590
일반차로,11250610
일반차로,11250610
일반차로,11250610
일반차로,11250610
일반차로,11250610
일반차로,11250610
마을버스,11250610
마을버스,11250610
마을버스,11250610
마을버스,11250610
마을버스,11250610
일반차로,11250610
일반차로,11250610
일반차로,11250610
일반차로,11250610
일반차로,11250610
일반차로,11250610
일반차로,11250610
일반차로,11250610
중앙차로,11250630
중앙차로,11250630
가로변시간,11250630
일반차로,11250630
일반차로,11250630
일반차로,11250630
일반차로,11250630
일반차로,11250630
마을버스,11250630
마을버스,11250630
일반차로,11250630
가로변시간,11250630
일반차로,11250650
일반차로,11250650
일반차로,11250650
일반차로,11250650
일반차로,11250650
일반차로,11250650
일반차로,11250650
일반차로,11250650
일반차로,11250650
일반차로,11250650
일반차로,11250650
일반차로,11250650
가로변시간,11250650
일반차로,11250650
일반차로,11250650
마을버스,11250650
마을버스,11250650
마을버스,11250650
마을버스,11250650
일반차로,11250650
가로변전일,11250650
중앙차로,11250660
중앙차로,11250660
가로변시간,11250660
가로변전일,11250660
가로변시간,11250660
일반차로,11250660
일반차로,11250660
일반차로,11250660
일반차로,11250660
일반차로,11250660
일반차로,11250660
마을버스,11250660
마을버스,11250660
마을버스,11250660
마을버스,11250660
일반차로,11250660
일반차로,11250660
일반차로,11250660
중앙차로,11250670
가로변시간,11250670
일반차로,11250670
일반차로,11250670
일반차로,11250670
일반차로,11250670
일반차로,11250670
일반차로,11250670
일반차로,11250670
마을버스,11250670
마을버스,11250670
마을버스,11250670
마을버스,11250670
가로변시간,11250670
일반차로,11250670
일반차로,11250700
일반차로,11250700
일반차로,11250700
일반차로,11250700
일반차로,11250700
일반차로,11250700
일반차로,11250700
일반차로,11250700
일반차로,11250700
마을버스,11250700
마을버스,11250700
마을버스,11250700
마을버스,11250700
일반차로,11250700
중앙차로,11250710
가로변시간,11250710
일반차로,11250710
일반차로,11250710
일반차로,11250710
일반차로,11250710
일반차로,11250710
일반차로,11250710
일반차로,11250710
일반차로,11250710
일반차로,11250710
일반차로,11250710
일반차로,11250710
일반차로,11250710
일반차로,11250710
일반차로,11250710
마을버스,11250710
마을버스,11250710
마을버스,11250710
마을버스,11250710
마을버스,11250710
마을버스,11250710
마을버스,11250710
마을버스,11250710
마을버스,11250710
마을버스,11250710
마을버스,11250710
마을버스,11250710
마을버스,11250710
마을버스,11250710
일반차로,11250720
일반차로,11250720
일반차로,11250720
일반차로,11250720
마을버스,11250720
마을버스,11250720
마을버스,11250720
마을버스,11250720
마을버스,11250720
마을버스,11250720
마을버스,11250720
일반차로,11250720
일반차로,11250720
일반차로,11250730
일반차로,11250730
일반차로,11250730
일반차로,11250730
일반차로,11250730
일반차로,11250730
일반차로,11250730
일반차로,11250730
일반차로,11250730
일반차로,11250730
일반차로,11250730
일반차로,11250730
마을버스,11250730
마을버스,11250730
마을버스,11250730
마을버스,11250730
일반차로,11250730
일반차로,11250730
일반차로,11250730
일반차로,11250730
마을버스,11250730
마을버스,11250730
마을버스,11250730
일반차로,11250730
일반차로,11250730
중앙차로,11250740
중앙차로,11250740
중앙차로,11250740
중앙차로,11250740
가로변전일,11250740
일반차로,11250740
일반차로,11250740
일반차로,11250740
가로변시간,11250740
일반차로,11250740
일반차로,11250740
일반차로,11250740
일반차로,11250740
일반차로,11250740
일반차로,11250740
일반차로,11250740
일반차로,11250740
일반차로,11250740
일반차로,11250740
일반차로,11250740
일반차로,11250740
일반차로,11250740
일반차로,11250740
일반차로,11250740
일반차로,11250740
일반차로,11250740
일반차로,11250740
일반차로,11250740
마을버스,11250740
마을버스,11250740
마을버스,11250740
마을버스,11250740
마을버스,11250740
마을버스,11250740
가로변시간,11250740
가로변시간,11250740
가로변시간,11250740
일반차로,11250750
일반차로,11250750
일반차로,11250750
일반차로,11250750
일반차로,11250750
일반차로,11250750
일반차로,11250750
일반차로,11250750
일반차로,11250750
일반차로,11250750
일반차로,11250750
일반차로,11250750
일반차로,11250750
일반차로,11250750
일반차로,11250750
일반차로,11250750
일반차로,11250750
일반차로,11250750
일반차로,11250750
일반차로,11250750
일반차로,11250750
일반차로,11250750
일반차로,11250750
일반차로,11250750
일반차로,11250750
일반차로,11250750
일반차로,11250750
일반차로,11250750
일반차로,11250750
일반차로,11250750
일반차로,11250750
일반차로,11250750
일반차로,11250750
일반차로,11250750
일반차로,11250750
일반차로,11250750
일반차로,11250750
일반차로,11250750
마을버스,11250750
마을버스,11250750
마을버스,11250750
마을버스,11250750
마을버스,11250750
마을버스,11250750
마을버스,11250750
마을버스,11250750
마을버스,11250750
마을버스,11250750
마을버스,11250750
중앙차로,11250760
중앙차로,11250760
일반차로,11250760
일반차로,11250760
일반차로,11250760
일반차로,11250760
일반차로,11250760
일반차로,11250760
일반차로,11250760
일반차로,11250760
일반차로,11250760
일반차로,11250760
일반차로,11250760
일반차로,11250760
일반차로,11250760
일반차로,11250760
일반차로,11250760
일반차로,11250760
일반차로,11250760
일반차로,11250760
일반차로,11250760
일반차로,11250760
일반차로,11250760
일반차로,11250760
일반차로,11250760
일반차로,11250760
일반차로,11250760
일반차로,11250760
일반차로,11250760
일반차로,11250760
일반차로,11250760
일반차로,11250760
일반차로,11250760
일반차로,11250760
일반차로,11250760
일반차로,11250760
일반차로,11250760
일반차로,11250760
일반차로,11250760
마을버스,11250760
일반차로,11250770
일반차로,11250770
일반차로,11250770
일반차로,11250770
일반차로,11250770
일반차로,11250770
일반차로,11250770
일반차로,11250770
일반차로,11250770
일반차로,11250770
일반차로,11250770
일반차로,11250770
일반차로,11250770
일반차로,11250770
일반차로,11250770
일반차로,11250770
일반차로,11250770
일반차로,11250770
