구,공원명,공원구분,동,소재지지번주소,행정동,위도,경도,공원면적
강남구,도산근린공원,근린공원,신사동,서울특별시 강남구 신사동 649-9,압구정동,37.523911,127.0356032,29816.5
강남구,신사근린공원,근린공원,압구정동,서울특별시 강남구 압구정동 422,신사동,37.526708,127.0212651,6800
강남구,대청근린공원,근린공원,일원동,서울특별시 강남구 일원동 621,일원1동,37.49241615,127.0833736,14089.1
강남구,늘푸른근린공원,근린공원,일원동,서울특별시 강남구 일원동 690,개포3동,37.48951135,127.0773393,12067.2
강남구,개포서근린공원,근린공원,개포동,서울특별시 강남구 개포동 180,개포2동,37.4885944,127.0635583,11219.2
강남구,개포동근린공원,근린공원,개포동,서울특별시 강남구 개포동 182-1,개포2동,37.48970641,127.0682905,9705.6
강남구,대치근린공원,근린공원,대치동,서울특별시 강남구 대치동 512,대치2동,37.495123,127.0699032,10408.9
강남구,늘벗근린공원,근린공원,대치동,서울특별시 강남구 대치동 501,대치1동,37.48928087,127.0563303,19812.3
강남구,독골근린공원,근린공원,도곡동,서울특별시 강남구 도곡동 461,도곡2동,37.484552,127.0468249,10022.9
강남구,포이근린공원,근린공원,개포동,서울특별시 강남구 개포동 1239-21,개포4동,37.47967612,127.0447815,16811.4
강남구,청룡근린공원,근린공원,개포동,서울특별시 강남구 개포동 649-1,개포1동,37.48528514,127.0537972,9367
강남구,배밭근린공원,근린공원,개포동,서울특별시 강남구 개포동 181,개포2동,37.48821488,127.0594681,11627.2
강남구,학여울근린공원,근린공원,개포동,서울특별시 강남구 개포동 183-1,개포2동,37.48970641,127.0682905,12505.6
강남구,청수근린공원,근린공원,청담동,서울특별시 강남구 청담동 134-13,청담동,37.523249,127.0584463,17402
강남구,청담근린공원,근린공원,청담동,서울특별시 강남구 청담동 66,청담동,37.52152002,127.0522736,59347
강남구,한티근린공원,근린공원,대치동,서울특별시 강남구 대치동 212-1,대치1동,37.49524119,127.0622107,19200
강남구,개포근린공원,근린공원,개포동,서울특별시 강남구 개포동 139,개포2동,37.4830336,127.063861,90063.9
강남구,달터근린공원,근린공원,개포동,서울특별시 강남구 개포동 156,개포2동,37.485434,127.0596369,232078.2
강남구,대진근린공원,근린공원,개포동,서울특별시 강남구 개포동 13-1,개포3동,37.496049,127.0788531,13568.3
강남구,탄천근린공원,근린공원,수서동,서울특별시 강남구 수서동 722,수서동,37.487436,127.1064899,10011
강남구,한솔근린공원,근린공원,일원동,서울특별시 강남구 일원동 732,일원본동,37.481203,127.0787962,12878.4
강남구,학동근린공원,근린공원,논현동,서울특별시 강남구 논현동 26,논현1동,37.51548988,127.0252037,29947
강남구,삼성은행나무근린공원,근린공원,삼성동,서울특별시 강남구 삼성동 14,삼성2동,37.51651533,127.0457554,1500
강남구,도곡근린공원,근린공원,도곡동,서울특별시 강남구 도곡동 산31-1,도곡1동,37.48946129,127.0440022,254648
강남구,싸리고개근린공원,근린공원,도곡동,서울특별시 강남구 도곡동 550,도곡1동,37.48962828,127.0363246,15072.5
강남구,갈매기근린공원,근린공원,압구정동,서울특별시 강남구 압구정동 480,압구정동,37.53139874,127.0345365,7732
강남구,도성근린공원,근린공원,역삼동,서울특별시 강남구 역삼동 713-15,역삼2동,37.5003029,127.0488318,1988.8
강남구,송운근린공원,근린공원,역삼동,서울특별시 강남구 역삼동 755-9,역삼2동,37.4993173,127.0490489,1175
강남구,언주근린공원,근린공원,역삼동,서울특별시 강남구 역삼동 754-7,역삼2동,37.49864145,127.0475791,1110.8
강남구,영동근린공원,근린공원,역삼동,서울특별시 강남구 역삼동 755-7,역삼2동,37.49801996,127.0486499,1293.6
강남구,길섶근린공원,근린공원,역삼동,서울특별시 강남구 역삼동 757-1,역삼2동,37.49757437,127.0489095,1580.6
강남구,매봉근린공원,근린공원,도곡동,서울특별시 강남구 도곡동 527-7,도곡2동,37.492112,127.0504068,6146.9
강남구,배꽃근린공원,근린공원,삼성동,서울특별시 강남구 삼성동 11-3,삼성2동,37.51628496,127.0446033,1592.9
강남구,반달근린공원,근린공원,삼성동,서울특별시 강남구 삼성동 7-4,삼성2동,37.5162258,127.0428717,679.3
강남구,샘터근린공원,근린공원,삼성동,서울특별시 강남구 삼성동 16-4,삼성2동,37.51542123,127.0474657,1799.5
강남구,학봉근린공원,근린공원,삼성동,서울특별시 강남구 삼성동 50-3,삼성2동,37.51303694,127.0521038,1343
강남구,큰골근린공원,근린공원,대치동,서울특별시 강남구 대치동 888-3,대치1동,37.49397694,127.054871,1688.1
강남구,새뜰근린공원,근린공원,역삼동,서울특별시 강남구 역삼동 765-30,역삼2동,37.49660384,127.0510177,427.6
강남구,수서제2근린공원,근린공원,수서동,서울특별시 강남구 수서동 749,일원본동,37.48359088,127.0887929,44587.5
강남구,수서택지개발(대모산부근),근린공원,일원동,서울특별시 강남구 일원동 732-3,일원본동,37.48093233,127.0805118,11588.6
강남구,수서택지개발(광평부근),근린공원,수서동,서울특별시 강남구 수서동 737-1,수서동,37.48674541,127.0971098,7569.1
강남구,세곡동 근린공원1,근린공원,세곡동,서울특별시 강남구 세곡동 525-1,세곡동,37.46058474,127.1038574,10310.4
강남구,강남세곡체육공원,체육공원,세곡동,서울특별시 강남구 세곡동 산1-7,세곡동,37.46693664,127.1126916,98417
강남구,광평공원,근린공원,수서동,서울특별시 강남구 일원동 197-7,일원본동,37.48651921,127.0921363,10746.9
강남구,봉은역사공원,역사공원,삼성동,서울특별시 강남구 삼성동 75,삼성1동,37.51391154,127.0554916,75635.7
강남구,역삼문화공원,문화공원,역삼동,서울특별시 강남구 역삼동 635,역삼1동,37.50251536,127.0303909,33974.9
강남구,다솜소공원,소공원,역삼동,서울특별시 강남구 역삼동 763-18,역삼2동,37.49577558,127.0478708,604.1
강남구,도곡단비소공원,소공원,도곡동,서울특별시 강남구 도곡동 539-6,도곡2동,37.49389921,127.0472249,896.5
강남구,도곡동 426-9(로덴하우스)소공원,소공원,도곡동,서울특별시 강남구 도곡동 462-9,도곡2동,37.48560304,127.0460585,80
강남구,역삼나들이소공원,소공원,역삼동,서울특별시 강남구 역삼동 716-5,역삼2동,37.500748,127.0504317,650
강남구,아크로힐스소공원,소공원,논현동,서울특별시 강남구 논현동 276-2,논현2동,37.51003194,127.0395693,800
강남구,논현까치공원,어린이공원,논현동,서울특별시 강남구 논현동 162-11,논현1동,37.50852892,127.0250971,956.7
강남구,논현목련공원,어린이공원,논현동,서울특별시 강남구 논현동 137-18,논현1동,37.5108669,127.0267093,986
강남구,논현은행나무공원,어린이공원,논현동,서울특별시 강남구 논현동 47-13,논현1동,37.51259546,127.0224572,1014.5
강남구,논현개나리공원,어린이공원,논현동,서울특별시 강남구 논현동 150-5,논현1동,37.51122564,127.0300758,1652.9
강남구,논현무궁화공원,어린이공원,논현동,서울특별시 강남구 논현동 205-7,논현1동,37.50667179,127.0307039,1879.7
강남구,논현소나무공원,어린이공원,논현동,서울특별시 강남구 논현동 239,논현2동,37.51573112,127.0374539,1819.9
강남구,학동공원,어린이공원,논현동,서울특별시 강남구 논현동 263-23,논현2동,37.511646,127.0387639,1498.5
강남구,신사은행나무공원,어린이공원,신사동,서울특별시 강남구 신사동 558,신사동,37.52059722,127.0260394,1240.1
강남구,신사목련공원,어린이공원,신사동,서울특별시 강남구 신사동 567-37,신사동,37.52291399,127.0258327,1001.1
강남구,신사무궁화공원,어린이공원,신사동,서울특별시 강남구 신사동 625-5,압구정동,37.524131,127.0319138,1641.8
강남구,신사까치공원,어린이공원,신사동,서울특별시 강남구 신사동 597,압구정동,37.52342193,127.029229,992.9
강남구,신사개나리공원,어린이공원,신사동,서울특별시 강남구 신사동 609-2,압구정동,37.52567303,127.029443,991.3
강남구,압구정목련공원,어린이공원,압구정동,서울특별시 강남구 압구정동 466,압구정동,37.53268534,127.0322088,2027.2
강남구,압구정은행나무공원,어린이공원,압구정동,서울특별시 강남구 압구정동 459,압구정동,37.53072221,127.0314438,2547.4
강남구,삼성목련공원,어린이공원,삼성동,서울특별시 강남구 삼성동 55-1,삼성1동,37.518515,127.0538884,1641.4
강남구,삼성까치공원,어린이공원,삼성동,서울특별시 강남구 삼성동 85,삼성1동,37.51841744,127.0605431,1462.9
강남구,청담은행나무공원,어린이공원,청담동,서울특별시 강남구 청담동 94-4,청담동,37.525154,127.0442417,1643.8
강남구,청담목련공원,어린이공원,청담동,서울특별시 강남구 청담동 51,청담동,37.52300518,127.0498445,1642.1
강남구,도곡까치공원,어린이공원,도곡동,서울특별시 강남구 도곡동 455,도곡2동,37.483326,127.0451093,1793.8
강남구,도곡목련공원,어린이공원,도곡동,서울특별시 강남구 도곡동 415-3,도곡2동,37.484915,127.0443053,1709.2
강남구,역삼장미공원,어린이공원,역삼동,서울특별시 강남구 역삼동 780-25,역삼2동,37.495327,127.0447331,1636.6
강남구,역삼까치공원,어린이공원,역삼동,서울특별시 강남구 역삼동 824-10,역삼1동,37.4972618,127.0307401,987.2
강남구,역삼무궁화공원,어린이공원,역삼동,서울특별시 강남구 역삼동 830-23,역삼1동,37.493835,127.032209,991.5
강남구,역삼개나리공원,어린이공원,역삼동,서울특별시 강남구 역삼동 739-15,역삼1동,37.497571,127.0362551,1635
강남구,역삼소나무공원,어린이공원,역삼동,서울특별시 강남구 역삼동 836-21,역삼1동,37.49099783,127.0336992,987.3
강남구,역삼은행나무공원,어린이공원,역삼동,서울특별시 강남구 역삼동 611,역삼1동,37.505409,127.0312225,1647.1
강남구,대치목련공원,어린이공원,대치동,서울특별시 강남구 대치동 929-10,대치4동,37.49982553,127.0581713,1649.1
강남구,대치까치공원,어린이공원,대치동,서울특별시 강남구 대치동 1014-4,대치1동,37.496941,127.059198,992.2
강남구,대치은행나무공원,어린이공원,대치동,서울특별시 강남구 대치동 899-25,대치4동,37.501649,127.0515319,1618.7
강남구,개포까치공원,어린이공원,개포동,서울특별시 강남구 개포동 169-3,개포2동,37.48370515,127.0608782,1690.2
강남구,개포은행나무공원,어린이공원,개포동,서울특별시 강남구 개포동 1220,개포4동,37.47602964,127.0492625,1641.7
강남구,개포목련공원,어린이공원,개포동,서울특별시 강남구 개포동 1176,개포4동,37.47429924,127.0524432,1639.1
강남구,일원은행나무공원,어린이공원,일원동,서울특별시 강남구 일원동 615-2,개포3동,37.492002,127.0769753,1500.3
강남구,일원목련공원,어린이공원,일원동,서울특별시 강남구 일원동 658,일원1동,37.491431,127.0855901,1613.8
강남구,일원까치공원,어린이공원,일원동,서울특별시 강남구 일원동 712-4,일원1동,37.4918904,127.0882309,1476.3
강남구,궁마을공원,근린공원,수서동,서울특별시 강남구 수서동 802,수서동,37.48369397,127.0952707,14449
강남구,예지공원,어린이공원,개포동,서울특별시 강남구 개포동 12-7,개포3동,37.49183156,127.0733493,1535.9
강남구,한마음공원,어린이공원,개포동,서울특별시 강남구 개포동 12-3,개포3동,37.49642631,127.0755359,2488.1
강남구,일원장미공원,어린이공원,일원동,서울특별시 강남구 일원동 732-4,일원본동,37.480681,127.0808231,1500
강남구,일원개나리공원,어린이공원,일원동,서울특별시 강남구 일원동 730-3,일원본동,37.48300519,127.0763956,4453.6
강남구,일원느티나무공원,어린이공원,일원동,서울특별시 강남구 일원동 730-2,일원본동,37.483047,127.0774123,1825.7
강남구,일원소나무공원,어린이공원,일원동,서울특별시 강남구 일원동 718-1,일원본동,37.484061,127.0817812,1500.6
강남구,일원상록수공원,어린이공원,일원동,서울특별시 강남구 일원동 734-1,일원본동,37.482102,127.0822265,1500.4
강남구,일원비둘기공원,어린이공원,일원동,서울특별시 강남구 일원동 735-1,일원본동,37.48327765,127.0860025,1501
강남구,일원진달래공원,어린이공원,일원동,서울특별시 강남구 일원동 716-1,일원본동,37.484753,127.0847344,1500.1
강남구,일원새싹공원,어린이공원,수서동,서울특별시 강남구 수서동 746-1,일원본동,37.484772,127.0890958,1500.2
강남구,수서까치공원,어린이공원,수서동,서울특별시 강남구 수서동 736-1,수서동,37.48713637,127.0979512,1500.2
강남구,수서은행나무공원,어린이공원,수서동,서울특별시 강남구 수서동 707-1,수서동,37.49213676,127.0997523,1500.4
강남구,수서목련공원,어린이공원,수서동,서울특별시 강남구 수서동 712-1,수서동,37.49062982,127.1036989,1418.8
강남구,수서개나리공원,어린이공원,수서동,서울특별시 강남구 수서동 723-1,수서동,37.487518,127.1054203,1500.1
강남구,아래반고개공원,어린이공원,세곡동,서울특별시 강남구 세곡동 129-13,세곡동,37.463874,127.1071102,863
강남구,윗반고개공원,어린이공원,세곡동,서울특별시 강남구 세곡동 99-6,세곡동,37.46569942,127.109147,1250
강남구,은곡마을공원,어린이공원,세곡동,서울특별시 강남구 세곡동 369-3,세곡동,37.46801863,127.1004611,2686
강남구,쟁골공원,어린이공원,자곡동,서울특별시 강남구 자곡동 233-2,세곡동,37.48190388,127.1020753,468
강남구,못골공원,어린이공원,자곡동,서울특별시 강남구 자곡동 447-23,세곡동,37.473573,127.100181,749
강남구,윗방죽마을공원,어린이공원,율현동,서울특별시 강남구 율현동 308-29,세곡동,37.470276,127.104681,935
강남구,아래방죽마을공원,어린이공원,율현동,서울특별시 강남구 율현동 194-1,세곡동,37.473276,127.1082321,386
강남구,충현공원,어린이공원,역삼동,서울특별시 강남구 역삼동 666-2,역삼1동,37.50467201,127.0365347,2721.8
강남구,세곡천공원,어린이공원,세곡동,서울특별시 강남구 세곡동 522-1,세곡동,37.46321345,127.1012799,2645.1
강남구,대왕공원,어린이공원,세곡동,서울특별시 강남구 세곡동 526-2,세곡동,37.4624778,127.1049341,2633.1
강남구,세천근린공원,근린공원,세곡동,서울특별시 강남구 세곡동 603,세곡동,37.46652497,127.0949058,18856.7
강남구,세명근린공원,근린공원,자곡동,서울특별시 강남구 자곡동 625,세곡동,37.4692274,127.0902554,5236.8
강남구,숲자락근린공원,근린공원,자곡동,서울특별시 강남구 자곡동 615,세곡동,37.47298119,127.0929684,38003.6
강남구,못골위근린공원,근린공원,자곡동,서울특별시 강남구 자곡동 608,세곡동,37.47440226,127.0967379,26307
강남구,못골아래근린공원,근린공원,자곡동,서울특별시 강남구 자곡동 607,세곡동,37.47330498,127.0997276,21560.9
강남구,안개근린공원,근린공원,자곡동,서울특별시 강남구 자곡동 647,세곡동,37.47217989,127.1019482,19739.5
강남구,해찬솔근린공원,근린공원,자곡동,서울특별시 강남구 자곡동 627,세곡동,37.47039047,127.0923987,12093
강남구,물맞이공원,수변공원,세곡동,서울특별시 강남구 세곡동 604-1,세곡동,37.465664,127.097181,10399.2
강남구,물굽이공원,수변공원,세곡동,서울특별시 강남구 세곡동 537,세곡동,37.46520915,127.093755,3713.3
강남구,쉼표소공원,소공원,세곡동,서울특별시 강남구 세곡동 549,세곡동,37.467518,127.099851,1199.2
강남구,역삼미소공원,소공원,역삼동,서울특별시 강남구 역삼동 711-5,역삼2동,37.50142477,127.0439883,576
강남구,도곡햇살소공원,소공원,도곡동,서울특별시 강남구 도곡동 538-4,도곡2동,37.49575164,127.0524907,558.5
강남구,도담공원,어린이공원,세곡동,서울특별시 강남구 세곡동 548,세곡동,37.46732499,127.0986125,4282.7
강남구,행복공원,어린이공원,세곡동,서울특별시 강남구 세곡동 546,세곡동,37.46728874,127.0971653,2483.5
강남구,대치에스케이뷰1 소공원,소공원,대치동,서울특별시 강남구 대치동 1029-2,대치1동,37.49576505,127.0595115,302
강남구,대치에스케이뷰2 소공원,소공원,대치동,서울특별시 강남구 대치동 1029-3,대치1동,37.49605146,127.0614886,481
강남구,래미안대치팰리스소공원1,소공원,대치동,서울특별시 강남구 대치동 1027-1,대치1동,37.4943606,127.0598416,3845
강남구,래미안대치팰리스소공원2,소공원,대치동,서울특별시 강남구 대치동 1028-1,대치1동,37.4949289,127.061663,990
강남구,방죽소공원,소공원,율현동,서울특별시 강남구 율현동 354,세곡동,37.47270823,127.1066181,5704
강남구,솔밭소공원,소공원,율현동,서울특별시 강남구 율현동 431,세곡동,37.4738142,127.1082681,692
강남구,대치제2지구소공원,소공원,대치동,서울특별시 강남구 대치동 977,대치2동,37.50195628,127.0648309,595.5
강남구,래미안라클래시소공원,소공원,삼성동,서울특별시 강남구 삼섬동 19-4,삼성2동,37.51863809,127.0497099,1320
강남구,개나리4차아파트소공원,소공원,역삼동,서울특별시 강남구 역삼동 902-1,역삼2동,37.50187452,127.0453003,2543.3
강남구,개포문화공원,문화공원,개포동,서울특별시 강남구 개포동 1281-1,개포2동,37.48416667,127.0653498,4471.7
강남구,개포16근린공원,근린공원,개포동,서울특별시 강남구 개포동 660-4,개포1동,37.48078254,127.0575557,12562
강남구,개포17근린공원,근린공원,개포동,서울특별시 강남구 개포동 1284-2,개포2동,37.48654248,127.0710195,10965.9
강남구,개포1단지소공원,소공원,개포동,서울특별시 강남구 개포동 660-1,개포1동,37.48310598,127.05872,1134.8
강남구,대모산근린공원,근린공원,개포동,서울특별시 강남구 개포동 산61,내곡동,37.47472222,127.0788889,229732.7
강남구,대치구마을 1지구 소공원,소공원,대치동,서울특별시 강남구 대치동 1035,대치2동,37.50077975,127.0629541,1381.7
강남구,보은근린공원,근린공원,역삼동,서울특별시 강남구 역삼동 754-4,역삼2동,37.49795348,127.048244,1147.7
강남구,삼성해맞이근린공원,근린공원,삼성동,서울특별시 강남구 삼성동 82,삼성1동,37.51944444,127.0616667,22598.7
강남구,세곡근린공원,근린공원,자곡동,서울특별시 강남구 자곡동 690,세곡동,37.47019671,127.0933333,34978.9
강남구,수서역사공원,역사공원,수서동,서울특별시 강남구 수서동 797 외 1필지,수서동,37.48055556,127.0961111,20514
강남구,아크로삼성아파트,소공원,삼성동,서울특별시 강남구 삼성동 79,삼성1동,37.52044918,127.0599597,1200
강남구,참나무근린공원,근린공원,수서동,서울특별시 강남구 수서동 794,일원본동,37.48040764,127.0891667,12027.3
강동구,원터공원,근린공원,명일동,서울특별시 강동구 명일2동 37,명일1동,37.5524155,127.1430368,24508.5
강동구,송림공원,근린공원,고덕동,서울특별시 강동구 고덕동 310,고덕1동,37.55504732,127.1539494,11491
강동구,까치공원,근린공원,고덕동,서울특별시 강동구 고덕1동 493,고덕1동,37.557079,127.149995,19464.8
강동구,두레공원,근린공원,고덕동,서울특별시 강동구 고덕1동 497,고덕1동,37.558206,127.152203,13460.2
강동구,동자공원,근린공원,고덕동,서울특별시 강동구 고덕1동 648,고덕1동,37.559711,127.152467,6416.6
강동구,샘터공원,근린공원,고덕동,서울특별시 강동구 고덕2동 287,고덕2동,37.561901,127.159087,63320.9
강동구,방죽공원,근린공원,고덕동,서울특별시 강동구 고덕2동 296,고덕2동,37.5591586,127.1598268,87748.6
강동구,동명공원,근린공원,고덕동,서울특별시 강동구 고덕2동 229 외1,고덕2동,37.561146,127.164455,99599.9
강동구,상일공원,근린공원,상일동,서울특별시 강동구 상일동 188,상일1동,37.5469247,127.167312,9704
강동구,방아다리공원,어린이공원,명일동,서울특별시 강동구 명일2동 236,명일2동,37.548156,127.153648,2010.4
강동구,둔촌공원,어린이공원,둔촌동,서울특별시 강동구 둔촌2동 79-4,둔촌2동,37.531437,127.143288,2226
강동구,암사동공원,소공원,암사동,서울특별시 강동구 암사동 518-1,암사2동,37.54888077,127.1233123,1022
강동구,솔말소공원,근린공원,암사동,서울특별시 강동구 암사3동 400-1,암사3동,37.556493,127.139147,1108.6
강동구,솜다래공원,근린공원,암사동,서울특별시 강동구 암사1동 413-4,암사1동,37.553691,127.141229,3993.8
강동구,암사공원,근린공원,암사동,서울특별시 강동구 암사3동 414-20,암사3동,37.5565294,127.1417157,7047
강동구,천일공원,어린이공원,천호동,서울특별시 강동구 천호1동 221-3,천호1동,37.54498878,127.1362629,2408
강동구,당말공원,어린이공원,천호동,서울특별시 강동구 천호3동 167-195,천호3동,37.53912769,127.133246,2409
강동구,다솜공원,어린이공원,상일동,서울특별시 강동구 강일동 333-1,상일1동,37.546877,127.167582,3125
강동구,꽃보라공원,어린이공원,강일동,서울특별시 강동구 강일동 317-1,강일동,37.565352,127.175724,3185
강동구,윤슬공원,어린이공원,강일동,서울특별시 강동구 강일동 448-1,강일동,37.562677,127.177545,2591
강동구,꿈터공원,어린이공원,강일동,서울특별시 강동구 강일동 429-1,강일동,37.560861,127.180266,1804
강동구,나루공원,어린이공원,천호동,서울특별시 강동구 천호2동 569-1,천호2동,37.547038,127.123604,1500
강동구,강일공원,근린공원,강일동,서울특별시 강동구 강일동 332-5,강일동,37.569526,127.1744407,34591.6
강동구,벌말공원,근린공원,강일동,서울특별시 강동구 강일동 산8-1,강일동,37.559936,127.177202,86205.7
강동구,암사공원,어린이공원,암사동,서울특별시 강동구 암사1동 산59-2,암사1동,37.552756,127.137981,1780
강동구,강덕공원,근린공원,강일동,서울특별시 강동구 강일동 산11-6,강일동,37.558585,127.174682,46699.6
강동구,능골공원,근린공원,상일동,서울특별시 강동구 강일동 산19,상일2동,37.556768,127.174727,31464.2
강동구,구름공원,어린이공원,강일동,서울특별시 강동구 강일동 378,강일동,37.566745,127.179213,1540
강동구,고명공원,어린이공원,명일동,서울특별시 강동구 명일1동 312-30,명일1동,37.552473,127.143352,545
강동구,일자산공원,근린공원,둔촌동,서울특별시 강동구 둔촌동 산140,둔촌2동,37.5330568,127.1513563,632733
강동구,명일공원,근린공원,상일동,서울특별시 강동구 상일동 135,상일1동,37.5512577,127.1634092,649709.6
강동구,명우공원,어린이공원,명일동,서울특별시 강동구 명일1동 312-206,명일1동,37.551537,127.141455,403
강동구,혜림공원,어린이공원,천호동,서울특별시 강동구 천호1동 47-23,천호1동,37.54460149,127.139905,992
강동구,성안공원,어린이공원,성내동,서울특별시 강동구 성내3동 405-18,성내3동,37.531369,127.134773,1057.1
강동구,선린공원,어린이공원,성내동,서울특별시 강동구 성내3동 424,성내3동,37.52851478,127.132711,1575.2
강동구,보람공원,어린이공원,성내동,서울특별시 강동구 성내3동 444-6,성내3동,37.52471702,127.131302,989.9
강동구,안말공원,어린이공원,성내동,서울특별시 강동구 성내3동 512,성내2동,37.531236,127.129903,2290.3
강동구,샛별공원,어린이공원,성내동,서울특별시 강동구 성내1동 566,성내1동,37.526993,127.127036,2391.6
강동구,달님공원,어린이공원,길동,서울특별시 강동구 길동 405-21,길동,37.53621038,127.142551,998.6
강동구,무궁화공원,어린이공원,길동,서울특별시 강동구 길동 340-17,길동,37.5423345,127.1454038,996.3
강동구,희망공원,어린이공원,길동,서울특별시 강동구 길동 365-6,길동,37.53897711,127.142255,992.4
강동구,성심공원,어린이공원,길동,서울특별시 강동구 길동 386-1,길동,37.53831458,127.137376,992.3
강동구,샘물공원,어린이공원,명일동,서울특별시 강동구 명일1동 315-1,명일1동,37.5510159,127.1447414,992.1
강동구,염주골공원,어린이공원,명일동,서울특별시 강동구 명일1동 326-10,명일1동,37.549932,127.1456059,991.3
강동구,성내천공원,어린이공원,성내동,서울특별시 강동구 성내1동 463-4,성내1동,37.526764,127.123929,1413.6
강동구,새장터공원,어린이공원,암사동,서울특별시 강동구 암사1동 468-2,암사1동,37.55212624,127.130563,1592
강동구,광나루공원,어린이공원,암사동,서울특별시 강동구 암사2동 515,암사2동,37.5500717,127.1255454,1637.7
강동구,볕우물공원,어린이공원,암사동,서울특별시 강동구 암사1동 453-8,암사1동,37.553613,127.135704,1552.8
강동구,구암공원,어린이공원,암사동,서울특별시 강동구 암사3동 449-8,암사3동,37.556567,127.137608,1647.8
강동구,선사공원,어린이공원,암사동,서울특별시 강동구 암사3동 440,암사3동,37.55576061,127.1299975,1610.3
강동구,천사공원,어린이공원,천호동,서울특별시 강동구 천호2동 363-5,천호2동,37.54380935,127.1284086,1617.2
강동구,고분다리공원,어린이공원,천호동,서울특별시 강동구 천호2동 300,천호2동,37.54540502,127.131821,1621.8
강동구,동산공원,어린이공원,천호동,서울특별시 강동구 천호2동 305-11,천호2동,37.547119,127.129682,1646
강동구,광진공원,어린이공원,천호동,서울특별시 강동구 천호2동 338-19,천호2동,37.542946,127.122505,1672.7
강동구,천일골목공원,어린이공원,천호동,서울특별시 강동구 천호1동 21-192,천호3동,37.5405287,127.1314181,233
강동구,천호삼거리공원,어린이공원,천호동,서울특별시 강동구 천호1동 21-194,천호1동,37.545489,127.138494,170
강동구,천호큰골목공원,어린이공원,천호동,서울특별시 강동구 천호1동 21-197,천호1동,37.545101,127.138573,586
강동구,천암공원,어린이공원,천호동,서울특별시 강동구 천호1동 231-14,천호1동,37.547844,127.136878,166
강동구,성내공원,근린공원,성내동,서울특별시 강동구 성내1동 533,성내1동,37.529486,127.126516,8929
강동구,샛마을공원,근린공원,명일동,서울특별시 강동구 명일1동 288,명일1동,37.550106,127.147099,11467
강동구,화랑공원,어린이공원,천호동,서울특별시 강동구 천호2동 431-2,천호2동,37.540033,127.123192,220
강동구,꿈나래공원,어린이공원,고덕동,서울특별시 강동구 고덕1동 536,고덕1동,37.5608275,127.153742,1500
강동구,곰돌이공원,어린이공원,고덕동,서울특별시 강동구 고덕1동 308,고덕1동,37.556235,127.154997,1983
강동구,한우물공원,어린이공원,고덕동,서울특별시 강동구 고덕2동 253,고덕2동,37.561635,127.162736,1500
강동구,무지개공원,어린이공원,고덕동,서울특별시 강동구 고덕2동 219,고덕2동,37.559162,127.164191,1967.5
강동구,말우물공원,어린이공원,고덕동,서울특별시 강동구 고덕2동 178,고덕2동,37.560012,127.169476,1619.1
강동구,미리내공원,어린이공원,상일동,서울특별시 강동구 상일동 122,상일1동,37.554712,127.167908,4286.2
강동구,동자공원,어린이공원,상일동,서울특별시 강동구 상일동 132,상일1동,37.552388,127.167009,1520.8
강동구,게내공원,어린이공원,상일동,서울특별시 강동구 상일동 278,상일1동,37.549262,127.171472,1500
강동구,까치공원,어린이공원,상일동,서울특별시 강동구 상일동 177,상일1동,37.547741,127.1621552,1965.8
강동구,하늬공원,어린이공원,상일동,서울특별시 강동구 상일동 175,상일1동,37.546126,127.1597286,2233.2
강동구,파랑새공원,어린이공원,명일동,서울특별시 강동구 명일2동 258,명일2동,37.547964,127.150864,2017.3
강동구,은하수공원,어린이공원,명일동,서울특별시 강동구 명일2동 55,명일1동,37.552017,127.1435031,2018
강동구,진달래공원,어린이공원,명일동,서울특별시 강동구 명일2동 43,명일1동,37.5521507,127.1436747,2024
강북구,벽오산,어린이공원,미아동,서울특별시 강북구 미아동 258-56,미아동,37.6275862,127.0302734,1250
강북구,미아도심소,어린이공원,미아동,서울특별시 강북구 미아동 258-148,송중동,37.62544556,127.0313106,1127
강북구,오패,어린이공원,미아동,서울특별시 강북구 미아동 258-236,송중동,37.6223139,127.0323129,1084
강북구,한빛,어린이공원,미아동,서울특별시 강북구 미아동 222-20,미아동,37.6275981,127.0229662,1192.1
강북구,운산,어린이공원,미아동,서울특별시 강북구 미아동 165-3,미아동,37.6321329,127.025456,995.1
강북구,솔샘,어린이공원,미아동,서울특별시 강북구 송천동 329-15,송천동,37.6184142,127.0270508,1264.1
강북구,으뜸,어린이공원,미아동,서울특별시 강북구 미아동 309-43,미아동,37.6236134,127.0262421,681
강북구,세일,어린이공원,미아동,서울특별시 강북구 미아동 159-71,미아동,37.6338794,127.0252746,839.7
강북구,북한산도시자연공원,기타,미아동,서울특별시 강북구 미아동 산108-19,삼양동,37.6210716,127.0083592,84448.4
강북구,청암,어린이공원,미아동,서울특별시 강북구 삼양동 776-17,삼양동,37.6241079,127.0171437,661
강북구,응달마을,어린이공원,미아동,서울특별시 강북구 송천동 707-73,송천동,37.618455,127.024343,866
강북구,하늘,어린이공원,미아동,서울특별시 강북구 삼양동 791-1776,삼양동,37.6247032,127.012899,3367
강북구,송월,어린이공원,미아동,서울특별시 강북구 송중동 92-7,송중동,37.6163653,127.0321067,807
강북구,소망,소공원,미아동,서울특별시 강북구 삼양동 791-1467,삼양동,37.6258055,127.0154221,320
강북구,미래,소공원,미아동,서울특별시 강북구 삼양동 791-1712,삼양동,37.6246182,127.0145881,564
강북구,늘푸른,소공원,미아동,서울특별시 강북구 삼양동 797-9,삼양동,37.6254089,127.0197435,646
강북구,폭포,소공원,미아동,서울특별시 강북구 삼각산동 813-6,삼각산동,37.612576,127.021656,1238
강북구,꼭지,소공원,미아동,서울특별시 강북구 삼각산동 811-7,삼각산동,37.6188024,127.017338,746
강북구,테두리,어린이공원,미아동,서울특별시 강북구 삼각산동 811-8,삼각산동,37.6186251,127.0176915,1913
강북구,고갯마루,어린이공원,미아동,서울특별시 강북구 삼각산동 811-13,삼각산동,37.6164203,127.0169389,2185.8
강북구,미아,어린이공원,미아동,서울특별시 강북구 송중동 8-73,송중동,37.6152567,127.0375807,992
강북구,미,소공원,미아동,서울특별시 강북구 송중동 71-1,송중동,37.6137937,127.0305656,424.4
강북구,번남,어린이공원,번동,서울특별시 강북구 번1동 447-1,번1동,37.6357586,127.0247969,1014.9
강북구,논골,어린이공원,번동,서울특별시 강북구 번1동 417-27,번1동,37.6386856,127.0279086,991.7
강북구,샛강,어린이공원,번동,서울특별시 강북구 번1동 472-44,번1동,37.6395202,127.0329966,858.2
강북구,오동근린공원,근린공원,번동,서울특별시 강북구 번동 산20-1,번2동,37.6292331,127.0330524,1025284.1
강북구,오얏골,어린이공원,번동,서울특별시 강북구 번2동 228,번2동,37.6341439,127.0344484,5070.7
강북구,벌리,어린이공원,번동,서울특별시 강북구 번3동 240,번3동,37.6275219,127.0445034,4083.5
강북구,벌말,어린이공원,번동,서울특별시 강북구 번2동 235,번2동,37.6296813,127.0396722,4641.3
강북구,오현,어린이공원,번동,서울특별시 강북구 번3동 244,번3동,37.6245294,127.0466034,3661
강북구,색동,어린이공원,수유동,서울특별시 강북구 수유1동 49-7,수유1동,37.6331377,127.0205711,2341.2
강북구,흰구름,어린이공원,수유동,서울특별시 강북구 수유2동 252-19,수유2동,37.6455986,127.0205211,1064
강북구,희망,어린이공원,수유동,서울특별시 강북구 수유3동 194-41,수유3동,37.6407466,127.0243466,976.9
강북구,은모루,어린이공원,수유동,서울특별시 강북구 수유3동 172-209,수유3동,37.642469,127.0267036,918
강북구,소귀,어린이공원,수유동,서울특별시 강북구 수유3동 25-1,수유3동,37.6385644,127.0186984,961
강북구,상산,어린이공원,수유동,서울특별시 강북구 수유3동 224-4,수유3동,37.6383561,127.0240152,972.9
강북구,흰구름,소공원,수유동,서울특별시 강북구 수유2동 252-16,수유2동,37.6459856,127.0204707,214
강북구,보등골,어린이공원,수유동,서울특별시 강북구 인수동 605-209,인수동,37.6350571,127.0184273,869
강북구,수유일공원,어린이공원,수유동,서울특별시 강북구 수유1동 605-389,수유1동,37.6307116,127.0170455,2632
강북구,새싹,어린이공원,수유동,서울특별시 강북구 수유3동 134-40,수유3동,37.6361119,127.0195804,651
강북구,푸른,어린이공원,수유동,서울특별시 강북구 인수동 516-44,인수동,37.6384972,127.0084905,992
강북구,무너미,어린이공원,수유동,서울특별시 강북구 수유동 281-2,우이동,37.6460654,127.0127414,380
강북구,빨래골,어린이공원,수유동,서울특별시 강북구 수유1동 475-115,수유1동,37.6294229,127.0148533,476
강북구,장미원,어린이공원,수유동,서울특별시 강북구 수유2동 276-10,수유2동,37.6464688,127.0157277,340
강북구,솔밭근린공원,근린공원,우이동,서울특별시 강북구 우이동 80,우이동,37.6530083,127.012253,34955
강북구,송중동,어린이공원,미아동,서울특별시 강북구 송중동 128-8,송중동,37.6225901,127.0286277,376.9
강북구,소귀,어린이공원,수유동,서울특별시 강북구 수유3동 25-1,수유3동,37.6385644,127.0186984,961
강북구,북한산근린공원,근린공원,미아동,서울특별시 강북구 미아동 산108-19,삼양동,37.6210716,127.0083592,123527.6
강북구,미아12-1,소공원,미아동,서울특별시 강북구 미아동 812-5,삼각산동,37.61628296,127.0195237,1637
강북구,미아12-2,소공원,미아동,서울특별시 강북구 미아동 812-3,삼각산동,37.6167822,127.0214537,1920
강북구,미아9-1,어린이공원,미아동,서울특별시 강북구 송중동 1369-1,송중동,37.6207197,127.0335003,2828
강북구,어울림,소공원,미아동,서울특별시 강북구 송중동 4-1,송중동,37.6168529,127.0355326,1923
강북구,미아5구역,소공원,길음동,서울특별시 강북구 송천동 476-252,길음2동,37.6125192,127.0267764,856
강북구,오동도시자연공원,기타,번동,서울특별시 강북구 번동 산27-5,번2동,37.62379857,127.0341655,327925.6
강서구,우장,근린공원,화곡동,서울특별시 강서구 화곡동 산60-1,우장산동,37.55065104,126.8456037,359435.2
강서구,궁산,근린공원,가양동,서울특별시 강서구 가양동 산4-7,가양1동,37.574254,126.841332,135002.7
강서구,염창,근린공원,염창동,서울특별시 강서구 염창동 산24-1,염창동,37.557765,126.868792,112070
강서구,꿩고개,근린공원,방화동,서울특별시 강서구 방화동 산97-1,방화3동,37.578139,126.816895,180000
강서구,봉제산,근린공원,화곡동,서울특별시 강서구 화곡동 산1,화곡4동,37.540731,126.858825,917190
강서구,개화,근린공원,개화동,서울특별시 강서구 개화동 산17,방화2동,37.588011,126.805798,386500
강서구,등마루,근린공원,화곡동,서울특별시 강서구 화곡동 산200-2 외 15필지,화곡6동,37.552521,126.855152,27090
강서구,공암나루,근린공원,가양동,서울특별시 강서구 가양동 1459-9,가양1동,37.570635,126.849087,25680.4
강서구,허준,근린공원,가양동,서울특별시 강서구 가양동 1471,가양2동,37.567599,126.853729,29843.8
강서구,황금내,근린공원,가양동,서울특별시 강서구 가양동 1485-5,가양3동,37.561783,126.864104,22002.9
강서구,원당,근린공원,등촌동,서울특별시 강서구 등촌동 690-5,등촌3동,37.559782,126.842567,10096.4
강서구,등촌,근린공원,등촌동,서울특별시 강서구 등촌동 687-4,등촌3동,37.563683,126.841391,10051.6
강서구,서낭당,근린공원,등촌동,서울특별시 강서구 등촌동 706,등촌3동,37.558865,126.849984,10248.8
강서구,방화,근린공원,방화동,서울특별시 강서구 방화동 855,방화3동,37.580907,126.8141207,72132
강서구,옹기골,근린공원,마곡동,서울특별시 강서구 방화동 842,방화3동,37.573562,126.821695,9723.6
강서구,매화,근린공원,등촌동,서울특별시 강서구 등촌동 630-14,등촌3동,37.557535,126.852151,1980.4
강서구,까치산,근린공원,화곡동,서울특별시 강서구 화곡동 산162-1,화곡8동,37.536938,126.843936,27658
강서구,수명산,근린공원,내발산동,서울특별시 강서구 내발산동 748,발산1동,37.550967,126.829893,83807.1
강서구,발산,근린공원,내발산동,서울특별시 강서구 내발산동 739,발산1동,37.55454108,126.825837,17825.5
강서구,서울식물원,근린공원,마곡동,서울특별시 강서구 마곡동 255-1,가양1동,37.569824,126.83183,503875
강서구,마곡나루,근린공원,방화동,서울특별시 강서구 방화동 210-1,방화1동,37.566183,126.813091,17283
강서구,마곡하늬,근린공원,공항동,서울특별시 강서구 공항동 1220,공항동,37.556699,126.812659,24597
강서구,이수,어린이공원,염창동,서울특별시 강서구 염창동 281-3,염창동,37.548299,126.874234,1805.1
강서구,백합,어린이공원,염창동,서울특별시 강서구 염창동 267-24,염창동,37.551163,126.869438,939.3
강서구,아리수,어린이공원,염창동,서울특별시 강서구 염창동 299-3,염창동,37.551693,126.875286,862.5
강서구,등서,어린이공원,등촌동,서울특별시 강서구 등촌동 639-2,등촌1동,37.559235,126.854759,879.7
강서구,백석,어린이공원,등촌동,서울특별시 강서구 등촌동 646-41,등촌1동,37.55261147,126.863328,993.6
강서구,등마루,어린이공원,등촌동,서울특별시 강서구 등촌동 641-5,등촌1동,37.556036,126.857412,970.9
강서구,도림,어린이공원,등촌동,서울특별시 강서구 등촌동 635-1,등촌1동,37.555596,126.862861,1033.8
강서구,능안,어린이공원,등촌동,서울특별시 강서구 등촌동 517-1,등촌2동,37.546638,126.859908,853.9
강서구,한마음,어린이공원,등촌동,서울특별시 강서구 등촌동 690-3,등촌3동,37.560521,126.843248,1791.8
강서구,새나라,어린이공원,등촌동,서울특별시 강서구 등촌동 707-2,등촌3동,37.561557,126.852004,1563.4
강서구,백합,어린이공원,등촌동,서울특별시 강서구 등촌동 695-4,등촌3동,37.559219,126.844996,1547.4
강서구,채송화,어린이공원,등촌동,서울특별시 강서구 등촌동 694-1,등촌3동,37.562841,126.846117,1544.9
강서구,푸르매,어린이공원,등촌동,서울특별시 강서구 등촌동 705-3,등촌3동,37.559023,126.847504,1538.3
강서구,새벗,어린이공원,등촌동,서울특별시 강서구 등촌동 688-3,등촌3동,37.560711,126.840304,1565.8
강서구,코끼리,어린이공원,등촌동,서울특별시 강서구 등촌동 702-1,등촌3동,37.563238,126.848535,1594.5
강서구,구름,어린이공원,화곡동,서울특별시 강서구 화곡동 98-22,화곡본동,37.543303,126.844116,833
강서구,볏골,어린이공원,화곡동,서울특별시 강서구 화곡동 98-99,화곡본동,37.541815,126.844354,4219
강서구,노을,어린이공원,화곡동,서울특별시 강서구 화곡동 105-194,화곡본동,37.539837,126.843928,1031
강서구,까치산,어린이공원,화곡동,서울특별시 강서구 화곡동 102-206,화곡본동,37.53828021,126.844436,1805
강서구,비둘기,어린이공원,화곡동,서울특별시 강서구 화곡동 61-96,화곡본동,37.541392,126.846938,1086
강서구,큰별,어린이공원,화곡동,서울특별시 강서구 화곡동 46-41,화곡본동,37.544454,126.848941,1067
강서구,꿈돌이,어린이공원,화곡동,서울특별시 강서구 화곡동 24-128,화곡본동,37.546097,126.845352,1507
강서구,소나무,어린이공원,화곡동,서울특별시 강서구 화곡동 29-31,화곡본동,37.547058,126.847807,942
강서구,산새,어린이공원,화곡동,서울특별시 강서구 화곡동 772,화곡본동,37.546268,126.850385,539
강서구,박장,어린이공원,화곡동,서울특별시 강서구 화곡동 56-25,화곡본동,37.540768,126.849087,929
강서구,참새,어린이공원,화곡동,서울특별시 강서구 화곡동 56-638,화곡본동,37.539725,126.847003,256
강서구,한글,어린이공원,화곡동,서울특별시 강서구 화곡동 56-3,화곡본동,37.538536,126.850451,965
강서구,효심,어린이공원,화곡동,서울특별시 강서구 화곡동 922-10,화곡1동,37.529495,126.840632,1056.5
강서구,버들,어린이공원,화곡동,서울특별시 강서구 화곡동 424-45,화곡1동,37.531101,126.841222,1087.2
강서구,필마,어린이공원,화곡동,서울특별시 강서구 화곡동 355-12,화곡1동,37.531491,126.8388196,1615.5
강서구,다운,어린이공원,화곡동,서울특별시 강서구 화곡동 346-26,화곡1동,37.532101,126.844653,1290.6
강서구,호돌이,어린이공원,화곡동,서울특별시 강서구 화곡동 906-26,화곡1동,37.528191,126.846009,811.6
강서구,곰돌이,어린이공원,화곡동,서울특별시 강서구 화곡동 900-46,화곡1동,37.529614,126.845017,1006.9
강서구,골말,어린이공원,화곡동,서울특별시 강서구 화곡동 865-1,화곡2동,37.533313,126.8560517,977.9
강서구,뜸부기,어린이공원,화곡동,서울특별시 강서구 화곡동 845-19,화곡2동,37.530115,126.856902,998.4
강서구,하마터,어린이공원,화곡동,서울특별시 강서구 화곡동 883-3,화곡2동,37.530115,126.853739,1026.8
강서구,바탕골,어린이공원,화곡동,서울특별시 강서구 화곡동 1016-34,화곡3동,37.54470044,126.834711,976.6
강서구,미리내,어린이공원,화곡동,서울특별시 강서구 화곡동 1008-32,화곡3동,37.547649,126.834751,967.5
강서구,수명산,어린이공원,화곡동,서울특별시 강서구 화곡동 1044-31,화곡3동,37.540958,126.834336,984.9
강서구,대원,어린이공원,화곡동,서울특별시 강서구 화곡동 1022,화곡3동,37.544928,126.835911,276.9
강서구,천사,어린이공원,화곡동,서울특별시 강서구 화곡동 1139-1,화곡3동,37.54682985,126.833001,2395.2
강서구,두레,어린이공원,화곡동,서울특별시 강서구 화곡동 792-9,화곡4동,37.531104,126.859414,986.1
강서구,달빛,어린이공원,화곡동,서울특별시 강서구 화곡동783-1,화곡4동,37.531248,126.862932,976.2
강서구,무지개,어린이공원,화곡동,서울특별시 강서구 화곡동806-10,화곡4동,37.533937,126.861301,976.2
강서구,능골,어린이공원,화곡동,서울특별시 강서구 화곡동468-1,화곡4동,37.536752,126.855316,997.2
강서구,종달새,어린이공원,화곡동,서울특별시 강서구 화곡동819-5,화곡4동,37.535302,126.858021,991.4
강서구,화곡2주구1,어린이공원,화곡동,서울특별시 강서구 화곡동1159-2,우장산동,37.550201,126.838658,2438.3
강서구,화곡2주구2,어린이공원,화곡동,서울특별시 강서구 화곡동1159-3,우장산동,37.548723,126.8387004,2438.2
강서구,범바위,어린이공원,화곡동,서울특별시 강서구 화곡동1061-36,우장산동,37.543234,126.841377,973.6
강서구,개나리,어린이공원,화곡동,서울특별시 강서구 화곡동75-3,우장산동,37.548372,126.844024,285
강서구,화곡3주구1,어린이공원,화곡동,서울특별시 강서구 화곡동1165-2,우장산동,37.54613953,126.836964,4504.2
강서구,화곡3주구2,어린이공원,화곡동,서울특별시 강서구 화곡동1165-6,우장산동,37.545177,126.840547,3466.8
강서구,역말,어린이공원,화곡동,서울특별시 강서구 화곡동978-18,화곡6동,37.549726,126.848944,982.1
강서구,새말,어린이공원,화곡동,서울특별시 강서구 화곡동994-5,화곡6동,37.552035,126.846474,969.6
강서구,연지,어린이공원,화곡동,서울특별시 강서구 화곡동1109,화곡6동,37.554707,126.853537,629.1
강서구,백연,어린이공원,화곡동,서울특별시 강서구 화곡동980-2,화곡6동,37.550667,126.851903,1107.4
강서구,솔뫼,어린이공원,화곡동,서울특별시 강서구 화곡동379-32,화곡1동,37.538112,126.838674,1981.5
강서구,월정,어린이공원,화곡동,서울특별시 강서구 화곡동372-26,화곡1동,37.535153,126.836008,1181.5
강서구,초롱,어린이공원,화곡동,서울특별시 강서구 화곡동1088-16,화곡1동,37.53810022,126.836229,946
강서구,은행,어린이공원,화곡동,서울특별시 강서구 화곡동369-11,화곡1동,37.535821,126.840511,1123.6
강서구,까치산,어린이공원,화곡동,서울특별시 강서구 화곡동354-14,화곡1동,37.533488,126.841904,1163.6
강서구,배다리,어린이공원,화곡동,서울특별시 강서구 화곡동341-24,화곡8동,37.532144,126.848303,1630.1
강서구,안골,어린이공원,화곡동,서울특별시 강서구 화곡동155-1,화곡8동,37.535964,126.850746,2381.8
강서구,대무,어린이공원,화곡동,서울특별시 강서구 화곡동409-84,화곡8동,37.538002,126.847506,946
강서구,모태,어린이공원,화곡동,서울특별시 강서구 화곡동892-17,화곡8동,37.529543,126.849512,1003.4
강서구,더부리,어린이공원,화곡동,서울특별시 강서구 화곡동339-19,화곡8동,37.534902,126.846751,1263.7
강서구,나들이,어린이공원,가양동,서울특별시 강서구 가양동 1459-1,가양1동,37.571854,126.844243,1500
강서구,아름,어린이공원,가양동,서울특별시 강서구 가양동 1465,가양1동,37.568594,126.848864,1956
강서구,꽃동네,어린이공원,가양동,서울특별시 강서구 가양동 1461-1,가양1동,37.570095,126.847132,1510
강서구,가양,어린이공원,가양동,서울특별시 강서구 가양동 1462-2,가양1동,37.569758,126.844804,1500
강서구,엄지,어린이공원,가양동,서울특별시 강서구 가양동 1474-1,가양2동,37.56580995,126.854721,1511.6
강서구,무지개,어린이공원,가양동,서울특별시 강서구 가양동 1478-1,가양2동,37.565086,126.851657,1500
강서구,풀피리,어린이공원,가양동,서울특별시 강서구 가양동 1481-1,가양2동,37.563578,126.8545999,1562
강서구,곰돌이,어린이공원,가양동,서울특별시 강서구 가양동 1482-1,가양3동,37.562311,126.857433,1612.3
강서구,비둘기,어린이공원,가양동,서울특별시 강서구 가양동 1489-1,가양3동,37.559504,126.862944,1622.8
강서구,진달래,어린이공원,가양동,서울특별시 강서구 가양동 1486-1,가양3동,37.562375,126.860979,1500
강서구,발음,어린이공원,내발산동,서울특별시 강서구 내발산동 697,발산1동,37.552042,126.833204,913.6
강서구,광명,어린이공원,외발산동,서울특별시 강서구 내발산동 221-1,발산1동,37.546857,126.822944,1739
강서구,수정,어린이공원,내발산동,서울특별시 강서구 내발산동 741-2,발산1동,37.554043,126.828743,4000.3
강서구,은행나무,어린이공원,내발산동,서울특별시 강서구 내발산동 753-1,발산1동,37.552158,126.823201,1764.4
강서구,신광명,어린이공원,내발산동,서울특별시 강서구 내발산동 761,발산1동,37.547313,126.823007,8596.6
강서구,원당,어린이공원,내발산동,서울특별시 강서구 내발산동 650,우장산동,37.557413,126.842084,992
강서구,가곡,어린이공원,내발산동,서울특별시 강서구 내발산동 657-2,우장산동,37.555964,126.837765,2747.9
강서구,꿈빛,어린이공원,내발산동,서울특별시 강서구 내발산동 657-3,우장산동,37.556117,126.840003,1500
강서구,활주로,어린이공원,공항동,서울특별시 강서구 공항동1341,공항동,37.554212,126.815978,2116.4
강서구,다솔,어린이공원,공항동,서울특별시 강서구 공항동1361,공항동,37.554428,126.818292,2492.7
강서구,장미,어린이공원,공항동,서울특별시 강서구 공항동668,공항동,37.556809,126.8139434,1661.5
강서구,송정,어린이공원,공항동,서울특별시 강서구 공항동42-11,공항동,37.560635,126.811276,397
강서구,쌈지,어린이공원,방화동,서울특별시 강서구 방화동 266-24,방화1동,37.571268,126.814976,3973
강서구,개나리,어린이공원,방화동,서울특별시 강서구 방화동 569-14,방화1동,37.573113,126.812217,252
강서구,긴등,어린이공원,방화동,서울특별시 강서구 방화동 247-201,방화1동,37.56801965,126.816194,253
강서구,문성,어린이공원,방화동,서울특별시 강서구 방화동 608-112,방화1동,37.564839,126.815435,254
강서구,새싹,어린이공원,방화동,서울특별시 강서구 방화동 448-5,방화1동,37.574806,126.812748,334
강서구,도레미,어린이공원,마곡동,서울특별시 강서구 방화동 184-66,방화1동,37.571792,126.819136,6649
강서구,들꽃,어린이공원,마곡동,서울특별시 강서구 방화동 890-1,방화1동,37.570615,126.821227,705
강서구,봉선화,어린이공원,방화동,서울특별시 강서구 방화동 645-13,방화2동,37.566522,126.806987,552
강서구,민들레,어린이공원,방화동,서울특별시 강서구 방화동 648-13,방화2동,37.567221,126.806731,589
강서구,내촌,어린이공원,방화동,서울특별시 강서구 방화동 551-26,방화2동,37.570073,126.808687,1149
강서구,신대부석,어린이공원,방화동,서울특별시 강서구 방화동 411,방화3동,37.583724,126.816494,1132
강서구,목련,어린이공원,방화동,서울특별시 강서구 방화동 616-1,방화2동,37.564958,126.807825,251
강서구,샛별,어린이공원,방화동,서울특별시 강서구 방화동 558,방화2동,37.572732,126.809505,294
강서구,새싹교통,어린이공원,방화동,서울특별시 강서구 방화동 583,방화2동,37.569485,126.809344,4939
강서구,은하수,어린이공원,방화동,서울특별시 강서구 방화동 853,방화2동,37.570507,126.806548,3825.8
강서구,능말,어린이공원,방화동,서울특별시 강서구 방화동 815,방화3동,37.577955,126.810607,1520.7
강서구,메아리,어린이공원,방화동,서울특별시 강서구 방화동 826,방화3동,37.578615,126.814351,1511.6
강서구,느티,어린이공원,방화동,서울특별시 강서구 방화동 799,방화3동,37.579421,126.810313,1512.9
강서구,돌샘,어린이공원,방화동,서울특별시 강서구 방화동 837,방화3동,37.576054,126.818966,1500.3
강서구,꿈나무,어린이공원,방화동,서울특별시 강서구 방화동 840,방화3동,37.575194,126.818941,1500.2
강서구,개화,어린이공원,방화동,서울특별시 강서구 방화동 818,방화3동,37.580248,126.812534,1512.2
강서구,긴등마을,어린이공원,마곡동,서울특별시 강서구 공항동 4-36,방화1동,37.563075,126.818681,1645.3
강서구,꿈자람,어린이공원,마곡동,서울특별시 강서구 공항동 484,방화1동,37.564793,126.819154,2014
강서구,다솜,어린이공원,마곡동,서울특별시 강서구 공항동 4,방화1동,37.563003,126.818161,511
강서구,풀잎,어린이공원,공항동,서울특별시 강서구 공항동 705,공항동,37.556989,126.816565,1945
강서구,푸르미,어린이공원,마곡동,서울특별시 강서구 마곡동 316-1,가양1동,37.570478,126.825219,1494
강서구,예솔,어린이공원,마곡동,서울특별시 강서구 마곡동 397-1,방화1동,37.563629,126.822694,864
강서구,솔,어린이공원,마곡동,서울특별시 강서구 외발산동 69-1,발산1동,37.555856,126.825767,2000
강서구,햇빛,어린이공원,마곡동,서울특별시 강서구 내발산동 384-2,발산1동,37.555822,126.826886,2066
강서구,마곡지구4호,근린공원,마곡동,서울특별시 강서구 마곡동 811-5,가양1동,37.568317,126.826463,35884
강서구,푸른수명산,소공원,화곡동,서울특별시 강서구 화곡동 1091-15,화곡3동,37.544175,126.830269,822.9
강서구,마곡,소공원,마곡동,서울특별시 강서구 마곡동 737-16,방화1동,37.56758598,126.8219651,1085.2
강서구,염창,소공원,염창동,서울특별시 강서구염창동 309-1,염창동,37.549839,126.8706462,1229.2
강서구,염창2,소공원,염창동,서울특별시 강서구염창동 306-1,염창동,37.551722,126.873857,272.5
강서구,탑산(가양동),문화공원,가양동,서울특별시 강서구가양동 1499,가양1동,37.566194,126.846336,3783.8
강서구,새개,문화공원,마곡동,서울특별시 강서구마곡동 800-7,발산1동,37.558287,126.8301253,3836.6
강서구,놋다리,문화공원,마곡동,서울특별시 강서구마곡동 790-6,가양1동,37.562055,126.8363266,2574.7
강서구,똘고랑,문화공원,마곡동,서울특별시 강서구 마곡동 756-4,가양1동,37.57072504,126.8279071,3089.9
강서구,선두암,문화공원,마곡동,서울특별시 강서구 마곡동 778-4,가양1동,37.56729616,126.8382088,2581.3
강서구,한다리,문화공원,마곡동,서울특별시 강서구 마곡동 727-1038,가양1동,37.56106,126.830369,8298
강서구,가로공원1호,기타,마곡동,서울특별시 강서구 마곡동 797-5,가양1동,37.559061,126.837242,2618.5
강서구,지정보호수마을마당,소공원,화곡동,서울특별시 강서구 화곡동 452-7,화곡2동,37.534046,126.85149,613.8
관악구,상도근린공원,근린공원,봉천동,서울특별시 관악구 봉천동 산 103-52,은천동,37.491879,126.9414281,87458
관악구,호박골,어린이공원,신림동,서울특별시 관악구 신림동 1580-22,신원동,37.48197587,126.923932,417
관악구,해태,어린이공원,신림동,서울특별시 관악구 신림동 103-141,서림동,37.472323,126.940612,1359
관악구,당곡,어린이공원,봉천동,서울특별시 관악구 봉천동 662-122,보라매동,37.48872668,126.9335718,294
관악구,군아파트,어린이공원,남현동,서울특별시 관악구 남현동 602-143,남현동,37.471823,126.978932,926
관악구,상록,어린이공원,남현동,서울특별시 관악구 남현동 602-196,남현동,37.472906,126.980544,1557
관악구,남현,어린이공원,남현동,서울특별시 관악구 남현동 602-333,남현동,37.47191194,126.981333,554
관악구,예촌,어린이공원,남현동,서울특별시 관악구 남현동 1083-1,남현동,37.47453441,126.9768782,1509
관악구,난우,어린이공원,신림동,서울특별시 관악구 신림동 652-160,난곡동,37.466402,126.921869,241
관악구,남부,어린이공원,신림동,서울특별시 관악구 신림동 483-14,신사동,37.48480913,126.920679,990
관악구,새들,어린이공원,신림동,서울특별시 관악구 신림동 1441-42,신림동,37.48863225,126.925741,979
관악구,색동,어린이공원,신림동,서울특별시 관악구 신림동 1418-1,신림동,37.486533,126.932555,952
관악구,새숲,어린이공원,신림동,서울특별시 관악구 신림동 539-14,조원동,37.4824133,126.9130864,991
관악구,장군봉,소공원,신림동,서울특별시 관악구 신림동 94-252,서원동,37.4781262,126.939008,175
관악구,은천,어린이공원,봉천동,서울특별시 관악구 봉천동 635-309,은천동,37.488223,126.942996,443
관악구,국회단지,어린이공원,봉천동,서울특별시 관악구 봉천동 635-37,은천동,37.49031557,126.9431126,1200
관악구,국지,어린이공원,봉천동,서울 관악구 봉천동 635-429 (봉천동),은천동,37.490053,126.940606,1650
관악구,서원,어린이공원,신림동,서울특별시 관악구 서원3길 10 (신림동),서원동,37.476815,126.933237,2324
관악구,송학,어린이공원,봉천동,서울특별시 관악구 봉천동 877-21,청룡동,37.480272,126.9493248,1013
관악구,백설,어린이공원,봉천동,서울 관악구 봉천동 1606-11 (봉천동),낙성대동,37.476236,126.953512,1655
관악구,신화,어린이공원,신림동,서울특별시 관악구 신림동 408-10,서림동,37.47672757,126.935702,850
관악구,미도,어린이공원,신림동,서울특별시 관악구 신림동 675-200,난향동,37.462803,126.915263,978
관악구,무궁화,어린이공원,신림동,서울특별시 관악구 신림동 645-1,난곡동,37.46963167,126.9235717,660
관악구,신림근린공원,근린공원,신림동,서울특별시 관악구 남부순환로152길 53 (신림동),미성동,37.480884,126.918234,90960
관악구,장군봉근린공원,근린공원,신림동,서울특별시 관악구 신림동 산1-1,서원동,37.478631,126.939049,128100
관악구,문성,어린이공원,신림동,서울특별시 관악구 시흥대로164길 27 (신림동),조원동,37.482015,126.9028913,988
관악구,비안,어린이공원,봉천동,서울특별시 관악구 봉천동 1530-14,청룡동,37.480767,126.9401567,1661
관악구,선봉,어린이공원,봉천동,서울특별시 관악구 봉천로27길 20 (봉천동),은천동,37.485144,126.939678,1021
관악구,국사봉,어린이공원,봉천동,서울특별시 관악구 봉천동 1511-5,보라매동,37.48999461,126.934035,454
관악구,중앙,어린이공원,봉천동,서울특별시 관악구 봉천로41길 35 (봉천동),중앙동,37.484446,126.948278,977
관악구,새싹,어린이공원,봉천동,서울특별시 관악구 양녕로6다길 11-4 (봉천동),중앙동,37.484451,126.949378,1797
관악구,까치산근린공원,근린공원,봉천동,서울특별시 관악구 봉천동 산66-1,행운동,37.47774405,126.9672315,64534
관악구,봉림,어린이공원,신림동,서울특별시 관악구 신림동 1510-2,서원동,37.48272102,126.935717,988
관악구,쑥고개,어린이공원,신림동,서울특별시 관악구 신림동 1564-68,서림동,37.475822,126.940794,1124
관악구,난곡,어린이공원,신림동,서울특별시 관악구 신림동 1563-56,미성동,37.47411595,126.9152598,695
관악구,새빛,어린이공원,신림동,서울특별시 관악구 신사로10길 29 (신림동),신사동,37.486319,126.915149,875
관악구,신라,어린이공원,신림동,서울특별시 관악구 신림동 744-1,미성동,37.47360972,126.912623,514
관악구,학다리,어린이공원,봉천동,서울특별시 관악구 봉천동 647-175,보라매동,37.488732,126.937591,221
관악구,용담,어린이공원,봉천동,서울특별시 관악구 봉천동 850-8,청룡동,37.47550045,126.9436117,646
관악구,원당,어린이공원,봉천동,서울특별시 관악구 봉천동 196-2,인헌동,37.474839,126.963329,1647
관악구,교체,어린이공원,봉천동,서울특별시 관악구 봉천동 196-193,인헌동,37.4733206,126.9640439,813
관악구,보명,어린이공원,신림동,서울 관악구 신림동 610-288 (신림동),난곡동,37.475841,126.925639,1319
관악구,일선,어린이공원,봉천동,서울특별시 관악구 쑥고개로26길 24 (봉천동),청룡동,37.477823,126.949514,1244
관악구,청룡,어린이공원,봉천동,서울특별시 관악구 봉천동 1557-34,청룡동,37.477619,126.944732,853
관악구,까치,어린이공원,봉천동,서울 관악구 봉천동 1678-1 (봉천동),행운동,37.479924,126.959507,1602
관악구,밤골,어린이공원,봉천동,서울특별시 관악구 인헌3가길 8 (봉천동),인헌동,37.473919,126.967365,1119
관악구,약수암,어린이공원,신림동,서울 관악구 신림동 316-155 (신림동),삼성동,37.459512,126.932978,1680
관악구,연주대,소공원,신림동,서울특별시 관악구 신림동 231-6,대학동,37.469214,126.9420007,251
관악구,태양,어린이공원,신림동,서울특별시 관악구 신림동 1542-1,대학동,37.468445,126.936475,345
관악구,사우촌,어린이공원,신림동,서울특별시 관악구 신림동 1555-1,대학동,37.467506,126.934163,339
관악구,탑골,어린이공원,봉천동,서울특별시 관악구 봉천동 1510,낙성대동,37.47451989,126.9611358,597
관악구,장미,어린이공원,봉천동,서울특별시 관악구 봉천동 148-103,행운동,37.47914524,126.9624068,423
관악구,한라,어린이공원,신림동,서울특별시 관악구 신림동 750-39,미성동,37.475633,126.914788,479
관악구,서광,어린이공원,신림동,서울특별시 관악구 신림동 98-402,서림동,37.47521256,126.9427449,459
관악구,도덕,문화공원,신림동,서울특별시 관악구 신림동 241-13,대학동,37.469331,126.938168,394
관악구,남강,어린이공원,신림동,서울특별시 관악구 신림동 1678-12,난곡동,37.47350474,126.924653,10350
관악구,목화,어린이공원,신림동,서울특별시 관악구 신림동 1716-1,대학동,37.46791528,126.942282,347
관악구,대협,어린이공원,신림동,서울특별시 관악구 신림동 746-32,미성동,37.47482451,126.913364,391
관악구,인헌,어린이공원,봉천동,서울특별시 관악구 봉천동 196-240,인헌동,37.475334,126.962545,379
관악구,충효,어린이공원,봉천동,서울특별시 관악구 봉천동 1526-1,청룡동,37.48101912,126.941048,3188
관악구,해바라기,어린이공원,신림동,서울특별시 관악구 신림동 321-5,삼성동,37.461967,126.930214,416
관악구,영락,어린이공원,봉천동,서울특별시 관악구 봉천동 1555-16,청룡동,37.47682732,126.943804,206
관악구,오성,어린이공원,신림동,서울특별시 관악구 신림동 655-104,난곡동,37.467908,126.920805,225
관악구,미림,어린이공원,신림동,서울특별시 관악구 신림동 254-256,대학동,37.466517,126.935286,185
관악구,난우,어린이공원,신림동,서울특별시 관악구 난곡로61길 1 (신림동),미성동,37.48039993,126.913959,960
관악구,미성,소공원,신림동,서울특별시 관악구 신림동 762-2,미성동,37.477136,126.9137588,159
관악구,약수,어린이공원,신림동,서울특별시 관악구 신림동 1685,미성동,37.473131,126.912442,533
관악구,삼육,소공원,봉천동,서울특별시 관악구 봉천동 661-118,보라매동,37.487922,126.934307,119
관악구,양산,어린이공원,신림동,서울특별시 관악구 신림동 395-35,삼성동,37.473626,126.932549,297
관악구,합실,어린이공원,신림동,서울특별시 관악구 신림동 1704-4,삼성동,37.46514148,126.927068,1297
관악구,행운동,소공원,봉천동,서울특별시 관악구 봉천동 28-82,행운동,37.483375,126.959752,401
관악구,봉천,어린이공원,봉천동,서울특별시 관악구 봉천동 1707-2,인헌동,37.46931172,126.9643575,652
관악구,까치산,소공원,봉천동,서울특별시 관악구 봉천동 1728-2,행운동,37.48311896,126.960301,964
관악구,남태령제2,소공원,남현동,서울특별시 관악구 남현동 612-52,남현동,37.471931,126.982172,1310
관악구,남현,소공원,남현동,서울특별시 관악구 남현동 1063-1,남현동,37.47567778,126.9792771,1607
광진구,성화공원,어린이공원,자양동,서울특별시 광진구 자양동 199-4,자양4동,37.53620746,127.061859,253
광진구,양마장공원,어린이공원,자양동,서울특별시 광진구 자양동 689-6,자양2동,37.5308707,127.0887271,1113
광진구,자양공원,어린이공원,자양동,서울특별시 광진구 자양동 792-1,자양3동,37.5335548,127.0698629,494.8
광진구,가중나무공원,어린이공원,화양동,서울특별시 광진구 화양동 32-1,화양동,37.54651869,127.0677034,971.6
광진구,한아름공원,어린이공원,화양동,서울특별시 광진구 화양동 12-55,화양동,37.5443368,127.0704685,936.2
광진구,햇님공원,어린이공원,화양동,서울특별시 광진구 화양동 45-3,화양동,37.5426933,127.0670227,1002.3
광진구,화양공원,어린이공원,화양동,서울특별시 광진구 화양동 8-36,화양동,37.54160778,127.0696005,996.4
광진구,남일공원,어린이공원,군자동,서울특별시 광진구 군자동 159-1,군자동,37.5559474,127.0736903,238
광진구,군자공원,어린이공원,군자동,서울특별시 광진구 군자동 115-1,군자동,37.55456506,127.0728509,642
광진구,중곡공원,어린이공원,중곡동,서울특별시 광진구 중곡동 232-44,중곡1동,37.5645362,127.079141,995.7
광진구,배나무터공원,어린이공원,중곡동,서울특별시 광진구 중곡동 695,중곡3동,37.56834108,127.0802695,971.9
광진구,해오름공원,어린이공원,중곡동,서울특별시 광진구 중곡동 100-16,중곡4동,37.55678467,127.0921845,840
광진구,한마음공원,어린이공원,중곡동,서울특별시 광진구 중곡동 51-6,중곡2동,37.5595627,127.083993,897.8
광진구,긴고랑공원,어린이공원,중곡동,서울특별시 광진구 중곡동 68-19,중곡4동,37.55888021,127.0910186,633
광진구,개나리공원,어린이공원,구의동,서울특별시 광진구 구의동 216-5,구의3동,37.538013,127.0923645,988.8
광진구,목련공원,어린이공원,구의동,서울특별시 광진구 구의동 223-4,구의3동,37.54064005,127.0906545,989.8
광진구,무궁화공원,어린이공원,구의동,서울특별시 광진구 구의동 206-10,구의3동,37.5412468,127.0945509,1041.7
광진구,장미공원,어린이공원,구의동,서울특별시 광진구 구의동 590-2,구의3동,37.5362728,127.0901418,986.5
광진구,푸른동산공원,어린이공원,구의동,서울특별시 광진구 구의동 227-13,구의3동,37.5429034,127.0911933,933.2
광진구,구둘공원,어린이공원,구의동,서울특별시 광진구 구의동 60-8,구의2동,37.5481208,127.0921708,788.1
광진구,산마루공원,어린이공원,구의동,서울특별시 광진구 구의동 560-5,구의2동,37.55507,127.095143,917
광진구,구의공원,어린이공원,구의동,서울특별시 광진구 구의동 546-2,구의3동,37.53650324,127.0947414,10464
광진구,명성공원,어린이공원,구의동,서울특별시 광진구 구의동 249-25,구의1동,37.541424,127.0867221,548.4
광진구,온달공원,어린이공원,광장동,서울특별시 광진구 광장동 242-1,광장동,37.54598669,127.1040763,1012
광진구,평강공원,어린이공원,광장동,서울특별시 광진구 광장동 387-1,광장동,37.54811752,127.1005781,325
광진구,약초원공원,어린이공원,자양동,서울특별시 광진구 자양동 74-21,자양4동,37.532914,127.0664003,826
광진구,정말공원,어린이공원,자양동,서울특별시 광진구 자양동 619-20,자양1동,37.53316616,127.0781758,989.4
광진구,자마장공원,어린이공원,자양동,서울특별시 광진구 자양동 630,자양1동,37.53444854,127.0821916,998.8
광진구,장독골공원,어린이공원,자양동,서울특별시 광진구 자양동 804-10,자양1동,37.5356422,127.0778292,997.4
광진구,언덕배기공원,어린이공원,자양동,서울특별시 광진구 자양동 686-52,자양2동,37.53214981,127.0879487,800.4
광진구,금모래공원,어린이공원,자양동,서울특별시 광진구 자양동 651-50,자양2동,37.53030963,127.0825402,1022.5
광진구,동자공원,어린이공원,자양동,서울특별시 광진구 자양동 582-19,자양3동,37.5318659,127.0742753,985.9
광진구,노유산공원,어린이공원,자양동,서울특별시 광진구 자양동 5-7,자양4동,37.5391102,127.0685096,993.1
광진구,화양동정자마당소공원,소공원,화양동,서울특별시 광진구 화양동 110-34,화양동,37.54652182,127.0718116,2382
광진구,능동정자마당소공원,소공원,능동,서울특별시 광진구 능동 369-12,능동,37.55343589,127.0793355,1518
광진구,구의가로휴식소공원,소공원,구의동,서울특별시 광진구 구의동 589-4,구의3동,37.53641296,127.0933277,95.2
광진구,약초원소공원,소공원,자양동,서울특별시 광진구 자양동 553-22,자양4동,37.53498194,127.0679085,1337
광진구,세모꼴소공원,소공원,자양동,서울특별시 광진구 자양동 859-1,자양1동,37.53839854,127.0815488,862
광진구,능동소공원,소공원,능동,서울특별시 광진구 능동 242-26,능동,37.55243686,127.082877,1062
광진구,홍련산의소공원,소공원,구의동,서울특별시 광진구 구의동 668-5,구의2동,37.54613706,127.0886173,1291.1
광진구,뚝섬유원지역쉼터소공원,소공원,자양동,서울특별시 광진구 자양동 854-1,자양3동,37.53189643,127.0673192,802.3
광진구,중곡역소공원(가칭),소공원,중곡동,서울특별시 광진구 중곡동 30-79,중곡3동,37.56587772,127.0849114,1276.7
광진구,신양소공원(가칭),소공원,자양동,서울특별시 광진구 자양동 510-38,자양4동,37.53699,127.068941,310.2
구로구,온수(잣절지구),근린공원,개봉동,서울특별시 구로구 개봉동 45-2,개봉1동,37.50199617,126.8397231,77320.6
구로구,온수(반달지구),근린공원,오류동,서울특별시 구로구 오류동 18-141,오류1동,37.49947855,126.8418368,1529.2
구로구,온수(궁동지구),근린공원,오류동,서울특별시 구로구 오류동 산4,오류1동,37.49780089,126.8375987,868
구로구,온수(벽산지구),근린공원,온수동,서울특별시 구로구 온수동 9-44,수궁동,37.49459859,126.8244691,26074.7
구로구,온수(온수골지구),근린공원,온수동,서울특별시 구로구 온수동 산4-25,수궁동,37.4940823,126.821833,7985.3
구로구,온수(온수체육지구),근린공원,온수동,서울특별시 구로구 온수동 산10-4,수궁동,37.49330391,126.8193736,17413.2
구로구,온수(문학지구),근린공원,오류동,서울특별시 구로구 오류동 산5-48,오류1동,37.498782,126.836865,26767
구로구,온수(텃골지구),근린공원,오류동,서울특별시 구로구 오류동 산5-84,오류1동,37.498422,126.835249,6026
구로구,고척,근린공원,고척동,서울특별시 구로구 고척동 산9-14,고척2동,37.50658242,126.8532783,108120
구로구,계남,근린공원,고척동,서울특별시 구로구 고척동 산8,고척2동,37.509285,126.850122,158814
구로구,개웅산,근린공원,개봉동,서울특별시 구로구 개봉동 산53-3,개봉3동,37.48690364,126.8471261,411972
구로구,천왕(시)(천왕골),근린공원,천왕동,서울특별시 구로구 천왕동 173,오류2동,37.48261513,126.8337054,9908
구로구,천왕(시)(항골),근린공원,항동,서울특별시 구로구 항동 147-2,항동,37.47854975,126.8290997,52032.4
구로구,천왕(구),근린공원,천왕동,서울특별시 구로구 천왕동 276,오류2동,37.4764232,126.8417584,33677
구로구,연지,근린공원,천왕동,서울특별시 구로구 천왕동 274-2,오류2동,37.47965771,126.8379653,44478
구로구,봉화대,근린공원,천왕동,서울특별시 구로구 천왕동 산13-1,오류2동,37.48469858,126.8424192,60975
구로구,구로,근린공원,구로동,서울특별시 구로구 구로동 102,구로5동,37.49748278,126.8896027,7901
구로구,신도림테크노,근린공원,구로동,서울특별시 구로구 구로동 3-33,구로5동,37.50811753,126.8908707,10482
구로구,덕의,근린공원,고척동,서울특별시 구로구 고척동 339-4,고척2동,37.50702571,126.8558381,5565
구로구,항동 2호,근린공원,항동,서울특별시 구로구 항동 76-1,항동,37.48192505,126.826833,14425.6
구로구,항동 3호,근린공원,항동,서울특별시 구로구 항동 산50-2,항동,37.4751259,126.8154416,12549.5
구로구,항동 4호,근린공원,항동,서울특별시 구로구 항동 산50-3,항동,37.47418114,126.8176643,14084.4
구로구,항동,근린공원,오류동,서울특별시 구로구 오류동 산45-5,오류2동,37.48925322,126.8273745,10701
구로구,대성디큐브시티,문화공원,신도림동,서울특별시 구로구 신도림동 692-1,신도림동,37.50923794,126.8902377,3322
구로구,오류역,문화공원,오류동,서울특별시 구로구 오류동 299-29,오류2동,37.49463217,126.8455221,7510
구로구,고척,문화공원,고척동,서울특별시 구로구 고척동 100,고척1동,37.49813087,126.8585712,3733
구로구,항동,체육공원,항동,서울특별시 구로구 항동 162,항동,37.47613508,126.8220008,12813
구로구,개봉,기타,개봉동,서울특별시 구로구 개봉동 492-1,개봉1동,37.49958755,126.849609,3684.6
구로구,개웅,어린이공원,개봉동,서울특별시 구로구 개봉동 340-8,개봉2동,37.489928,126.852866,1797.4
구로구,소막골,어린이공원,개봉동,서울특별시 구로구 개봉동 271-17,개봉3동,37.48853123,126.852386,516
구로구,절골,어린이공원,개봉동,서울특별시 구로구 개봉동 312-25,개봉3동,37.482821,126.851652,369
구로구,가린열,어린이공원,개봉동,서울특별시 구로구 개봉동 458-4,개봉1동,37.500611,126.8542042,332.9
구로구,오금,어린이공원,고척동,서울특별시 구로구 고척동 57-22,고척1동,37.505038,126.866221,348
구로구,능골,어린이공원,고척동,서울특별시 구로구 고척동 220-3,고척2동,37.506852,126.854254,357
구로구,골목,어린이공원,고척동,서울특별시 구로구 고척동 224-3,고척2동,37.507017,126.853545,266
구로구,도레미,어린이공원,고척동,서울특별시 구로구 고척동 331-1,고척2동,37.508017,126.852322,326.3
구로구,꿈마을,어린이공원,구로동,서울특별시 구로구 구로동 777-1,구로3동,37.487173,126.8901545,909
구로구,환경,어린이공원,구로동,서울특별시 구로구 구로동 797-1,구로3동,37.48502191,126.888408,528
구로구,희망,어린이공원,구로동,서울특별시 구로구 구로동 745-74,구로4동,37.48703809,126.886243,669
구로구,삼각,어린이공원,구로동,서울특별시 구로구 구로동 47,구로5동,37.50135772,126.8920128,2633.5
구로구,삭새,어린이공원,궁동,서울특별시 구로구 궁동 237-6,수궁동,37.496337,126.825012,2077
구로구,수른,어린이공원,궁동,서울특별시 구로구 궁동 279-6,수궁동,37.49794413,126.829601,332
구로구,온수,어린이공원,온수동,서울특별시 구로구 온수동 73-5,수궁동,37.494631,126.8177077,475
구로구,화원,어린이공원,구로동,서울특별시 구로구 구로동 478-1,구로2동,37.49791653,126.8804405,4544
구로구,신도림,어린이공원,신도림동,서울특별시 구로구 신도림동 646-1,신도림동,37.51070916,126.8883753,2292
구로구,구로리,어린이공원,구로동,서울특별시 구로구 구로동 139-82,구로4동,37.4904165,126.891578,7782
구로구,애경,어린이공원,구로동,서울특별시 구로구 구로동 501-22,구로5동,37.500156,126.8846598,2996
구로구,미래사랑,어린이공원,신도림동,서울특별시 구로구 신도림동 314-2,신도림동,37.50984705,126.8890762,5870
구로구,솔길,어린이공원,구로동,서울특별시 구로구 구로동 391-1,구로2동,37.48918401,126.8804792,1999
구로구,오동나무,어린이공원,천왕동,서울특별시 구로구 오류동 353-4,오류2동,37.485594,126.838383,1815
구로구,버들,어린이공원,천왕동,서울특별시 구로구 천왕동 277-14,오류2동,37.48155019,126.8406417,6167
구로구,이펜시아,어린이공원,천왕동,서울특별시 구로구 천왕동 2-5,오류2동,37.483092,126.8473137,1506
구로구,와룡,소공원,온수동,서울특별시 구로구 온수동 155-3,수궁동,37.4979921,126.8214922,2500.1
구로구,갈매,소공원,온수동,서울특별시 구로구 온수동 155-4,수궁동,37.49669974,126.8228085,3200.1
구로구,개봉동과장미,소공원,개봉동,서울특별시 구로구 개봉동 345-14,개봉3동,37.48810124,126.854735,657.2
구로구,무궁화,소공원,고척동,서울특별시 구로구 고척동 341-2,고척1동,37.50495918,126.8650559,1166
구로구,구로동(다울),소공원,구로동,서울특별시 구로구 구로동 1286-1,구로2동,37.49253575,126.888217,243.39
구로구,현화,소공원,고척동,서울특별시 구로구 고척동 342-1,고척2동,37.50432419,126.8600969,720
구로구,개봉,소공원,개봉동,"서울특별시 구로구 개봉동 492-1,-2",개봉1동,37.49958755,126.849609,3023
구로구,천왕역,소공원,천왕동,서울특별시 구로구 천왕동 13-56,오류2동,37.48530509,126.8400322,1711.6
구로구,개명,소공원,개봉동,서울특별시 구로구 개봉동 314-14,개봉3동,37.48292941,126.8481689,5415
구로구,오류동(대체공원),소공원,오류동,서울특별시 구로구 오류동 332-36,오류2동,37.4934436,126.842953,895
구로구,연지마을,소공원,천왕동,서울특별시 구로구 천왕동 7-36,오류2동,37.482231,126.843715,431
구로구,천왕동,소공원,천왕동,서울특별시 구로구 천왕동 273-7,오류2동,37.482531,126.836426,994.9
구로구,개봉5주택,소공원,개봉동,서울특별시 구로구 개봉동 68-64,개봉1동,37.499788,126.846678,564
구로구,푸른수목원,근린공원,항동,서울특별시 구로구 항동 31,항동,37.48196844,126.8236695,100809
금천구,감로천생태공원,근린공원,독산동,서울특별시 금천구 독산동 373,독산4동,37.46964774,126.9078499,15000
금천구,산기슭공원,근린공원,시흥동,서울특별시 금천구 시흥동 산138-3,시흥4동,37.46364031,126.9076165,8412
금천구,금천체육공원,근린공원,독산동,서울특별시 금천구 독산동 산118-4,독산4동,37.468313,126.908522,18083
금천구,삼성산시민휴식공원,근린공원,시흥동,서울특별시 금천구 시흥동 산116,시흥5동,37.454747,126.9100496,10118
금천구,독산자연공원,근린공원,독산동,서울특별시 금천구 독산동 산89-5,독산3동,37.47348901,126.9072777,7650
금천구,독산근린공원,근린공원,독산동,서울특별시 금천구 독산동 1086,독산1동,37.46327361,126.8849344,18005.5
금천구,금천폭포공원,근린공원,시흥동,서울특별시 금천구 시흥동 937-2,시흥3동,37.44639673,126.9044447,4835.2
금천구,조마,어린이공원,가산동,서울특별시 금천구 가산동 148-11,가산동,37.47561479,126.8955477,1003
금천구,무아래,어린이공원,가산동,서울특별시 금천구 가산동 234-29,가산동,37.473337,126.893278,1162.6
금천구,골말,어린이공원,가산동,서울특별시 금천구 가산동 28-2,가산동,37.482876,126.884528,1485
금천구,참새,어린이공원,독산동,서울특별시 금천구 독산동 1088-2,독산1동,37.45695474,126.8871937,1500.1
금천구,파랑새,어린이공원,독산동,서울특별시 금천구 독산동 1095-1,독산1동,37.454889,126.8888743,1500
금천구,철쭉,어린이공원,독산동,서울특별시 금천구 독산동 1112,독산1동,37.45288913,126.8896337,1501.6
금천구,두산,어린이공원,독산동,서울특별시 금천구 독산동 298-1,독산1동,37.47303262,126.8942618,974.9
금천구,다람쥐,어린이공원,독산동,서울특별시 금천구 독산동 999-11,독산1동,37.46824515,126.8908193,1019.6
금천구,푸른골,어린이공원,독산동,서울특별시 금천구 독산동 1038-9,독산2동,37.466546,126.9032037,977.3
금천구,무지개,어린이공원,독산동,서울특별시 금천구 독산동 1063-14,독산2동,37.46282267,126.9009392,972.1
금천구,옥계,어린이공원,독산동,서울특별시 금천구 독산동 1067-9,독산2동,37.460149,126.900302,1058.6
금천구,무궁화,어린이공원,독산동,서울특별시 금천구 독산동 378-291,독산2동,37.46442655,126.9044106,1336
금천구,정훈,어린이공원,독산동,서울특별시 금천구 독산동 378-4,독산2동,37.46567731,126.9063221,1094
금천구,꿈나무,어린이공원,독산동,서울특별시 금천구 독산동 378-434,독산2동,37.46346975,126.9049179,567
금천구,목화,어린이공원,독산동,서울특별시 금천구 독산동 883-9,독산3동,37.477455,126.907262,985.8
금천구,동산,어린이공원,독산동,서울특별시 금천구 독산동 993-29,독산3동,37.47292006,126.9059645,1017.2
금천구,남문,어린이공원,독산동,서울특별시 금천구 독산동 160-6,독산3동,37.472321,126.900396,883.6
금천구,구룡,어린이공원,독산동,서울특별시 금천구 독산동 964,독산3동,37.477891,126.9027669,934.9
금천구,반수,어린이공원,독산동,서울특별시 금천구 독산동 980-44,독산3동,37.4740151,126.902233,990.6
금천구,한사랑,어린이공원,독산동,서울특별시 금천구 독산동 925-2,독산4동,37.467716,126.904573,585.9
금천구,쌈지,어린이공원,독산동,서울특별시 금천구 독산동 189-1,독산4동,37.47090493,126.9039831,982.8
금천구,소망,어린이공원,독산동,서울특별시 금천구 독산동 196-8,독산4동,37.46936829,126.9016706,998
금천구,남서울,어린이공원,시흥동,서울특별시 금천구 시흥동 986-2,시흥1동,37.448336,126.902123,1155.7
금천구,새재미,어린이공원,시흥동,서울특별시 금천구 시흥동 855,시흥1동,37.45884579,126.904239,1185.2
금천구,해태,어린이공원,시흥동,서울특별시 금천구 시흥동 871-24,시흥1동,37.457773,126.901866,962.6
금천구,부장천,어린이공원,시흥동,서울특별시 금천구 시흥동 893,시흥1동,37.45266794,126.9044062,944
금천구,풍림,어린이공원,시흥동,서울특별시 금천구 시흥동 1026-3,시흥1동,37.44783408,126.9017969,2195
금천구,중앙,어린이공원,시흥동,서울특별시 금천구 시흥동 1027-2,시흥1동,37.44641126,126.9016027,1515
금천구,꾸러기,어린이공원,시흥동,서울특별시 금천구 시흥동 943-16,시흥3동,37.44316993,126.905877,359.4
금천구,비둘기,어린이공원,시흥동,서울특별시 금천구 시흥동 947-4,시흥3동,37.441597,126.906264,985.2
금천구,까치,어린이공원,시흥동,서울특별시 금천구 시흥동 959-2,시흥3동,37.439645,126.904994,925.3
금천구,진달래,어린이공원,시흥동,서울특별시 금천구 시흥동 970-3,시흥3동,37.434878,126.904883,992.2
금천구,단군,어린이공원,시흥동,서울특별시 금천구 시흥동 169-21,시흥4동,37.45569721,126.9086585,250
금천구,산장,어린이공원,시흥동,서울특별시 금천구 시흥동 3-17,시흥4동,37.46089265,126.9124998,678
금천구,장미,어린이공원,시흥동,서울특별시 금천구 시흥동 3-82,시흥4동,37.46163335,126.912238,1207
금천구,신흥,어린이공원,시흥동,서울특별시 금천구 시흥동 4-128,시흥4동,37.45990738,126.907849,312
금천구,효봉,어린이공원,시흥동,서울특별시 금천구 시흥동 4-28,시흥4동,37.46069907,126.910507,503
금천구,송록,어린이공원,시흥동,서울특별시 금천구 시흥동 791-35,시흥4동,37.46134022,126.906169,947.1
금천구,느티나무,어린이공원,시흥동,서울특별시 금천구 시흥동 817,시흥4동,37.45613382,126.906735,939.2
금천구,은행,어린이공원,시흥동,서울특별시 금천구 시흥동 836,시흥5동,37.45204371,126.9071079,865
금천구,별장길,어린이공원,시흥동,서울특별시 금천구 시흥동 925-32,시흥5동,37.448147,126.908596,971.4
금천구,금나래중앙,문화공원,독산동,서울특별시 금천구 독산동 1151,독산1동,37.45807525,126.8949359,16331.3
금천구,도하,소공원,독산동,서울특별시 금천구 독산동 1149,독산1동,37.458753,126.8953896,3057.7
금천구,박미사랑,소공원,시흥동,서울특별시 금천구 시흥동 963-1,시흥3동,37.43762998,126.904519,2162.6
금천구,독산,문화공원,독산동,서울특별시 금천구 독산동 1160-2,독산1동,37.46391741,126.8926887,1011.1
노원구,수락산<시공원>,기타,상계동,서울특별시 노원구 상계동 산3-1,상계1동,37.691731,127.0660338,6691885.3
노원구,불암산<시공원>,기타,중계동,서울특별시 노원구 중계동 산101-1,중계본동,37.65484418,127.0811812,5332422
노원구,영축산<시공원>,근린공원,월계동,서울특별시 노원구 월계동 산108,월계1동,37.62834719,127.057541,260500
노원구,초안산<시공원>,근린공원,월계동,서울특별시 노원구 월계동 산1,월계2동,37.64354845,127.0514587,950643
노원구,화랑대철도문화공원,근린공원,공릉동,서울특별시 노원구 공릉동 29-61번지,공릉2동,37.6242224,127.0933124,40293
노원구,한무리문화공원,근린공원,공릉2동,서울특별시 노원구 공릉2동 481-2,공릉2동,37.63059988,127.0735176,1964
노원구,솔밭공원,근린공원,공릉2동,서울특별시 노원구 공릉2동 111-1,공릉2동,37.62321992,127.0880982,11459
노원구,공릉동공원,근린공원,공릉2동,서울특별시 노원구 공릉2동 63일원,공릉2동,37.62069673,127.0863491,11540
노원구,한내공원,근린공원,월계3동,서울특별시 노원구 월계3동 1-1일원,월계3동,37.62200039,127.0693921,20300
노원구,비석골공원,근린공원,월계2동,서울특별시 노원구 월계2동 779,월계2동,37.63067746,127.0486033,10022
노원구,한글비공원,근린공원,하계1동,서울특별시 노원구 하계1동 288-2,하계1동,37.64477923,127.0742216,13615
노원구,골마을공원,근린공원,하계1동,서울특별시 노원구 하계1동 251-8,하계1동,37.63867402,127.0740175,9808
노원구,충숙공원,근린공원,하계1동,서울특별시 노원구 하계1동 255-5,하계1동,37.64036932,127.0795428,12628
노원구,삿갓봉공원,근린공원,중계4동,서울특별시 노원구 중계4동 356,중계4동,37.65793495,127.0761712,10653
노원구,가재울공원,근린공원,중계2.3동,서울특별시 노원구 중계2.3동 515-4,중계2.3동,37.64863946,127.0664198,10484
노원구,등나무문화공원,근린공원,중계2.3동,서울특별시 노원구 중계2.3동 508,중계2.3동,37.64066045,127.0668656,23752
노원구,중계공원,근린공원,중계2.3동,서울특별시 노원구 중계2.3동 507-3,중계2.3동,37.63969575,127.0657759,22727
노원구,달맞이공원,근린공원,중계2.3동,서울특별시 노원구 중계2.3동 500,중계2.3동,37.6456268,127.0627024,8839
노원구,양지공원,근린공원,중계1동,서울특별시 노원구 중계1동 362,중계1동,37.64718336,127.075591,10508
노원구,노해체육공원,근린공원,중계1동,서울특별시 노원구 중계1동 360-18,중계1동,37.64866494,127.0710935,34647
노원구,온수공원,근린공원,상계10동,서울특별시 노원구 상계10동 686,상계10동,37.66091965,127.0641673,17946
노원구,갈울공원,근린공원,상계9동,서울특별시 노원구 상계9동 644,상계9동,37.66682238,127.0610357,9669
노원구,갈말공원,근린공원,상계8동,서울특별시 노원구 상계8동 654,상계8동,37.66575986,127.0541967,10001
노원구,상계공원,근린공원,상계8동,서울특별시 노원구 상계8동 620,상계8동,37.66862906,127.0502649,30479
노원구,마들체육공원,근린공원,상계6.7동,서울특별시 노원구 상계6.7동 770-2,상계6.7동,37.64416001,127.0582996,67109
노원구,당현천공원,근린공원,상계6.7동,서울특별시 노원구 상계6.7동 762-1,상계6.7동,37.64741034,127.0636403,9653
노원구,느티울공원,근린공원,상계6.7동,서울특별시 노원구 상계6.7동 741,상계6.7동,37.64933618,127.0578929,10000
노원구,원터공원,근린공원,상계6.7동,서울특별시 노원구 상계6.7동 753-2,상계6.7동,37.65077701,127.0651768,10121
노원구,하늘문화공원,근린공원,상계3?4동,서울특별시 노원구 상계3?4동 82-8,상계3.4동,37.66422474,127.0762423,4327
노원구,당고개공원,근린공원,상계3?4동,서울특별시 노원구 상계3?4동 113-2,상계3.4동,37.66907922,127.0770888,76842
노원구,상계장암지구공원,근린공원,상계1동,서울특별시 노원구 상계1동 1311-2,상계1동,37.68916458,127.0561458,8075
노원구,벽운공원,근린공원,상계1동,서울특별시 노원구 상계1동 1266-1,상계1동,37.68062907,127.0576518,13143
노원구,한아름어린이공원,어린이공원,상계10동,서울특별시 노원구 상계10동 692-3,상계10동,37.65755527,127.0613375,1500
노원구,온곡어린이공원,어린이공원,상계10동,서울특별시 노원구 상계10동 692-1,상계10동,37.65989527,127.0610495,1500
노원구,용화어린이공원,어린이공원,상계10동,서울특별시 노원구 상계10동 695-1,상계10동,37.65904267,127.0567212,1500
노원구,달빛어린이공원,어린이공원,상계10동,서울특별시 노원구 상계10동 670-1,상계10동,37.66327916,127.0598465,1500
노원구,종달새어린이공원,어린이공원,상계9동,서울특별시 노원구 상계9동 636,상계9동,37.66800089,127.062016,4051
노원구,햇빛어린이공원,어린이공원,상계9동,서울특별시 노원구 상계9동 646,상계9동,37.66662633,127.0603204,1631
노원구,봉숭아어린이공원,어린이공원,상계9동,서울특별시 노원구 상계9동 628,상계9동,37.66813073,127.0586526,1500
노원구,개나리어린이공원,어린이공원,상계9동,서울특별시 노원구 상계9동 627,상계9동,37.66926198,127.0583244,1506
노원구,민들레어린이공원,어린이공원,상계9동,서울특별시 노원구 상계9동 667,상계8동,37.66165211,127.0561247,1780
노원구,반디어린이공원,어린이공원,상계8동,서울특별시 노원구 상계8동 665,상계8동,37.66286343,127.0542924,1500
노원구,상록수어린이공원,어린이공원,상계8동,서울특별시 노원구 상계8동 663,상계8동,37.66309121,127.0528804,2130
노원구,참새어린이공원,어린이공원,상계8동,서울특별시 노원구 상계8동 652-3,상계8동,37.6660746,127.0547183,1500
노원구,두루미어린이공원,어린이공원,상계8동,서울특별시 노원구 상계8동 656-1,상계8동,37.66573337,127.0532186,3580
노원구,삼들어린이공원,어린이공원,상계8동,서울특별시 노원구 상계8동 623,상계8동,37.66793965,127.0533043,1500
노원구,산철쭉어린이공원,어린이공원,상계8동,서울특별시 노원구 상계8동 625,상계8동,37.6703318,127.0555337,1500
노원구,호돌이어린이공원,어린이공원,상계8동,서울특별시 노원구 상계8동 622,상계8동,37.66862468,127.0510184,1500
노원구,물보라어린이공원,어린이공원,"상계6,7동","서울특별시 노원구 상계6,7동 756",상계6.7동,37.6512749,127.066789,1500
노원구,신기루어린이공원,어린이공원,"상계6,7동","서울특별시 노원구 상계6,7동 752-1",상계6.7동,37.65048449,127.0633085,1500
노원구,소망어린이공원,어린이공원,"상계6,7동","서울특별시 노원구 상계6,7동 720-1",상계6.7동,37.65370383,127.0650629,1500
노원구,엄지어린이공원,어린이공원,"상계6,7동","서울특별시 노원구 상계6,7동 720-4",상계6.7동,37.65274046,127.0629681,1500
노원구,사랑어린이공원,어린이공원,"상계6,7동","서울특별시 노원구 상계6,7동 765-1",상계6.7동,37.64712192,127.060232,2540
노원구,선녀어린이공원,어린이공원,"상계6,7동","서울특별시 노원구 상계6,7동 767-2",상계6.7동,37.64668525,127.0587299,1500
노원구,감나무어린이공원,어린이공원,"상계6,7동","서울특별시 노원구 상계6,7동 741-2",상계6.7동,37.64924931,127.0586408,1500
노원구,까치어린이공원,어린이공원,"상계6,7동","서울특별시 노원구 상계6,7동 741-1",상계6.7동,37.64912561,127.0580959,1500
노원구,기린어린이공원,어린이공원,"상계6,7동","서울특별시 노원구 상계6,7동 737-3",상계6.7동,37.65198527,127.0592892,1500
노원구,채송화어린이공원,어린이공원,"상계6,7동","서울특별시 노원구 상계6,7동 737-1",상계6.7동,37.65171091,127.0571327,1500
노원구,무궁화어린이공원,어린이공원,상계5동,서울특별시 노원구 상계5동 135-77,상계5동,37.66549886,127.0694654,561
노원구,희망어린이공원,어린이공원,"상계3,4동","서울특별시 노원구 상계3,4동 111-201",상계3.4동,37.67246395,127.0791004,984
노원구,불암어린이공원,어린이공원,"상계3,4동","서울특별시 노원구 상계3,4동 1275-4",상계3.4동,37.66430549,127.0786874,1500
노원구,코스모스어린이공원,어린이공원,"상계3,4동","서울특별시 노원구 상계3,4동 1293-2",상계3.4동,37.66777145,127.083185,1405
노원구,갈월어린이공원,어린이공원,"상계3,4동","서울특별시 노원구 상계3,4동 70",상계3.4동,37.67001318,127.083177,751
노원구,꽃사슴어린이공원,어린이공원,"상계3,4동","서울특별시 노원구 상계3,4동 71-4",상계3.4동,37.67255315,127.0846732,410
노원구,장암어린이공원,어린이공원,상계1동,서울특별시 노원구 상계1동 1312-5,상계1동,37.68672821,127.0540932,1500
노원구,샛별어린이공원,어린이공원,상계1동,서울특별시 노원구 상계1동 1264-1,상계1동,37.68298226,127.0566885,1500
노원구,늘푸른어린이공원,어린이공원,상계1동,서울특별시 노원구 상계1동 1265-1,상계1동,37.6807283,127.0564635,1502
노원구,샘터어린이공원,어린이공원,상계1동,서울특별시 노원구 상계1동 1255-1,상계1동,37.68157453,127.0536981,1500
노원구,새마을어린이공원,어린이공원,상계1동,서울특별시 노원구 상계1동 1257-1,상계1동,37.67927242,127.0525418,1308
노원구,철쭉어린이공원,어린이공원,상계1동,서울특별시 노원구 상계1동 1096-16,상계1동,37.6777514,127.0516957,995
노원구,샛말어린이공원,어린이공원,상계1동,서울특별시 노원구 상계1동 1116-50,상계1동,37.67616852,127.0578058,331
노원구,이화어린이공원,어린이공원,중계본동,서울특별시 노원구 중계본동 363-8,중계본동,37.6466735,127.0790199,1550
노원구,광석어린이공원,어린이공원,중계본동,서울특별시 노원구 중계본동 364-11,중계본동,37.64890928,127.0794268,1603
노원구,천보어린이공원,어린이공원,중계본동,서울특별시 노원구 중계본동 366-1,중계본동,37.65210555,127.0787099,1504
노원구,갓바위어린이공원,어린이공원,중계4동,서울특별시 노원구 중계4동 369-6,중계4동,37.65759399,127.0788209,1538
노원구,꿈나라어린이공원,어린이공원,중계4동,서울특별시 노원구 중계4동 358-1,중계4동,37.65590619,127.0767509,1623
노원구,전주동어린이공원,어린이공원,중계4동,서울특별시 노원구 중계4동 154-9,중계4동,37.65952387,127.0736909,288
노원구,당현어린이공원,어린이공원,중계4동,서울특별시 노원구 중계4동 154-7,중계4동,37.66026524,127.074921,274
노원구,백합어린이공원,어린이공원,"중계2,3동","서울특별시 노원구 중계2,3동 514-4",중계2.3동,37.64830237,127.0696036,4924
노원구,들국화어린이공원,어린이공원,"중계2,3동","서울특별시 노원구 중계2,3동 501",중계2.3동,37.64418497,127.0614742,3414
노원구,꿈동산어린이공원,어린이공원,중계1동,서울특별시 노원구 중계1동 361-2,중계1동,37.64676772,127.0723041,1492
노원구,다람쥐어린이공원,어린이공원,중계1동,서울특별시 노원구 중계1동 360-3,중계1동,37.64913286,127.0746632,1500
노원구,새싹어린이공원,어린이공원,중계1동,서울특별시 노원구 중계1동 359-2,중계1동,37.65312897,127.0766581,1517
노원구,중평어린이공원,어린이공원,하계2동,서울특별시 노원구 하계2동 271-1,하계2동,37.63706613,127.0633233,5841
노원구,중현어린이공원,어린이공원,하계2동,서울특별시 노원구 하계2동 272-1,하계2동,37.63188466,127.0656228,7124
노원구,하계어린이공원,어린이공원,하계2동,서울특별시 노원구 하계2동 273-3,하계2동,37.63218933,127.0690037,6129
노원구,국화어린이공원,어린이공원,하계1동,서울특별시 노원구 하계1동 252-11,하계1동,37.63708014,127.0761902,1496
노원구,곰돌이어린이공원,어린이공원,하계1동,서울특별시 노원구 하계1동 256-6,하계1동,37.64043698,127.0754326,1478
노원구,앵무새어린이공원,어린이공원,하계1동,서울특별시 노원구 하계1동 251-13,하계1동,37.6395601,127.0718837,1614
노원구,뻐꾸기어린이공원,어린이공원,하계1동,서울특별시 노원구 하계1동 256-3,하계1동,37.64249718,127.07471,1540
노원구,해바라기어린이공원,어린이공원,하계1동,서울특별시 노원구 하계1동 277,하계1동,37.63486444,127.0712856,4504
노원구,목련어린이공원,어린이공원,하계1동,서울특별시 노원구 하계1동 167-12,하계1동,37.63608368,127.0744533,112
노원구,공작어린이공원,어린이공원,하계1동,서울특별시 노원구 하계1동 166-3,하계1동,37.63650425,127.07418,255
노원구,공릉사랑어린이공원,어린이공원,공릉2동,서울특별시 노원구 공릉2동 758-3,공릉2동,37.62523224,127.0846898,1759.8
노원구,배꽃어린이공원,어린이공원,공릉2동,서울특별시 노원구 공릉2동 123-1,공릉2동,37.62592547,127.0928193,1546
노원구,송림어린이공원,어린이공원,공릉2동,서울특별시 노원구 공릉2동 106-3,공릉2동,37.62704032,127.0870674,1500
노원구,청솔어린이공원,어린이공원,공릉2동,서울특별시 노원구 공릉2동 110-2,공릉2동,37.62421916,127.0879179,1500
노원구,무지개어린이공원,어린이공원,공릉2동,서울특별시 노원구 공릉2동 89,공릉2동,37.62054938,127.08327,1500
노원구,효성어린이공원,어린이공원,공릉2동,서울특별시 노원구 공릉2동 742-4,공릉2동,37.62120912,127.088666,1500
노원구,옹달샘어린이공원,어린이공원,공릉2동,서울특별시 노원구 공릉2동 270-4,공릉2동,37.62062075,127.0809278,341
노원구,비둘기어린이공원,어린이공원,공릉1동,서울특별시 노원구 공릉1동 708-1,공릉1동,37.63001884,127.0691874,3383
노원구,씨알어린이공원,어린이공원,공릉1동,서울특별시 노원구 공릉1동 371-1,공릉1동,37.62779156,127.0734341,991
노원구,나래어린이공원,어린이공원,공릉1동,서울특별시 노원구 공릉1동 380-4,공릉1동,37.62695913,127.0706416,997
노원구,해오라기어린이공원,어린이공원,공릉1동,서울특별시 노원구 공릉1동 503-17,공릉1동,37.62547049,127.0763312,960
노원구,별빛어린이공원,어린이공원,공릉1동,서울특별시 노원구 공릉1동 690-1,공릉1동,37.61911085,127.0722166,410
노원구,개미어린이공원,어린이공원,공릉1동,서울특별시 노원구 공릉1동 589-4,공릉1동,37.62062311,127.0778137,974
노원구,새나라 어린이공원,어린이공원,공릉1동,서울특별시 노원구 공릉1동 569-21,공릉1동,37.62205528,127.0728036,992
노원구,나팔꽃어린이공원,어린이공원,월계3동,서울특별시 노원구 월계3동 321-11,월계3동,37.62844989,127.060095,3115
노원구,매봉어린이공원,어린이공원,월계3동,서울특별시 노원구 월계3동 320-6,월계3동,37.63302783,127.0591392,1587
노원구,연촌어린이공원,어린이공원,월계3동,서울특별시 노원구 월계3동 322-4,월계3동,37.62836609,127.0627027,1509
노원구,은하수어린이공원,어린이공원,월계2동,서울특별시 노원구 월계2동 924-1,월계2동,37.6300881,127.0440941,1500
노원구,안골어린이공원,어린이공원,월계2동,서울특별시 노원구 월계2동 781-1,월계2동,37.63090745,127.0514411,1474
노원구,초안어린이공원,어린이공원,월계2동,서울특별시 노원구 월계2동 775-1,월계2동,37.63394522,127.0516363,1479
노원구,연지어린이공원,어린이공원,월계2동,서울특별시 노원구 월계2동 564,월계2동,37.62808476,127.0532565,3847
노원구,햇살어린이공원,어린이공원,월계2동,서울특별시 노원구 월계2동 563,월계2동,37.62721259,127.0516748,2041
노원구,각심어린이공원,어린이공원,월계2동,서울특별시 노원구 월계2동 555,월계2동,37.6295173,127.0514953,4664
노원구,인덕마을어린이공원,어린이공원,월계2동,서울특별시 노원구 월계2동 951-2,월계2동,37.63148619,127.05705,2470
노원구,벼루어린이공원,어린이공원,월계1동,서울특별시 노원구 월계1동 500-3,월계1동,37.62196548,127.0564583,327
노원구,월계어린이공원,어린이공원,월계1동,서울특별시 노원구 월계1동 429-44,월계1동,37.62039649,127.0611819,858
노원구,연천내어린이공원,어린이공원,월계1동,서울특별시 노원구 월계1동 411-50,월계1동,37.62248574,127.0611018,152
노원구,소곶네어린이공원,어린이공원,월계1동,서울특별시 노원구 월계1동 411-47,월계1동,37.62101997,127.0615392,814
노원구,돌곶이어린이공원,어린이공원,월계1동,서울특별시 노원구 월계1동 429-4,월계1동,37.619986,127.0611888,954
노원구,마실소공원,소공원,공릉2동,서울특별시 노원구 공릉2동 758-1,공릉2동,37.62711541,127.0849153,2471
노원구,상계소공원4,소공원,상계3?4동,서울특별시 노원구 상계3?4동 1355-8,상계3.4동,37.66534876,127.073324,670
노원구,상계소공원3,소공원,상계3?4동,서울특별시 노원구 상계3?4동 1355-6,상계3.4동,37.66669117,127.0755515,574.2
노원구,상계소공원2,소공원,상계10동,서울특별시 노원구 상계10동 677-1,상계10동,37.66175648,127.0625034,1530
노원구,상계소공원1,소공원,상계10동,서울특별시 노원구 상계10동 679,상계10동,37.66396783,127.0620201,2471
노원구,중계소공원2,소공원,중계2?3동,서울특별시 노원구 중계2?3동 514-8,중계2.3동,37.64516466,127.0670165,700
노원구,중계소공원1,소공원,중계2?3동,서울특별시 노원구 중계2?3동 514-7,중계2.3동,37.6445011,127.0673024,658
노원구,벼루말소공원,소공원,월계1동,서울특별시 노원구 월계1동 949-3,월계1동,37.62067044,127.0542572,990
노원구,석계역문화공원,문화공원,월계동,서울특별시 노원구 월계동 47-45번지 일대,월계1동,37.61511541,127.0641235,3900
노원구,중계?등나무공원 녹지연결로 휴가든,기타,중계2?3동,서울특별시 노원구 중계2?3동 503-3,중계2.3동,37.64269915,127.0651821,"34,050.70"
노원구,새솔공원 휴가든,기타,하계1동,서울특별시 노원구 하계1동 9-5,하계1동,37.64368858,127.0767718,263
노원구,불암산 사계절정원 휴가든,기타,중계4동,서울특별시 노원구 중계4동 124-1(나비정원 앞),중계4동,37.65557336,127.0801549,321.7
노원구,햇살공원 휴가든,기타,월계2동,서울특별시 노원구 월계2동 556,월계2동,37.62812597,127.0527821,"91,490.10"
도봉구,초안산,근린공원,창동,서울특별시 도봉구 창동 산24,창1동,37.647426,127.0413841,404631
도봉구,둘리(쌍문),근린공원,쌍문동,서울특별시 도봉구 쌍문동 산 240-5,쌍문1동,37.65242986,127.0276385,264718
도봉구,월천근린공원,근린공원,창동,서울특별시 도봉구 창동 30,창4동,37.647271,127.052318,10712
도봉구,꽃동네,어린이공원,쌍문동,서울특별시 도봉구 쌍문동 286-32,쌍문1동,37.65060359,127.0229687,317
도봉구,노해,어린이공원,쌍문동,서울특별시 도봉구 쌍문동 85-7,쌍문2동,37.65132976,127.0335737,1019
도봉구,샛별,어린이공원,쌍문동,서울특별시 도봉구 쌍문동 315-362,쌍문3동,37.648073,127.029196,331
도봉구,둥근달,어린이공원,쌍문동,서울특별시 도봉구 쌍문동 139-101,쌍문3동,37.64970515,127.0301301,1013
도봉구,무궁화,어린이공원,방학동,서울특별시 도봉구 방학동 655-31,방학1동,37.6678,127.0421,1003
도봉구,사슴,어린이공원,방학동,서울특별시 도봉구 방학동 681-13,방학1동,37.6644568,127.0417367,970
도봉구,소망,어린이공원,방학동,서울특별시 도봉구 방학동 547,방학3동,37.66029179,127.0222644,973
도봉구,금성윗들,어린이공원,방학동,서울특별시 도봉구 방학동 717-1,방학1동,37.66773077,127.0449375,1289
도봉구,생잇들,어린이공원,방학동,서울특별시 도봉구 방학동 644-28,방학2동,37.66900475,127.039176,970
도봉구,개나리,어린이공원,방학동,서울특별시 도봉구 방학동 638-12,방학2동,37.66733162,127.0371368,960
도봉구,샘말,어린이공원,방학동,서울특별시 도봉구 방학동 612-28,방학2동,37.66812722,127.0315428,1085
도봉구,뒷말,어린이공원,방학동,서울특별시 도봉구 방학동 662-34,방학2동,37.66496533,127.0356152,1000
도봉구,꿈동산,어린이공원,창동,서울특별시 도봉구 창동 663-1,창1동,37.65028686,127.036861,1008
도봉구,은행나무,어린이공원,창동,서울특별시 도봉구 창동 347,창1동,37.64999808,127.0433017,3199
도봉구,반석,어린이공원,창동,서울특별시 도봉구 창동 354,창1동,37.64716834,127.0412891,2596
도봉구,밤골,어린이공원,창동,서울특별시 도봉구 창동 368,창1동,37.64881821,127.0455437,2279
도봉구,뱃골,어린이공원,창동,서울특별시 도봉구 창동 368,창1동,37.64881821,127.0455437,2319
도봉구,창골,어린이공원,창동,서울특별시 도봉구 창동 381,창1동,37.643075,127.048626,4236
도봉구,창고개,어린이공원,창동,서울특별시 도봉구 창동 608-5,창2동,37.64476713,127.039341,990
도봉구,다람쥐,어린이공원,창동,서울특별시 도봉구 창동 624-16,창2동,37.64520352,127.0349066,988
도봉구,장미,어린이공원,창동,서울특별시 도봉구 창동 553-8,창2동,37.638146,127.036365,1000
도봉구,달내,어린이공원,창동,서울특별시 도봉구 창동 630-4,창2동,37.642803,127.0352563,1001
도봉구,신창,어린이공원,창동,서울특별시 도봉구 창동 449-103,창3동,37.64005013,127.0408422,579
도봉구,물방울,어린이공원,창동,서울특별시 도봉구 창동 458-6,창3동,37.63771613,127.0413394,646
도봉구,효자,어린이공원,창동,서울특별시 도봉구 창동 1-10,창4동,37.65511059,127.0508313,1573
도봉구,유만,어린이공원,창동,서울특별시 도봉구 창동 33-4,창4동,37.65038208,127.0529523,1500
도봉구,모랫,어린이공원,창동,서울특별시 도봉구 창동 30-1,창4동,37.64683187,127.0517828,1500
도봉구,대창,어린이공원,창동,서울특별시 도봉구 창동 38-4,창4동,37.64436186,127.0522613,1500
도봉구,미화,어린이공원,창동,서울특별시 도봉구 창동 715-17,창5동,37.65501352,127.0396967,996
도봉구,창원,어린이공원,창동,서울특별시 도봉구 창동 307,창5동,37.65298653,127.0403959,2329
도봉구,무지개,어린이공원,도봉동,서울특별시 도봉구 도봉동 570-13,도봉1동,37.685648,127.045024,921
도봉구,해태,어린이공원,도봉동,서울특별시 도봉구 도봉동 614-37,도봉1동,37.67195803,127.0411999,962
도봉구,서원,어린이공원,도봉동,서울특별시 도봉구 도봉동 576-13,도봉1동,37.68386081,127.0432817,921
도봉구,새동네,어린이공원,도봉동,서울특별시 도봉구 도봉동 289-5,도봉1동,37.68889354,127.0431764,1289
도봉구,무수,어린이공원,도봉동,서울특별시 도봉구 도봉동 585,도봉1동,37.68154186,127.0428342,1003
도봉구,갈대밭,어린이공원,도봉동,서울특별시 도봉구 도봉동 629-6,도봉2동,37.67761781,127.0493276,973
도봉구,누원,어린이공원,도봉동,서울특별시 도봉구 도봉동 626,도봉2동,37.67739606,127.0471641,1515
도봉구,쌍문1구역,소공원,쌍문동,서울특별시 도봉구 쌍문동 732,쌍문1동,37.64788419,127.0240704,118790
도봉구,창2마을공원,소공원,창동,서울특별시 도봉구 창동 582-22,창2동,37.64135474,127.0361404,310430
도봉구,창3마을공원,소공원,창동,서울특별시 도봉구 창동 504-21,창3동,37.63310961,127.0411969,331400
도봉구,무수울,소공원,도봉동,서울특별시 도봉구 도봉동 470-13,도봉1동,37.67823258,127.0361831,161
도봉구,무수골,소공원,도봉동,서울특별시 도봉구 도봉동 427-89,도봉1동,37.67872504,127.0395213,854
도봉구,방학,소공원,방학동,서울특별시 도봉구 방학동 304-20,방학2동,37.66309614,127.0322564,305
도봉구,학골,소공원,방학동,서울특별시 도봉구 방학동 735-4,방학1동,37.66179652,127.0367282,149
도봉구,다락원체육공원,체육공원,도봉동,서울특별시 도봉구 도봉동 8,도봉2동,37.69154967,127.0470117,49830
도봉구,서울창포원,기타,도봉동,서울특별시 도봉구 도봉동 4-1,도봉2동,37.6895,127.0471623,51146
동대문구,청량,근린공원,청량리동,서울특별시 동대문구 청량리동 산1-1,청량리동,37.59573175,127.0448296,119871
동대문구,우산각,어린이공원,신설동,서울특별시 동대문구 신설동 109-4,신설동,37.57385655,127.0241852,5294.2
동대문구,느티나무,어린이공원,용두동,서울특별시 동대문구 용두동 138-61,용두동,37.57898555,127.032565,1719
동대문구,안골,어린이공원,장안동,서울특별시 동대문구 장안동 402,장안1동,37.56526436,127.0643819,1652.3
동대문구,마로니에,어린이공원,장안동,서울특별시 동대문구 장안동 325,장안2동,37.5749393,127.0737198,1656.2
동대문구,늘푸른,어린이공원,장안동,서울특별시 동대문구 장안동 303,장안2동,37.57618959,127.0715754,1653.1
동대문구,늘봄,어린이공원,장안동,서울특별시 동대문구 장안동 343,장안2동,37.5713224,127.0725893,1659.2
동대문구,한내,어린이공원,장안동,서울특별시 동대문구 장안동 348,장안2동,37.56789456,127.0711623,1617.2
동대문구,이삭,어린이공원,전농동,서울특별시 동대문구 전농동 675,전농1동,37.57874969,127.0495026,354.2
동대문구,쉼터,어린이공원,답십리동,서울특별시 동대문구 답십리동 952-5,답십리2동,37.56484697,127.0593171,1695
동대문구,장안,근린공원,장안동,서울특별시 동대문구 장안동 300,장안2동,37.57716529,127.0709026,14744.8
동대문구,장평,근린공원,장안동,서울특별시 동대문구 장안동 356,장안1동,37.56748813,127.0737398,15698.4
동대문구,미나리,어린이공원,장안동,서울특별시 동대문구 장안동 449,장안1동,37.5638584,127.067902,1636.3
동대문구,장미,어린이공원,장안동,서울특별시 동대문구 장안동 386,장안1동,37.5716162,127.0691872,1652.8
동대문구,샛별,어린이공원,장안동,서울특별시 동대문구 장안동 379,장안1동,37.5678428,127.0674928,1652.9
동대문구,천장,어린이공원,이문동,서울특별시 동대문구 이문동 264-181,이문1동,37.59889444,127.0538436,1656
동대문구,홍릉,근린공원,청량리동,서울특별시 동대문구 청량리동 산1-145,청량리동,37.58958379,127.0435376,102920
동대문구,답십리,근린공원,답십리동,서울특별시 동대문구 답십리동 산2-9,답십리2동,37.57332011,127.0638172,160857.6
동대문구,배봉산,근린공원,전농동,서울특별시 동대문구 전농동 산32-20,전농2동,37.58121225,127.0675943,232813.7
동대문구,미리내,어린이공원,장안동,서울특별시 동대문구 장안동 93-29,장안2동,37.5806911,127.0717358,833
동대문구,이슬,어린이공원,장안동,서울특별시 동대문구 장안동 190-62,장안1동,37.5678099,127.0635673,336
동대문구,용머리,어린이공원,용두동,서울특별시 동대문구 용두동 696-8,용두동,37.57276909,127.0365661,738.5
동대문구,장일,어린이공원,장안동,서울특별시 동대문구 장안동 164-1,장안1동,37.5698546,127.0651081,992
동대문구,아름,어린이공원,휘경동,서울특별시 동대문구 휘경동 43-275,휘경2동,37.5868279,127.0693157,1116
동대문구,동산,어린이공원,답십리동,서울특별시 동대문구 답십리동 998-1,답십리2동,37.5668782,127.0575108,1359.2
동대문구,용두희망,어린이공원,용두동,서울특별시 동대문구 용두동 715,신설동,37.58018269,127.0267395,1291
동대문구,방아다리,어린이공원,제기동,서울특별시 동대문구 제기동 132-1,제기동,37.5851297,127.034885,1537
동대문구,용두,근린공원,용두동,서울특별시 동대문구 용두동 34-1,용두동,37.57324573,127.0401114,17182
동대문구,텃골,근린공원,전농동,서울특별시 동대문구 전농동 553-1,전농1동,37.5775463,127.051609,5282.7
동대문구,새샘,근린공원,답십리동,서울특별시 동대문구 답십리동 294-69,답십리1동,37.5689696,127.0549292,8910.1
동대문구,장령당,소공원,답십리동,서울특별시 동대문구 답십리동 1004-4,답십리1동,37.5697319,127.0534939,1424.1
동대문구,휘봉,어린이공원,휘경동,서울특별시 동대문구 휘경동 43-275,휘경2동,37.58689393,127.069321,1398
동대문구,꿈동산,어린이공원,답십리동,서울특별시 동대문구 답십리동 1002-1,답십리1동,37.57329025,127.0458182,1570.7
동대문구,작은언덕,소공원,회기동,서울특별시 동대문구 회기동 351-6,회기동,37.5893275,127.0540547,400
동대문구,아름드리,어린이공원,전농동,서울특별시 동대문구 전농동 688-7,전농2동,37.57902483,127.0596823,2626.5
동대문구,선농단,역사공원,제기동,서울특별시 동대문구 제기동 274-1,제기동,37.58118377,127.0318885,3933
동대문구,내길,소공원,휘경동,서울특별시 동대문구 휘경동 368-4,휘경2동,37.59029026,127.0650995,514.9
동대문구,진달래,어린이공원,휘경동,서울특별시 동대문구 휘경동 49-384,휘경2동,37.58449851,127.0686626,2345
동대문구,솔바람,소공원,용두동,서울특별시 동대문구 용두동 794-1,용두동,37.57991757,127.030411,1763.2
동대문구,샛말,어린이공원,전농동,서울특별시 동대문구 전농동 695-1,전농1동,37.57749,127.0501308,2545
동대문구,새움,어린이공원,답십리동,서울특별시 동대문구 답십리동 1009-1,답십리1동,37.57076016,127.0486741,2107
동대문구,휘경,어린이공원,휘경동,서울특별시 동대문구 휘경동 372-2,휘경1동,37.59351092,127.0678028,3426.3
동대문구,장이,소공원,장안동,서울특별시 동대문구 장안동 587-1,장안2동,37.57441814,127.0705664,1403.6
동대문구,휘경마당,소공원,휘경동,서울특별시 동대문구 휘경동 375-1,휘경1동,37.59108223,127.0611301,654
동대문구,미르,어린이공원,용두동,서울특별시 동대문구 용두동 795-2,신설동,37.57114658,127.0285473,4063
동대문구,하늘구름,소공원,용두동,서울특별시 동대문구 용두동 765-12,신설동,37.5789782,127.026565,1865
동대문구,중산,소공원,답십리동,서울특별시 동대문구 답십리동 53-43,답십리2동,37.57234275,127.0583286,142
동대문구,간데메,근린공원,답십리동,서울특별시 동대문구 답십리동 471,답십리1동,37.57278098,127.0490643,15179.7
동대문구,푸르미르,기타,용두동,서울특별시 동대문구 용두동 798-2,용두동,37.57786417,127.0431956,3303.9
동대문구,한별,어린이공원,용두동,서울특별시 동대문구 용두동 795-1,신설동,37.571552,127.0281015,1857.2
동대문구,답십리제17구역,소공원,답십리동,서울특별시 동대문구 답십리동 14-24,답십리2동,37.56678294,127.0595004,674
동대문구,이문1구역 어린이공원,어린이공원,이문동,서울특별시 동대문구 이문동 264-421,이문1동,37.60072847,127.0573078,1749
동대문구,이문1구역 소공원(1),소공원,이문동,서울특별시 동대문구 이문동 393-1,이문1동,37.60059807,127.057949,6000
동대문구,이문1구역 소공원(2),소공원,이문동,서울특별시 동대문구 이문동 255-116,이문1동,37.60270404,127.0617079,1479
동작구,제비,어린이공원,대방동,서울특별시 동작구 대방동 362-11,대방동,37.506438,126.925844,1813.9
동작구,상도,근린공원,상도동,서울특별시 동작구 상도동 산75,상도3동,37.49321807,126.9384079,359342.8
동작구,노량진,근린공원,노량진동,서울특별시 동작구 노량진동 225-291,노량진2동,37.509371,126.943688,413203
동작구,용봉정,근린공원,본동,"서울특별시 동작구 본동 산3-9일대, 흑석동 141-2일대",노량진1동,37.511663,126.958792,80804.2
동작구,현충,근린공원,사당동,서울특별시 동작구 사당동 산24-17,사당3동,37.48538566,126.9757312,1106402.2
동작구,사육신,역사공원,노량진동,서울특별시 동작구 노량진동 155-1,노량진1동,37.51345628,126.9494127,47832
동작구,꿈동산,어린이공원,상도동,서울특별시 동작구 상도동 426,상도1동,37.50336478,126.9543235,613.8
동작구,해님,어린이공원,상도1동,서울특별시 동작구 상도1동 424,상도1동,37.5015852,126.951273,876
동작구,별님,어린이공원,상도동,서울특별시 동작구 상도4동 211-415,상도4동,37.498885,126.944953,259
동작구,삼일,근린공원,사당동,서울특별시 동작구 사당동 산32,사당5동,37.483419,126.966736,36660
동작구,까치,어린이공원,사당동,서울특별시 동작구 사당동 1028-1,사당1동,37.48053895,126.979537,1604.3
동작구,까치산,근린공원,흑석동,서울특별시 동작구 흑석동141-2일대,흑석동,37.51066813,126.9627656,384026
동작구,은하수,어린이공원,신대방동,서울특별시 동작구 신대방동 492-222외 1,신대방1동,37.494528,126.912513,4726
동작구,장미,어린이공원,상도동,서울특별시 동작구 상도동 380-2,상도3동,37.49366825,126.936031,410.5
동작구,노루,어린이공원,사당동,서울특별시 동작구 사당동 316-23,사당4동,37.48182555,126.974225,337
동작구,새싹,어린이공원,사당동,서울특별시 동작구 사당동 316-33,사당4동,37.479905,126.973124,780
동작구,꿈돌이,어린이공원,사당동,서울특별시 동작구 사당동 300-26,사당4동,37.48033513,126.9699916,761
동작구,동산,어린이공원,사당동,서울특별시 동작구 사당동 1000,사당4동,37.47945513,126.9697982,466.1
동작구,토끼,어린이공원,사당동,서울특별시 동작구 사당동 1000-13,사당4동,37.47817735,126.970241,821.7
동작구,참새,어린이공원,대방동,서울특별시 동작구 대방동 414-29 외 5,대방동,37.498336,126.921885,2982.7
동작구,양지,어린이공원,사당동,서울특별시 동작구 사당동 316-37,사당1동,37.4798868,126.974021,568
동작구,새벽,어린이공원,상도동,서울특별시 동작구 상도동 335-141,상도3동,37.50092249,126.930155,496
동작구,옹달샘,어린이공원,상도동,서울특별시 동작구 상도동 299-193,상도3동,37.49518283,126.929617,445
동작구,동작주차,근린공원,동작동,서울특별시 동작구 동작동 326외 1,사당2동,37.503828,126.977294,42220
동작구,샛별,어린이공원,사당동,서울특별시 동작구 사당동 1144,사당5동,37.48740186,126.965401,344.7
동작구,반달,어린이공원,사당동,서울특별시 동작구 사당동 233-12,사당5동,37.48355007,126.967932,182
동작구,늘푸른,어린이공원,사당동,서울특별시 동작구 사당동 산32-76,사당5동,37.48244858,126.9690493,1503
동작구,본동,어린이공원,본동,서울특별시 동작구 본동 483,노량진1동,37.51062857,126.9544535,2195.5
동작구,개나리,어린이공원,사당동,서울특별시 동작구 사당동 1138-1,사당5동,37.48622359,126.965684,454
동작구,청명,어린이공원,신대방동,서울특별시 동작구 신대방동 719-1,신대방1동,37.487572,126.9080022,1024
동작구,해당화,어린이공원,신대방동,서울특별시 동작구 신대방동 719-3,신대방1동,37.48687458,126.905905,374
동작구,비계,소공원,흑석동,서울특별시 동작구 흑석동 335-7,흑석동,37.505468,126.966378,298.4
동작구,태양,어린이공원,상도동,서울특별시 동작구 상도동 527-1외 2,상도2동,37.506795,126.944663,1514.5
동작구,서달,소공원,흑석동,서울특별시 동작구 흑석동 339-4,흑석동,37.50115916,126.9599134,254.8
동작구,희망,어린이공원,동작동,서울특별시 동작구 동작동 333-3,사당2동,37.49388882,126.9801298,2654.3
동작구,남성,소공원,사당동,서울특별시 동작구 사당동 1131-17(영아),사당3동,37.48499215,126.9721592,924.1
동작구,충효,소공원,본동,서울특별시 동작구 본동 494-9,노량진1동,37.51401526,126.950109,1081.8
동작구,꿈나무,어린이공원,상도동,서울특별시 동작구 상도동 521-1,상도2동,37.50329035,126.9427329,1500
동작구,빙수골,소공원,상도동,서울특별시 동작구 상도동 296-6,상도3동,37.49668291,126.932279,822
동작구,국화원,소공원,상도동,서울특별시 동작구 상도동 529-1 상도두산위브아파트,상도2동,37.50479617,126.942298,757
동작구,흐리목,소공원,상도동,서울특별시 동작구 상도동 531-2,상도1동,37.49448602,126.9530398,1869.7
동작구,까망돌,어린이공원,흑석동,서울특별시 동작구 흑석동 335-10,흑석동,37.506578,126.964102,1904.5
동작구,해밀,어린이공원,사당동,서울특별시 동작구 사당동 1157-1,사당3동,37.48852684,126.9744312,2392
동작구,영도,소공원,상도동,서울특별시 동작구 상도동 535-6,상도2동,37.50338581,126.9411913,1737
동작구,나비,소공원,상도동,서울특별시 동작구 상도동 535-3,상도2동,37.50334639,126.943593,564.1
동작구,꽃담길,소공원,상도동,서울특별시 동작구 상도동 25-8,상도2동,37.505644,126.942102,206
동작구,흑석,소공원,흑석동,서울특별시 동작구 흑석동 186-135,흑석동,37.50916104,126.957863,442
동작구,칸나,소공원,신대방동,서울특별시 동작구 신대방동 698,신대방1동,37.48562691,126.9043083,241
동작구,꿈나래,어린이공원,상도동,서울특별시 동작구 상도동 36-1,상도2동,37.5052677,126.9481801,1720.2
동작구,새빛,소공원,사당동,서울특별시 동작구 사당동 164-1,사당3동,37.48733571,126.9744112,1680
동작구,까막골,소공원,흑석동,서울특별시 동작구 흑석동 231-31,흑석동,37.5045058,126.9605347,1420.1
동작구,비둘기,어린이공원,상도1동,서울특별시 동작구 상도1동 558,상도1동,37.505903,126.9517486,2114.7
마포구,현석어린이공원,어린이공원,현석동,서울특별시 마포구 현석동 1-5,신수동,37.544342,126.933325,1622
마포구,창전어린이공원,어린이공원,창전동,서울특별시 마포구 창전동 35-28,서강동,37.550161,126.929162,1185
마포구,와우어린이공원,어린이공원,상수동,서울특별시 마포구 상수동 72-7,서강동,37.548829,126.925356,2924
마포구,서교어린이공원,어린이공원,서교동,서울특별시 마포구 서교동 391-1,서교동,37.552019,126.915475,1761
마포구,잔다리어린이공원,어린이공원,서교동,서울특별시 마포구 서교동 479-1,서교동,37.554524,126.9125323,774
마포구,윗잔다리어린이공원,어린이공원,동교동,서울특별시 마포구 동교동 168-1,서교동,37.557013,126.925668,3251
마포구,동교어린이공원,어린이공원,동교동,서울특별시 마포구 동교동 197-17,서교동,37.560093,126.923451,978
마포구,합정어린이공원,어린이공원,서교동,서울특별시 마포구 서교동 489,서교동,37.551673,126.913138,3005
마포구,양화어린이공원,어린이공원,합정동,서울특별시 마포구 합정동 394-1,합정동,37.55035357,126.908449,1388
마포구,한마음어린이공원,어린이공원,망원동,서울특별시 마포구 망원동 381-1,망원1동,37.554689,126.908012,770
마포구,옹달샘어린이공원,어린이공원,망원동,서울특별시 마포구 망원동 408-3,망원1동,37.555005,126.902213,1134
마포구,두리어린이공원,어린이공원,망원동,서울특별시 마포구 망원2동 436-1,망원2동,37.560249,126.901287,1007
마포구,망원새싹어린이공원,어린이공원,망원동,서울특별시 마포구 망원2동 509-1,망원2동,37.559072,126.898531,559
마포구,느티나무어린이공원,어린이공원,연남동,서울특별시 마포구 연남동 563-5,연남동,37.559509,126.918717,993
마포구,은행나무어린이공원,어린이공원,연남동,서울특별시 마포구 연남동 250-1,연남동,37.564634,126.922412,994
마포구,다솜어린이공원,어린이공원,성산동,서울특별시 마포구 성산동 113-2,성산1동,37.562273,126.915497,975
마포구,뒤뜰어린이공원,어린이공원,성산동,서울특별시 마포구 성산동 588-8,성산1동,37.563171,126.909337,530
마포구,외주목어린이공원,어린이공원,성산동,서울특별시 마포구 성산동 587-18 일대,성산1동,37.562753,126.907962,263
마포구,성메어린이공원,어린이공원,성산동,서울특별시 마포구 성산동 667-1,성산2동,37.568099,126.914835,640
마포구,성황당어린이공원,어린이공원,성산동,서울특별시 마포구 성산동 147-5,성산2동,37.569036,126.907328,1367
마포구,큰길어린이공원,어린이공원,성산동,서울특별시 마포구 성산동 200-50,성산2동,37.567792,126.9082419,942
마포구,쌍둥이어린이공원,어린이공원,성산동,서울특별시 마포구 성산동 200-335,성산2동,37.565742,126.906753,905
마포구,성사천어린이공원,어린이공원,성산동,서울특별시 마포구 성산동 199-11,성산2동,37.565373,126.904868,166
마포구,중동소어린이공원,어린이공원,중동,서울특별시 마포구 중동 36-27,성산2동,37.57067636,126.906726,779
마포구,중동어린이공원,어린이공원,중동,서울특별시 마포구 중동 228,성산2동,37.568461,126.910438,377
마포구,샘터어린이공원,어린이공원,중동,서울특별시 마포구 중동 36-34,성산2동,37.569894,126.906749,123
마포구,개나리어린이공원,어린이공원,중동,서울특별시 마포구 중동 40-5 일대,성산2동,37.569918,126.909182,1481
마포구,새누리어린이공원,어린이공원,상암동,서울특별시 마포구 상암동 1619,상암동,37.575503,126.898226,2897
마포구,휴암어린이공원,어린이공원,상암동,서울특별시 마포구 상암동 14-5,상암동,37.577136,126.895662,921
마포구,부엉바위어린이공원,어린이공원,상암동,서울특별시 마포구 상암동 1636,상암동,37.575395,126.892472,1511
마포구,물치어린이공원,어린이공원,상암동,서울특별시 마포구 상암동 1656,상암동,37.577694,126.887921,1522
마포구,귀리어린이공원,어린이공원,상암동,서울특별시 마포구 상암동 1681,상암동,37.581473,126.880714,1504
마포구,상암공원,근린공원,상암동,서울특별시 마포구 상암동 산26-39,상암동,37.578696,126.883265,161153
마포구,매봉산공원,근린공원,상암동,서울특별시 마포구 상암동 1631,상암동,37.573807,126.8955799,13137
마포구,구룡공원,근린공원,상암동,서울특별시 마포구 상암동 1583,상암동,37.582791,126.883713,14287
마포구,와우공원,근린공원,창전동,서울특별시 마포구 창전동 3-231 등 59필지,서강동,37.552344,126.928984,73590
마포구,부엉이공원,근린공원,상암동,서울특별시 마포구 상암동 1735,상암동,37.58464695,126.8832829,17640
마포구,성산공원,근린공원,성산동,서울특별시 마포구 성산동 산11-1 등 38필지,성산1동,37.562212,126.909895,103962
마포구,쌍룡산공원,근린공원,아현동,서울특별시 마포구 아현동 768,아현동,37.552928,126.950388,5791
마포구,샛터공원,근린공원,성산동,서울특별시 마포구 성산동 200-326 등 19필지,성산2동,37.566196,126.906188,31100
마포구,노고산공원,근린공원,신수동,서울특별시 마포구 대흥동 산1-30등17필지,대흥동,37.551503,126.943063,528936
마포구,큰더기어린이공원,어린이공원,공덕동,서울특별시 마포구 공덕동 470-1,아현동,37.550169,126.953199,1949
마포구,공덕역어린이공원,어린이공원,공덕동,"서울특별시 마포구 공덕동 467-1,2,3",아현동,37.545107,126.951301,2435
마포구,마포어린이공원,어린이공원,마포동,서울특별시 마포구 마포동 350-5,도화동,37.535803,126.943667,2030
마포구,복사꽃어린이공원,어린이공원,도화동,서울특별시 마포구 도화동 533,도화동,37.538935,126.946352,1553
마포구,도화소어린이공원,어린이공원,도화동,서울특별시 마포구 도화동 540,용강동,37.541053,126.945355,1646
마포구,삼개어린이공원,어린이공원,도화동,서울특별시 마포구 도화동 555-1,용강동,37.540357,126.945076,3029
마포구,대흥어린이공원,어린이공원,대흥동,서울특별시 마포구 대흥동 660-1,용강동,37.543749,126.943687,1486
마포구,목련어린이공원,어린이공원,상암동,서울특별시 마포구 상암동 1742,상암동,37.58737473,126.880225,1501
마포구,산수유어린이공원,어린이공원,상암동,서울특별시 마포구 상암동 1744,상암동,37.585485,126.879008,2011
마포구,산딸나무어린이공원,어린이공원,상암동,서울특별시 마포구 상암동 1753,상암동,37.583547,126.877927,1499
마포구,애오개도담어린이공원,어린이공원,아현동,서울특별시 마포구 아현동 800-6,공덕동,37.553433,126.958529,3212
마포구,쌍룡산어린이공원,어린이공원,아현동,서울특별시 마포구 아현동 769,아현동,37.552173,126.950512,5911
마포구,토정어린이공원,어린이공원,용강동,서울특별시 마포구 용강동 63-2,용강동,37.540558,126.943411,2631
마포구,애오개어린이공원,어린이공원,아현동,서울특별시 마포구 아현동 802번지 일대,공덕동,37.555353,126.958672,1424
마포구,망원어린이공원,어린이공원,망원동,서울특별시 마포구 망원동 458-64,망원1동,37.552132,126.904303,2862
마포구,광흥창어린이공원,어린이공원,창전동,서울특별시 마포구 창전동 26-1,서강동,37.549512,126.930846,1353
마포구,신수어린이공원,어린이공원,신수동,서울특별시 마포구 신수동 95-5일원,신수동,37.550366,126.933878,3792.2
마포구,염리어린이공원,어린이공원,염리동,서울특별시 마포구 염리동 533-10,염리동,37.549782,126.9464197,1933
마포구,공덕소공원,소공원,공덕동,서울특별시 마포구 공덕동 475-1일대,공덕동,37.548506,126.954637,1310
마포구,만리재소공원,소공원,신공덕동,서울특별시 마포구 신공덕동 176,공덕동,37.544438,126.955226,883
마포구,단풍소공원,소공원,공덕동,서울특별시 마포구 공덕동 470-3,아현동,37.548729,126.953344,274
마포구,아현새싹소공원,소공원,아현동,서울특별시 마포구 아현동 786,아현동,37.551847,126.954409,613
마포구,아현초록소공원,소공원,아현동,서울특별시 마포구 아현동 776,아현동,37.554389,126.953208,1035
마포구,용강나루소공원,소공원,용강동,서울특별시 마포구 용강동 506,용강동,37.541863,126.942271,1088
마포구,용강소공원,소공원,용강동,서울특별시 마포구 용강동 507,용강동,37.543026,126.940308,951
마포구,대흥소공원,소공원,대흥동,서울특별시 마포구 대흥동 804-4,대흥동,37.548567,126.941091,1820
마포구,복자기소공원,소공원,신수동,서울특별시 마포구 신수동 460,신수동,37.545885,126.936601,707
마포구,상수나루소공원,소공원,상수동,서울특별시 마포구 상수동 402-2,서강동,37.54610993,126.926336,1359
마포구,상수소공원,소공원,상수동,서울특별시 마포구 상수동 399,서강동,37.545926,126.927163,1413
마포구,산사나무소공원,소공원,상암동,서울특별시 마포구 상암동 1618-1,상암동,37.575268,126.896265,714
마포구,현석소공원,소공원,현석동,서울특별시 마포구 현석동 225-2일대,신수동,37.542983,126.934492,6038
마포구,노고산소공원,소공원,노고산동,서울특별시 마포구 노고산동 57-53,서교동,37.555063,126.935013,1510
마포구,무쇠막소공원,소공원,노고산동,서울특별시 마포구 노고산동 123-1일원,대흥동,37.552612,126.934174,449.1
마포구,독막소공원,소공원,대흥동,서울특별시 마포구 대흥동 18-101일대,대흥동,37.554491,126.943779,2626
마포구,아소정소공원,소공원,공덕동,서울특별시 마포구 공덕동 479-1,아현동,37.545468,126.9481693,1454.8
마포구,큰우물소공원,소공원,공덕동,서울특별시 마포구 공덕동 479-4,아현동,37.545536,126.9496393,547.4
마포구,소금동네소공원,소공원,염리동,서울특별시 마포구 염리동 532-8,염리동,37.554097,126.9462813,1217.9
마포구,쌍룡산소공원,소공원,염리동,서울특별시 마포구 염리동 533-1,염리동,37.55174941,126.9501341,885.9
마포구,밤섬문화공원,문화공원,신정동,서울특별시 마포구 신정동 76-1,신수동,37.542784,126.931869,1638
마포구,서강나루문화공원,문화공원,창전동,서울특별시 마포구 창전동 165-5,서강동,37.54527293,126.931077,2429
마포구,당인동문화공원,문화공원,당인동,서울특별시 마포구 당인동 27-9,서강동,37.545411,126.920154,301
마포구,가온문화공원,문화공원,상암동,서울특별시 마포구 상암동 1594,상암동,37.581827,126.887611,4631
마포구,DMC문화공원,문화공원,상암동,서울특별시 마포구 상암동 1611,상암동,37.578087,126.892245,3829
마포구,물빛문화공원,문화공원,상암동,서울특별시 마포구 상암동 1608+1609,상암동,37.58003606,126.893162,5827
마포구,휴암문화공원,문화공원,상암동,서울특별시 마포구 상암동 670,상암동,37.584722,126.8781707,5285
마포구,홍익문화공원,문화공원,서교동,서울특별시 마포구 서교동 359,서교동,37.552186,126.922987,2230
마포구,양화진역사공원,역사공원,합정동,서울특별시 마포구 합정동 139-21 일대,합정동,37.545546,126.911201,4804
마포구,외국인묘지공원,묘지공원,합정동,서울특별시 마포구 합정동145-3 등 10필지,합정동,37.546524,126.911775,13224
마포구,아현어울림소공원,소공원,아현동,서울특별시 마포구 아현동 591-62일대,아현동,37.5563985,126.9507057,4429.6
서대문구,궁동,근린공원,연희동,서울특별시 서대문구 연희동 산118-1,연희동,37.56861286,126.9196524,126026
서대문구,독립,근린공원,현저동,서울특별시 서대문구 현저동 101,천연동,37.57460851,126.9556118,113021.7
서대문구,백련,근린공원,홍은동,서울특별시 서대문구 홍은동 산11-313,홍은2동,37.59062231,126.9333664,993724
서대문구,복주산,근린공원,북가좌동,서울특별시 서대문구 북아현동176-25,북가좌1동,37.574878,126.913075,11430
서대문구,중앙,근린공원,북가좌동,서울특별시 서대문구 북가좌동 480,북가좌1동,37.57514307,126.9133826,15466
서대문구,창천,근린공원,창천동,서울특별시 서대문구 창천동 4-55,신촌동,37.55787373,126.9402803,6322
서대문구,홍제,근린공원,홍제동,서울특별시 서대문구 홍제동 454-2,홍제3동,37.59485485,126.9530472,9888
서대문구,대현,문화공원,대현동,서울특별시 서대문구 대현동 146,신촌동,37.55779769,126.9454775,3063.9
서대문구,독립문,문화공원,창천동,서울특별시 서대문구 영천동 265,신촌동,37.556869,126.935113,2635
서대문구,창천,문화공원,창천동,서울특별시 서대문구 창천동 57-18,신촌동,37.55685968,126.935118,2326.9
서대문구,구청3별관,소공원,연희동,서울특별시 서대문구 연희동 169-32,연희동,37.57944097,126.9359587,357
서대문구,기차길옆,소공원,합동,서울특별시 서대문구 합동 118-1,충현동,37.56222543,126.9653523,381.3
서대문구,남가좌동소공원,소공원,남가좌동,서울특별시 서대문구 남가좌동 388-7,남가좌2동,37.58070936,126.9196879,402
서대문구,무궁화,소공원,홍제동,서울특별시 서대문구 홍제동 451-1,홍제3동,37.594565,126.94881,672
서대문구,문화,소공원,홍제동,서울특별시 서대문구 홍제동 280-2,홍제3동,37.59467058,126.948759,1456
서대문구,아름다운,소공원,홍제동,서울특별시 서대문구 홍제동 469-1,홍제1동,37.58485193,126.9471888,441.5
서대문구,아현역,소공원,남가좌동,서울특별시 서대문구 북아현동136-3,남가좌2동,37.58076,126.919715,563
서대문구,연가,소공원,남가좌동,서울특별시 서대문구 남가좌동 388-7,남가좌2동,37.58070936,126.9196879,402
서대문구,하늘,소공원,남가좌동,서울특별시 서대문구 홍은동 445-3,남가좌1동,37.571701,126.91542,1375
서대문구,한울,소공원,남가좌동,서울특별시 서대문구 남가좌동 382-5,남가좌1동,37.57084404,126.9165656,1006
서대문구,홍은3,소공원,홍은동,서울특별시 서대문구 홍은동 산1-549,홍은1동,37.59965931,126.9433995,747
서대문구,홍은14구역,소공원,홍은동,서울특별시 서대문구 홍은동 24-12,홍은2동,37.59278,126.940705,1371
서대문구,홍은1구역,소공원,홍은동,서울특별시 서대문구 홍은동 97-9,홍은2동,37.59276486,126.9407005,841
서대문구,홍은6구역1,소공원,홍은동,서울특별시 서대문구 홍은동 13-39,홍은1동,37.60062119,126.9444938,396
서대문구,홍은6구역2,소공원,홍은동,서울특별시 서대문구 홍은동 15-27,홍은1동,37.59943376,126.9443681,299
서대문구,홍제2구역,소공원,홍제동,서울특별시 서대문구 홍제동 156-145,홍제3동,37.589198,126.946179,188
서대문구,홍제제3구역 소공원,소공원,홍제동,서울특별시 서대문구 홍제동 237-2,홍제3동,37.58920185,126.9461696,2922
서대문구,가재울,어린이공원,남가좌동,서울특별시 서대문구 남가좌동 385-2,남가좌1동,37.57309232,126.9191177,9508
서대문구,가좌,어린이공원,남가좌동,서울특별시 서대문구 남가좌동 376-4,남가좌2동,37.57584995,126.9205374,1665
서대문구,갈매연,어린이공원,남가좌동,서울특별시 서대문구 남가좌동 377,남가좌2동,37.57849412,126.9173896,1653
서대문구,거꾸로,어린이공원,북가좌동,서울특별시 서대문구 북가좌동 338-21,북가좌2동,37.58503469,126.9132171,1125.3
서대문구,궁뜰,어린이공원,연희동,서울특별시 서대문구 연희동 123-5,연희동,37.56901942,126.9304024,983.8
서대문구,궁말,어린이공원,연희동,서울특별시 서대문구 연희동 86-3,연희동,37.57108714,126.9336096,886.9
서대문구,나비울,어린이공원,북가좌동,서울특별시 서대문구 북가좌동 475,북가좌1동,37.57480967,126.9096221,6757
서대문구,남가좌동,어린이공원,남가좌동,서울특별시 서대문구 남가좌동 224-114,남가좌2동,37.579075,126.919683,4144
서대문구,남이마을,어린이공원,남가좌동,서울특별시 서대문구 남가좌동 368,남가좌2동,37.57904267,126.9196433,1397.6
서대문구,너른바위,어린이공원,연희동,서울특별시 서대문구 북아현동 216-37,연희동,37.576082,126.93442,2592.2
서대문구,다람쥐,어린이공원,연희동,서울특별시 서대문구 연희동 151-49,연희동,37.57608749,126.9344228,595
서대문구,대궐재,어린이공원,연희동,서울특별시 서대문구 연희동 73-8,연희동,37.57403227,126.9370981,971.9
서대문구,동구물,어린이공원,연희동,서울특별시 서대문구 연희동 109-2,연희동,37.57135887,126.9280647,275
서대문구,명수,어린이공원,북아현동,서울특별시 서대문구 북아현동 210-24,북아현동,37.56009943,126.9507473,2269
서대문구,모래내,어린이공원,남가좌동,서울특별시 서대문구 남가좌동 383-2,남가좌1동,37.57238084,126.9137262,1766.3
서대문구,모랫재,어린이공원,홍제동,서울특별시 서대문구 홍제동 156-363,홍제1동,37.58298943,126.9447011,529
서대문구,문화촌,어린이공원,홍제동,서울특별시 서대문구 홍제동 277-82,홍제3동,37.59512829,126.9473904,1500
서대문구,바람산,어린이공원,창천동,서울특별시 서대문구 창천동 4-54,신촌동,37.55826215,126.9402044,627.1
서대문구,백련,어린이공원,홍은동,서울특별시 서대문구 홍은동 421-1,홍은2동,37.58227473,126.9240161,985.8
서대문구,북가좌정원지구,어린이공원,북가좌동,서울특별시 서대문구 북가좌동 459-1,북가좌2동,37.57979057,126.9167807,1869
서대문구,북성,어린이공원,북아현동,서울특별시 서대문구 북아현동 1013-4,북아현동,37.55853485,126.9516608,2357
서대문구,불천,어린이공원,홍제동,서울특별시 서대문구 홍제동 287-121,홍제3동,37.59744131,126.9481431,2006
서대문구,상암곡,어린이공원,홍제동,서울특별시 서대문구 홍제동 322-72,홍제1동,37.58287526,126.9422298,294
서대문구,솟대,어린이공원,남가좌동,서울특별시 서대문구 남가좌동 379-3,남가좌1동,37.57273361,126.9128368,1474.5
서대문구,신가,어린이공원,북가좌동,서울특별시 서대문구 북가좌동 318-1,북가좌2동,37.58016375,126.908353,993.4
서대문구,실락,어린이공원,홍은동,서울특별시 서대문구 홍은동 455-4,홍은1동,37.59449835,126.9433887,17452
서대문구,연남,어린이공원,남가좌동,서울특별시 서대문구 남가좌동 326-8,남가좌2동,37.5782157,126.9253083,991.7
서대문구,연서,어린이공원,연희동,서울특별시 서대문구 연희동 519-7,연희동,37.57210598,126.9233003,1582
서대문구,연희,어린이공원,연희동,서울특별시 서대문구 연희동 446-182,연희동,37.56772229,126.9214883,661
서대문구,연희1구역(연희파크푸르지오),어린이공원,연희동,서울특별시 서대문구 연희동 717-17,연희동,37.576664,126.930031,2053
서대문구,연희푸르지오어린이공원,어린이공원,북가좌동,서울특별시 서대문구 연희동 717-50,북가좌2동,37.582713,126.919494,2053
서대문구,은가,어린이공원,북가좌동,서울특별시 서대문구 북가좌동 3-39,북가좌2동,37.58280507,126.9194629,1312
서대문구,한성,어린이공원,북가좌동,서울특별시 서대문구 북아현동 147-48,북가좌2동,37.582423,126.910475,2240.8
서대문구,해담는,어린이공원,북가좌동,서울특별시 서대문구 북가좌동 325-20,북가좌2동,37.58242478,126.9104653,793
서대문구,홍남,어린이공원,홍은동,서울특별시 서대문구 홍은동 405-3,홍은2동,37.57799128,126.9291887,970.9
서대문구,홍연,어린이공원,홍은동,서울특별시 서대문구 홍은동 408-4,홍은2동,37.58012707,126.9268015,965.1
서대문구,홍은동,어린이공원,홍은동,서울특별시 서대문구 홍은동 8-158,홍은2동,37.585383,126.923769,1552
서대문구,홍은2구역(힐스테이트홍은포레스트),어린이공원,홍제동,서울특별시 서대문구 홍은2동 340-3,홍제1동,37.579199,126.950407,1991
서대문구,홍제1구역(푸르지오센트럴파크),어린이공원,홍제동,서울특별시 서대문구 홍제1동 44-45,홍제1동,37.584298,126.944335,2281
서대문구,홍제2구역(홍제센트럴아이파크),어린이공원,홍제동,서울특별시 서대문구 홍제1동 473-1,홍제1동,37.584298,126.944335,2499
서초구,반  포,근린공원,반포동,서울특별시 서초구 반포동 114-3,반포2동,37.49885315,126.9905157,26092
서초구,방아다리1,근린공원,양재동,서울특별시 서초구 양재동 62,양재1동,37.47833589,127.0355876,2871
서초구,방아다리2,근린공원,양재동,서울특별시 서초구 양재동 72,양재1동,37.47804736,127.0352143,2934
서초구,양재천,근린공원,양재동,서울특별시 서초구 양재동 261-22,양재2동,37.47661941,127.0422083,19258
서초구,마  방,근린공원,양재동,서울특별시 서초구 양재동 237,양재2동,37.47230907,127.0382419,6547
서초구,양  재,근린공원,양재동,서울특별시 서초구 양재동 311,양재2동,37.47189342,127.0424301,32523
서초구,용허리,근린공원,서초동,서울특별시 서초구 서초동 1324-1,서초2동,37.49428074,127.0230154,4642
서초구,명  달,근린공원,서초동,서울특별시 서초구 서초동 1313-17,서초4동,37.49905292,127.0211215,5466
서초구,사평리,근린공원,잠원동,서울특별시 서초구 잠원동 51-3,잠원동,37.51987691,127.0147323,1914
서초구,잠  원,근린공원,잠원동,서울특별시 서초구 잠원동 62-5,잠원동,37.51292423,127.010142,2374
서초구,신  동,근린공원,잠원동,서울특별시 서초구 잠원동 58-14,잠원동,37.51436201,127.0145571,6648
서초구,고인돌,근린공원,양재동,서울특별시 서초구 양재동 390,양재2동,37.4712537,127.0467744,4579
서초구,바우뫼,근린공원,양재동,서울특별시 서초구 양재동 105,양재1동,37.47456671,127.0344603,16386
서초구,서래골,근린공원,반포동,서울특별시 서초구 반포동 63-2,반포4동,37.50162963,127.0030008,4691
서초구,명  주,근린공원,잠원동,서울특별시 서초구 잠원동 50-4,잠원동,37.51717497,127.0151419,4953
서초구,신반포,근린공원,반포동,서울특별시 서초구 반포동 18-5,반포2동,37.50164463,126.998977,13607
서초구,원  촌,근린공원,반포동,서울특별시 서초구 반포동 20-46,반포1동,37.50591734,127.0102449,9942
서초구,태  봉,근린공원,우면동,서울특별시 서초구 우면동 694,양재1동,37.46382044,127.0227555,26556
서초구,섬  들,근린공원,우면동,서울특별시 서초구 우면동 729,양재1동,37.46274966,127.0264455,15590
서초구,망  루,근린공원,우면동,서울특별시 서초구 우면동 703,양재1동,37.46410507,127.0203438,56497
서초구,송  동,근린공원,우면동,서울특별시 서초구 우면동 777,양재1동,37.45879452,127.0203373,27473
서초구,세  빛,근린공원,반포동,서울특별시 서초구 반포동 2-15,반포2동,37.50490907,126.9921285,3452
서초구,서리풀,근린공원,방배동,서울특별시 서초구 방배동 산23-1,방배1동,37.48465445,127.0004196,465938
서초구,도구머리,근린공원,방배동,서울특별시 서초구 방배동 산75-1,방배2동,37.47955763,126.9881614,69578
서초구,뒷  벌,어린이공원,방배동,서울특별시 서초구 방배동 821-1,방배4동,37.49090764,126.9869296,5795
서초구,청  두,어린이공원,방배동,서울특별시 서초구 방배동 463-14,방배2동,37.48062644,126.9850072,1658
서초구,가  꿀,어린이공원,방배동,서울특별시 서초구 방배동 859-1,방배4동,37.48797031,126.9875858,994
서초구,새  말,어린이공원,방배동,서울특별시 서초구 방배동 794-16,방배본동,37.49331535,126.9886123,985
서초구,너른골,어린이공원,방배동,서울특별시 서초구 방배동 144-18,방배1동,37.48755334,126.9947018,1216
서초구,정  문,어린이공원,방배동,서울특별시 서초구 방배동 985-3,방배3동,37.48115675,126.9996186,993
서초구,안  산,어린이공원,방배동,서울특별시 서초구 방배동 979-44,방배2동,37.480099,126.9924823,1616
서초구,방  현,어린이공원,방배동,서울특별시 서초구 방배동 537-50,방배3동,37.47849967,126.9916733,1782
서초구,동  덕,어린이공원,방배동,서울특별시 서초구 방배동 593-43,방배3동,37.47556272,126.9937092,936
서초구,사도감,어린이공원,서초동,서울특별시 서초구 서초동 1359-12,서초2동,37.4857832,127.0312471,947
서초구,예  술,어린이공원,서초동,서울특별시 서초구 서초동 1455-4,서초3동,37.48330429,127.0146705,1006
서초구,신  중,어린이공원,서초동,서울특별시 서초구 서초동 1484-14,서초3동,37.48237076,127.010693,975
서초구,장  안,어린이공원,서초동,서울특별시 서초구 서초동 1556-5,서초3동,37.49169948,127.011444,969
서초구,마산말,어린이공원,서초동,서울특별시 서초구 서초동 1343-8,서초2동,37.48719478,127.0267204,985
서초구,분토골,어린이공원,서초동,서울특별시 서초구 서초동 1627-4,서초1동,37.48837886,127.017457,999
서초구,상명달,어린이공원,서초동,서울특별시 서초구 서초동 1488-4,서초3동,37.48215525,127.0056396,992
서초구,궁  현,어린이공원,서초동,서울특별시 서초구 서초동 1547-2,서초3동,37.48834283,127.0103823,986
서초구,하명달,어린이공원,서초동,서울특별시 서초구 서초동 1518-1,서초3동,37.48583499,127.0054546,992
서초구,당  골,어린이공원,서초동,서울특별시 서초구 서초동 1436-6,서초1동,37.48545764,127.022509,1616
서초구,고무래,어린이공원,반포동,서울특별시 서초구 반포동 30-5,반포1동,37.50354045,127.0154238,5507
서초구,싸리재,어린이공원,잠원동,서울특별시 서초구 잠원동 30-10,잠원동,37.51342232,127.0182498,992
서초구,주  흥,어린이공원,잠원동,서울특별시 서초구 잠원동 33-6,잠원동,37.51213309,127.0166762,959
서초구,언구비,어린이공원,반포동,서울특별시 서초구 반포동 720,반포1동,37.50893407,127.0201712,1032
서초구,청  룡,어린이공원,반포동,서울특별시 서초구 반포동 86-1,반포4동,37.49587178,126.9997213,945
서초구,서  래,어린이공원,반포동,서울특별시 서초구 반포동 71-6,반포4동,37.49827251,127.0003099,997
서초구,종  열,어린이공원,양재동,서울특별시 서초구 양재동 103-4,양재1동,37.47404511,127.0337157,848
서초구,암  산,어린이공원,우면동,서울특별시 서초구 우면동 46-12,양재1동,37.47327477,127.0256786,1506
서초구,성형촌,어린이공원,우면동,서울특별시 서초구 우면동 211,양재1동,37.46632965,127.0199789,2167
서초구,식유촌,어린이공원,우면동,서울특별시 서초구 우면동 598-3,양재1동,37.45788781,127.013385,1009
서초구,송  동,어린이공원,우면동,서울특별시 서초구 우면동 491,양재1동,37.46111166,127.0155507,1042
서초구,세  원,어린이공원,신원동,서울특별시 서초구 신원동 500-5,내곡동,37.45594398,127.0499506,1369
서초구,본마을,어린이공원,신원동,서울특별시 서초구 신원동 445,내곡동,37.45454188,127.0531677,1234
서초구,원  터,어린이공원,원지동,서울특별시 서초구 원지동 419-7,양재2동,37.44358901,127.0552647,553
서초구,청계숲,어린이공원,신원동,서울특별시 서초구 신원동 251,내곡동,37.44744861,127.0580069,1470
서초구,새쟁이,어린이공원,신원동,서울특별시 서초구 신원동 9-2,내곡동,37.4355855,127.068648,1586
서초구,염  곡,어린이공원,염곡동,서울특별시 서초구 염곡동 143-9,내곡동,37.4631546,127.0543869,1318
서초구,안  골,어린이공원,내곡동,서울특별시 서초구 내곡동 192-1,내곡동,37.45619493,127.063186,1192
서초구,홍씨마을,어린이공원,내곡동,서울특별시 서초구 내곡동 156-8,내곡동,37.4531672,127.0656582,1461
서초구,아랫샘,어린이공원,내곡동,서울특별시 서초구 내곡동 1-2173,내곡동,37.46071017,127.0720756,1059
서초구,윗  샘,어린이공원,내곡동,서울특별시 서초구 내곡동 1-2128,내곡동,37.45848859,127.0716789,1084
서초구,남태령,어린이공원,방배동,서울특별시 서초구 방배동 2956-4,방배2동,37.46642554,126.9883749,1328
서초구,양  재,어린이공원,양재동,서울특별시 서초구 양재동 9-29,양재1동,37.48335965,127.0392923,990
서초구,동  산,어린이공원,양재동,서울특별시 서초구 양재동 376-3,양재2동,37.47136085,127.0450508,1890
서초구,잔  디,어린이공원,양재동,서울특별시 서초구 양재동 205-4,양재2동,37.46624367,127.0354769,1664
서초구,계  리,어린이공원,양재동,서울특별시 서초구 양재동 325,양재2동,37.46966548,127.0405693,1058
서초구,나  리,어린이공원,반포동,서울특별시 서초구 반포동 789,반포본동,37.50528152,126.9890691,4155
서초구,만  남,어린이공원,반포동,서울특별시 서초구 반포동 842,반포본동,37.50159119,126.9857678,2965
서초구,푸  른,어린이공원,반포동,서울특별시 서초구 반포동 1041,반포본동,37.50071099,126.9912369,1851
서초구,초  롱,어린이공원,반포동,서울특별시 서초구 반포동 1088,반포본동,37.50071099,126.9912369,2575
서초구,한  수,어린이공원,반포동,서울특별시 서초구 반포동 1226,반포본동,37.50159119,126.9857678,4400
서초구,파랑새,어린이공원,반포동,서울특별시 서초구 반포동 4-2,반포2동,37.50511775,126.9948227,4188
서초구,반  원,어린이공원,잠원동,서울특별시 서초구 잠원동 72-1,반포3동,37.50917278,127.0036765,6021
서초구,장  미,어린이공원,반포동,서울특별시 서초구 반포동 915,반포본동,37.50528152,126.9890691,4083
서초구,비  석,어린이공원,양재동,서울특별시 서초구 양재동 90-1,양재1동,37.47876656,127.0410897,1501
서초구,구  룡,어린이공원,양재동,서울특별시 서초구 양재동 399,양재2동,37.47163961,127.0485047,1651
서초구,교  대,어린이공원,서초동,서울특별시 서초구 서초동 1712-1,서초3동,37.49430244,127.0115431,993
서초구,코  아,어린이공원,잠원동,서울특별시 서초구 잠원동 72-4,반포3동,37.5089194,127.0040224,1717
서초구,미  도,어린이공원,반포동,서울특별시 서초구 반포동 53-1,반포4동,37.50179061,127.0107365,988
서초구,개  뜰,어린이공원,양재동,서울특별시 서초구 양재동 260,양재2동,37.47399067,127.0411988,1530
서초구,버  들,어린이공원,양재동,서울특별시 서초구 양재동 298,양재2동,37.47378665,127.0457123,1487
서초구,샛  별,어린이공원,양재동,서울특별시 서초구 양재동 370-4,양재2동,37.47031056,127.0446122,1500
서초구,두둑재,어린이공원,양재동,서울특별시 서초구 양재동 357,양재2동,37.4679422,127.0440433,1704
서초구,횃  불,어린이공원,양재동,서울특별시 서초구 양재동 66-4,양재1동,37.47830294,127.0375087,1497
서초구,용  말,어린이공원,양재동,서울특별시 서초구 양재동 218-3,양재2동,37.46283492,127.0346811,1995
서초구,새  터,어린이공원,잠원동,서울특별시 서초구 잠원동 70-6,반포3동,37.5080907,127.0068092,1100
서초구,늘푸른,어린이공원,잠원동,서울특별시 서초구 잠원동 70-7,반포3동,37.50830371,127.0055352,1600
서초구,아  름,어린이공원,잠원동,서울특별시 서초구 잠원동 70-8,반포3동,37.50743057,127.0047589,1100
서초구,바우뫼,어린이공원,우면동,서울특별시 서초구 우면동 60,양재1동,37.47065236,127.0234499,2024
서초구,동  문,어린이공원,우면동,서울특별시 서초구 우면동 70-1,양재1동,37.47257227,127.0266908,1515
서초구,효  자,어린이공원,우면동,서울특별시 서초구 우면동 55,양재1동,37.47351988,127.0244307,2481
서초구,능  안,어린이공원,내곡동,서울특별시 서초구 내곡동 168-10,내곡동,37.4545086,127.0657519,1156
서초구,효  령,어린이공원,방배동,서울특별시 서초구 방배동 960-14,방배2동,37.48365972,126.9883999,1433
서초구,새  싹,어린이공원,서초동,서울특별시 서초구 서초동 1686-10,서초4동,37.49750742,127.0182664,840
서초구,섶다리,어린이공원,우면동,서울특별시 서초구 우면동 716,양재1동,37.46369005,127.0275358,1730
서초구,샛  말,어린이공원,우면동,서울특별시 서초구 우면동 732,양재1동,37.46193754,127.0245635,1645
서초구,누리숲,어린이공원,서초동,서울특별시 서초구 서초동 1301-25,서초4동,37.50201456,127.0210886,2233
서초구,햇  님,어린이공원,방배동,서울특별시 서초구 방배동 424-29,방배2동,37.48297335,126.9851406,2119
서초구,아  람,어린이공원,내곡동,서울특별시 서초구 내곡동 412,내곡동,37.45141951,127.0650828,1534
서초구,가  온,어린이공원,신원동,서울특별시 서초구 신원동 572,내곡동,37.45385057,127.0590231,1554
서초구,으  뜸,어린이공원,서초동,서울특별시 서초구 서초동 1755-2,서초2동,37.48893044,127.0284191,1749
서초구,서초무지개,어린이공원,서초동,서울특별시 서초구 서초동 1335,서초2동,37.4835872,127.0326987,4395
서초구,언  남,소공원,염곡동,서울특별시 서초구 염곡동 53-3,내곡동,37.46387163,127.0547305,306
서초구,느티나무,소공원,염곡동,서울특별시 서초구 염곡동 56-3,내곡동,37.46397071,127.0545626,396
서초구,오솔길,소공원,반포동,서울특별시 서초구 반포동 30-28,반포1동,37.50335164,127.014708,2803
서초구,큰마을,소공원,우면동,서울특별시 서초구 우면동 669,양재1동,37.46694913,127.0212331,1964
서초구,꽃마을1,소공원,서초동,서울특별시 서초구 서초동 1500-6,서초3동,37.490488,127.0071046,2441
서초구,꽃마을2,소공원,서초동,서울특별시 서초구 서초동 1499-17,서초3동,37.49094168,127.0056374,381
서초구,솔  말,소공원,우면동,서울특별시 서초구 우면동 793,양재1동,37.45972983,127.0259861,2720
서초구,달  님,소공원,방배동,서울특별시 서초구 방배동 424-30,방배2동,37.4835872,126.9864631,260
서초구,잠  원,소공원,잠원동,서울특별시 서초구 잠원동 158-1,잠원동,37.51579619,127.0118739,1500
서초구,서릿개,소공원,잠원동,서울특별시 서초구 잠원동 159-1,반포3동,37.51320071,127.0057007,3912
서초구,누  에,소공원,잠원동,서울특별시 서초구 잠원동 160-3,반포3동,37.50917125,127.00843,1720
서초구,새  봄,소공원,방배동,서울특별시 서초구 방배동 3278-1,방배3동,37.47923779,127.0023586,1472
서초구,햇  살,소공원,내곡동,서울특별시 서초구 내곡동 403,내곡동,37.45477224,127.0648718,1095
서초구,산  새,소공원,신원동,서울특별시 서초구 신원동 664,내곡동,37.44596958,127.0576452,1166
서초구,벌  말,소공원,신원동,서울특별시 서초구 신원동 626,내곡동,37.44915846,127.0578674,1033
서초구,잠원성심,소공원,잠원동,서울특별시 서초구 잠원동 161-1,잠원동,37.51782658,127.0135614,2000
서초구,잠원흥동,소공원,잠원동,서울특별시 서초구 잠원동 162-1,반포3동,37.50774296,127.0004471,2000
서초구,방배경남,소공원,방배동,서울특별시 서초구 방배동 3283-2,방배3동,37.47734707,126.9996235,1662
서초구,원베일리,소공원,반포동,서울특별시 서초구 반포동 1-13,반포2동,37.50750565,126.9996531,3939
서초구,우  면,수변공원,우면동,서울특별시 서초구 우면동 749,양재1동,37.45613057,127.0109898,21609
서초구,신원천,수변공원,서초동,서울특별시 서초구 내곡동 188-6,서초2동,37.4835872,127.0326987,11854
서초구,청  계,수변공원,신원동,서울특별시 서초구 신원동 298-1,내곡동,37.45164901,127.0529397,98587
서초구,서초종합체육공원,체육공원,원지동,서울특별시 서초구 원지동 28,양재2동,37.45895458,127.0423061,20923
성동구,응봉,근린공원,금호동1가,서울특별시 성동구 독서당로63길 85 (금호동1가),금호1가동,37.55374193,127.0273495,417284.88
성동구,달맞이,근린공원,옥수동,서울특별시 성동구 금호동4가 산 27,옥수동,37.5433496,127.0193024,63411.43
성동구,무학봉,근린공원,하왕십리동,서울특별시 성동구 하왕십리동 890-243,왕십리2동,37.56123125,127.0259523,28843
성동구,금호,근린공원,금호동3가,서울특별시 성동구 금호동3가 1266,금호2.3가동,37.54904117,127.0190199,13467.8
성동구,용답휴식,근린공원,용답동,서울특별시 성동구 용답동 128-3,용답동,37.56999106,127.0468202,6046.9
성동구,성수,근린공원,성수동2가,서울특별시 성동구 성수동2가 302-25,성수2가3동,37.54477086,127.0518411,5197.7
성동구,성원,어린이공원,성수동1가,서울특별시 성동구 성수동1가 13-21,성수1가2동,37.55011556,127.0499031,982.5
성동구,동마장,어린이공원,마장동,서울특별시 성동구 마장동 780-1,마장동,37.56622804,127.0456969,1090.9
성동구,응봉새말,어린이공원,응봉동,서울특별시 성동구 응봉동 228-23,응봉동,37.55186593,127.035857,311
성동구,사근,어린이공원,사근동,서울특별시 성동구 사근동 291-10,사근동,37.563417,127.0475948,496
성동구,마장,어린이공원,마장동,서울특별시 성동구 마장동 399-102,마장동,37.56233458,127.0415003,911
성동구,성삼,어린이공원,성수동2가,서울특별시 성동구 성수동2가 273-11,성수2가3동,37.54195313,127.0606155,1812.2
성동구,은행나무터,어린이공원,성수동2가,서울특별시 성동구 성수동2가 316-9,성수2가3동,37.54369439,127.0537509,675.4
성동구,아남,어린이공원,성수동2가,서울특별시 성동구 성수동2가 280-12,성수2가3동,37.54732598,127.0646691,984.1
성동구,열림,어린이공원,성수동2가,서울특별시 성동구 성수2가1동 327-3,성수2가1동,37.53962218,127.056782,198
성동구,응봉개나리,어린이공원,응봉동,서울특별시 성동구 응봉동 270,응봉동,37.54866971,127.0318722,462
성동구,서마장,어린이공원,마장동,서울특별시 성동구 마장동 450-67,마장동,37.57152303,127.0374347,350.3
성동구,송정,어린이공원,송정동,서울특별시 성동구 송정동 90-4,송정동,37.55519167,127.0703837,236.4
성동구,미소,어린이공원,하왕십리동,서울특별시 성동구 하왕십리동 1055,왕십리2동,37.56051006,127.0235037,3411
성동구,응삼,어린이공원,응봉동,서울특별시 성동구 응봉동 15-1,응봉동,37.55433983,127.0348842,1646.7
성동구,상원,어린이공원,성수동1가,서울특별시 성동구 성수동1가 715-1,성수1가2동,37.54753298,127.0483982,2636
성동구,보람,어린이공원,마장동,서울특별시 성동구 마장동 827,마장동,37.56613727,127.0381819,823.3
성동구,무지개,어린이공원,성수동2가,서울특별시 성동구 성수동2가 844,성수2가1동,37.54157394,127.0534386,2143
성동구,도장골,소공원,행당동,서울특별시 성동구 행당동 346-2,행당2동,37.55480888,127.0273997,678.3
성동구,도선,어린이공원,홍익동,서울특별시 성동구 홍익동 370,왕십리도선동,37.56550468,127.031418,2332.5
성동구,살구골,어린이공원,행당동,서울특별시 성동구 행당동 376-3,행당2동,37.55573009,127.0335764,1573.9
성동구,금동,어린이공원,금호동2가,서울특별시 성동구 금호동2가 1218,금호2.3가동,37.54942229,127.0256915,2591
성동구,논골새싹,어린이공원,행당동,서울특별시 성동구 행당동 347-2,행당2동,37.55751131,127.0250458,2837.1
성동구,꽃재,어린이공원,하왕십리동,서울특별시 성동구 하왕십리동 1069,왕십리도선동,37.56781934,127.0278897,2810
성동구,전관원,어린이공원,행당동,서울특별시 성동구 행당동 90-2,사근동,37.55467447,127.0404902,4760
성동구,동부,소공원,성수동1가,서울특별시 성동구 성수동1가 656-1735,성수1가1동,37.54524583,127.0474356,251
성동구,청송,소공원,성수동2가,서울특별시 성동구 성수동2가 277-23,성수2가3동,37.54599593,127.0587894,798.7
성동구,향림,소공원,성수동2가,서울특별시 성동구 성수동2가 289-28,성수2가3동,37.54703666,127.0533154,987.8
성동구,장미,소공원,송정동,서울특별시 성동구 송정동 107,송정동,37.5522684,127.0694222,485.4
성동구,금옥,소공원,금호동2가,서울특별시 성동구 금호동2가 1213,금호2.3가동,37.55306047,127.0214356,1230
성동구,금남,소공원,금호동3가,서울특별시 성동구 금호동3가 701,금호2.3가동,37.55054813,127.0213924,834
성동구,옥정,소공원,옥수동,서울특별시 성동구 옥수동 562-1,옥수동,37.5458337,127.0153489,711.76
성동구,매봉,소공원,옥수동,서울특별시 성동구 옥수동 561-1,옥수동,37.54729549,127.0121475,2006.7
성동구,왕십리 KCC스위첸,소공원,하왕십리동,서울특별시 성동구 하왕십리동 1002-1,왕십리2동,37.56067856,127.0268748,1514.1
성동구,뉴타운2구역,기타,상왕십리동,서울특별시 성동구 상왕십리동 811-3,왕십리도선동,37.56782502,127.0250536,2517
성동구,뉴타운1구역,기타,상왕십리동,서울특별시 성동구 하왕십리동 1066-1,왕십리도선동,37.56782502,127.0250536,2452.4
성동구,청계꿈나무,어린이공원,하왕십리동,서울특별시 성동구 하왕십리동 1068,왕십리도선동,37.56781934,127.0278905,1705
성동구,푸른,어린이공원,금호동4가,서울특별시 성동구 금호동4가 235-3,금호4가동,37.54733277,127.0235968,1681.8
성동구,견우,어린이공원,하왕십리동,서울특별시 성동구 상왕십리동 816-3,왕십리도선동,37.5665905,127.0240825,1500
성동구,직녀,어린이공원,하왕십리동,서울특별시 성동구 하왕십리동 1070-5,왕십리도선동,37.5667467,127.0278177,1500
성동구,트리마제,소공원,성수동1가,서울특별시 성동구 성수동1가 718,성수1가1동,37.53923821,127.0446715,2762.8
성동구,하왕1-5구역,소공원,하왕십리동,서울특별시 성동구 하왕십리동 1071-2,왕십리2동,37.56007539,127.0241246,1451.1
성동구,행당4구역,소공원,행당동,서울특별시 성동구 행당동 323-24,행당2동,37.5555693,127.0320798,1235
성북구,샛별,어린이공원,석관동,서울특별시 성북구 석관동 168-86,석관동,37.614016,127.0642987,1638
성북구,돌뫼,어린이공원,석관동,서울특별시 성북구 석관동 산1-77,석관동,37.60510034,127.0528072,350
성북구,새소리,어린이공원,돈암동,서울특별시 성북구 돈암동 626-2,돈암1동,37.600751,127.0254039,1371
성북구,종암,어린이공원,종암동,서울특별시 성북구 종암동 104-6,종암동,37.60012565,127.0372515,1514
성북구,솔향기,어린이공원,길음동,서울특별시 성북구 길음동 1190,길음1동,37.608108,127.0213064,4031
성북구,해맑은,어린이공원,길음동,서울특별시 성북구 길음동 591-17,길음1동,37.6085186,127.020925,2089
성북구,한울,어린이공원,정릉동,서울특별시 성북구 정릉동 169-6,정릉2동,37.605709,127.013709,2675
성북구,솔숲,어린이공원,정릉동,서울특별시 성북구 정릉동 170-10,정릉1동,37.60480863,127.014971,2922
성북구,동망봉,어린이공원,보문동3가,서울특별시 성북구 보문동3가 229-1,보문동,37.5838591,127.017073,6730
성북구,맑은숲,어린이공원,장위동,서울특별시 성북구 장위동 317-1,장위3동,37.62144056,127.0463288,1601
성북구,화랑,어린이공원,석관동,서울특별시 성북구 석관동 407-6,석관동,37.60715757,127.0547542,2213
성북구,매화,어린이공원,돈암동,서울특별시 성북구 돈암동 45-6,돈암1동,37.60011962,127.0207412,1595
성북구,고암,어린이공원,종암동,서울특별시 성북구 종암동 133-5,종암동,37.59998725,127.0318095,1449
성북구,옛시장,어린이공원,종암동,서울특별시 성북구 종암동 135-4,종암동,37.60232547,127.0339269,958
성북구,성북,근린공원,성북동,서울특별시 성북구 성북동 168-274,성북동,37.595122,127.0072875,69676.5
성북구,늘푸른,어린이공원,길음동,서울특별시 성북구 길음동 1284-14,길음1동,37.60850569,127.0204223,1580
성북구,아름,어린이공원,길음동,서울특별시 성북구 길음동 1284-1,길음1동,37.60759757,127.0164324,2167
성북구,벌집,어린이공원,종암동,서울특별시 성북구 종암동 134-3,종암동,37.599625,127.0367262,1788
성북구,일신,어린이공원,종암동,서울특별시 성북구 종암동 134-8,종암동,37.59999069,127.0395876,950
성북구,길음골,소공원,길음동,서울특별시 성북구 길음동 1285,길음1동,37.60944177,127.0193237,1244
성북구,길섶,소공원,길음동,서울특별시 성북구 길음동 1285-10,길음1동,37.61057497,127.0186126,383
성북구,잔월,소공원,하월곡동,서울특별시 성북구 하월곡동 230-1,길음2동,37.6040624,127.031506,481
성북구,행복한,소공원,길음동,서울특별시 성북구 길음동 1284-13,길음1동,37.60822513,127.0195532,1173
성북구,두레,소공원,길음동,서울특별시 성북구 길음동 1284-8,길음1동,37.60655851,127.0176651,287
성북구,돌마루,소공원,삼선동3가,서울특별시 성북구 삼선동3가 116-1,삼선동,37.5880187,127.012142,877
성북구,되너미,소공원,돈암동,서울특별시 성북구 돈암동 644-2,돈암2동,37.5992171,127.0137028,1069
성북구,꿈빛,소공원,정릉동,서울특별시 성북구 정릉동 1039,정릉2동,37.60224083,127.0116561,719
성북구,길빛,근린공원,길음동,서울특별시 성북구 길음동 1288-12,길음2동,37.60976006,127.0265188,146038
성북구,정릉동,근린공원,정릉동,서울특별시 성북구 정릉동 1021-2,정릉4동,37.61846189,127.0045308,5779.1
성북구,자주바위,어린이공원,보문동6가,서울특별시 성북구 보문동6가 458-3,보문동,37.58287149,127.0178925,1519.3
성북구,동방,어린이공원,장위동,서울특별시 성북구 장위동 219-223,장위1동,37.61664297,127.0435038,982
성북구,오동,근린공원,하월곡동,서울특별시 성북구 하월곡동 산2-1,월곡1동,37.61064628,127.0404131,233989.7
성북구,개운산,근린공원,돈암동,서울특별시 성북구 돈암동 산 6-1,돈암1동,37.59720671,127.0257184,208618
성북구,청량,근린공원,석관동,서울특별시 성북구 석관동 409,석관동,37.60635811,127.0539954,329290
성북구,모랫말,근린공원,하월곡동,서울특별시 성북구 하월곡동 90-206,월곡1동,37.604825,127.032787,1740
성북구,아름드리,근린공원,하월곡동,서울특별시 성북구 하월곡동 225-2,월곡1동,37.60992341,127.037977,3782
성북구,숭인,근린공원,보문동6가,서울특별시 성북구 보문동6가 458-4,보문동,37.58287311,127.0178911,5332.6
성북구,삼선,어린이공원,삼선동2가,서울특별시 성북구 삼선동1가 303,삼선동,37.58323585,127.01039,10957
성북구,범바위,어린이공원,안암동2가,서울특별시 성북구 안암동2가 140-3,안암동,37.58549036,127.0214092,1514
성북구,꿈나라,어린이공원,보문동7가,서울특별시 성북구 보문동7가 108-2,보문동,37.58029718,127.023018,1564
성북구,배밭골,어린이공원,정릉동,서울특별시 성북구 정릉동 895,정릉3동,37.60812583,126.9986863,263
성북구,동산,어린이공원,하월곡동,서울특별시 성북구 하월곡동 96-78,월곡1동,37.60459386,127.034528,417
성북구,밤골,어린이공원,하월곡동,서울특별시 성북구 하월곡동 산2-140,월곡1동,37.607541,127.039921,600
성북구,햇살,어린이공원,상월곡동,서울특별시 성북구 상월곡동 97-37,월곡2동,37.60591304,127.0485162,300
성북구,향기,어린이공원,상월곡동,서울특별시 성북구 상월곡동 101-6,월곡2동,37.60912156,127.0447354,1000
성북구,맑은소리,소공원,길음동,서울특별시 성북구 길음동 1288-11,길음2동,37.61025298,127.0270613,2549.1
성북구,별빛누리,소공원,길음동,서울특별시 성북구 길음동 1287-3,정릉1동,37.60760199,127.0161349,949
성북구,돌이음,소공원,석관동,서울특별시 성북구 석관동 410-3,석관동,37.6069043,127.0652173,1103.4
성북구,도란도란,소공원,석관동,서울특별시 성북구 석관동 410-4,석관동,37.60567055,127.0653636,426
성북구,상길례,문화공원,장위동,서울특별시 성북구 장위동 319-2,장위3동,37.61972141,127.0453689,4090.2
성북구,북악산,근린공원,성북동,서울특별시 성북구 성북동 산 25-1,성북동,37.59555894,126.9864035,87616.5
성북구,북한산,근린공원,정릉동,서울특별시 성북구 정릉동 산1-1,정릉4동,37.61906876,127.0054953,93472.9
성북구,삼청,근린공원,성북동,서울특별시 성북구 성북동 산25-1,성북동,37.59555894,126.9864035,73.6
송파구,가락,근린공원,가락동,서울특별시 송파구 가락동 37,가락본동,37.498469,127.125124,27648.2
송파구,개나리,근린공원,잠실동,서울특별시 송파구 잠실동 44-6,잠실3동,37.507553,127.0941112,6669.1
송파구,개롱,근린공원,가락동,서울특별시 송파구 가락동 195,가락2동,37.493407,127.130026,21544.4
송파구,거여,근린공원,거여동,서울특별시 송파구 거여동 11,거여1동,37.497007,127.140981,16185.1
송파구,건너말,근린공원,가락동,서울특별시 송파구 가락동 110,가락본동,37.491603,127.123473,11327.8
송파구,글샘,근린공원,문정동,"서울특별시 송파구 문정동 621,625",문정2동,37.48044523,127.1205075,27289.9
송파구,글샘작은,근린공원,문정동,서울특별시 송파구 문정동 631,문정2동,37.477494,127.1212146,10209.9
송파구,누에머리,근린공원,오금동,서울특별시 송파구 오금동 110,오금동,37.50381027,127.141799,18607.5
송파구,동산,근린공원,송파동,서울특별시 송파구 송파동 120,송파1동,37.506226,127.1145005,5660.8
송파구,마천,근린공원,마천동,서울특별시 송파구 마천동 11,마천2동,37.50128584,127.1456483,10962.5
송파구,매미,근린공원,잠실동,서울특별시 송파구 잠실동 35-4,잠실3동,37.50934354,127.0887161,8012.3
송파구,목련,근린공원,오금동,서울특별시 송파구 오금동 156,오금동,37.499035,127.138842,8127.4
송파구,문정,근린공원,문정동,서울특별시 송파구 문정동 18-4 외,장지동,37.486486,127.128916,49972
송파구,방이,근린공원,방이동,서울특별시 송파구 방이동 52,방이2동,37.51435318,127.1136443,6930.1
송파구,백토,근린공원,오금동,서울특별시 송파구 오금동 6,오금동,37.50811694,127.132113,10024.1
송파구,뽕나무,근린공원,잠실동,서울특별시 송파구 잠실동 19-3,잠실2동,37.51397635,127.0816397,11704.9
송파구,삼전,근린공원,삼전동,서울특별시 송파구 삼전동 62-1,삼전동,37.50179286,127.0933328,6607.6
송파구,소리,근린공원,문정동,서울특별시 송파구 문정동 357,문정2동,37.48161162,127.1199678,36638.3
송파구,송파,근린공원,송파동,서울특별시 송파구 송파동 113,송파1동,37.50633354,127.110451,6621.2
송파구,송파나루,근린공원,신천동,"서울특별시 송파구 신천동 32, 잠실동 47",잠실6동,37.51210416,127.1077049,285757.6
송파구,숯내,근린공원,문정동,서울특별시 송파구 문정동 150-8,문정2동,37.48970385,127.111231,10206.5
송파구,아시아,근린공원,잠실동,서울특별시 송파구 잠실동 84,잠실7동,37.51068203,127.0759347,66027.8
송파구,연화,근린공원,문정동,서울특별시 송파구 문정동 92,장지동,37.48515999,127.1297174,14318.2
송파구,오금,근린공원,오금동,서울특별시 송파구 오금동 51,오금동,37.499994,127.134853,219167.4
송파구,온조마루,근린공원,신천동,서울특별시 송파구 신천동 20-1,잠실4동,37.5199244,127.1100846,6734.2
송파구,웃말,근린공원,가락동,서울특별시 송파구 가락동 21,가락본동,37.50167671,127.123153,11098.2
송파구,잠실,근린공원,잠실동,서울특별시 송파구 잠실동 230,잠실본동,37.50621827,127.084165,6613.3
송파구,장수,근린공원,장지동,서울특별시 송파구 장지동 846,장지동,37.480889,127.1304766,9949
송파구,장지,근린공원,장지동,서울특별시 송파구 장지동 산 11 외,장지동,37.484721,127.134551,133122.1
송파구,천마,근린공원,마천동,서울특별시 송파구 마천동 산 2 외,마천2동,37.500386,127.158815,182420
송파구,태양,근린공원,풍납동,서울특별시 송파구 풍납동 389-2,풍납2동,37.52544289,127.1152157,6611.6
송파구,풍납,근린공원,풍납동,서울특별시 송파구 풍납동 74,풍납1동,37.53809304,127.1217719,23746
송파구,하늘가람,근린공원,신천동,서울특별시 송파구 신천동 17-10,잠실4동,37.519327,127.106703,6612
송파구,한양,근린공원,송파동,서울특별시 송파구 송파동 152,송파2동,37.50407597,127.1153987,4842.4
송파구,한우물,근린공원,문정동,"서울특별시 송파구 문정동 626,633",문정2동,37.479138,127.1244919,11385.8
송파구,훼밀리,근린공원,문정동,서울특별시 송파구 문정동 150-5,문정2동,37.49075881,127.1140908,10528.6
송파구,오금지구 근린공원,근린공원,오금동,서울특별시 송파구 오금동 106-1 일원,오금동,37.505504,127.140584,11488
송파구,가야금,어린이공원,오금동,서울특별시 송파구 오금동 21,오금동,37.508629,127.1293119,1500
송파구,개나리,어린이공원,문정동,서울특별시 송파구 문정동 81,장지동,37.482425,127.1283131,1312.2
송파구,개미,어린이공원,거여동,서울특별시 송파구 거여동 29,거여2동,37.4921999,127.146735,1500.4
송파구,거북이,어린이공원,송파동,서울특별시 송파구 송파동 243-1,송파2동,37.50170298,127.119522,1594
송파구,거여,어린이공원,거여동,서울특별시 송파구 거여동 593-1,거여1동,37.492626,127.1428082,756.6
송파구,곰말,어린이공원,방이동,서울특별시 송파구 방이동 139,방이2동,37.51190919,127.1177088,1707.2
송파구,굴렁쇠,어린이공원,문정동,서울특별시 송파구 문정동 150-6,문정2동,37.490223,127.1124333,1596.1
송파구,꿈나무,어린이공원,오금동,서울특별시 송파구 오금동 117-1,오금동,37.5032386,127.141109,1496.3
송파구,나루터,어린이공원,삼전동,서울특별시 송파구 삼전동 37,삼전동,37.501606,127.0867436,1472.9
송파구,남천,어린이공원,마천동,서울특별시 송파구 마천동 344,마천2동,37.501303,127.1527103,282.9
송파구,늘봄,어린이공원,문정동,서울특별시 송파구 장지동 123-1,장지동,37.487571,127.133988,3004.4
송파구,능골,어린이공원,가락동,서울특별시 송파구 가락동 198,가락2동,37.493129,127.133207,1484.7
송파구,대건,어린이공원,가락동,서울특별시 송파구 가락동 165-4,가락2동,37.4971171,127.1320317,1500
송파구,도담,어린이공원,마천동,서울특별시 송파구 마천동 583,마천1동,37.49962097,127.159557,4138
송파구,돌마리,어린이공원,석촌동,서울특별시 송파구 석촌동 258,석촌동,37.5006205,127.103249,1715.6
송파구,돌무데기,어린이공원,마천동,서울특별시 송파구 마천동 375,마천1동,37.492001,127.155103,97.6
송파구,동호수,어린이공원,송파동,서울특별시 송파구 송파동 34,송파1동,37.50991906,127.1070996,1469.7
송파구,모슬,어린이공원,거여동,서울특별시 송파구 거여동 28-7,거여2동,37.492376,127.145466,550
송파구,몽촌,어린이공원,방이동,서울특별시 송파구 방이동 150,방이2동,37.51293389,127.114841,1560.8
송파구,무궁화,어린이공원,가락동,서울특별시 송파구 가락동 134,가락2동,37.49319401,127.127074,1500
송파구,문현,어린이공원,장지동,서울특별시 송파구 장지동 838-1,장지동,37.481238,127.128143,1523
송파구,반딧불,어린이공원,문정동,서울특별시 송파구 문정동 47,문정1동,37.48788796,127.1241012,1489.2
송파구,방잇골,어린이공원,방이동,서울특별시 송파구 방이동 70-1,방이2동,37.51341106,127.110304,1629.6
송파구,방죽,어린이공원,가락동,서울특별시 송파구 가락본동 28,가락본동,37.500653,127.122796,1492.1
송파구,배미골,어린이공원,거여동,서울특별시 송파구 거여동 291-1,거여2동,37.490834,127.1471347,1500.1
송파구,배밭,어린이공원,송파동,서울특별시 송파구 송파동 178,송파2동,37.50160666,127.115347,1475.8
송파구,버들,어린이공원,장지동,서울특별시 송파구 장지동 854-2,장지동,37.478761,127.133147,1886
송파구,벌말,어린이공원,오금동,서울특별시 송파구 오금동 132,오금동,37.501638,127.140281,1502.1
송파구,복숭아,어린이공원,오금동,서울특별시 송파구 오금동 27,오금동,37.506812,127.131379,1500.3
송파구,봉우리,어린이공원,가락동,서울특별시 송파구 가락본동 85,가락본동,37.496495,127.119238,1495.2
송파구,부렴,어린이공원,잠실동,서울특별시 송파구 잠실본동 296,잠실본동,37.505621,127.079254,1659.8
송파구,비둘기,어린이공원,방이동,서울특별시 송파구 방이동 195,방이1동,37.512742,127.123352,1500.2
송파구,비석거리,어린이공원,가락동,서울특별시 송파구 가락본동 96-15,가락본동,37.494525,127.117497,1624.5
송파구,뽕밭,어린이공원,잠실동,서울특별시 송파구 잠실본동 220,잠실본동,37.507773,127.081067,1125.6
송파구,삼밭,어린이공원,삼전동,서울특별시 송파구 삼전동 70,삼전동,37.49951865,127.092841,1646.1
송파구,삼밭나루,어린이공원,삼전동,서울특별시 송파구 삼전동 95,삼전동,37.505115,127.091718,1434.1
송파구,삼전,어린이공원,삼전동,서울특별시 송파구 삼전동 51,삼전동,37.50181092,127.090203,1644.7
송파구,삼학사,어린이공원,삼전동,서울특별시 송파구 삼전동 110-7,삼전동,37.506232,127.095323,1648
송파구,새마을,어린이공원,잠실동,서울특별시 송파구 잠실본동 209-4,잠실본동,37.508222,127.086579,1667.3
송파구,새말,어린이공원,가락동,서울특별시 송파구 가락동 145-10,가락2동,37.494731,127.125727,1498.1
송파구,새싹,어린이공원,송파동,서울특별시 송파구 송파동 107,송파1동,37.50482351,127.112722,1806.4
송파구,샛별,어린이공원,가락동,서울특별시 송파구 가락본동 51,가락본동,37.497957,127.121754,1500
송파구,샛팽이,어린이공원,가락동,서울특별시 송파구 가락동 170-6,가락2동,37.496755,127.1339104,1500.7
송파구,석촌,어린이공원,석촌동,서울특별시 송파구 석촌동 27,석촌동,37.505901,127.0998172,1638.4
송파구,섬굴,어린이공원,마천동,서울특별시 송파구 마천동 128-2,마천2동,37.496925,127.149266,368
송파구,솔바람,어린이공원,장지동,서울특별시 송파구 장지동 843-1,장지동,37.47884273,127.129415,1500
송파구,솔밭,어린이공원,방이동,서울특별시 송파구 방이동 214,방이1동,37.509068,127.1236308,1500.1
송파구,수정,어린이공원,문정동,서울특별시 송파구 문정동 23-5,문정1동,37.48892043,127.126227,1494.6
송파구,아랫말,어린이공원,오금동,서울특별시 송파구 오금동 123-2,오금동,37.50486252,127.137384,1500
송파구,아랫바람,어린이공원,풍납동,서울특별시 송파구 풍납동 306-9,풍납2동,37.532301,127.112232,198
송파구,아름,어린이공원,석촌동,서울특별시 송파구 석촌동 289-3,석촌동,37.50336748,127.107059,2338.7
송파구,안골,어린이공원,오금동,서울특별시 송파구 오금동 66-12,오금동,37.502813,127.135319,1500.1
송파구,안산골,어린이공원,가락동,서울특별시 송파구 가락동 152-3,가락2동,37.497609,127.1266918,1500.5
송파구,어사,어린이공원,송파동,서울특별시 송파구 송파동 129,송파1동,37.50731372,127.113002,1653.4
송파구,영풍,어린이공원,거여동,서울특별시 송파구 거여동 16,거여1동,37.49513234,127.142498,1500.4
송파구,옛동산,어린이공원,방이동,서울특별시 송파구 방이동 121,방이2동,37.50964937,127.115877,1266.3
송파구,오동나무,어린이공원,오금동,서울특별시 송파구 오금동 84,오금동,37.506227,127.1339065,1500
송파구,오봉산,어린이공원,석촌동,서울특별시 송파구 석촌동 162,석촌동,37.50612827,127.1023092,1508
송파구,용마,어린이공원,마천동,서울특별시 송파구 마천동 45,마천2동,37.49984042,127.148556,1500.3
송파구,윗바람,어린이공원,풍납동,서울특별시 송파구 풍납동 295-4,풍납2동,37.53437064,127.112122,291
송파구,임금샘,어린이공원,방이동,서울특별시 송파구 방이동 189,방이1동,37.51120967,127.125048,1500.3
송파구,잔버들,어린이공원,거여동,서울특별시 송파구 거여동 135-46,거여1동,37.497372,127.144299,303
송파구,중대,어린이공원,송파동,서울특별시 송파구 송파동 188,송파2동,37.499678,127.115427,1497.8
송파구,진달래,어린이공원,잠실동,서울특별시 송파구 잠실본동 338,잠실본동,37.503675,127.086313,1738.1
송파구,천상,어린이공원,마천동,서울특별시 송파구 마천동 610,마천1동,37.494277,127.1590674,12464
송파구,초록,어린이공원,마천동,서울특별시 송파구 마천동 360,마천1동,37.495639,127.156954,343.9
송파구,큰바위,어린이공원,거여동,서울특별시 송파구 거여동 7,거여1동,37.49811017,127.142529,1508.1
송파구,투구봉,어린이공원,가락동,서울특별시 송파구 가락동 185,가락2동,37.494001,127.135365,1502.9
송파구,팔각정,어린이공원,가락동,서울특별시 송파구 가락본동 118,가락본동,37.492637,127.124131,1497.5
송파구,한샘,어린이공원,문정동,서울특별시 송파구 문정동 66,문정1동,37.484765,127.1250089,1688
송파구,향나무,어린이공원,거여동,서울특별시 송파구 거여동 293-2,거여2동,37.48979171,127.1442044,1512.4
송파구,훙이,어린이공원,가락동,서울특별시 송파구 가락본동 14,가락본동,37.501139,127.1247542,1500
송파구,늘푸른,소공원,마천동,서울특별시 송파구 마천동 578,마천2동,37.49861927,127.1557171,921
송파구,평화,소공원,방이동,서울특별시 송파구 방이동 42-2,방이2동,37.516291,127.1119805,1651.3
송파구,오금지구 수변공원,수변공원,오금동,서울특별시 송파구 오금동 97-21 일원,오금동,37.507619,127.136866,4302
송파구,돌무데기놀이터,기타,마천동,서울특별시 송파구 마천동 277-52,마천1동,37.492024,127.1572039,455
송파구,풍납타이어,기타,풍납동,서울특별시 송파구 풍납동 483-4,풍납1동,37.535938,127.121564,291
송파구,가락1(시영아파트),근린공원,가락동,서울특별시 송파구 가락동 479,가락1동,37.49761457,127.1025318,19159.2
송파구,문이,근린공원,문정동,서울특별시 송파구 문정동 481,문정2동,37.484857,127.113722,20856.2
송파구,위례 근린공원1호,근린공원,거여동,서울특별시 송파구 거여동 491임 일원,위례동,37.483179,127.144136,200327
송파구,위례 근린공원3호,근린공원,거여동,서울특별시 송파구 거여동 산26-7임 일원,위례동,37.490844,127.139533,42448
송파구,잠실주공5단지 근린공원,근린공원,잠실동,서울특별시 송파구 잠실동 27 일원,잠실3동,37.512706,127.095491,10741
송파구,향유(거마재정비),근린공원,거여동,서울특별시 송파구 거여동 200-4 일대,거여2동,37.494489,127.147614,10569
송파구,가락1(시영아파트),어린이공원,가락동,서울특별시 송파구 가락동 479,가락1동,37.49761457,127.1025318,1617.7
송파구,문정동136 어린이공원,어린이공원,문정동,서울특별시 송파구 문정동 142 일대,장지동,37.487357,127.134752,4685
송파구,잠실진주,어린이공원,신천동,서울특별시 송파구 신천동 20-4 일원,잠실4동,37.518792,127.108557,4470
송파구,장미아파트1호,어린이공원,신천동,서울특별시 송파구 신천동 7 일원,잠실6동,37.518333,127.099146,5470
송파구,장미아파트2호,어린이공원,신천동,서울특별시 송파구 신천동 11 일원,잠실6동,37.520392,127.103546,3288
송파구,거여2(거마재정비),소공원,마천동,서울특별시 송파구 마천동 327-7 일대,마천1동,37.491039,127.156702,1501
송파구,거여3(거마재정비),소공원,마천동,서울특별시 송파구 마천동 363-2 일대,마천1동,37.494838,127.155509,591
송파구,거여4(거마재정비),소공원,마천동,서울특별시 송파구 마천동 364-8 일대,마천1동,37.494411,127.156222,5420
송파구,거여5(거마재정비),소공원,마천동,서울특별시 송파구 마천동 276 일대,마천1동,37.491148,127.157751,7682
송파구,거여6(거마재정비),소공원,마천동,서울특별시 송파구 마천동 586 일대,마천1동,37.497464,127.154635,612
송파구,문정동136 소공원,소공원,문정동,서울특별시 송파구 문정동 123 일대,장지동,37.487951,127.133264,407.5
송파구,잠실주공5단지 소공원,소공원,잠실동,서울특별시 송파구 잠실동 27 일원,잠실3동,37.513067,127.098124,8228
송파구,송례(위례 근린공원8호),근린공원,장지동,서울특별시 송파구 장지동 393임 일원,위례동,37.477529,127.141005,10024.6
송파구,신천어린이교통,근린공원,신천동,서울특별시 송파구 신천동 7-15,잠실6동,37.516022,127.101762,12755.5
송파구,방이동고분,역사공원,방이동,서울특별시 송파구 방이동 125,방이1동,37.50757311,127.1181634,30293.7
송파구,백제초기적석총,역사공원,석촌동,서울특별시 송파구 석촌동 248,석촌동,37.50214179,127.102815,45137.8
송파구,성내천,기타,오금동,서울특별시 송파구 마천동 ~ 한강합류점,오금동,37.500542,127.139533,61050
송파구,올림픽공원,기타,방이동,서울특별시 송파구 방이동 88-3 외,오륜동,37.520341,127.115518,1447122.3
송파구,탄천,기타,삼전동,서울특별시 송파구 장지동 ~ 한강합류점,삼전동,37.499063,127.088061,161970
송파구,두레어린이공원,어린이공원,마천동,서울특별시 송파구 마천동 364-5 일대,마천1동,37.494278,127.156245,75
양천구,오목,근린공원,목동,서울특별시 양천구 목1동 921,목1동,37.527761,126.873091,21470.4
양천구,무지개,어린이공원,목동,서울특별시 양천구 목1동 925-1,목1동,37.528935,126.867044,2375.1
양천구,용왕산,근린공원,목동,서울특별시 양천구 목2동 199-51,목2동,37.541663,126.875061,213552
양천구,목동,근린공원,목동,서울특별시 양천구 목2동 517 외 37,목2동,37.546529,126.879301,13366
양천구,달마을,근린공원,목동,서울특별시 양천구 목2동 946-1,목2동,37.543331,126.868045,35214
양천구,한두,어린이공원,목동,서울특별시 양천구 목3동 611-1,목3동,37.549391,126.865352,986.1
양천구,백석,어린이공원,목동,서울특별시 양천구 목3동 646-23,목3동,37.545356,126.864912,708.4
양천구,무궁화,어린이공원,목동,서울특별시 양천구 목3동 712-1,목3동,37.541877,126.864247,984.6
양천구,목동누리,어린이공원,목동,서울특별시 양천구 목3동 965-1,목3동,37.546104,126.865222,2190
양천구,나말,어린이공원,목동,서울특별시 양천구 목4동 724-1,목4동,37.538689,126.864464,1002.2
양천구,정목,어린이공원,목동,서울특별시 양천구 목4동 767-1,목4동,37.536923,126.868305,987.3
양천구,모세미,어린이공원,목동,서울특별시 양천구 목4동 772-1,목4동,37.535262,126.868644,988.9
양천구,마장,어린이공원,목동,서울특별시 양천구 목4동 791-22,목4동,37.533508,126.864686,785.4
양천구,파리,문화공원,목동,서울특별시 양천구 목5동 906,목5동,37.534645,126.877186,29619.3
양천구,목마,근린공원,목동,서울특별시 양천구 목5동 910,목5동,37.538161,126.885426,12816.8
양천구,햇님,어린이공원,목동,서울특별시 양천구 목5동 901-2,목5동,37.539933,126.879386,2299.5
양천구,별님,어린이공원,목동,서울특별시 양천구 목5동 902-2,목5동,37.537814,126.875231,4211.4
양천구,영도,어린이공원,목동,서울특별시 양천구 목5동 903-2,목5동,37.535067,126.872941,2985.4
양천구,진달래,어린이공원,목동,서울특별시 양천구 목5동 904-1,목5동,37.531972,126.870154,6517
양천구,달님,어린이공원,목동,서울특별시 양천구 목5동 911-5,목5동,37.535171,126.885482,3659.2
양천구,장미,어린이공원,목동,서울특별시 양천구 목5동 912-1,목5동,37.534427,126.882744,3963.8
양천구,은하수,어린이공원,목동,서울특별시 양천구 목5동 913-1,목5동,37.533387,126.878583,3815.8
양천구,신대,어린이공원,신월동,서울특별시 양천구 신월1동 100-1,신월1동,37.534828,126.832752,1003.1
양천구,돌다리,어린이공원,신월동,서울특별시 양천구 신월1동 119,신월1동,37.531941,126.835812,925.1
양천구,반곡,어린이공원,신월동,서울특별시 양천구 신월1동 230-1,신월1동,37.529181,126.835481,946.7
양천구,곰달래,어린이공원,신월동,서울특별시 양천구 신월1동 234-11외 4,신월1동,37.528711,126.837905,945.1
양천구,신월,어린이공원,신월동,서울특별시 양천구 신월1동 240,신월1동,37.527015,126.838167,1148.2
양천구,신곡,어린이공원,신월동,서울특별시 양천구 신월2동 459,신월2동,37.526252,126.845112,990.4
양천구,꽃동산,어린이공원,신월동,서울특별시 양천구 신월2동 471,신월2동,37.526443,126.848436,1002.9
양천구,신장,어린이공원,신월동,서울특별시 양천구 신월2동 486,신월2동,37.524231,126.842737,983.8
양천구,신월2동소공원,소공원,신월동,서울특별시 양천구 신월2동 1063-3,신월2동,37.517502,126.848298,3001
양천구,남부,어린이공원,신월동,서울특별시 양천구 신월3동 156,신월3동,37.534821,126.826044,995.9
양천구,경인,어린이공원,신월동,서울특별시 양천구 신월3동 196,신월3동,37.532106,126.828788,1161.6
양천구,태양,어린이공원,신월동,서울특별시 양천구 신월4동 422-1,신월4동,37.524353,126.838614,998.1
양천구,남도,어린이공원,신월동,서울특별시 양천구 신월4동 426-4,신월4동,37.524405,126.840798,1009.9
양천구,문화,어린이공원,신월동,서울특별시 양천구 신월4동 515,신월4동,37.521202,126.842733,992.1
양천구,꿀벌,어린이공원,신월동,서울특별시 양천구 신월4동 531,신월4동,37.519986,126.842014,1005.2
양천구,당곡,어린이공원,신월동,서울특별시 양천구 신월4동 542,신월4동,37.518649,126.840006,1055.3
양천구,당뒤,어린이공원,신월동,서울특별시 양천구 신월5동 13-1,신월5동,37.541496,126.828616,1068.8
양천구,방아다리,어린이공원,신월동,서울특별시 양천구 신월5동 56-1,신월5동,37.538641,126.828308,927.3
양천구,송죽,어린이공원,신월동,서울특별시 양천구 신월5동 65,신월5동,37.539399,126.833858,444.9
양천구,신오,어린이공원,신월동,서울특별시 양천구 신월5동 73-2,신월5동,37.538178,126.831469,932.4
양천구,강월,어린이공원,신월동,서울특별시 양천구 신월6동 1004,신월6동,37.515639,126.836422,2755.6
양천구,강신,어린이공원,신월동,서울특별시 양천구 신월6동 1012-2,신월6동,37.515669,126.838421,1500
양천구,아동,어린이공원,신월동,서울특별시 양천구 신월7동 922-1,신월7동,37.523024,126.833504,1500.2
양천구,한울,근린공원,신월동,서울특별시 양천구 신월7동 956,신월7동,37.519698,126.832681,15465.4
양천구,오솔길,근린공원,신월동,서울특별시 양천구 신월7동 977,신월7동,37.521068,126.836526,18047.2
양천구,금실,어린이공원,신월동,서울특별시 양천구 신월7동 985,신월7동,37.518409,126.837199,3378.8
양천구,독서,근린공원,신월동,서울특별시 양천구 신월7동 987,신월7동,37.519783,126.834992,19380.8
양천구,신월,근린공원,신월동,서울특별시 양천구 신월7동 987-2,신월7동,37.517521,126.833892,33058
양천구,곰달래,근린공원,신월동,서울특별시 양천구 신월7동 904-1,신월7동,37.524918,126.833053,12234
양천구,양지,근린공원,신월동,서울특별시 양천구 신월7동 936,신월7동,37.522204,126.830867,9013.4
양천구,온수도시자연공원,도시농업공원,신정동,서울특별시 양천구 신월동 산85-4 일대,신정3동,37.505895,126.840021,1003471
양천구,해태,어린이공원,신정동,서울특별시 양천구 신정1동 1017-5,신정1동,37.521748,126.862147,1046.8
양천구,양명,어린이공원,신정동,서울특별시 양천구 신정1동 1050-3,신정1동,37.519271,126.854392,667.4
양천구,신트리,근린공원,신정동,서울특별시 양천구 신정1동 310-7,신정1동,37.514686,126.856359,16409.3
양천구,꿈나무,어린이공원,신정동,서울특별시 양천구 신정1동 311-1,신정1동,37.517641,126.858518,3148.2
양천구,개나리,어린이공원,신정동,서울특별시 양천구 신정1동 312-2,신정1동,37.517709,126.862844,3500
양천구,꽃사과,어린이공원,신정동,서울특별시 양천구 신정1동 313-2,신정1동,37.520069,126.864623,1738.6
양천구,단지,어린이공원,신정동,서울특별시 양천구 신정1동 1033-18,신정1동,37.519694,126.854131,3997.9
양천구,신정,어린이공원,신정동,서울특별시 양천구 신정2동 128-198,신정2동,37.520437,126.874778,487
양천구,신세계,어린이공원,신정동,서울특별시 양천구 신정2동 119-3,신정2동,37.521691,126.875895,1674
양천구,꽃사슴,어린이공원,신정동,서울특별시 양천구 신정3동 1195,신정3동,37.521702,126.848443,1009.1
양천구,학마을,어린이공원,신정동,서울특별시 양천구 신정3동 1293-4,신정3동,37.508919,126.843669,1500
양천구,신기,어린이공원,신정동,서울특별시 양천구 신정3동 1260,신정3동,37.514092,126.854244,1534
양천구,계남,근린공원,신정동,"서울특별시 양천구 신정3동 521, 621일대",신정3동,37.513745,126.844816,440173
양천구,푸른,어린이공원,신정동,서울특별시 양천구 신정3동 1283-1,신정3동,37.511603,126.837445,2574.9
양천구,신이,어린이공원,신정동,서울특별시 양천구 신정3동 1284-1,신정3동,37.512521,126.837529,1510.3
양천구,넘은들,근린공원,신정동,서울특별시 양천구 신정3동 1286,신정3동,37.512951,126.840441,16159.6
양천구,하늘마루,어린이공원,신정동,서울특별시 양천구 신정3동 1316-2,신정3동,37.512571,126.831703,1500
양천구,연의,근린공원,신정동,서울특별시 양천구 신정3동 1320-9외 6필지,신정3동,37.514067,126.830401,37520
양천구,숲속,어린이공원,신정동,서울특별시 양천구 신정3동 1322-10,신정3동,37.514551,126.830941,1500
양천구,넓은들,어린이공원,신정동,서울특별시 양천구 신정3동 767,신정3동,37.511317,126.839385,3288
양천구,신정3동소공원,소공원,신정동,서울특별시 양천구 신정3동 831,신정3동,37.50612432,126.8339302,3353
양천구,동개울,어린이공원,신정동,서울특별시 양천구 신정4동 876-1,신정4동,37.527916,126.856519,991.2
양천구,오구,어린이공원,신정동,서울특별시 양천구 신정4동 888-1,신정4동,37.527272,126.861874,738.4
양천구,홍익,어린이공원,신정동,서울특별시 양천구 신정4동 896-22,신정4동,37.528547,126.862274,990.8
양천구,앞산,어린이공원,신정동,서울특별시 양천구 신정4동 910-9,신정4동,37.526441,126.858307,1050.5
양천구,진주,어린이공원,신정동,서울특별시 양천구 신정4동 920-3,신정4동,37.526494,126.855036,940.5
양천구,음골,어린이공원,신정동,서울특별시 양천구 신정4동 936-13,신정4동,37.527336,126.851231,995.4
양천구,안산,어린이공원,신정동,서울특별시 양천구 신정4동 949-4,신정4동,37.524593,126.856172,992.1
양천구,새뚝,어린이공원,신정동,서울특별시 양천구 신정4동 955-1,신정4동,37.524029,126.857728,961.3
양천구,은행정,어린이공원,신정동,서울특별시 양천구 신정4동 975-30,신정4동,37.522027,126.855022,1062.2
양천구,아랫말,어린이공원,신정동,서울특별시 양천구 신정4동 990-1,신정4동,37.525063,126.861828,947.7
양천구,양천,근린공원,신정동,서울특별시 양천구 신정6동 320,신정6동,37.518124,126.867861,33797.9
양천구,꿈동산,어린이공원,신정동,서울특별시 양천구 신정6동 314-1,신정6동,37.521912,126.867457,3730.1
양천구,다람쥐,어린이공원,신정동,서울특별시 양천구 신정6동 327-1,신정6동,37.513482,126.866021,2265.5
양천구,까치,어린이공원,신정동,서울특별시 양천구 신정6동 328-1,신정6동,37.514958,126.868243,2149.8
양천구,꿈나래,어린이공원,신정동,서울특별시 양천구 신정6동 329-2,신정6동,37.516283,126.869774,2433.9
양천구,기린,어린이공원,신정동,서울특별시 양천구 신정6동 330-1,신정6동,37.516283,126.869774,2029.7
양천구,사슴,어린이공원,신정동,서울특별시 양천구 신정6동 332-1,신정6동,37.515672,126.873427,2511.3
양천구,갈산,근린공원,신정동,서울특별시 양천구 신정7동 162-56,신정7동,37.508129,126.869032,139576
양천구,목련,어린이공원,신정동,서울특별시 양천구 신정7동 325-2,신정7동,37.511439,126.858322,2498.5
양천구,호돌이,어린이공원,신정동,서울특별시 양천구 신정7동 326-2,신정7동,37.512426,126.861336,3399.7
양천구,세양,어린이공원,신정동,서울특별시 양천구 신정7동 1306-2,신정7동,37.506814,126.864025,1560.7
양천구,신정7동소공원,소공원,신정동,서울특별시 양천구 신정7동 171-61,신정7동,37.5092629,126.8688037,2553
영등포구,신일어린이공원,어린이공원,신길동,서울특별시 영등포구 신길동 455-1,신길1동,37.510022,126.9221917,173
영등포구,자매근린공원,근린공원,여의도동,서울특별시 영등포구 여의도동 56,여의동,37.5180209,126.9309951,16458
영등포구,문래근린공원,근린공원,문래동3가,서울특별시 영등포구 문래동3가 66,문래동,37.517456,126.894267,23611
영등포구,신길근린공원,근린공원,신길동,서울특별시 영등포구 신길동 341-3,신길5동,37.501712,126.905408,19604
영등포구,당산근린공원,근린공원,당산동3가,서울특별시 영등포구 당산동3가 385,당산1동,37.52521794,126.8951468,11154
영등포구,메낙골근린공원,근린공원,신길동,서울특별시 영등포구 신길동 4934-4,신길1동,37.50701967,126.915244,17229
영등포구,중앙어린이공원,어린이공원,영등포동6가,서울특별시 영등포구 영등포동6가 65-1,영등포동,37.52147175,126.9032729,3671
영등포구,평화어린이공원,어린이공원,여의도동,서울특별시 영등포구 여의도동 50-2,여의동,37.52135273,126.9373261,4595
영등포구,자유어린이공원,어린이공원,여의도동,서울특별시 영등포구 여의도동 50-3,여의동,37.521353,126.937326,5385
영등포구,강마을어린이공원,어린이공원,당산동6가,서울특별시 영등포구 당산6가 10-7,당산2동,37.532972,126.906681,3329
영등포구,양남어린이공원,어린이공원,양평동1가,서울특별시 영등포구 양평동1가 205,양평1동,37.523205,126.888303,1467
영등포구,산성어린이공원,어린이공원,대림동,서울특별시 영등포구 대림동 752-60,대림3동,37.49697742,126.902594,413
영등포구,다사랑어린이공원,어린이공원,대림동,서울특별시 영등포구 대림동 703-6,대림2동,37.492834,126.899215,1632
영등포구,고추말어린이공원,어린이공원,도림동,서울특별시 영등포구 도림동 23-1,도림동,37.511577,126.9070507,3071
영등포구,조롱박어린이공원,어린이공원,대림동,서울특별시 영등포구 대림동 870,대림1동,37.491332,126.903016,6969
영등포구,서강어린이공원,어린이공원,영등포동8가,서울특별시 영등포구 영등포동8가 28,영등포동,37.5259219,126.905848,1797
영등포구,원지어린이공원,어린이공원,대림동,서울특별시 영등포구 대림동 690,대림3동,37.497618,126.899642,4845
영등포구,동심어린이공원,어린이공원,대림동,서울특별시 영등포구 대림동 742,대림3동,37.498712,126.897293,2820
영등포구,두암어린이공원,어린이공원,대림동,서울특별시 영등포구 대림동 715,대림3동,37.49551276,126.897371,1477
영등포구,신우어린이공원,어린이공원,대림동,서울특별시 영등포구 대림동 657,대림3동,37.503539,126.899081,3112
영등포구,양화폭포근린공원,근린공원,양평동,서울특별시 영등포구 양평동 153-2,양평2동,37.53904364,126.8985934,10244
영등포구,영등포근린공원,근린공원,영등포동,서울특별시 영등포구 영등포동 582-3,영등포본동,37.516127,126.912126,61544
영등포구,양평어린이공원,어린이공원,양평동4가,서울특별시 영등포구 양평동4가 301-7,양평2동,37.538015,126.898077,2845
영등포구,영일어린이공원,어린이공원,영등포동,서울특별시 영등포구 영등포동 647-3,영등포본동,37.51015183,126.903919,5413
영등포구,중마루근린공원,근린공원,영등포동2가,서울특별시 영등포구 영등포동2가 222,영등포동,37.519919,126.911497,6456
영등포구,꿈에그린어린이공원,어린이공원,신길동,서울특별시 영등포구 신길동 4937-1,신길5동,37.50300166,126.9088394,1619
영등포구,문래소공원,소공원,문래동6가,서울특별시 영등포구 문래동6가 25-1,문래동,37.5197992,126.8869024,1954
영등포구,해무리소공원,소공원,문래동4가,서울특별시 영등포구 문래동4가 67-1,문래동,37.514461,126.888327,1194
영등포구,달무리소공원,소공원,문래동4가,서울특별시 영등포구 문래동4가 68-1,문래동,37.513622,126.890546,1007
영등포구,꽃담소공원,소공원,당산동5가,서울특별시 영등포구 당산동5가 4-23,당산2동,37.53120144,126.900161,2582
영등포구,옹기종기소공원,소공원,신길동,서울특별시 영등포구 신길동 4955-3,신길3동,37.504367,126.906022,1732
영등포구,당산역소공원,소공원,당산동5가,서울특별시 영등포구 당산동5가 9-29,당산2동,37.533517,126.900642,229
영등포구,원두막소공원,소공원,대림동,서울특별시 영등포구 대림1동 1124-3,대림1동,37.495012,126.903451,395
영등포구,도리미소공원,소공원,도림동,서울특별시 영등포구 도림동 821-3,도림동,37.509476,126.9021917,1859
영등포구,새말소공원,소공원,당산동4가,서울특별시 영등포구 당산동4가 85,당산2동,37.531292,126.8975129,1642
영등포구,이음소공원,소공원,당산동4가,서울특별시 영등포구 당산동4가 98-1,당산2동,37.527424,126.902467,732
영등포구,당산나루소공원,소공원,당산동5가,서울특별시 영등포구 당산동5가 9-3,당산2동,37.532814,126.900128,1279
영등포구,꿈모아소공원,소공원,문래동5가,서울특별시 영등포구 문래동5가 67-2,문래동,37.51655014,126.8871262,1505
영등포구,영신소공원,소공원,당산동4가,서울특별시 영등포구 당산동4가 99-1,당산2동,37.528846,126.903737,396
영등포구,화담소공원,소공원,신길동,서울특별시 영등포구 신길동 4950-1,신길7동,37.501274,126.9162891,1024.1
영등포구,아기자기소공원,소공원,신길동,서울특별시 영등포구 신길동 4945-1,신길3동,37.504638,126.906631,1661.4
영등포구,아크로타워 역사공원,역사공원,영등포동7가,서울특별시 영등포구 영등포동7가 205-1,영등포동,37.52257451,126.9077566,2962
영등포구,정담소공원,소공원,신길동,서울특별시 영등포구 신길동 1980-1,신길7동,37.50373971,126.9175044,1638
영등포구,늘품어린이공원,어린이공원,신길동,서울특별시 영등포구 신길동 541,신길7동,37.503015,126.920286,1981
영등포구,어울숲근린공원,근린공원,신길동,서울특별시 영등포구 신길동 243-58,신길4동,37.503954,126.9145992,13776
영등포구,당찬어린이공원,어린이공원,당산동5가,서울특별시 영등포구 당산동5가 4-13,당산2동,37.53003105,126.9015929,1587
영등포구,도토리어린이공원,어린이공원,대림동,서울특별시 영등포구 대림동 1127-6,대림1동,37.494598,126.9081926,2878
영등포구,소예소공원,소공원,신길동,서울특별시 영등포구 신길동 3126,신길6동,37.502528,126.912451,2361
영등포구,라온소공원,소공원,신길동,서울특별시 영등포구 신길동 3403,신길4동,37.502802,126.911686,2133
영등포구,오순도순소공원,소공원,신길동,서울특별시 영등포구 신길동 336-317,신길5동,37.504178,126.9067851,2650
용산구,효창공원,근린공원,효창동,서울특별시 용산구 효창동 255,효창동,37.544278,126.959255,171277
용산구,새나라어린이공원,어린이공원,후암동,서울특별시 용산구 후암동 190-1,후암동,37.548319,126.9763669,2340
용산구,늘푸른어린이공원,어린이공원,원효로3가,서울특별시 용산구 원효로3가 1-139,원효로2동,37.53479369,126.956553,2300
용산구,청파문화공원,문화공원,서계동,서울특별시 용산구 서계동 226-3,청파동,37.553546,126.9682992,4296.4
용산구,동자어린이공원,어린이공원,동자동,서울특별시 용산구 동자동 24-11,남영동,37.55008633,126.973945,712
용산구,이태원어린이공원,어린이공원,이태원동,서울특별시 용산구 이태원동 286-1,이태원2동,37.538407,126.989041,2858
용산구,새꿈어린이공원,어린이공원,동자동,서울특별시 용산구 동자동 8,남영동,37.552563,126.974476,1828
용산구,돌모루어린이공원,어린이공원,청파동3가,서울특별시 용산구 청파동3가 118-102,청파동,37.542772,126.9685904,3447
용산구,신계공원,역사공원,신계동,서울특별시 용산구 신계동 55,원효로1동,37.535079,126.966284,15000
용산구,소월길어린이공원,어린이공원,이태원동,서울특별시 용산구 이태원동 463,이태원2동,37.543563,126.989243,1630
용산구,꿈나무공원,어린이공원,이촌동,서울특별시 용산구 이촌동 301-86,이촌1동,37.520795,126.971721,1412
용산구,새싹어린이공원,어린이공원,이촌동,서울특별시 용산구 이촌동 206-1,이촌2동,37.526961,126.954522,480
용산구,삼각지어린이공원,어린이공원,용산동3가,서울특별시 용산구 용산동3가 1-96,한강로동,37.534406,126.9754551,803
용산구,응봉공원,근린공원,한남동,서울특별시 용산구 한남동 산8-1,한남동,37.544987,127.0047763,187834
용산구,동빙고공원,근린공원,용산동6가,서울특별시 용산구 용산동6가 69-163,서빙고동,37.517396,126.983984,55740
용산구,두텁바위어린이공원,어린이공원,동자동,서울특별시 용산구 동자동 50,남영동,37.552054,126.972944,2623
용산구,효창어린이공원,어린이공원,효창동,서울특별시 용산구 효창동 5-712,효창동,37.54279367,126.9585555,525
용산구,이촌공원,어린이공원,이촌동,서울특별시 용산구 이촌동 301-60,이촌1동,37.518766,126.979792,1736
용산구,새푸리공원,소공원,이촌동,서울특별시 용산구 이촌동 399,이촌1동,37.5215843,126.967831,231
용산구,도원어린이공원,어린이공원,도원동,서울특별시 용산구 도원동 21,용문동,37.537154,126.9546234,1500
용산구,강변공원,소공원,이촌동,서울특별시 용산구 이촌동 408,이촌1동,37.521338,126.975039,1766
용산구,솔밭어린이공원,어린이공원,한강로1가,서울특별시 용산구 한강로1가 30-3,한강로동,37.537229,126.973668,2090
용산구,신창동어린이공원,어린이공원,신창동,서울특별시 용산구 신창동 100,원효로2동,37.5366983,126.954145,257
용산구,서빙고공원,근린공원,용산동5가,서울특별시 용산구 용산동5가 24-2,한강로동,37.524782,126.9712832,11879
용산구,기와터공원,근린공원,한강로3가,서울특별시 용산구 한강로3가 63-388,한강로동,37.52581297,126.969661,2225
용산구,문배어린이공원,어린이공원,문배동,서울특별시 용산구 문배동 24-1,원효로1동,37.536628,126.9698073,842
용산구,서계가로어린이공원,어린이공원,서계동,서울특별시 용산구 서계동 276-7,청파동,37.551285,126.964252,183
용산구,후암어린이공원,어린이공원,후암동,서울특별시 용산구 후암동 406-80,후암동,37.54722997,126.9836734,182
용산구,비상공원,소공원,이촌동,서울특별시 용산구 이촌동 417,이촌1동,37.522342,126.971394,889
용산구,청탑공원,소공원,이촌동,서울특별시 용산구 이촌동 425,이촌1동,37.517808,126.977273,546
용산구,사촌공원,소공원,이촌동,서울특별시 용산구 이촌동 429,이촌1동,37.520666,126.9709256,1500
용산구,강변복지공원,소공원,이촌동,서울특별시 용산구 이촌동 421,이촌1동,37.521114,126.9658983,377
용산구,이촌한우리공원,소공원,이촌동,서울특별시 용산구 이촌동 437,이촌1동,37.5172264,126.981103,4325
용산구,해님공원,소공원,문배동,서울특별시 용산구 문배동 45,원효로1동,37.539145,126.970123,1255
용산구,달님공원,소공원,문배동,서울특별시 용산구 문배동 46,원효로1동,37.538428,126.969601,1195
용산구,별님공원,소공원,문배동,서울특별시 용산구 문배동 11-1,원효로1동,37.538165,126.969201,1137
용산구,이태원마을숲,소공원,이태원동,서울특별시 용산구 이태원동 260-87,이태원2동,37.5412484,126.991493,867
용산구,독서당공원,소공원,한남동,서울특별시 용산구 한남동 1-32,한남동,37.5345083,127.012481,469
용산구,한남공원,소공원,한남동,서울특별시 용산구 한남동 15-5,한남동,37.537238,127.013882,432
용산구,이태원어린이놀이터,소공원,이태원동,서울특별시 용산구 이태원동 190-11,이태원1동,37.535685,126.989937,278
용산구,한강대로공원,소공원,한강로3가,서울특별시 용산구 한강로동 65-587,한강로동,37.524103,126.963575,466
용산구,이태원부군당,역사공원,이태원동,서울특별시 용산구 이태원동 191-3,이태원1동,37.535801,126.989755,2020
용산구,이봉창역사공원,역사공원,효창동,서울특별시 용산구 효창동 286-7,효창동,37.54010272,126.960877,484.4
용산구,신용산가로공원,기타,한강로2가,서울특별시 용산구 한강로2가 424-1,한강로동,37.52947726,126.9690828,2410
용산구,한강로가로공원,기타,한강로3가,서울특별시 용산구 한강로3가 65-690,한강로동,37.524249,126.963959,1076.3
용산구,한마음어린이공원,어린이공원,용산동5가,서울특별시 용산구 용산동5가 30-4,한강로동,37.52856458,126.9696756,2998.5
용산구,우정소공원,소공원,효창동,서울특별시 용산구 효창동 287-2,효창동,37.540454,126.9640942,806.1
용산구,녹색소공원,소공원,효창동,서울특별시 용산구 효창동 287-6,효창동,37.53937577,126.9625188,1569.9
용산구,효창6소공원,소공원,효창동,서울특별시 용산구 효창동 3-209,효창동,37.54826911,126.9631111,880.5
은평구,새록어린이공원,어린이공원,불광동,서울특별시 은평구 녹번동 158-1,불광2동,37.625092,126.926178,956
은평구,응암어린이공원,어린이공원,대조동,서울특별시 은평구 응암동 85-41,대조동,37.615323,126.919745,992.1
은평구,신록어린이공원,어린이공원,갈현동,서울특별시 은평구 녹번동 20-6,갈현2동,37.614689,126.915685,469
은평구,참다래어린이공원,어린이공원,갈현동,서울특별시 은평구 응암동 120-22,갈현2동,37.617265,126.913295,954.4
은평구,포수동어린이공원,어린이공원,갈현동,서울특별시 은평구 응암동 115-25,갈현1동,37.625135,126.918535,987.8
은평구,시루메어린이공원,어린이공원,녹번동,서울특별시 은평구 증산동 185-1,녹번동,37.603973,126.923728,999.6
은평구,연서어린이공원,어린이공원,녹번동,서울특별시 은평구 역촌동 32-36,녹번동,37.605114,126.938126,956
은평구,역마을어린이공원,어린이공원,응암동,서울특별시 은평구 역촌동 39-2,응암1동,37.601679,126.923517,949.1
은평구,역말어린이공원,어린이공원,응암동,서울특별시 은평구 역촌동 47-1,응암1동,37.598043,126.919446,966.3
은평구,인조유기비어린이공원,어린이공원,응암동,서울특별시 은평구 역촌동 8-11,응암3동,37.595367,126.917374,1256.9
은평구,대조어린이공원,어린이공원,역촌동,서울특별시 은평구 대조동 212,역촌동,37.601073,126.918478,4176.9
은평구,길마어린이공원,어린이공원,역촌동,서울특별시 은평구 갈현동 474-1,역촌동,37.606876,126.914238,1596.7
은평구,궁말어린이공원,어린이공원,역촌동,서울특별시 은평구 갈현동 327-21,역촌동,37.608641,126.916513,1190
은평구,박석어린이공원,어린이공원,갈현동,서울특별시 은평구 갈현동 416-3,갈현2동,37.616846,126.908951,856.9
은평구,좌월어린이공원,어린이공원,신사동,서울특별시 은평구 갈현동 513-1,신사1동,37.598914,126.911312,1398.3
은평구,갈곡리어린이공원,어린이공원,신사동,서울특별시 은평구 갈현동 436-51,신사1동,37.595946,126.911954,1738.7
은평구,새락골어린이공원,어린이공원,증산동,서울특별시 은평구 신사동 5-21,증산동,37.582994,126.906559,994
은평구,호연어린이공원,어린이공원,역촌동,서울특별시 은평구 녹번동 95-44,역촌동,37.604098,126.916651,528
은평구,분토골어린이공원,어린이공원,갈현동,서울특별시 은평구 증산동 163-34,갈현1동,37.621482,126.915707,996
은평구,서갈현어린이공원,어린이공원,응암동,서울특별시 은평구 갈현동 434-38,응암3동,37.583268,126.916127,1532.2
은평구,새장골어린이공원,어린이공원,구산동,서울특별시 은평구 불광동 444-1,구산동,37.611011,126.908075,992
은평구,시내어린이공원,어린이공원,구산동,서울특별시 은평구 불광동 444-15,구산동,37.607188,126.907777,659
은평구,관동어린이공원,어린이공원,갈현동,서울특별시 은평구 불광동 270-11,갈현1동,37.623992,126.916508,331
은평구,가람어린이공원,어린이공원,증산동,서울특별시 은평구 불광동 448-51,증산동,37.586711,126.911699,249
은평구,신흥어린이공원,어린이공원,녹번동,서울특별시 은평구 신사동 31-2,녹번동,37.60631,126.9342,937.9
은평구,개나리어린이공원,근린공원,신사동,서울특별시 은평구 신사동 237-177,신사2동,37.590721,126.905813,2896
은평구,오래뜰어린이공원,어린이공원,녹번동,서울특별시 은평구 응암동 742-9,녹번동,37.605483,126.930922,1526
은평구,불광어린이공원,어린이공원,녹번동,서울특별시 은평구 불광동 236-5,녹번동,37.603157,126.929288,496
은평구,백련아름어린이공원,어린이공원,녹번동,서울특별시 은평구 응암동 761-9,녹번동,37.603459,126.932237,2244.3
은평구,다래어린이공원,어린이공원,신사동,서울특별시 은평구 응암동751-22,신사2동,37.59242,126.910584,584.9
은평구,연신어린이공원,어린이공원,신사동,서울특별시 은평구 불광동 339,신사1동,37.600268,126.906472,1236
은평구,양천리누리터 어린이공원,어린이공원,진관동,서울특별시 은평구 녹번동 281-4,진관동,37.640075,126.932882,5153.3
은평구,응암새싹어린이공원,어린이공원,진관동,서울특별시 은평구 응암동 240-7,진관동,37.637976,126.913577,1602
은평구,매바위어린이공원,어린이공원,불광동,서울특별시 은평구 응암동 767-1,불광1동,37.618784,126.930834,4144.8
은평구,응암행복어린이공원,어린이공원,불광동,서울특별시 은평구 응암동764-2,불광2동,37.629366,126.927014,3090.1
은평구,하랑어린이공원,어린이공원,응암동,서울특별시 은평구 응암동 769-3,,38.30011,126.555211,4485.9
은평구,북한산,근린공원,녹번동,서울특별시 은평구 불광동 산 42-5,녹번동,37.605799,126.940903,60789
은평구,봉산,근린공원,수색동,서울특별시 은평구 구산동 산 136-5,수색동,37.585195,126.891941,173394.2
은평구,서오능,근린공원,불광동,서울특별시 은평구 진관동 산 63-4,불광1동,37.618709,126.927067,58509.5
은평구,불 광,근린공원,갈현동,서울특별시 은평구 불광동 산 33-1,갈현2동,37.614968,126.910327,118314.2
은평구,백 련,근린공원,역촌동,서울특별시 은평구 응암동 산 1-27,역촌동,37.60836,126.919486,205090.9
은평구,진 관,근린공원,불광동,서울특별시 은평구 진관동 산 95,불광1동,37.61634,126.931455,585480.1
은평구,향  림,근린공원,갈현동,서울특별시 은평구 진관동 산 52,갈현1동,37.61897,126.920861,202993
은평구,신 사,근린공원,역촌동,서울특별시 은평구 신사동 산 80-64,역촌동,37.604686,126.915235,71848.1
은평구,물 푸 레,근린공원,불광동,서울특별시 은평구 진관동 산 100-44,불광1동,37.610307,126.931945,147441.6
은평구,기 자 촌,근린공원,불광동,서울특별시 은평구 진관동 106-17,불광2동,37.621404,126.928596,128953.7
은평구,녹번서,근린공원,대조동,서울특별시 은평구 녹번동 85-1,대조동,37.614034,126.920502,29945
은평구,녹번동,근린공원,불광동,서울특별시 은평구 녹번동 산 27,불광2동,37.624534,126.923743,25854.7
은평구,거 북 골,근린공원,응암동,서울특별시 은평구 구산동 산 37-4,응암1동,37.599915,126.925992,43812.6
은평구,구 산,근린공원,응암동,서울특별시 은평구 구산동 산 48-7,응암3동,37.587111,126.919033,12445.7
은평구,상림,근린공원,구산동,서울특별시 은평구 진관동 5-3,구산동,37.614762,126.907901,4749.8
은평구,못자리골,근린공원,응암동,"서울특별시 은평구 진관동13-2, 12-1",응암2동,37.586731,126.923094,16176.1
은평구,덕수천,근린공원,구산동,서울특별시 은평구 진관동 14-3,구산동,37.609251,126.90656,5569.1
은평구,박석고개,근린공원,구산동,서울특별시 은평구 진관동 101-2,구산동,37.611787,126.909981,4551.6
은평구,우물골,근린공원,응암동,"서울특별시 은평구 진관동 85-1,2,3",응암3동,37.58887,126.919615,7203.1
은평구,신도,근린공원,응암동,서울특별시 은평구 진관동 206-21,응암2동,37.594288,126.919595,12020
은평구,마실길,근린공원,불광동,서울특별시 은평구 진관동 125-22,불광2동,37.626791,126.928717,45170.5
은평구,역촌동소공원,소공원,구산동,서울특별시 은평구 역촌동 85-34,구산동,37.611442,126.910162,318
은평구,거북이소공원,소공원,구산동,서울특별시 은평구 구산동 309-38,구산동,37.614886,126.907774,250
은평구,요 산소공원,소공원,응암동,서울특별시 은평구 불광동 13-33,응암2동,37.591827,126.918252,805
은평구,백련산숲속소공원,소공원,대조동,서울특별시 은평구 응암동 761-7,대조동,37.609041,126.929362,880.8
은평구,불광3구역소공원,소공원,진관동,서울특별시 은평구 불광동641-1,진관동,37.648497,126.929826,7274.1
은평구,북한산풀입소공원,소공원,진관동,서울특별시 은평구 불광동 638-3,진관동,37.648497,126.929826,1919
은평구,아미산자락소공원,소공원,진관동,서울특별시 은평구 불광동 643-3,진관동,37.646145,126.927556,3120
은평구,놀뫼소공원,소공원,진관동,서울특별시 은평구 응암동 762-4,진관동,37.633198,126.919096,1641.6
은평구,폭포동소공원,소공원,진관동,서울특별시 은평구 진관동 158-14,진관동,37.637075,126.916493,1087.8
은평구,잿말소공원,소공원,진관동,서울특별시 은평구 진관동 195-16,진관동,37.634196,126.925428,245.1
은평구,한옥마을소공원,소공원,진관동,서울특별시 은평구 진관동 211-34,진관동,37.632016,126.93076,58.7
은평구,풋나무골소공원,소공원,진관동,서울특별시 은평구 신사동 372-1,진관동,37.635399,126.934794,782.6
은평구,녹번산들바람소공원,소공원,진관동,서울특별시 은평구 녹번동 283-7,진관동,37.632016,126.93076,5804.2
은평구,수색4구역,소공원,수색동,서울특별시 은평구 수색동 361-10,수색동,38.29013,126.5337,3571.5
은평구,수색9구역,소공원,수색동,서울특별시 은평구 수색동 25-15,수색동,38.29007,126.5402,956
은평구,해바람소공원,소공원,응암동,서울특별시 은평구 응암동 768-1,응암2동,38.29058,126.5515,3230.3
은평구,은평마루소공원,소공원,응암동,서울특별시 은평구 응암동 679-4,응암3동,38.30015,126.5556,1059.1
은평구,금암문화공원 (은평뉴타운제1호문화공원),문화공원,불광동,서울특별시 은평구 진관동 53-5,불광2동,37.624806,126.92741,6857.1
은평구,제각말문화공원 (은평뉴타운제2호 문화공원),문화공원,불광동,서울특별시 은평구 진관동 135-26,불광2동,37.626369,126.925398,55721.8
은평구,불광위령탑마을마당,기타,불광동,서울특별시 은평구 불광동 247-4,불광1동,37.61362,126.929777,940
은평구,구산마을마당,기타,신사동,서울특별시 은평구 구산동 산 173-23,신사2동,37.595561,126.904347,387
은평구,신사마을마당,기타,신사동,서울특별시 은평구 불광동 247,신사2동,37.594385,126.908643,203
은평구,대조마을마당,기타,진관동,서울특별시 은평구 대조동 48-42,진관동,37.641342,126.942228,183.5
은평구,자투리(녹번)마을마당,기타,역촌동,서울특별시 은평구 녹번동 103-23,역촌동,37.599552,126.915551,165
은평구,자투리(신사)마을마당,기타,불광동,서울특별시 은평구 신사동 300-153,불광1동,37.618267,126.932812,236
은평구,불광동마을마당,기타,불광동,서울특별시 은평구 불광동 331-106,불광1동,37.618267,126.932812,324
은평구,역촌동마을마당,기타,불광동,서울특별시 은평구 역촌동 2-108,불광1동,37.619234,126.936128,230.1
은평구,갈현동마을마당,기타,불광동,서울특별시 은평구 갈현동 526-6,불광1동,37.619234,126.936128,249.9
은평구,신사2동마을마당,기타,불광동,서울특별시 은평구 신사동 200-170,불광1동,37.61227,126.939287,175
은평구,역촌2동마을마당,기타,불광동,서울특별시 은평구 역촌동 62-21,불광1동,37.616903,126.928972,395.7
은평구,응암1동마을마당,기타,진관동,서울특별시 은평구 응암동 97-17,진관동,37.630017,126.930244,635.3
은평구,불광3동마을숲마을마당,기타,응암동,서울특별시 은평구 불광동 480-181,응암2동,37.587015,126.923141,807
은평구,대조동청사옆마을마당,기타,진관동,서울특별시 은평구 대조동 214-8,진관동,37.644332,126.918009,130.3
은평구,연천초교앞마을마당,기타,녹번동,서울특별시 은평구 불광동 137-5,녹번동,37.605192,126.923387,347
은평구,구산동마을공원,기타,응암동,서울특별시 은평구 구산동 340-1,녹번동,37.601518,126.929762,2811
은평구,도원극장옆마을마당,기타,녹번동,서울특별시 은평구 녹번동 74-5,녹번동,37.605848,126.926897,48.8
은평구,응암3동마을마당,기타,녹번동,서울특별시 은평구 응암동 337-52,녹번동,37.605954,126.927616,518
은평구,구현초교 앞마을마당,기타,불광동,서울특별시 은평구 구산동 산 41-19,불광1동,37.616116,126.930421,541
은평구,녹번동마을마당,기타,구산동,서울특별시 은평구 녹번동 104-7,구산동,37.608536,126.907223,754
은평구,연신초교옆마을마당,기타,대조동,서울특별시 은평구 불광동 69,대조동,37.610501,126.918888,711
은평구,구산동청사앞소공원,기타,응암동,서울특별시 은평구 구산동 27-7,응암1동,37.599395,126.932051,335.9
은평구,구산동마을공원확대,기타,구산동,서울특별시 은평구 구산동 345-6,구산동,37.61512,126.90778,157
은평구,구산초교앞마을마당,기타,응암동,서울특별시 은평구 구산동 153-2,응암2동,37.595602,126.919066,135
은평구,팜스퀘어 소공원,기타,신사동,서울특별시 은평구 대조동 240-3,신사2동,37.597018,126.906734,268.8
은평구,신사2동 공공공지,기타,신사동,서울특별시 은평구 신사동 163-51,신사2동,37.593894,126.908112,1848
은평구,오손길마을마당,기타,신사동,서울특별시 은평구 응암동 365-30,신사2동,37.591562,126.902567,139
은평구,평화공원,기타,녹번동,서울특별시 은평구 녹번동 153-1,녹번동,37.605834,126.923011,5700.1
은평구,물빛공원,기타,갈현동,서울특별시 은평구 갈현동 397,갈현1동,37.619103,126.9208,2051
종로구,창덕공원,근린공원,와룡동,서울특별시 종로구 와룡동 2-71,종로1.2.3.4가동,37.578868,126.989712,491328
종로구,청진공원,근린공원,청진동,서울특별시 종로구 청진동 146-3,종로1.2.3.4가동,37.571415,126.9799007,2802
종로구,원서공원,근린공원,원서동,서울특별시 종로구 원서동 181,가회동,37.578234,126.988566,10004.6
종로구,탑골공원,근린공원,종로2가,서울특별시 종로구 종로2가 38-1,종로1.2.3.4가동,37.570612,126.9880601,14808.7
종로구,연지공원,근린공원,연지동,서울특별시 종로구 연지동 1-38,종로5.6가동,37.575758,127.0008075,2827.6
종로구,내수어울공원,근린공원,내수동,서울특별시 종로구 내수동 71-2,사직동,37.57368596,126.9703773,2392.1
종로구,내수공원,근린공원,내수동,서울특별시 종로구 내수동 73-3,사직동,37.5723883,126.9715781,2192.2
종로구,사직공원,근린공원,사직동,서울특별시 종로구 사직동 1-28,사직동,37.57628582,126.9682319,168099.8
종로구,월암공원,근린공원,송월동,서울특별시 종로구 송월동 1-2,교남동,37.57077796,126.9657457,10662
종로구,삼청공원,근린공원,삼청동,서울특별시 종로구 삼청동 산2-1,삼청동,37.58769948,126.983451,468348.2
종로구,와룡공원,근린공원,명륜3가,서울특별시 종로구 명륜3가 53-52,혜화동,37.591168,126.990122,204369
종로구,숭인공원,근린공원,숭인동,서울특별시 종로구 숭인동 58,숭인1동,37.57756126,127.0181626,45615
종로구,흥인지문공원,근린공원,종로6가,서울특별시 종로구 종로6가 70,종로5.6가동,37.57253066,127.0085453,11519.7
종로구,수송공원,근린공원,수송동,서울특별시 종로구 수송동 80-7,종로1.2.3.4가동,37.57375558,126.981143,3567.2
종로구,인왕산공원,근린공원,옥인동,서울특별시 종로구 옥인동 179-1,청운효자동,37.58302366,126.9634885,201704
종로구,북한산공원,근린공원,평창동,서울특별시 종로구 평창동 산6-17,평창동,37.601976,126.980549,19902.4
종로구,마로니에공원,문화공원,동숭동,서울특별시 종로구 동숭동 1-124,이화동,37.580336,127.002513,5802
종로구,후창공원,소공원,평창동,서울특별시 종로구 평창동 568-2,평창동,37.6101992,126.9646152,1920
종로구,서린공원,소공원,서린동,서울특별시 종로구 서린동 82,종로1.2.3.4가동,37.569989,126.980784,1398
종로구,덕수공원,소공원,신문로1가,서울특별시 종로구 신문로1가 174-7,사직동,37.569254,126.974735,869.2
종로구,평창공원,소공원,평창동,서울특별시 종로구 평창동 108-3,평창동,37.61062979,126.9778078,1117.6
종로구,달바위공원,소공원,송월동,서울특별시 종로구 송월동 145-2,교남동,37.57065597,126.9654229,3317.8
종로구,솔빛공원,소공원,송월동,서울특별시 종로구 송월동 145-3,교남동,37.569973,126.965539,1793.3
종로구,소담공원,소공원,행촌동,서울특별시 종로구 행촌동 211-4,교남동,37.572146,126.9616546,491.4
종로구,부암튼튼공원,소공원,부암동,서울특별시 종로구 부암동 262-1,부암동,37.59228294,126.9645674,1258
종로구,의주공원,소공원,무악동,서울특별시 종로구 무악동 46-71,무악동,37.57384186,126.960267,364
종로구,창신공원,어린이공원,창신동,서울특별시 종로구 창신동 23-362,창신3동,37.57798312,127.012931,710
종로구,무악공원,어린이공원,무악동,서울특별시 종로구 무악동 산2-83,무악동,37.57745181,126.960547,5136
종로구,낙산공원,어린이공원,창신동,서울특별시 종로구 창신동 611-19,창신2동,37.579546,127.010184,660
종로구,참샘골공원,어린이공원,평창동,서울특별시 종로구 평창동 470,평창동,37.61517106,126.9746192,2737
종로구,감나무골공원,어린이공원,평창동,서울특별시 종로구 평창동 495-4,평창동,37.61276822,126.970377,2403
종로구,옥인공원,어린이공원,옥인동,서울특별시 종로구 옥인동 187-2,청운효자동,37.58231136,126.9623815,472.1
종로구,명륜공원,어린이공원,명륜1가,서울특별시 종로구 명륜1가 23-9,혜화동,37.588055,126.998279,1149.5
종로구,새마을공원,어린이공원,평창동,서울특별시 종로구 평창동 327-1,평창동,37.606448,126.964642,397
종로구,인왕공원,어린이공원,무악동,서울특별시 종로구 무악동 55-1,무악동,37.577468,126.956975,1745.8
종로구,연지1공원,어린이공원,연지동,서울특별시 종로구 연지동 136-92,종로5.6가동,37.57418874,127.001063,474.2
종로구,경학공원,어린이공원,명륜3가,서울특별시 종로구 명륜3가 53-2,혜화동,37.584487,126.996902,3269
종로구,지봉골공원,어린이공원,창신동,서울특별시 종로구 창신동 산6-25,창신3동,37.578947,127.014468,2508
종로구,신문로공원,어린이공원,신문로2가,서울특별시 종로구 신문로2가 160-1,사직동,37.569026,126.9724105,665
종로구,경희궁공원,역사공원,신문로2가,서울특별시 종로구 신문로2가 2-1,사직동,37.57176907,126.9679849,100930
종로구,동묘공원,역사공원,숭인동,서울특별시 종로구 숭인동 238-1,숭인2동,37.573162,127.018284,8450
종로구,도렴공원,역사공원,신문로1가,서울특별시 종로구 신문로1가 240-2,사직동,37.57088839,126.9739644,832.8
종로구,공평공원,역사공원,인사동,서울특별시 종로구 인사동 275,종로1.2.3.4가동,37.571239,126.985571,219.9
중구,훈련원공원,근린공원,을지로6가,서울특별시 중구 을지로5가 40-3,을지로동,37.56922545,127.0053319,17927.9
중구,응봉공원,근린공원,신당동,서울특별시 중구 신당동 산 2-6,신당5동,37.56251273,127.0250052,110176.5
중구,무학봉공원,근린공원,신당동,서울특별시 중구 신당5동 산12-63,신당5동,37.56251273,127.0250052,38054
중구,다동공원,근린공원,다동,서울특별시 중구 다동51-1,명동,37.56779209,126.9805245,1929
중구,묵정어린이공원,어린이공원,충무로5가,서울특별시 중구 충무로5가 21,광희동,37.56368166,126.9998022,3907.4
중구,쌍림어린이공원,어린이공원,쌍림동,서울특별시 중구 광희1가 242,광희동,37.56415396,127.0049461,1500
중구,황학어린이공원,어린이공원,황학동,서울특별시 중구 황학동 755,황학동,37.56748267,127.0180129,1087
중구,배재어린이공원,어린이공원,정동,서울특별시 중구 정동 34-31,소공동,37.56440726,126.9726897,2877
중구,청구어린이공원,어린이공원,신당동,서울특별시 중구 청구동 842-1,청구동,37.55566197,127.0138185,1655.7
중구,충현어린이공원,어린이공원,신당동,서울특별시 중구 다산동 432-540,다산동,37.55110795,127.0056933,1571
중구,다산어린이공원,어린이공원,신당동,서울특별시 중구 신당5동 123-1,신당5동,37.56375032,127.0186793,3678.6
중구,늘푸른어린이공원,어린이공원,신당동,서울특별시 중구 다산동 432-917,다산동,37.55110795,127.0056933,423
중구,저동어린이공원,어린이공원,저동1가,서울특별시 중구 저동1가 1-14,명동,37.56474547,126.9878944,1050
중구,꿈누리어린이공원,어린이공원,신당동,서울특별시 중구 신당동 851-9,동화동,37.5606932,127.0203973,2568.7
중구,동화어린이공원,어린이공원,신당동,서울특별시 중구 신당동 852-4,동화동,37.56049514,127.0181196,3070.9
중구,순화어린이공원,어린이공원,순화동,서울특별시 중구 순화동 217-6,소공동,37.56343951,126.9712668,1457.8
중구,저동1소공원,소공원,을지로2가,서울특별시 중구 을지로2가 203-1,명동,37.56595598,126.9896256,210
중구,저동2소공원,소공원,을지로2가,서울특별시 중구 을지로2가 203-4,명동,37.56526144,126.9888661,200
중구,저동3소공원,소공원,을지로2가,서울특별시 중구 저동2가 89-1,명동,37.56563762,126.9890554,389.2
중구,쌍림동소공원,소공원,쌍림동,서울특별시 중구 쌍림동 292-2,광희동,37.56350445,127.0030963,169.4
중구,무교2소공원,소공원,태평로1가,서울특별시 중구 태평로1가 2-2,명동,37.56883648,126.9776038,1245.4
중구,경찰기념공원,소공원,의주로2가,서울특별시 중구 의주로1가 44-2,중림동,37.56056785,126.9688672,1039
중구,진달래소공원,소공원,정동,서울특별시 중구 정동 1-73,소공동,37.56801264,126.9747535,713
중구,마루소공원,소공원,신당동,서울특별시 중구 다산동 432-1918,다산동,37.55116553,127.0043988,337
중구,만리소공원(만리2구역1),소공원,만리동2가,서울특별시 중구 만리동2가 285(231-2),중림동,37.55446168,126.9658367,1204.2
중구,만리소공원(만리2구역2),소공원,만리동2가,서울특별시 중구 만리동2가 281(211),중림동,37.55446168,126.9658367,3394.5
중구,만리2구역3(가칭)_만리1,소공원,만리동2가,서울특별시 중구 만리동2가 12-53,중림동,37.55446168,126.9658367,427
중구,서소문구역 제5지구(가칭),소공원,서소문동,서울특별시 중구 서소문동 116,소공동,37.56288231,126.9754281,397.5
중구,신당제11구역1(가칭),소공원,하왕십리동,서울특별시 중구 신당동 856-6,왕십리2동,37.56221478,127.0255059,284.7
중구,신당제11구역2(가칭),소공원,신당동,서울특별시 중구 신당동 856-2,신당5동,37.56312028,127.0255232,79.7
중구,인현소공원,소공원,예관동,서울특별시 중구 예관동 53-4,광희동,37.5645401,126.997423,1317.7
중구,손기정체육공원,체육공원,만리동2가,서울특별시 중구 만리동2가 6-1,중림동,37.55592073,126.9645377,29682.2
중구,서소문역사공원,역사공원,의주로2가,서울특별시 중구 의주로2가 16-2,중림동,37.56056785,126.9688672,21363
중구,청계천한빛공원,역사공원,삼각동,서울특별시 중구 삼각동 118,명동,37.56800871,126.9851012,2105.7
중구,정동역사공원,역사공원,정동,서울특별시 중구 정동 15-1,소공동,37.56773915,126.9713585,8160
중구,순화문화공원,문화공원,순화동,서울특별시 중구 순화동 216-2,소공동,37.56013992,126.9715294,2102.5
중구,명동문화공원,문화공원,저동1가,서울특별시 중구 저동1가 91-2,명동,37.56472834,126.9869241,2117
중구,남대문로5가문화공원,문화공원,저동1가,서울특별시 중구 남대문로5가 831-1,명동,37.56472834,126.9869241,1576.2
중랑구,능말공원,근린공원,신내동,서울특별시 중랑구 신내동 817-4,신내1동,37.6160163,127.1080257,19098.6
중랑구,배말공원,근린공원,신내동,서울특별시 중랑구 신내동 819,신내1동,37.61415177,127.1119491,19887.9
중랑구,청남공원,근린공원,신내동,서울특별시 중랑구 신내동 산2-45,신내1동,37.62011974,127.1104604,223100
중랑구,원  묵,어린이공원,묵동,서울특별시 중랑구 묵동 13-1,묵1동,37.616747,127.084772,1500.9
중랑구,서  당,어린이공원,묵동,서울특별시 중랑구 묵동 20-1,묵1동,37.61706409,127.0881222,2000.1
중랑구,은하수,어린이공원,신내동,서울특별시 중랑구 신내동 650-1,신내2동,37.6156627,127.0912651,1999.7
중랑구,꽃동산,어린이공원,망우동,서울특별시 중랑구 망우동 441-1,망우3동,37.59124873,127.0991535,1004
중랑구,달동산,어린이공원,망우동,서울특별시 중랑구 망우동 520-6,망우3동,37.59221339,127.095187,984.5
중랑구,샛  별,어린이공원,망우동,서울특별시 중랑구 망우동 416-1,망우3동,37.59339462,127.1008446,950.1
중랑구,햇  님,어린이공원,망우동,서울특별시 중랑구 망우동 474-11,망우3동,37.59360721,127.0952679,593
중랑구,면  목,어린이공원,면목동,서울특별시 중랑구 면목동 127-33,면목본동,37.58956391,127.0859226,993
중랑구,양  지,어린이공원,면목동,서울특별시 중랑구 면목동 98-20,면목본동,37.59020491,127.088887,979.8
중랑구,겸  재,어린이공원,면목동,서울특별시 중랑구 면목동 70-3,면목본동,37.58797605,127.093223,975.9
중랑구,오거리,어린이공원,면목동,서울특별시 중랑구 면목동 351,면목7동,37.57710827,127.0844469,1357
중랑구,열  매,어린이공원,면목동,서울특별시 중랑구 면목동 142-15,면목2동,37.58857132,127.0809543,1192.7
중랑구,사  랑,어린이공원,면목동,서울특별시 중랑구 면목동 153-6,면목5동,37.58564763,127.0818678,1009.9
중랑구,남  촌,어린이공원,면목동,서울특별시 중랑구 면목동 110-1,면목본동,37.58548947,127.0912564,1010.6
중랑구,햇  살,어린이공원,면목동,서울특별시 중랑구 면목동 137-14,면목2동,37.5899334,127.0832088,867.4
중랑구,까  치,어린이공원,면목동,서울특별시 중랑구 면목동 570,면목제3.8동,37.58350827,127.086969,3231.7
중랑구,샘  터,어린이공원,면목동,서울특별시 중랑구 면목동 656,면목4동,37.57303751,127.0834002,1591.7
중랑구,송  계,어린이공원,면목동,서울특별시 중랑구 면목동 173-1,면목5동,37.58453565,127.0779651,1019.5
중랑구,용마산근린공원,근린공원,망우동,서울특별시 중랑구 망우동 산69-1,망우본동,37.59614533,127.1049026,588871.2
중랑구,봉화산근린공원,근린공원,묵동,서울특별시 중랑구 묵동 산 46-19,묵1동,37.60899267,127.0868214,556451.3
중랑구,신내어울공원,근린공원,신내동,서울특별시 중랑구 신내동 315-5,신내1동,37.61398523,127.0986292,12915.6
중랑구,능산공원,근린공원,신내동,서울특별시 중랑구 신내동 317-2,신내1동,37.611635,127.0973915,12350.6
중랑구,구릉공원,근린공원,신내동,서울특별시 중랑구 신내동 234,신내1동,37.61873149,127.1123335,25600.7
중랑구,봉  황,어린이공원,상봉동,서울특별시 중랑구 상봉동 114-1,상봉2동,37.59505385,127.0844896,1013.6
중랑구,상  봉,어린이공원,상봉동,서울특별시 중랑구 상봉동 122-31,상봉2동,37.5931312,127.0824887,1057.5
중랑구,상  리,어린이공원,상봉동,서울특별시 중랑구 상봉동 136-35,상봉2동,37.59193672,127.0739354,1005.3
중랑구,봉  화,어린이공원,중화동,서울특별시 중랑구 중화동 302-57,중화2동,37.59827363,127.0773921,824.8
중랑구,중화리,어린이공원,중화동,서울특별시 중랑구 중화동 280-16,중화1동,37.60403621,127.0805855,941.8
중랑구,초  롱,어린이공원,중화동,서울특별시 중랑구 중화동 323-14,중화2동,37.5957492,127.0727829,1433.4
중랑구,배  꽃,어린이공원,중화동,서울특별시 중랑구 중화동 332-48,중화2동,37.6041874,127.0749772,1396
중랑구,세  화,어린이공원,중화동,서울특별시 중랑구 중화동 328-14,중화2동,37.59920895,127.0738061,1147.8
중랑구,본  동,어린이공원,중화동,서울특별시 중랑구 중화동 131-20,중화1동,37.60113637,127.0857752,248
중랑구,소  망,어린이공원,묵동,서울특별시 중랑구 묵동 240-100,묵2동,37.61114293,127.0748852,1224.5
중랑구,먹  골,어린이공원,묵동,서울특별시 중랑구 묵동 177-5,묵1동,37.61153715,127.0790717,1006.3
중랑구,안  골,어린이공원,신내동,서울특별시 중랑구 신내동 474-33,신내1동,37.60453182,127.0978631,184
중랑구,한아름,어린이공원,신내동,서울특별시 중랑구 신내동 656-1,신내2동,37.61328191,127.0941169,2005.7
중랑구,꽃피울,어린이공원,신내동,서울특별시 중랑구 신내동 660-1,신내2동,37.60842712,127.0940364,1500.1
중랑구,신  현,어린이공원,상봉동,서울특별시 중랑구 상봉동 484-1,상봉1동,37.60347172,127.0897486,1492.3
중랑구,망우동,어린이공원,망우동,서울특별시 중랑구 망우동 583-2,망우본동,37.60215539,127.1038444,2908.8
중랑구,등나무,어린이공원,망우동,서울특별시 중랑구 망우동 492-6,망우본동,37.59773924,127.0966044,988.1
중랑구,갓바위,어린이공원,망우동,서울특별시 중랑구 망우동 155-2,망우본동,37.59914936,127.1035307,996
중랑구,방  죽,어린이공원,망우동,서울특별시 중랑구 망우동 344-11,망우본동,37.60240392,127.1026933,1002.3
중랑구,새  싹,어린이공원,면목동,서울특별시 중랑구 면목동 1545-3,면목5동,37.58228867,127.083337,6793.5
중랑구,묵  동,어린이공원,묵동,서울특별시 중랑구 묵동 396-1,묵1동,37.61712154,127.0813554,1686.9
중랑구,푸름소공원,소공원,묵동,서울특별시 중랑구 묵동 164-52,묵1동,37.61531263,127.078096,165.9
중랑구,마중소공원,소공원,묵동,서울특별시 중랑구 묵동 396-2,묵1동,37.614773,127.0824509,854.6
중랑구,빛길소공원,소공원,면목동,서울특별시 중랑구 면목동 1537-1,면목4동,37.57193391,127.086431,1221.8
중랑구,꽃가람소공원,소공원,면목동,서울특별시 중랑구 면목동 1544-2,면목5동,37.581647,127.078936,1261.8
중랑구,소담소공원,소공원,면목동,서울특별시 중랑구 면목동 1548-1,면목4동,37.572832,127.085867,500.2
중랑구,면목어울소공원,소공원,면목동,서울특별시 중랑구 면목동 1549-1,면목제3.8동,37.586168,127.096224,446.7
중랑구,소  파,어린이공원,면목동,서울특별시 중랑구 면목동 42-1,면목제3.8동,37.58921984,127.0956963,1015.5
중랑구,섬  들,어린이공원,면목동,서울특별시 중랑구 면목동 86-3,면목본동,37.59148188,127.0925459,1005
중랑구,한  신,어린이공원,면목동,서울특별시 중랑구 면목동 178-19,면목2동,37.58816879,127.0769075,995.4
중랑구,이  화,어린이공원,면목동,서울특별시 중랑구 면목동 30-38,면목제3.8동,37.58701827,127.1003895,215
중랑구,꿈마루,어린이공원,면목동,서울특별시 중랑구 면목동 1543-2,면목7동,37.58031623,127.093536,1578.6
