교육_학교급,교육_설립구분,ADM_CD
유치원,사립,11010530
초등학교,공립,11010530
특수학교,사립,11010530
유치원,사립,11010530
초등학교,공립,11010530
특수학교,사립,11010530
유치원,사립,11010530
초등학교,공립,11010530
특수학교,사립,11010530
유치원,사립,11010530
초등학교,공립,11010530
특수학교,사립,11010530
유치원,사립,11010530
초등학교,공립,11010530
특수학교,사립,11010530
유치원,사립,11010530
초등학교,공립,11010530
특수학교,사립,11010530
유치원,사립,11010530
초등학교,공립,11010530
특수학교,사립,11010530
유치원,사립,11010530
초등학교,공립,11010530
특수학교,사립,11010530
유치원,사립,11010530
초등학교,공립,11010530
특수학교,사립,11010530
유치원,사립,11010530
초등학교,공립,11010530
특수학교,사립,11010530
유치원,사립,11010530
초등학교,공립,11010530
특수학교,사립,11010530
유치원,사립,11010530
유치원,사립,11010530
초등학교,공립,11010530
고등학교,사립,11010530
특수학교,사립,11010530
중학교,사립,11010540
고등학교,사립,11010540
고등학교,사립,11010540
중학교,사립,11010540
고등학교,사립,11010540
고등학교,사립,11010540
중학교,사립,11010540
고등학교,사립,11010540
고등학교,사립,11010540
중학교,사립,11010540
고등학교,사립,11010540
중학교,사립,11010540
고등학교,사립,11010540
중학교,사립,11010540
고등학교,사립,11010540
중학교,사립,11010540
고등학교,사립,11010540
중학교,사립,11010540
고등학교,사립,11010540
중학교,사립,11010540
고등학교,사립,11010540
중학교,사립,11010540
고등학교,사립,11010540
중학교,사립,11010540
고등학교,사립,11010540
중학교,사립,11010540
고등학교,사립,11010540
유치원,사립,11010550
유치원,사립,11010550
초등학교,공립,11010550
초등학교,사립,11010550
중학교,사립,11010550
고등학교,사립,11010550
유치원,사립,11010550
유치원,사립,11010550
초등학교,공립,11010550
초등학교,사립,11010550
중학교,사립,11010550
고등학교,사립,11010550
유치원,사립,11010550
유치원,사립,11010550
초등학교,공립,11010550
초등학교,사립,11010550
중학교,사립,11010550
고등학교,사립,11010550
유치원,사립,11010550
유치원,사립,11010550
초등학교,공립,11010550
초등학교,사립,11010550
중학교,사립,11010550
고등학교,사립,11010550
유치원,사립,11010550
유치원,사립,11010550
초등학교,공립,11010550
초등학교,사립,11010550
중학교,사립,11010550
고등학교,사립,11010550
유치원,사립,11010550
유치원,사립,11010550
초등학교,공립,11010550
초등학교,사립,11010550
중학교,사립,11010550
고등학교,사립,11010550
유치원,사립,11010550
유치원,사립,11010550
초등학교,공립,11010550
초등학교,사립,11010550
중학교,사립,11010550
고등학교,사립,11010550
유치원,사립,11010550
유치원,사립,11010550
초등학교,공립,11010550
초등학교,사립,11010550
중학교,사립,11010550
고등학교,사립,11010550
유치원,사립,11010550
유치원,사립,11010550
초등학교,공립,11010550
초등학교,사립,11010550
중학교,사립,11010550
고등학교,사립,11010550
유치원,사립,11010550
유치원,사립,11010550
초등학교,공립,11010550
초등학교,사립,11010550
중학교,사립,11010550
고등학교,사립,11010550
유치원,사립,11010550
유치원,사립,11010550
초등학교,공립,11010550
초등학교,사립,11010550
중학교,사립,11010550
고등학교,사립,11010550
유치원,사립,11010550
유치원,사립,11010550
초등학교,공립,11010550
초등학교,사립,11010550
중학교,사립,11010550
고등학교,사립,11010550
유치원,사립,11010560
고등학교,사립,11010560
유치원,사립,11010560
고등학교,사립,11010560
유치원,사립,11010560
고등학교,사립,11010560
유치원,사립,11010560
고등학교,사립,11010560
유치원,사립,11010560
고등학교,사립,11010560
유치원,사립,11010560
고등학교,사립,11010560
유치원,사립,11010560
고등학교,사립,11010560
고등학교,사립,11010560
고등학교,사립,11010560
고등학교,사립,11010560
고등학교,사립,11010560
고등학교,사립,11010560
초등학교,공립,11010570
초등학교,공립,11010570
유치원,사립,11010570
초등학교,공립,11010570
유치원,사립,11010570
초등학교,공립,11010570
유치원,사립,11010570
초등학교,공립,11010570
유치원,사립,11010570
초등학교,공립,11010570
유치원,사립,11010570
초등학교,공립,11010570
유치원,사립,11010570
초등학교,공립,11010570
유치원,사립,11010570
초등학교,공립,11010570
유치원,사립,11010570
초등학교,공립,11010570
유치원,사립,11010570
초등학교,공립,11010570
유치원,사립,11010570
초등학교,공립,11010570
중학교,사립,11010580
고등학교,사립,11010580
중학교,사립,11010580
고등학교,사립,11010580
중학교,사립,11010580
고등학교,사립,11010580
중학교,사립,11010580
고등학교,사립,11010580
중학교,사립,11010580
고등학교,사립,11010580
중학교,사립,11010580
고등학교,사립,11010580
중학교,사립,11010580
고등학교,사립,11010580
중학교,사립,11010580
고등학교,사립,11010580
중학교,사립,11010580
고등학교,사립,11010580
중학교,사립,11010580
고등학교,사립,11010580
중학교,사립,11010580
고등학교,사립,11010580
중학교,사립,11010580
고등학교,사립,11010580
유치원,공립,11010600
초등학교,공립,11010600
중학교,사립,11010600
고등학교,사립,11010600
고등학교,사립,11010600
유치원,공립,11010600
초등학교,공립,11010600
중학교,사립,11010600
고등학교,사립,11010600
고등학교,사립,11010600
유치원,공립,11010600
초등학교,공립,11010600
중학교,사립,11010600
고등학교,사립,11010600
고등학교,사립,11010600
유치원,공립,11010600
초등학교,공립,11010600
중학교,사립,11010600
고등학교,사립,11010600
고등학교,사립,11010600
유치원,공립,11010600
초등학교,공립,11010600
중학교,사립,11010600
고등학교,사립,11010600
고등학교,사립,11010600
유치원,공립,11010600
초등학교,공립,11010600
중학교,사립,11010600
고등학교,사립,11010600
고등학교,사립,11010600
유치원,공립,11010600
초등학교,공립,11010600
중학교,사립,11010600
고등학교,사립,11010600
고등학교,사립,11010600
유치원,공립,11010600
초등학교,공립,11010600
중학교,사립,11010600
고등학교,사립,11010600
고등학교,사립,11010600
유치원,공립,11010600
초등학교,공립,11010600
중학교,사립,11010600
고등학교,사립,11010600
고등학교,사립,11010600
유치원,공립,11010600
초등학교,공립,11010600
중학교,사립,11010600
고등학교,사립,11010600
고등학교,사립,11010600
유치원,공립,11010600
초등학교,공립,11010600
중학교,사립,11010600
고등학교,사립,11010600
고등학교,사립,11010600
유치원,공립,11010600
초등학교,공립,11010600
중학교,사립,11010600
고등학교,사립,11010600
고등학교,사립,11010600
유치원,사립,11010610
초등학교,공립,11010610
초등학교,사립,11010610
특수학교,공립,11010610
유치원,사립,11010610
초등학교,공립,11010610
초등학교,사립,11010610
특수학교,공립,11010610
유치원,사립,11010610
초등학교,공립,11010610
초등학교,사립,11010610
특수학교,공립,11010610
유치원,사립,11010610
초등학교,공립,11010610
초등학교,사립,11010610
특수학교,공립,11010610
유치원,사립,11010610
초등학교,공립,11010610
초등학교,사립,11010610
특수학교,공립,11010610
유치원,사립,11010610
초등학교,공립,11010610
초등학교,사립,11010610
특수학교,공립,11010610
유치원,사립,11010610
초등학교,공립,11010610
초등학교,사립,11010610
특수학교,공립,11010610
유치원,사립,11010610
초등학교,공립,11010610
초등학교,사립,11010610
특수학교,공립,11010610
유치원,사립,11010610
초등학교,공립,11010610
초등학교,사립,11010610
특수학교,공립,11010610
유치원,사립,11010610
초등학교,공립,11010610
초등학교,사립,11010610
특수학교,공립,11010610
유치원,사립,11010610
초등학교,공립,11010610
초등학교,사립,11010610
특수학교,공립,11010610
유치원,사립,11010610
초등학교,공립,11010610
초등학교,사립,11010610
특수학교,공립,11010610
유치원,사립,11010630
유치원,사립,11010630
초등학교,공립,11010630
유치원,사립,11010630
유치원,사립,11010630
초등학교,공립,11010630
유치원,사립,11010630
유치원,사립,11010630
초등학교,공립,11010630
유치원,사립,11010630
유치원,사립,11010630
초등학교,공립,11010630
유치원,사립,11010630
초등학교,공립,11010630
유치원,사립,11010630
초등학교,공립,11010630
유치원,사립,11010630
초등학교,공립,11010630
유치원,사립,11010630
초등학교,공립,11010630
유치원,사립,11010630
초등학교,공립,11010630
유치원,사립,11010630
초등학교,공립,11010630
유치원,사립,11010630
초등학교,공립,11010630
유치원,사립,11010630
초등학교,공립,11010630
초등학교,국립,11010640
중학교,국립,11010640
초등학교,국립,11010640
중학교,국립,11010640
초등학교,국립,11010640
중학교,국립,11010640
초등학교,국립,11010640
중학교,국립,11010640
초등학교,국립,11010640
중학교,국립,11010640
초등학교,국립,11010640
중학교,국립,11010640
초등학교,국립,11010640
중학교,국립,11010640
초등학교,국립,11010640
중학교,국립,11010640
초등학교,국립,11010640
중학교,국립,11010640
초등학교,국립,11010640
중학교,국립,11010640
초등학교,국립,11010640
중학교,국립,11010640
초등학교,국립,11010640
중학교,국립,11010640
유치원,공립,11010670
초등학교,공립,11010670
유치원,공립,11010670
초등학교,공립,11010670
유치원,공립,11010670
초등학교,공립,11010670
유치원,공립,11010670
초등학교,공립,11010670
유치원,공립,11010670
초등학교,공립,11010670
유치원,공립,11010670
초등학교,공립,11010670
유치원,공립,11010670
초등학교,공립,11010670
유치원,공립,11010670
초등학교,공립,11010670
유치원,공립,11010670
초등학교,공립,11010670
유치원,공립,11010670
초등학교,공립,11010670
유치원,공립,11010670
초등학교,공립,11010670
유치원,공립,11010670
초등학교,공립,11010670
유치원,공립,11010690
초등학교,공립,11010690
고등학교,사립,11010690
유치원,공립,11010690
초등학교,공립,11010690
고등학교,사립,11010690
유치원,공립,11010690
초등학교,공립,11010690
고등학교,사립,11010690
유치원,공립,11010690
초등학교,공립,11010690
고등학교,사립,11010690
유치원,공립,11010690
초등학교,공립,11010690
고등학교,사립,11010690
유치원,공립,11010690
초등학교,공립,11010690
고등학교,사립,11010690
유치원,공립,11010690
초등학교,공립,11010690
고등학교,사립,11010690
유치원,공립,11010690
초등학교,공립,11010690
고등학교,사립,11010690
유치원,공립,11010690
초등학교,공립,11010690
고등학교,사립,11010690
유치원,공립,11010690
초등학교,공립,11010690
고등학교,사립,11010690
유치원,공립,11010690
초등학교,공립,11010690
고등학교,사립,11010690
유치원,공립,11010690
초등학교,공립,11010690
고등학교,사립,11010690
유치원,사립,11010700
유치원,사립,11010700
유치원,사립,11010700
유치원,사립,11010700
유치원,사립,11010700
유치원,사립,11010700
유치원,사립,11010700
유치원,사립,11010700
유치원,사립,11010700
유치원,사립,11010700
유치원,사립,11010700
유치원,공립,11010710
초등학교,공립,11010710
각종학교,공립,11010710
유치원,공립,11010710
초등학교,공립,11010710
각종학교,공립,11010710
각종학교,공립,11010710
각종학교,공립,11010710
각종학교,공립,11010710
각종학교,공립,11010710
각종학교,공립,11010710
각종학교,공립,11010710
각종학교,공립,11010710
평생학교,사립,11010710
각종학교,공립,11010710
각종학교,공립,11010710
각종학교,공립,11010710
평생학교,사립,11010710
각종학교,공립,11010710
각종학교,공립,11010710
각종학교,공립,11010710
평생학교,사립,11010710
각종학교,공립,11010710
각종학교,공립,11010710
각종학교,공립,11010710
평생학교,사립,11010710
각종학교,공립,11010710
각종학교,공립,11010710
각종학교,공립,11010710
평생학교,사립,11010710
각종학교,공립,11010710
각종학교,공립,11010710
각종학교,공립,11010710
각종학교,공립,11010710
각종학교,공립,11010710
각종학교,공립,11010710
각종학교,공립,11010710
각종학교,공립,11010710
각종학교,공립,11010710
유치원,사립,11010720
유치원,사립,11010720
초등학교,공립,11010720
중학교,공립,11010720
중학교,사립,11010720
고등학교,공립,11010720
고등학교,공립,11010720
고등학교,사립,11010720
특수학교,국립,11010720
특수학교,국립,11010720
방송통신고,공립,11010720
유치원,사립,11010720
유치원,사립,11010720
초등학교,공립,11010720
중학교,공립,11010720
중학교,사립,11010720
고등학교,공립,11010720
고등학교,공립,11010720
고등학교,사립,11010720
특수학교,국립,11010720
특수학교,국립,11010720
방송통신고,공립,11010720
유치원,사립,11010720
유치원,사립,11010720
초등학교,공립,11010720
중학교,공립,11010720
중학교,사립,11010720
고등학교,공립,11010720
고등학교,공립,11010720
고등학교,사립,11010720
특수학교,국립,11010720
특수학교,국립,11010720
방송통신고,공립,11010720
유치원,사립,11010720
유치원,사립,11010720
초등학교,공립,11010720
중학교,공립,11010720
중학교,사립,11010720
고등학교,공립,11010720
고등학교,공립,11010720
고등학교,사립,11010720
특수학교,국립,11010720
특수학교,국립,11010720
방송통신고,공립,11010720
유치원,공립,11010720
유치원,사립,11010720
유치원,사립,11010720
초등학교,공립,11010720
중학교,공립,11010720
중학교,사립,11010720
고등학교,공립,11010720
고등학교,공립,11010720
고등학교,사립,11010720
특수학교,국립,11010720
특수학교,국립,11010720
방송통신고,공립,11010720
유치원,공립,11010720
유치원,사립,11010720
유치원,사립,11010720
초등학교,공립,11010720
중학교,공립,11010720
중학교,사립,11010720
고등학교,공립,11010720
고등학교,공립,11010720
고등학교,사립,11010720
특수학교,국립,11010720
특수학교,국립,11010720
방송통신고,공립,11010720
유치원,공립,11010720
유치원,사립,11010720
유치원,사립,11010720
초등학교,공립,11010720
중학교,공립,11010720
중학교,사립,11010720
고등학교,공립,11010720
고등학교,공립,11010720
고등학교,사립,11010720
특수학교,국립,11010720
특수학교,국립,11010720
방송통신고,공립,11010720
유치원,공립,11010720
유치원,사립,11010720
유치원,사립,11010720
초등학교,공립,11010720
중학교,공립,11010720
중학교,사립,11010720
고등학교,공립,11010720
고등학교,공립,11010720
고등학교,사립,11010720
특수학교,국립,11010720
특수학교,국립,11010720
방송통신고,공립,11010720
유치원,공립,11010720
유치원,사립,11010720
유치원,사립,11010720
초등학교,공립,11010720
중학교,공립,11010720
중학교,사립,11010720
고등학교,공립,11010720
고등학교,공립,11010720
고등학교,사립,11010720
특수학교,국립,11010720
특수학교,국립,11010720
방송통신고,공립,11010720
유치원,공립,11010720
유치원,사립,11010720
유치원,사립,11010720
초등학교,공립,11010720
중학교,공립,11010720
중학교,사립,11010720
고등학교,공립,11010720
고등학교,공립,11010720
고등학교,사립,11010720
특수학교,국립,11010720
특수학교,국립,11010720
방송통신고,공립,11010720
유치원,공립,11010720
유치원,사립,11010720
유치원,사립,11010720
초등학교,공립,11010720
중학교,공립,11010720
중학교,사립,11010720
고등학교,공립,11010720
고등학교,공립,11010720
고등학교,사립,11010720
특수학교,국립,11010720
특수학교,국립,11010720
방송통신고,공립,11010720
유치원,공립,11010720
유치원,사립,11010720
초등학교,공립,11010720
중학교,공립,11010720
중학교,사립,11010720
고등학교,공립,11010720
고등학교,공립,11010720
특수학교,국립,11010720
특수학교,국립,11010720
방송통신고,공립,11010720
유치원,공립,11010730
유치원,사립,11010730
유치원,사립,11010730
초등학교,공립,11010730
중학교,사립,11010730
중학교,사립,11010730
고등학교,공립,11010730
고등학교,공립,11010730
고등학교,사립,11010730
고등학교,사립,11010730
유치원,공립,11010730
유치원,사립,11010730
유치원,사립,11010730
초등학교,공립,11010730
중학교,사립,11010730
중학교,사립,11010730
고등학교,공립,11010730
고등학교,공립,11010730
고등학교,사립,11010730
고등학교,사립,11010730
유치원,공립,11010730
유치원,사립,11010730
유치원,사립,11010730
초등학교,공립,11010730
중학교,사립,11010730
중학교,사립,11010730
고등학교,공립,11010730
고등학교,공립,11010730
고등학교,사립,11010730
고등학교,사립,11010730
유치원,공립,11010730
유치원,사립,11010730
유치원,사립,11010730
초등학교,공립,11010730
중학교,사립,11010730
중학교,사립,11010730
고등학교,공립,11010730
고등학교,공립,11010730
고등학교,사립,11010730
고등학교,사립,11010730
유치원,공립,11010730
유치원,사립,11010730
유치원,사립,11010730
초등학교,공립,11010730
중학교,사립,11010730
중학교,사립,11010730
고등학교,공립,11010730
고등학교,공립,11010730
고등학교,사립,11010730
고등학교,사립,11010730
유치원,공립,11010730
유치원,사립,11010730
유치원,사립,11010730
초등학교,공립,11010730
중학교,사립,11010730
중학교,사립,11010730
고등학교,공립,11010730
고등학교,공립,11010730
고등학교,사립,11010730
고등학교,사립,11010730
유치원,공립,11010730
유치원,사립,11010730
유치원,사립,11010730
초등학교,공립,11010730
중학교,사립,11010730
중학교,사립,11010730
고등학교,공립,11010730
고등학교,공립,11010730
고등학교,사립,11010730
고등학교,사립,11010730
유치원,공립,11010730
유치원,사립,11010730
유치원,사립,11010730
초등학교,공립,11010730
중학교,사립,11010730
중학교,사립,11010730
고등학교,공립,11010730
고등학교,공립,11010730
고등학교,사립,11010730
고등학교,사립,11010730
유치원,공립,11010730
유치원,사립,11010730
유치원,사립,11010730
초등학교,공립,11010730
중학교,사립,11010730
중학교,사립,11010730
고등학교,공립,11010730
고등학교,공립,11010730
고등학교,사립,11010730
고등학교,사립,11010730
유치원,공립,11010730
유치원,사립,11010730
유치원,사립,11010730
초등학교,공립,11010730
중학교,사립,11010730
중학교,사립,11010730
고등학교,공립,11010730
고등학교,공립,11010730
고등학교,사립,11010730
고등학교,사립,11010730
유치원,공립,11010730
유치원,사립,11010730
유치원,사립,11010730
초등학교,공립,11010730
중학교,사립,11010730
중학교,사립,11010730
고등학교,공립,11010730
고등학교,공립,11010730
고등학교,사립,11010730
고등학교,사립,11010730
유치원,공립,11010730
유치원,사립,11010730
유치원,사립,11010730
초등학교,공립,11010730
중학교,사립,11010730
중학교,사립,11010730
고등학교,공립,11010730
고등학교,공립,11010730
고등학교,사립,11010730
고등학교,사립,11010730
유치원,공립,11020520
초등학교,공립,11020520
중학교,공립,11020520
고등학교,사립,11020520
고등학교,사립,11020520
각종학교,사립,11020520
유치원,공립,11020520
초등학교,공립,11020520
중학교,공립,11020520
고등학교,사립,11020520
고등학교,사립,11020520
각종학교,사립,11020520
유치원,공립,11020520
초등학교,공립,11020520
중학교,공립,11020520
고등학교,사립,11020520
고등학교,사립,11020520
각종학교,사립,11020520
유치원,공립,11020520
초등학교,공립,11020520
중학교,공립,11020520
고등학교,사립,11020520
고등학교,사립,11020520
각종학교,사립,11020520
유치원,공립,11020520
초등학교,공립,11020520
중학교,공립,11020520
고등학교,사립,11020520
고등학교,사립,11020520
각종학교,사립,11020520
유치원,공립,11020520
초등학교,공립,11020520
중학교,공립,11020520
고등학교,사립,11020520
고등학교,사립,11020520
각종학교,사립,11020520
유치원,공립,11020520
초등학교,공립,11020520
중학교,공립,11020520
고등학교,사립,11020520
고등학교,사립,11020520
각종학교,사립,11020520
유치원,공립,11020520
초등학교,공립,11020520
중학교,공립,11020520
고등학교,사립,11020520
고등학교,사립,11020520
각종학교,사립,11020520
유치원,공립,11020520
초등학교,공립,11020520
중학교,공립,11020520
고등학교,사립,11020520
고등학교,사립,11020520
각종학교,사립,11020520
유치원,공립,11020520
초등학교,공립,11020520
중학교,공립,11020520
고등학교,사립,11020520
고등학교,사립,11020520
각종학교,사립,11020520
유치원,공립,11020520
초등학교,공립,11020520
중학교,공립,11020520
고등학교,사립,11020520
고등학교,사립,11020520
각종학교,사립,11020520
유치원,공립,11020520
초등학교,공립,11020520
중학교,공립,11020520
고등학교,사립,11020520
고등학교,사립,11020520
각종학교,사립,11020520
유치원,사립,11020540
유치원,사립,11020540
유치원,사립,11020540
유치원,사립,11020540
유치원,사립,11020540
유치원,사립,11020540
유치원,사립,11020540
유치원,사립,11020540
유치원,사립,11020540
초등학교,공립,11020550
고등학교,사립,11020550
각종학교,사립,11020550
초등학교,공립,11020550
고등학교,사립,11020550
각종학교,사립,11020550
초등학교,공립,11020550
각종학교,사립,11020550
초등학교,공립,11020550
각종학교,사립,11020550
초등학교,공립,11020550
각종학교,사립,11020550
초등학교,공립,11020550
각종학교,사립,11020550
초등학교,공립,11020550
각종학교,사립,11020550
초등학교,공립,11020550
각종학교,사립,11020550
초등학교,공립,11020550
각종학교,사립,11020550
초등학교,공립,11020550
각종학교,사립,11020550
초등학교,공립,11020550
유치원,공립,11020550
초등학교,공립,11020550
유치원,사립,11020570
유치원,사립,11020570
초등학교,사립,11020570
초등학교,사립,11020570
고등학교,사립,11020570
유치원,사립,11020570
유치원,사립,11020570
초등학교,사립,11020570
초등학교,사립,11020570
고등학교,사립,11020570
유치원,사립,11020570
유치원,사립,11020570
초등학교,사립,11020570
초등학교,사립,11020570
고등학교,사립,11020570
유치원,사립,11020570
유치원,사립,11020570
초등학교,사립,11020570
초등학교,사립,11020570
고등학교,사립,11020570
유치원,사립,11020570
유치원,사립,11020570
초등학교,사립,11020570
초등학교,사립,11020570
고등학교,사립,11020570
유치원,사립,11020570
유치원,사립,11020570
초등학교,사립,11020570
초등학교,사립,11020570
고등학교,사립,11020570
유치원,사립,11020570
유치원,사립,11020570
초등학교,사립,11020570
초등학교,사립,11020570
고등학교,사립,11020570
유치원,사립,11020570
유치원,사립,11020570
초등학교,사립,11020570
초등학교,사립,11020570
고등학교,사립,11020570
유치원,사립,11020570
유치원,사립,11020570
초등학교,사립,11020570
초등학교,사립,11020570
고등학교,사립,11020570
유치원,사립,11020570
유치원,사립,11020570
초등학교,사립,11020570
초등학교,사립,11020570
고등학교,사립,11020570
유치원,사립,11020570
유치원,사립,11020570
초등학교,사립,11020570
초등학교,사립,11020570
고등학교,사립,11020570
유치원,사립,11020570
유치원,사립,11020570
초등학교,사립,11020570
초등학교,사립,11020570
고등학교,사립,11020570
유치원,공립,11020580
초등학교,공립,11020580
유치원,공립,11020580
초등학교,공립,11020580
유치원,공립,11020580
초등학교,공립,11020580
유치원,공립,11020580
초등학교,공립,11020580
유치원,공립,11020580
초등학교,공립,11020580
유치원,공립,11020580
초등학교,공립,11020580
유치원,공립,11020580
초등학교,공립,11020580
유치원,공립,11020580
초등학교,공립,11020580
유치원,공립,11020580
초등학교,공립,11020580
유치원,공립,11020580
초등학교,공립,11020580
유치원,공립,11020580
초등학교,공립,11020580
유치원,공립,11020580
초등학교,공립,11020580
중학교,공립,11020590
중학교,공립,11020590
중학교,공립,11020590
중학교,공립,11020590
중학교,공립,11020590
중학교,공립,11020590
중학교,공립,11020590
중학교,공립,11020590
중학교,공립,11020590
중학교,공립,11020590
중학교,공립,11020590
중학교,공립,11020590
유치원,사립,11020600
유치원,사립,11020600
유치원,사립,11020600
유치원,사립,11020600
유치원,사립,11020600
유치원,사립,11020600
유치원,사립,11020600
유치원,사립,11020600
유치원,사립,11020600
유치원,사립,11020600
유치원,사립,11020600
유치원,사립,11020600
유치원,사립,11020650
초등학교,공립,11020650
고등학교,공립,11020650
각종학교,사립,11020650
유치원,사립,11020650
초등학교,공립,11020650
고등학교,공립,11020650
각종학교,사립,11020650
유치원,사립,11020650
초등학교,공립,11020650
고등학교,공립,11020650
각종학교,사립,11020650
유치원,사립,11020650
초등학교,공립,11020650
고등학교,공립,11020650
각종학교,사립,11020650
유치원,사립,11020650
초등학교,공립,11020650
고등학교,공립,11020650
각종학교,사립,11020650
유치원,사립,11020650
초등학교,공립,11020650
고등학교,공립,11020650
각종학교,사립,11020650
유치원,사립,11020650
초등학교,공립,11020650
고등학교,공립,11020650
각종학교,사립,11020650
유치원,사립,11020650
초등학교,공립,11020650
고등학교,공립,11020650
각종학교,사립,11020650
유치원,사립,11020650
초등학교,공립,11020650
고등학교,공립,11020650
각종학교,사립,11020650
유치원,사립,11020650
초등학교,공립,11020650
고등학교,공립,11020650
각종학교,사립,11020650
유치원,사립,11020650
초등학교,공립,11020650
고등학교,공립,11020650
각종학교,사립,11020650
유치원,사립,11020650
초등학교,공립,11020650
고등학교,공립,11020650
각종학교,사립,11020650
유치원,사립,11020680
초등학교,공립,11020680
고등학교,사립,11020680
유치원,사립,11020680
초등학교,공립,11020680
고등학교,사립,11020680
유치원,사립,11020680
초등학교,공립,11020680
고등학교,사립,11020680
유치원,사립,11020680
초등학교,공립,11020680
고등학교,사립,11020680
유치원,사립,11020680
초등학교,공립,11020680
고등학교,사립,11020680
유치원,사립,11020680
초등학교,공립,11020680
고등학교,사립,11020680
유치원,사립,11020680
초등학교,공립,11020680
고등학교,사립,11020680
유치원,사립,11020680
초등학교,공립,11020680
고등학교,사립,11020680
유치원,사립,11020680
초등학교,공립,11020680
고등학교,사립,11020680
유치원,사립,11020680
초등학교,공립,11020680
고등학교,사립,11020680
유치원,사립,11020680
초등학교,공립,11020680
중학교,사립,11020680
고등학교,사립,11020680
고등학교,사립,11020680
유치원,사립,11020680
초등학교,공립,11020680
중학교,사립,11020680
고등학교,사립,11020680
고등학교,사립,11020680
초등학교,공립,11020690
중학교,사립,11020690
고등학교,공립,11020690
고등학교,공립,11020690
고등학교,사립,11020690
각종학교,공립,11020690
초등학교,공립,11020690
중학교,사립,11020690
고등학교,공립,11020690
고등학교,공립,11020690
고등학교,사립,11020690
각종학교,공립,11020690
초등학교,공립,11020690
중학교,사립,11020690
고등학교,공립,11020690
고등학교,공립,11020690
고등학교,사립,11020690
유치원,공립,11020690
초등학교,공립,11020690
중학교,사립,11020690
고등학교,공립,11020690
고등학교,공립,11020690
고등학교,사립,11020690
유치원,공립,11020690
초등학교,공립,11020690
중학교,사립,11020690
고등학교,공립,11020690
고등학교,공립,11020690
고등학교,사립,11020690
유치원,공립,11020690
초등학교,공립,11020690
중학교,사립,11020690
고등학교,공립,11020690
고등학교,공립,11020690
고등학교,사립,11020690
유치원,공립,11020690
초등학교,공립,11020690
중학교,사립,11020690
고등학교,공립,11020690
고등학교,공립,11020690
고등학교,사립,11020690
유치원,공립,11020690
초등학교,공립,11020690
중학교,사립,11020690
고등학교,공립,11020690
고등학교,공립,11020690
고등학교,사립,11020690
유치원,공립,11020690
초등학교,공립,11020690
중학교,사립,11020690
고등학교,공립,11020690
고등학교,공립,11020690
고등학교,사립,11020690
유치원,공립,11020690
초등학교,공립,11020690
중학교,사립,11020690
고등학교,공립,11020690
고등학교,공립,11020690
고등학교,사립,11020690
유치원,공립,11020690
초등학교,공립,11020690
중학교,사립,11020690
고등학교,공립,11020690
고등학교,공립,11020690
고등학교,사립,11020690
유치원,공립,11020690
초등학교,공립,11020690
중학교,사립,11020690
고등학교,공립,11020690
고등학교,공립,11020690
고등학교,사립,11020690
유치원,공립,11020700
유치원,사립,11020700
초등학교,공립,11020700
중학교,공립,11020700
중학교,사립,11020700
고등학교,사립,11020700
유치원,공립,11020700
유치원,사립,11020700
초등학교,공립,11020700
중학교,공립,11020700
중학교,사립,11020700
고등학교,사립,11020700
유치원,공립,11020700
유치원,사립,11020700
초등학교,공립,11020700
중학교,공립,11020700
중학교,사립,11020700
고등학교,사립,11020700
유치원,공립,11020700
유치원,사립,11020700
초등학교,공립,11020700
중학교,공립,11020700
중학교,사립,11020700
고등학교,사립,11020700
유치원,공립,11020700
유치원,사립,11020700
초등학교,공립,11020700
중학교,공립,11020700
중학교,사립,11020700
고등학교,사립,11020700
유치원,공립,11020700
유치원,사립,11020700
초등학교,공립,11020700
중학교,공립,11020700
중학교,사립,11020700
고등학교,사립,11020700
유치원,공립,11020700
유치원,사립,11020700
초등학교,공립,11020700
중학교,공립,11020700
중학교,사립,11020700
고등학교,사립,11020700
유치원,공립,11020700
유치원,사립,11020700
초등학교,공립,11020700
중학교,공립,11020700
중학교,사립,11020700
고등학교,사립,11020700
유치원,공립,11020700
유치원,사립,11020700
초등학교,공립,11020700
중학교,공립,11020700
중학교,사립,11020700
고등학교,사립,11020700
유치원,공립,11020700
유치원,사립,11020700
초등학교,공립,11020700
중학교,공립,11020700
중학교,사립,11020700
고등학교,사립,11020700
유치원,공립,11020700
유치원,사립,11020700
초등학교,공립,11020700
중학교,공립,11020700
중학교,사립,11020700
고등학교,사립,11020700
유치원,공립,11020700
유치원,사립,11020700
초등학교,공립,11020700
중학교,공립,11020700
중학교,사립,11020700
고등학교,사립,11020700
유치원,사립,11020710
유치원,사립,11020710
유치원,사립,11020710
유치원,사립,11020710
유치원,사립,11020710
유치원,사립,11020710
유치원,사립,11020710
유치원,사립,11020710
유치원,사립,11020710
유치원,사립,11020710
유치원,사립,11020710
유치원,사립,11020710
유치원,사립,11020720
유치원,사립,11020720
초등학교,공립,11020720
초등학교,사립,11020720
중학교,사립,11020720
고등학교,사립,11020720
유치원,사립,11020720
유치원,사립,11020720
초등학교,공립,11020720
초등학교,사립,11020720
중학교,사립,11020720
고등학교,사립,11020720
유치원,사립,11020720
유치원,사립,11020720
초등학교,공립,11020720
초등학교,사립,11020720
중학교,사립,11020720
고등학교,사립,11020720
유치원,사립,11020720
유치원,사립,11020720
초등학교,공립,11020720
초등학교,사립,11020720
중학교,사립,11020720
고등학교,사립,11020720
유치원,사립,11020720
유치원,사립,11020720
초등학교,공립,11020720
초등학교,사립,11020720
중학교,사립,11020720
고등학교,사립,11020720
유치원,사립,11020720
유치원,사립,11020720
초등학교,공립,11020720
초등학교,사립,11020720
중학교,사립,11020720
고등학교,사립,11020720
유치원,사립,11020720
유치원,사립,11020720
초등학교,공립,11020720
초등학교,사립,11020720
중학교,사립,11020720
고등학교,사립,11020720
유치원,사립,11020720
유치원,사립,11020720
초등학교,공립,11020720
초등학교,사립,11020720
중학교,사립,11020720
고등학교,사립,11020720
유치원,사립,11020720
유치원,사립,11020720
초등학교,공립,11020720
초등학교,사립,11020720
중학교,사립,11020720
고등학교,사립,11020720
유치원,사립,11020720
유치원,사립,11020720
초등학교,공립,11020720
초등학교,사립,11020720
중학교,사립,11020720
고등학교,사립,11020720
유치원,사립,11020720
유치원,사립,11020720
초등학교,공립,11020720
초등학교,사립,11020720
중학교,사립,11020720
고등학교,사립,11020720
유치원,사립,11020720
초등학교,공립,11020720
초등학교,사립,11020720
중학교,사립,11020720
고등학교,사립,11020720
초등학교,공립,11020730
중학교,공립,11020730
초등학교,공립,11020730
중학교,공립,11020730
초등학교,공립,11020730
중학교,공립,11020730
초등학교,공립,11020730
중학교,공립,11020730
초등학교,공립,11020730
중학교,공립,11020730
초등학교,공립,11020730
중학교,공립,11020730
초등학교,공립,11020730
중학교,공립,11020730
초등학교,공립,11020730
중학교,공립,11020730
초등학교,공립,11020730
중학교,공립,11020730
초등학교,공립,11020730
중학교,공립,11020730
초등학교,공립,11020730
중학교,공립,11020730
초등학교,공립,11020730
중학교,공립,11020730
유치원,사립,11030510
초등학교,공립,11030510
초등학교,공립,11030510
유치원,사립,11030510
초등학교,공립,11030510
초등학교,공립,11030510
유치원,사립,11030510
초등학교,공립,11030510
초등학교,공립,11030510
유치원,사립,11030510
초등학교,공립,11030510
초등학교,공립,11030510
유치원,사립,11030510
초등학교,공립,11030510
초등학교,공립,11030510
유치원,사립,11030510
초등학교,공립,11030510
초등학교,공립,11030510
유치원,사립,11030510
초등학교,공립,11030510
초등학교,공립,11030510
유치원,사립,11030510
초등학교,공립,11030510
초등학교,공립,11030510
유치원,사립,11030510
초등학교,공립,11030510
초등학교,공립,11030510
유치원,사립,11030510
초등학교,공립,11030510
초등학교,공립,11030510
유치원,사립,11030510
초등학교,공립,11030510
초등학교,공립,11030510
유치원,사립,11030510
초등학교,공립,11030510
초등학교,공립,11030510
초등학교,공립,11030520
중학교,공립,11030520
중학교,사립,11030520
고등학교,공립,11030520
고등학교,사립,11030520
초등학교,공립,11030520
중학교,공립,11030520
중학교,사립,11030520
고등학교,공립,11030520
고등학교,사립,11030520
초등학교,공립,11030520
중학교,공립,11030520
중학교,사립,11030520
고등학교,공립,11030520
고등학교,사립,11030520
초등학교,공립,11030520
중학교,공립,11030520
중학교,사립,11030520
고등학교,공립,11030520
고등학교,사립,11030520
초등학교,공립,11030520
중학교,공립,11030520
중학교,사립,11030520
고등학교,공립,11030520
고등학교,사립,11030520
초등학교,공립,11030520
중학교,공립,11030520
중학교,사립,11030520
고등학교,공립,11030520
고등학교,사립,11030520
초등학교,공립,11030520
중학교,공립,11030520
중학교,사립,11030520
고등학교,공립,11030520
고등학교,사립,11030520
초등학교,공립,11030520
중학교,공립,11030520
중학교,사립,11030520
고등학교,공립,11030520
고등학교,사립,11030520
초등학교,공립,11030520
중학교,공립,11030520
중학교,사립,11030520
고등학교,공립,11030520
고등학교,사립,11030520
초등학교,공립,11030520
중학교,공립,11030520
중학교,사립,11030520
고등학교,공립,11030520
고등학교,사립,11030520
초등학교,공립,11030520
중학교,공립,11030520
중학교,사립,11030520
고등학교,공립,11030520
고등학교,사립,11030520
초등학교,공립,11030520
중학교,공립,11030520
중학교,사립,11030520
고등학교,공립,11030520
고등학교,사립,11030520
유치원,사립,11030570
유치원,사립,11030570
초등학교,공립,11030570
중학교,사립,11030570
고등학교,사립,11030570
유치원,사립,11030570
유치원,사립,11030570
초등학교,공립,11030570
중학교,사립,11030570
고등학교,사립,11030570
유치원,사립,11030570
유치원,사립,11030570
초등학교,공립,11030570
중학교,사립,11030570
고등학교,사립,11030570
유치원,사립,11030570
유치원,사립,11030570
초등학교,공립,11030570
중학교,사립,11030570
고등학교,사립,11030570
유치원,사립,11030570
유치원,사립,11030570
초등학교,공립,11030570
중학교,사립,11030570
고등학교,사립,11030570
유치원,사립,11030570
유치원,사립,11030570
초등학교,공립,11030570
중학교,사립,11030570
고등학교,사립,11030570
유치원,사립,11030570
유치원,사립,11030570
초등학교,공립,11030570
중학교,사립,11030570
고등학교,사립,11030570
유치원,사립,11030570
유치원,사립,11030570
초등학교,공립,11030570
중학교,사립,11030570
고등학교,사립,11030570
유치원,사립,11030570
유치원,사립,11030570
초등학교,공립,11030570
중학교,사립,11030570
고등학교,사립,11030570
유치원,사립,11030570
유치원,사립,11030570
초등학교,공립,11030570
중학교,사립,11030570
고등학교,사립,11030570
유치원,사립,11030570
유치원,사립,11030570
초등학교,공립,11030570
중학교,사립,11030570
고등학교,사립,11030570
유치원,사립,11030570
유치원,사립,11030570
초등학교,공립,11030570
중학교,사립,11030570
고등학교,사립,11030570
초등학교,공립,11030580
초등학교,공립,11030580
초등학교,공립,11030580
초등학교,공립,11030580
초등학교,공립,11030580
평생학교,사립,11030580
초등학교,공립,11030580
평생학교,사립,11030580
초등학교,공립,11030580
평생학교,사립,11030580
초등학교,공립,11030580
평생학교,사립,11030580
초등학교,공립,11030580
평생학교,사립,11030580
초등학교,공립,11030580
초등학교,공립,11030580
초등학교,공립,11030580
유치원,사립,11030590
유치원,사립,11030590
유치원,사립,11030590
유치원,사립,11030590
유치원,사립,11030590
유치원,사립,11030590
유치원,사립,11030590
유치원,사립,11030590
유치원,사립,11030590
유치원,사립,11030590
유치원,사립,11030590
유치원,사립,11030590
유치원,사립,11030630
유치원,사립,11030630
유치원,사립,11030630
유치원,사립,11030630
초등학교,공립,11030630
중학교,공립,11030630
고등학교,공립,11030630
유치원,사립,11030630
유치원,사립,11030630
유치원,사립,11030630
유치원,사립,11030630
초등학교,공립,11030630
중학교,공립,11030630
고등학교,공립,11030630
유치원,사립,11030630
유치원,사립,11030630
유치원,사립,11030630
유치원,사립,11030630
초등학교,공립,11030630
중학교,공립,11030630
고등학교,공립,11030630
유치원,사립,11030630
유치원,사립,11030630
유치원,사립,11030630
유치원,사립,11030630
초등학교,공립,11030630
중학교,공립,11030630
고등학교,공립,11030630
유치원,사립,11030630
유치원,사립,11030630
유치원,사립,11030630
유치원,사립,11030630
초등학교,공립,11030630
중학교,공립,11030630
고등학교,공립,11030630
유치원,사립,11030630
유치원,사립,11030630
유치원,사립,11030630
유치원,사립,11030630
초등학교,공립,11030630
중학교,공립,11030630
고등학교,공립,11030630
유치원,사립,11030630
유치원,사립,11030630
유치원,사립,11030630
유치원,사립,11030630
초등학교,공립,11030630
중학교,공립,11030630
고등학교,공립,11030630
유치원,사립,11030630
유치원,사립,11030630
유치원,사립,11030630
유치원,사립,11030630
초등학교,공립,11030630
중학교,공립,11030630
고등학교,공립,11030630
유치원,사립,11030630
유치원,사립,11030630
유치원,사립,11030630
유치원,사립,11030630
초등학교,공립,11030630
중학교,공립,11030630
고등학교,공립,11030630
유치원,사립,11030630
유치원,사립,11030630
유치원,사립,11030630
유치원,사립,11030630
초등학교,공립,11030630
중학교,공립,11030630
고등학교,공립,11030630
유치원,사립,11030630
유치원,사립,11030630
유치원,사립,11030630
유치원,사립,11030630
유치원,사립,11030630
초등학교,공립,11030630
중학교,공립,11030630
고등학교,공립,11030630
유치원,사립,11030630
유치원,사립,11030630
유치원,사립,11030630
유치원,사립,11030630
유치원,사립,11030630
초등학교,공립,11030630
중학교,공립,11030630
고등학교,공립,11030630
초등학교,공립,11030650
초등학교,공립,11030650
초등학교,공립,11030650
초등학교,공립,11030650
초등학교,공립,11030650
초등학교,공립,11030650
초등학교,공립,11030650
초등학교,공립,11030650
초등학교,공립,11030650
초등학교,공립,11030650
초등학교,공립,11030650
초등학교,공립,11030650
유치원,사립,11030660
초등학교,공립,11030660
고등학교,사립,11030660
유치원,사립,11030660
초등학교,공립,11030660
고등학교,사립,11030660
유치원,사립,11030660
초등학교,공립,11030660
고등학교,사립,11030660
유치원,사립,11030660
초등학교,공립,11030660
고등학교,사립,11030660
유치원,사립,11030660
초등학교,공립,11030660
고등학교,사립,11030660
초등학교,공립,11030660
고등학교,사립,11030660
초등학교,공립,11030660
고등학교,사립,11030660
초등학교,공립,11030660
고등학교,사립,11030660
초등학교,공립,11030660
고등학교,사립,11030660
초등학교,공립,11030660
고등학교,사립,11030660
초등학교,공립,11030660
고등학교,사립,11030660
초등학교,공립,11030660
고등학교,사립,11030660
유치원,공립,11030690
유치원,사립,11030690
유치원,사립,11030690
초등학교,공립,11030690
중학교,공립,11030690
유치원,공립,11030690
유치원,사립,11030690
유치원,사립,11030690
초등학교,공립,11030690
중학교,공립,11030690
유치원,공립,11030690
유치원,사립,11030690
유치원,사립,11030690
초등학교,공립,11030690
중학교,공립,11030690
유치원,공립,11030690
유치원,사립,11030690
유치원,사립,11030690
초등학교,공립,11030690
중학교,공립,11030690
유치원,공립,11030690
유치원,사립,11030690
유치원,사립,11030690
초등학교,공립,11030690
중학교,공립,11030690
유치원,공립,11030690
유치원,사립,11030690
초등학교,공립,11030690
중학교,공립,11030690
유치원,공립,11030690
유치원,사립,11030690
초등학교,공립,11030690
중학교,공립,11030690
유치원,공립,11030690
유치원,사립,11030690
초등학교,공립,11030690
중학교,공립,11030690
유치원,공립,11030690
유치원,사립,11030690
초등학교,공립,11030690
중학교,공립,11030690
유치원,공립,11030690
유치원,사립,11030690
초등학교,공립,11030690
중학교,공립,11030690
유치원,공립,11030690
초등학교,공립,11030690
중학교,공립,11030690
유치원,공립,11030690
초등학교,공립,11030690
중학교,공립,11030690
유치원,사립,11030700
중학교,사립,11030700
고등학교,사립,11030700
유치원,사립,11030700
중학교,사립,11030700
고등학교,사립,11030700
유치원,사립,11030700
중학교,사립,11030700
고등학교,사립,11030700
유치원,사립,11030700
중학교,사립,11030700
고등학교,사립,11030700
유치원,사립,11030700
중학교,사립,11030700
고등학교,사립,11030700
중학교,사립,11030700
고등학교,사립,11030700
중학교,사립,11030700
고등학교,사립,11030700
중학교,사립,11030700
고등학교,사립,11030700
중학교,사립,11030700
고등학교,사립,11030700
중학교,사립,11030700
고등학교,사립,11030700
중학교,사립,11030700
고등학교,사립,11030700
중학교,사립,11030700
고등학교,사립,11030700
유치원,공립,11030710
초등학교,공립,11030710
초등학교,사립,11030710
중학교,공립,11030710
중학교,사립,11030710
중학교,사립,11030710
고등학교,공립,11030710
고등학교,사립,11030710
고등학교,사립,11030710
유치원,공립,11030710
초등학교,공립,11030710
초등학교,사립,11030710
중학교,공립,11030710
중학교,사립,11030710
중학교,사립,11030710
고등학교,공립,11030710
고등학교,사립,11030710
고등학교,사립,11030710
유치원,공립,11030710
초등학교,공립,11030710
초등학교,사립,11030710
중학교,공립,11030710
중학교,사립,11030710
중학교,사립,11030710
고등학교,공립,11030710
고등학교,사립,11030710
고등학교,사립,11030710
유치원,공립,11030710
초등학교,공립,11030710
초등학교,사립,11030710
중학교,공립,11030710
중학교,사립,11030710
중학교,사립,11030710
고등학교,공립,11030710
고등학교,사립,11030710
고등학교,사립,11030710
유치원,공립,11030710
초등학교,공립,11030710
초등학교,사립,11030710
중학교,공립,11030710
중학교,사립,11030710
중학교,사립,11030710
고등학교,공립,11030710
고등학교,사립,11030710
고등학교,사립,11030710
유치원,공립,11030710
초등학교,공립,11030710
초등학교,사립,11030710
중학교,공립,11030710
중학교,사립,11030710
중학교,사립,11030710
고등학교,공립,11030710
고등학교,사립,11030710
고등학교,사립,11030710
유치원,공립,11030710
초등학교,공립,11030710
초등학교,사립,11030710
중학교,공립,11030710
중학교,사립,11030710
중학교,사립,11030710
고등학교,공립,11030710
고등학교,사립,11030710
고등학교,사립,11030710
유치원,공립,11030710
초등학교,공립,11030710
초등학교,사립,11030710
중학교,공립,11030710
중학교,사립,11030710
중학교,사립,11030710
고등학교,공립,11030710
고등학교,사립,11030710
고등학교,사립,11030710
유치원,공립,11030710
초등학교,공립,11030710
초등학교,사립,11030710
중학교,공립,11030710
중학교,사립,11030710
중학교,사립,11030710
고등학교,공립,11030710
고등학교,사립,11030710
고등학교,사립,11030710
유치원,공립,11030710
초등학교,공립,11030710
초등학교,사립,11030710
중학교,공립,11030710
중학교,사립,11030710
중학교,사립,11030710
고등학교,공립,11030710
고등학교,사립,11030710
고등학교,사립,11030710
유치원,공립,11030710
초등학교,공립,11030710
초등학교,사립,11030710
중학교,공립,11030710
중학교,사립,11030710
중학교,사립,11030710
고등학교,공립,11030710
고등학교,사립,11030710
고등학교,사립,11030710
유치원,공립,11030710
초등학교,공립,11030710
초등학교,사립,11030710
중학교,공립,11030710
중학교,사립,11030710
중학교,사립,11030710
고등학교,공립,11030710
고등학교,사립,11030710
고등학교,사립,11030710
유치원,공립,11030720
유치원,사립,11030720
초등학교,공립,11030720
유치원,공립,11030720
유치원,사립,11030720
초등학교,공립,11030720
유치원,공립,11030720
유치원,사립,11030720
초등학교,공립,11030720
유치원,공립,11030720
유치원,사립,11030720
초등학교,공립,11030720
유치원,공립,11030720
유치원,사립,11030720
초등학교,공립,11030720
유치원,공립,11030720
초등학교,공립,11030720
유치원,공립,11030720
초등학교,공립,11030720
유치원,공립,11030720
초등학교,공립,11030720
유치원,공립,11030720
초등학교,공립,11030720
유치원,공립,11030720
초등학교,공립,11030720
유치원,공립,11030720
초등학교,공립,11030720
유치원,공립,11030720
초등학교,공립,11030720
초등학교,공립,11030730
초등학교,공립,11030730
고등학교,공립,11030730
초등학교,공립,11030730
초등학교,공립,11030730
고등학교,공립,11030730
초등학교,공립,11030730
초등학교,공립,11030730
고등학교,공립,11030730
초등학교,공립,11030730
초등학교,공립,11030730
고등학교,공립,11030730
초등학교,공립,11030730
초등학교,공립,11030730
고등학교,공립,11030730
초등학교,공립,11030730
초등학교,공립,11030730
고등학교,공립,11030730
초등학교,공립,11030730
초등학교,공립,11030730
고등학교,공립,11030730
초등학교,공립,11030730
초등학교,공립,11030730
고등학교,공립,11030730
초등학교,공립,11030730
초등학교,공립,11030730
고등학교,공립,11030730
초등학교,공립,11030730
초등학교,공립,11030730
고등학교,공립,11030730
초등학교,공립,11030730
초등학교,공립,11030730
고등학교,공립,11030730
초등학교,공립,11030730
초등학교,공립,11030730
고등학교,공립,11030730
유치원,공립,11030740
초등학교,공립,11030740
유치원,공립,11030740
초등학교,공립,11030740
유치원,공립,11030740
초등학교,공립,11030740
유치원,공립,11030740
초등학교,공립,11030740
유치원,공립,11030740
초등학교,공립,11030740
유치원,공립,11030740
초등학교,공립,11030740
유치원,공립,11030740
초등학교,공립,11030740
유치원,공립,11030740
초등학교,공립,11030740
유치원,공립,11030740
초등학교,공립,11030740
유치원,공립,11030740
초등학교,공립,11030740
유치원,공립,11030740
초등학교,공립,11030740
유치원,공립,11030740
초등학교,공립,11030740
유치원,사립,11040520
초등학교,공립,11040520
유치원,사립,11040520
초등학교,공립,11040520
유치원,사립,11040520
초등학교,공립,11040520
유치원,사립,11040520
초등학교,공립,11040520
유치원,사립,11040520
초등학교,공립,11040520
유치원,사립,11040520
초등학교,공립,11040520
초등학교,공립,11040520
유치원,공립,11040520
초등학교,공립,11040520
유치원,공립,11040520
초등학교,공립,11040520
유치원,공립,11040520
초등학교,공립,11040520
유치원,공립,11040520
초등학교,공립,11040520
유치원,공립,11040520
초등학교,공립,11040520
유치원,공립,11040540
유치원,사립,11040540
유치원,사립,11040540
초등학교,공립,11040540
초등학교,공립,11040540
중학교,공립,11040540
유치원,공립,11040540
유치원,공립,11040540
유치원,사립,11040540
유치원,사립,11040540
초등학교,공립,11040540
초등학교,공립,11040540
중학교,공립,11040540
유치원,공립,11040540
유치원,공립,11040540
유치원,사립,11040540
유치원,사립,11040540
초등학교,공립,11040540
초등학교,공립,11040540
중학교,공립,11040540
유치원,공립,11040540
유치원,공립,11040540
유치원,사립,11040540
유치원,사립,11040540
초등학교,공립,11040540
초등학교,공립,11040540
중학교,공립,11040540
유치원,공립,11040540
유치원,공립,11040540
유치원,사립,11040540
유치원,사립,11040540
초등학교,공립,11040540
초등학교,공립,11040540
중학교,공립,11040540
유치원,공립,11040540
유치원,공립,11040540
유치원,사립,11040540
유치원,사립,11040540
초등학교,공립,11040540
초등학교,공립,11040540
중학교,공립,11040540
유치원,공립,11040540
유치원,공립,11040540
유치원,사립,11040540
유치원,사립,11040540
초등학교,공립,11040540
초등학교,공립,11040540
중학교,공립,11040540
유치원,공립,11040540
유치원,공립,11040540
유치원,사립,11040540
유치원,사립,11040540
초등학교,공립,11040540
초등학교,공립,11040540
중학교,공립,11040540
유치원,공립,11040540
유치원,공립,11040540
유치원,사립,11040540
유치원,사립,11040540
초등학교,공립,11040540
초등학교,공립,11040540
중학교,공립,11040540
유치원,공립,11040540
유치원,공립,11040540
유치원,사립,11040540
유치원,사립,11040540
초등학교,공립,11040540
초등학교,공립,11040540
중학교,공립,11040540
유치원,공립,11040540
유치원,공립,11040540
유치원,사립,11040540
유치원,사립,11040540
초등학교,공립,11040540
초등학교,공립,11040540
중학교,공립,11040540
중학교,공립,11040540
유치원,공립,11040540
유치원,공립,11040540
유치원,사립,11040540
유치원,사립,11040540
초등학교,공립,11040540
초등학교,공립,11040540
중학교,공립,11040540
중학교,공립,11040540
유치원,공립,11040550
유치원,사립,11040550
초등학교,공립,11040550
초등학교,사립,11040550
중학교,공립,11040550
중학교,공립,11040550
중학교,사립,11040550
고등학교,공립,11040550
고등학교,사립,11040550
유치원,공립,11040550
유치원,사립,11040550
초등학교,공립,11040550
초등학교,사립,11040550
중학교,공립,11040550
중학교,공립,11040550
중학교,사립,11040550
고등학교,공립,11040550
고등학교,사립,11040550
유치원,공립,11040550
유치원,사립,11040550
초등학교,공립,11040550
초등학교,사립,11040550
중학교,공립,11040550
중학교,공립,11040550
중학교,사립,11040550
고등학교,공립,11040550
고등학교,사립,11040550
유치원,공립,11040550
유치원,사립,11040550
초등학교,공립,11040550
초등학교,사립,11040550
중학교,공립,11040550
중학교,공립,11040550
중학교,사립,11040550
고등학교,공립,11040550
고등학교,사립,11040550
유치원,공립,11040550
유치원,사립,11040550
초등학교,공립,11040550
초등학교,사립,11040550
중학교,공립,11040550
중학교,공립,11040550
중학교,사립,11040550
고등학교,공립,11040550
고등학교,사립,11040550
유치원,공립,11040550
유치원,사립,11040550
초등학교,공립,11040550
초등학교,사립,11040550
중학교,공립,11040550
중학교,공립,11040550
중학교,사립,11040550
고등학교,공립,11040550
고등학교,사립,11040550
유치원,공립,11040550
유치원,사립,11040550
초등학교,공립,11040550
초등학교,사립,11040550
중학교,공립,11040550
중학교,공립,11040550
중학교,사립,11040550
고등학교,공립,11040550
고등학교,사립,11040550
유치원,공립,11040550
유치원,사립,11040550
초등학교,공립,11040550
초등학교,사립,11040550
중학교,공립,11040550
중학교,공립,11040550
중학교,사립,11040550
고등학교,공립,11040550
고등학교,사립,11040550
유치원,공립,11040550
유치원,사립,11040550
초등학교,공립,11040550
초등학교,사립,11040550
중학교,공립,11040550
중학교,공립,11040550
중학교,사립,11040550
고등학교,공립,11040550
고등학교,사립,11040550
유치원,공립,11040550
유치원,사립,11040550
초등학교,공립,11040550
초등학교,사립,11040550
중학교,공립,11040550
중학교,공립,11040550
중학교,사립,11040550
고등학교,공립,11040550
고등학교,사립,11040550
유치원,공립,11040550
유치원,사립,11040550
초등학교,공립,11040550
초등학교,사립,11040550
중학교,공립,11040550
중학교,사립,11040550
고등학교,사립,11040550
유치원,공립,11040550
유치원,사립,11040550
초등학교,공립,11040550
초등학교,사립,11040550
중학교,공립,11040550
중학교,사립,11040550
고등학교,사립,11040550
각종학교,공립,11040550
유치원,사립,11040560
초등학교,공립,11040560
유치원,사립,11040560
초등학교,공립,11040560
유치원,사립,11040560
초등학교,공립,11040560
유치원,사립,11040560
초등학교,공립,11040560
유치원,사립,11040560
초등학교,공립,11040560
유치원,사립,11040560
초등학교,공립,11040560
유치원,사립,11040560
초등학교,공립,11040560
유치원,사립,11040560
초등학교,공립,11040560
유치원,사립,11040560
초등학교,공립,11040560
유치원,사립,11040560
초등학교,공립,11040560
유치원,사립,11040560
초등학교,공립,11040560
유치원,사립,11040560
초등학교,공립,11040560
유치원,사립,11040570
유치원,사립,11040570
초등학교,공립,11040570
중학교,공립,11040570
고등학교,공립,11040570
유치원,사립,11040570
유치원,사립,11040570
초등학교,공립,11040570
중학교,공립,11040570
고등학교,공립,11040570
유치원,사립,11040570
유치원,사립,11040570
초등학교,공립,11040570
중학교,공립,11040570
고등학교,공립,11040570
유치원,사립,11040570
유치원,사립,11040570
초등학교,공립,11040570
중학교,공립,11040570
고등학교,공립,11040570
유치원,사립,11040570
유치원,사립,11040570
초등학교,공립,11040570
중학교,공립,11040570
고등학교,공립,11040570
유치원,사립,11040570
초등학교,공립,11040570
중학교,공립,11040570
고등학교,공립,11040570
유치원,사립,11040570
초등학교,공립,11040570
중학교,공립,11040570
고등학교,공립,11040570
유치원,사립,11040570
초등학교,공립,11040570
중학교,공립,11040570
고등학교,공립,11040570
유치원,사립,11040570
초등학교,공립,11040570
중학교,공립,11040570
고등학교,공립,11040570
유치원,사립,11040570
초등학교,공립,11040570
중학교,공립,11040570
고등학교,공립,11040570
유치원,사립,11040570
초등학교,공립,11040570
중학교,공립,11040570
고등학교,공립,11040570
유치원,사립,11040570
초등학교,공립,11040570
중학교,공립,11040570
고등학교,공립,11040570
유치원,사립,11040580
유치원,사립,11040580
초등학교,공립,11040580
중학교,공립,11040580
유치원,사립,11040580
유치원,사립,11040580
초등학교,공립,11040580
중학교,공립,11040580
유치원,사립,11040580
초등학교,공립,11040580
중학교,공립,11040580
유치원,사립,11040580
초등학교,공립,11040580
중학교,공립,11040580
유치원,사립,11040580
초등학교,공립,11040580
중학교,공립,11040580
유치원,사립,11040580
초등학교,공립,11040580
중학교,공립,11040580
유치원,사립,11040580
초등학교,공립,11040580
중학교,공립,11040580
유치원,사립,11040580
초등학교,공립,11040580
중학교,공립,11040580
유치원,사립,11040580
초등학교,공립,11040580
중학교,공립,11040580
유치원,사립,11040580
초등학교,공립,11040580
중학교,공립,11040580
유치원,사립,11040580
초등학교,공립,11040580
중학교,공립,11040580
유치원,사립,11040580
초등학교,공립,11040580
중학교,공립,11040580
유치원,사립,11040590
초등학교,공립,11040590
유치원,사립,11040590
초등학교,공립,11040590
유치원,사립,11040590
초등학교,공립,11040590
유치원,사립,11040590
초등학교,공립,11040590
고등학교,공립,11040590
유치원,사립,11040590
초등학교,공립,11040590
고등학교,공립,11040590
유치원,사립,11040590
초등학교,공립,11040590
고등학교,공립,11040590
유치원,사립,11040590
초등학교,공립,11040590
고등학교,공립,11040590
유치원,사립,11040590
초등학교,공립,11040590
고등학교,공립,11040590
유치원,사립,11040590
초등학교,공립,11040590
고등학교,공립,11040590
유치원,사립,11040590
초등학교,공립,11040590
고등학교,공립,11040590
유치원,사립,11040590
초등학교,공립,11040590
고등학교,공립,11040590
유치원,사립,11040590
초등학교,공립,11040590
고등학교,공립,11040590
유치원,공립,11040620
유치원,사립,11040620
초등학교,공립,11040620
초등학교,공립,11040620
유치원,공립,11040620
유치원,사립,11040620
초등학교,공립,11040620
초등학교,공립,11040620
유치원,공립,11040620
유치원,사립,11040620
초등학교,공립,11040620
초등학교,공립,11040620
유치원,공립,11040620
유치원,사립,11040620
초등학교,공립,11040620
초등학교,공립,11040620
유치원,공립,11040620
유치원,사립,11040620
초등학교,공립,11040620
초등학교,공립,11040620
유치원,공립,11040620
유치원,사립,11040620
초등학교,공립,11040620
초등학교,공립,11040620
유치원,공립,11040620
유치원,사립,11040620
초등학교,공립,11040620
초등학교,공립,11040620
유치원,공립,11040620
유치원,사립,11040620
초등학교,공립,11040620
초등학교,공립,11040620
유치원,공립,11040620
유치원,사립,11040620
초등학교,공립,11040620
초등학교,공립,11040620
유치원,공립,11040620
유치원,사립,11040620
초등학교,공립,11040620
초등학교,공립,11040620
유치원,공립,11040620
유치원,사립,11040620
초등학교,공립,11040620
초등학교,공립,11040620
유치원,공립,11040620
유치원,사립,11040620
초등학교,공립,11040620
초등학교,공립,11040620
유치원,공립,11040650
유치원,사립,11040650
유치원,사립,11040650
초등학교,공립,11040650
초등학교,공립,11040650
중학교,공립,11040650
고등학교,공립,11040650
유치원,공립,11040650
유치원,사립,11040650
유치원,사립,11040650
초등학교,공립,11040650
초등학교,공립,11040650
중학교,공립,11040650
고등학교,공립,11040650
유치원,공립,11040650
유치원,사립,11040650
유치원,사립,11040650
초등학교,공립,11040650
초등학교,공립,11040650
중학교,공립,11040650
고등학교,공립,11040650
유치원,공립,11040650
유치원,공립,11040650
유치원,사립,11040650
유치원,사립,11040650
초등학교,공립,11040650
초등학교,공립,11040650
중학교,공립,11040650
고등학교,공립,11040650
유치원,공립,11040650
유치원,공립,11040650
유치원,사립,11040650
초등학교,공립,11040650
초등학교,공립,11040650
중학교,공립,11040650
고등학교,공립,11040650
유치원,공립,11040650
유치원,공립,11040650
유치원,사립,11040650
초등학교,공립,11040650
초등학교,공립,11040650
중학교,공립,11040650
고등학교,공립,11040650
유치원,공립,11040650
유치원,공립,11040650
유치원,사립,11040650
초등학교,공립,11040650
초등학교,공립,11040650
중학교,공립,11040650
고등학교,공립,11040650
유치원,공립,11040650
유치원,공립,11040650
유치원,사립,11040650
초등학교,공립,11040650
초등학교,공립,11040650
중학교,공립,11040650
고등학교,공립,11040650
유치원,공립,11040650
유치원,공립,11040650
유치원,사립,11040650
초등학교,공립,11040650
초등학교,공립,11040650
중학교,공립,11040650
고등학교,공립,11040650
유치원,공립,11040650
유치원,공립,11040650
유치원,사립,11040650
초등학교,공립,11040650
초등학교,공립,11040650
중학교,공립,11040650
고등학교,공립,11040650
유치원,공립,11040650
유치원,공립,11040650
유치원,사립,11040650
초등학교,공립,11040650
초등학교,공립,11040650
중학교,공립,11040650
고등학교,공립,11040650
유치원,공립,11040650
유치원,공립,11040650
유치원,사립,11040650
초등학교,공립,11040650
초등학교,공립,11040650
중학교,공립,11040650
고등학교,공립,11040650
중학교,공립,11040660
고등학교,공립,11040660
중학교,공립,11040660
고등학교,공립,11040660
중학교,공립,11040660
고등학교,공립,11040660
중학교,공립,11040660
고등학교,공립,11040660
중학교,공립,11040660
고등학교,공립,11040660
중학교,공립,11040660
고등학교,공립,11040660
중학교,공립,11040660
고등학교,공립,11040660
중학교,공립,11040660
고등학교,공립,11040660
중학교,공립,11040660
고등학교,공립,11040660
중학교,공립,11040660
고등학교,공립,11040660
중학교,공립,11040660
고등학교,공립,11040660
중학교,공립,11040660
고등학교,공립,11040660
유치원,공립,11040670
유치원,사립,11040670
초등학교,공립,11040670
중학교,공립,11040670
중학교,공립,11040670
고등학교,공립,11040670
유치원,공립,11040670
유치원,사립,11040670
초등학교,공립,11040670
중학교,공립,11040670
중학교,공립,11040670
고등학교,공립,11040670
유치원,공립,11040670
유치원,사립,11040670
초등학교,공립,11040670
중학교,공립,11040670
중학교,공립,11040670
고등학교,공립,11040670
유치원,공립,11040670
초등학교,공립,11040670
중학교,공립,11040670
중학교,공립,11040670
고등학교,공립,11040670
유치원,공립,11040670
초등학교,공립,11040670
중학교,공립,11040670
중학교,공립,11040670
고등학교,공립,11040670
유치원,공립,11040670
초등학교,공립,11040670
중학교,공립,11040670
중학교,공립,11040670
고등학교,공립,11040670
유치원,공립,11040670
초등학교,공립,11040670
중학교,공립,11040670
중학교,공립,11040670
고등학교,공립,11040670
유치원,공립,11040670
초등학교,공립,11040670
중학교,공립,11040670
중학교,공립,11040670
고등학교,공립,11040670
유치원,공립,11040670
초등학교,공립,11040670
중학교,공립,11040670
중학교,공립,11040670
고등학교,공립,11040670
유치원,공립,11040670
초등학교,공립,11040670
중학교,공립,11040670
중학교,공립,11040670
고등학교,공립,11040670
유치원,공립,11040670
초등학교,공립,11040670
중학교,공립,11040670
중학교,공립,11040670
유치원,공립,11040670
초등학교,공립,11040670
중학교,공립,11040670
중학교,공립,11040670
유치원,공립,11040680
초등학교,공립,11040680
유치원,공립,11040680
초등학교,공립,11040680
유치원,공립,11040680
초등학교,공립,11040680
유치원,공립,11040680
초등학교,공립,11040680
유치원,공립,11040680
초등학교,공립,11040680
유치원,공립,11040680
초등학교,공립,11040680
유치원,공립,11040680
초등학교,공립,11040680
유치원,공립,11040680
초등학교,공립,11040680
유치원,공립,11040680
초등학교,공립,11040680
유치원,공립,11040680
초등학교,공립,11040680
유치원,공립,11040680
초등학교,공립,11040680
유치원,공립,11040680
초등학교,공립,11040680
유치원,공립,11040690
초등학교,공립,11040690
유치원,공립,11040690
초등학교,공립,11040690
유치원,공립,11040690
초등학교,공립,11040690
유치원,공립,11040690
초등학교,공립,11040690
유치원,공립,11040690
초등학교,공립,11040690
유치원,공립,11040690
초등학교,공립,11040690
유치원,공립,11040690
초등학교,공립,11040690
유치원,공립,11040690
초등학교,공립,11040690
유치원,공립,11040690
초등학교,공립,11040690
유치원,공립,11040690
초등학교,공립,11040690
유치원,공립,11040690
초등학교,공립,11040690
유치원,공립,11040690
초등학교,공립,11040690
유치원,공립,11040700
초등학교,공립,11040700
유치원,공립,11040700
초등학교,공립,11040700
유치원,공립,11040700
초등학교,공립,11040700
유치원,공립,11040700
초등학교,공립,11040700
유치원,공립,11040700
초등학교,공립,11040700
유치원,공립,11040700
초등학교,공립,11040700
유치원,공립,11040700
초등학교,공립,11040700
유치원,공립,11040700
초등학교,공립,11040700
유치원,공립,11040700
초등학교,공립,11040700
유치원,공립,11040700
초등학교,공립,11040700
유치원,공립,11040700
초등학교,공립,11040700
유치원,공립,11040700
초등학교,공립,11040700
유치원,사립,11040710
유치원,사립,11040710
유치원,사립,11040710
유치원,사립,11040710
유치원,사립,11040710
유치원,사립,11040710
유치원,공립,11040710
유치원,사립,11040710
유치원,사립,11040710
유치원,사립,11040710
초등학교,공립,11040710
유치원,공립,11040710
유치원,사립,11040710
유치원,사립,11040710
유치원,사립,11040710
초등학교,공립,11040710
고등학교,공립,11040710
유치원,공립,11040710
유치원,사립,11040710
유치원,사립,11040710
유치원,사립,11040710
초등학교,공립,11040710
고등학교,공립,11040710
평생학교,사립,11040710
유치원,공립,11040710
유치원,사립,11040710
유치원,사립,11040710
유치원,사립,11040710
초등학교,공립,11040710
고등학교,공립,11040710
유치원,공립,11040710
유치원,사립,11040710
유치원,사립,11040710
초등학교,공립,11040710
고등학교,공립,11040710
유치원,공립,11040710
유치원,사립,11040710
유치원,사립,11040710
초등학교,공립,11040710
고등학교,공립,11040710
유치원,공립,11040710
유치원,사립,11040710
초등학교,공립,11040710
고등학교,공립,11040710
유치원,공립,11040710
유치원,사립,11040710
초등학교,공립,11040710
고등학교,공립,11040710
유치원,공립,11040710
유치원,사립,11040710
초등학교,공립,11040710
고등학교,공립,11040710
유치원,공립,11040710
유치원,사립,11040710
초등학교,공립,11040710
고등학교,공립,11040710
유치원,사립,11040720
초등학교,공립,11040720
유치원,사립,11040720
초등학교,공립,11040720
유치원,사립,11040720
초등학교,공립,11040720
유치원,사립,11040720
초등학교,공립,11040720
유치원,공립,11040720
유치원,사립,11040720
초등학교,공립,11040720
유치원,공립,11040720
유치원,사립,11040720
초등학교,공립,11040720
유치원,공립,11040720
유치원,사립,11040720
초등학교,공립,11040720
유치원,공립,11040720
유치원,사립,11040720
초등학교,공립,11040720
유치원,공립,11040720
유치원,사립,11040720
초등학교,공립,11040720
유치원,공립,11040720
유치원,사립,11040720
초등학교,공립,11040720
유치원,공립,11040720
유치원,사립,11040720
초등학교,공립,11040720
유치원,공립,11040720
초등학교,공립,11040720
유치원,공립,11040730
유치원,사립,11040730
유치원,사립,11040730
유치원,사립,11040730
초등학교,공립,11040730
초등학교,공립,11040730
중학교,공립,11040730
고등학교,공립,11040730
유치원,공립,11040730
유치원,사립,11040730
유치원,사립,11040730
유치원,사립,11040730
초등학교,공립,11040730
초등학교,공립,11040730
중학교,공립,11040730
고등학교,공립,11040730
유치원,공립,11040730
유치원,사립,11040730
유치원,사립,11040730
유치원,사립,11040730
초등학교,공립,11040730
초등학교,공립,11040730
중학교,공립,11040730
고등학교,공립,11040730
유치원,공립,11040730
유치원,사립,11040730
유치원,사립,11040730
유치원,사립,11040730
초등학교,공립,11040730
초등학교,공립,11040730
중학교,공립,11040730
고등학교,공립,11040730
유치원,공립,11040730
유치원,사립,11040730
유치원,사립,11040730
유치원,사립,11040730
초등학교,공립,11040730
초등학교,공립,11040730
중학교,공립,11040730
고등학교,공립,11040730
유치원,공립,11040730
유치원,사립,11040730
유치원,사립,11040730
유치원,사립,11040730
초등학교,공립,11040730
초등학교,공립,11040730
중학교,공립,11040730
고등학교,공립,11040730
유치원,공립,11040730
유치원,사립,11040730
유치원,사립,11040730
유치원,사립,11040730
초등학교,공립,11040730
초등학교,공립,11040730
중학교,공립,11040730
고등학교,공립,11040730
유치원,공립,11040730
유치원,사립,11040730
유치원,사립,11040730
유치원,사립,11040730
초등학교,공립,11040730
초등학교,공립,11040730
중학교,공립,11040730
고등학교,공립,11040730
유치원,공립,11040730
유치원,사립,11040730
유치원,사립,11040730
유치원,사립,11040730
초등학교,공립,11040730
초등학교,공립,11040730
중학교,공립,11040730
고등학교,공립,11040730
유치원,공립,11040730
유치원,사립,11040730
유치원,사립,11040730
유치원,사립,11040730
초등학교,공립,11040730
초등학교,공립,11040730
중학교,공립,11040730
고등학교,공립,11040730
유치원,공립,11040730
유치원,사립,11040730
유치원,사립,11040730
유치원,사립,11040730
초등학교,공립,11040730
초등학교,공립,11040730
중학교,공립,11040730
고등학교,공립,11040730
유치원,공립,11040730
유치원,사립,11040730
유치원,사립,11040730
유치원,사립,11040730
초등학교,공립,11040730
초등학교,공립,11040730
중학교,공립,11040730
고등학교,공립,11040730
유치원,공립,11050530
유치원,사립,11050530
초등학교,공립,11050530
초등학교,공립,11050530
중학교,공립,11050530
중학교,사립,11050530
고등학교,사립,11050530
유치원,공립,11050530
유치원,사립,11050530
초등학교,공립,11050530
초등학교,공립,11050530
중학교,공립,11050530
중학교,사립,11050530
고등학교,사립,11050530
유치원,공립,11050530
유치원,사립,11050530
초등학교,공립,11050530
초등학교,공립,11050530
중학교,공립,11050530
중학교,사립,11050530
고등학교,사립,11050530
유치원,공립,11050530
유치원,사립,11050530
초등학교,공립,11050530
초등학교,공립,11050530
중학교,공립,11050530
중학교,사립,11050530
고등학교,사립,11050530
유치원,공립,11050530
유치원,사립,11050530
초등학교,공립,11050530
초등학교,공립,11050530
중학교,공립,11050530
중학교,사립,11050530
고등학교,사립,11050530
유치원,공립,11050530
초등학교,공립,11050530
초등학교,공립,11050530
중학교,공립,11050530
중학교,사립,11050530
고등학교,사립,11050530
유치원,공립,11050530
초등학교,공립,11050530
초등학교,공립,11050530
중학교,공립,11050530
중학교,사립,11050530
고등학교,사립,11050530
유치원,공립,11050530
초등학교,공립,11050530
초등학교,공립,11050530
중학교,공립,11050530
중학교,사립,11050530
고등학교,사립,11050530
유치원,공립,11050530
초등학교,공립,11050530
초등학교,공립,11050530
중학교,공립,11050530
중학교,사립,11050530
고등학교,사립,11050530
유치원,공립,11050530
초등학교,공립,11050530
중학교,공립,11050530
중학교,사립,11050530
유치원,공립,11050530
초등학교,공립,11050530
중학교,공립,11050530
중학교,사립,11050530
고등학교,사립,11050530
유치원,공립,11050530
초등학교,공립,11050530
중학교,공립,11050530
중학교,사립,11050530
고등학교,사립,11050530
유치원,사립,11050540
유치원,사립,11050540
유치원,사립,11050540
초등학교,공립,11050540
초등학교,사립,11050540
유치원,사립,11050540
유치원,사립,11050540
유치원,사립,11050540
초등학교,공립,11050540
초등학교,사립,11050540
유치원,사립,11050540
유치원,사립,11050540
유치원,사립,11050540
초등학교,공립,11050540
초등학교,사립,11050540
유치원,사립,11050540
유치원,사립,11050540
유치원,사립,11050540
초등학교,공립,11050540
초등학교,사립,11050540
유치원,사립,11050540
유치원,사립,11050540
유치원,사립,11050540
초등학교,공립,11050540
초등학교,사립,11050540
유치원,사립,11050540
유치원,사립,11050540
유치원,사립,11050540
초등학교,공립,11050540
초등학교,사립,11050540
유치원,사립,11050540
유치원,사립,11050540
유치원,사립,11050540
초등학교,공립,11050540
초등학교,사립,11050540
유치원,사립,11050540
유치원,사립,11050540
초등학교,공립,11050540
초등학교,사립,11050540
유치원,사립,11050540
유치원,사립,11050540
초등학교,공립,11050540
초등학교,사립,11050540
유치원,사립,11050540
유치원,사립,11050540
초등학교,공립,11050540
초등학교,사립,11050540
유치원,사립,11050540
유치원,사립,11050540
초등학교,공립,11050540
초등학교,사립,11050540
유치원,사립,11050540
유치원,사립,11050540
초등학교,공립,11050540
초등학교,사립,11050540
유치원,사립,11050560
유치원,사립,11050560
초등학교,공립,11050560
유치원,사립,11050560
유치원,사립,11050560
초등학교,공립,11050560
유치원,사립,11050560
유치원,사립,11050560
초등학교,공립,11050560
유치원,사립,11050560
초등학교,공립,11050560
유치원,사립,11050560
초등학교,공립,11050560
유치원,사립,11050560
초등학교,공립,11050560
초등학교,공립,11050560
초등학교,공립,11050560
초등학교,공립,11050560
초등학교,공립,11050560
초등학교,공립,11050560
초등학교,공립,11050560
유치원,사립,11050570
유치원,사립,11050570
유치원,사립,11050570
유치원,사립,11050570
초등학교,공립,11050570
초등학교,공립,11050570
유치원,사립,11050570
유치원,사립,11050570
유치원,사립,11050570
유치원,사립,11050570
초등학교,공립,11050570
초등학교,공립,11050570
유치원,사립,11050570
유치원,사립,11050570
유치원,사립,11050570
초등학교,공립,11050570
초등학교,공립,11050570
유치원,공립,11050570
유치원,사립,11050570
유치원,사립,11050570
유치원,사립,11050570
초등학교,공립,11050570
초등학교,공립,11050570
유치원,공립,11050570
유치원,사립,11050570
유치원,사립,11050570
유치원,사립,11050570
초등학교,공립,11050570
초등학교,공립,11050570
유치원,공립,11050570
유치원,사립,11050570
유치원,사립,11050570
초등학교,공립,11050570
초등학교,공립,11050570
유치원,공립,11050570
유치원,사립,11050570
유치원,사립,11050570
초등학교,공립,11050570
초등학교,공립,11050570
유치원,공립,11050570
유치원,사립,11050570
초등학교,공립,11050570
초등학교,공립,11050570
유치원,공립,11050570
유치원,사립,11050570
초등학교,공립,11050570
초등학교,공립,11050570
유치원,공립,11050570
유치원,사립,11050570
초등학교,공립,11050570
초등학교,공립,11050570
유치원,공립,11050570
초등학교,공립,11050570
초등학교,공립,11050570
유치원,공립,11050570
초등학교,공립,11050570
초등학교,공립,11050570
초등학교,공립,11050580
중학교,공립,11050580
중학교,사립,11050580
고등학교,사립,11050580
고등학교,사립,11050580
고등학교,사립,11050580
초등학교,공립,11050580
중학교,공립,11050580
중학교,사립,11050580
고등학교,사립,11050580
고등학교,사립,11050580
고등학교,사립,11050580
초등학교,공립,11050580
중학교,공립,11050580
중학교,사립,11050580
고등학교,사립,11050580
고등학교,사립,11050580
고등학교,사립,11050580
초등학교,공립,11050580
중학교,공립,11050580
중학교,사립,11050580
고등학교,사립,11050580
고등학교,사립,11050580
고등학교,사립,11050580
유치원,사립,11050580
초등학교,공립,11050580
중학교,공립,11050580
중학교,사립,11050580
고등학교,사립,11050580
고등학교,사립,11050580
고등학교,사립,11050580
초등학교,공립,11050580
중학교,공립,11050580
중학교,사립,11050580
고등학교,사립,11050580
고등학교,사립,11050580
고등학교,사립,11050580
초등학교,공립,11050580
중학교,공립,11050580
중학교,사립,11050580
고등학교,사립,11050580
고등학교,사립,11050580
고등학교,사립,11050580
유치원,공립,11050580
초등학교,공립,11050580
중학교,공립,11050580
중학교,사립,11050580
고등학교,사립,11050580
고등학교,사립,11050580
고등학교,사립,11050580
유치원,공립,11050580
초등학교,공립,11050580
중학교,공립,11050580
중학교,사립,11050580
고등학교,사립,11050580
고등학교,사립,11050580
고등학교,사립,11050580
유치원,공립,11050580
초등학교,공립,11050580
중학교,공립,11050580
중학교,사립,11050580
고등학교,사립,11050580
고등학교,사립,11050580
고등학교,사립,11050580
유치원,공립,11050580
초등학교,공립,11050580
중학교,공립,11050580
중학교,사립,11050580
고등학교,사립,11050580
고등학교,사립,11050580
고등학교,사립,11050580
유치원,공립,11050580
초등학교,공립,11050580
중학교,공립,11050580
중학교,사립,11050580
고등학교,사립,11050580
고등학교,사립,11050580
고등학교,사립,11050580
유치원,사립,11050590
유치원,사립,11050590
초등학교,사립,11050590
고등학교,사립,11050590
각종학교,사립,11050590
유치원,사립,11050590
유치원,사립,11050590
초등학교,사립,11050590
고등학교,사립,11050590
각종학교,사립,11050590
유치원,사립,11050590
유치원,사립,11050590
초등학교,사립,11050590
고등학교,사립,11050590
각종학교,사립,11050590
유치원,사립,11050590
유치원,사립,11050590
초등학교,사립,11050590
고등학교,사립,11050590
각종학교,사립,11050590
유치원,사립,11050590
유치원,사립,11050590
초등학교,사립,11050590
고등학교,사립,11050590
각종학교,사립,11050590
유치원,사립,11050590
유치원,사립,11050590
초등학교,사립,11050590
고등학교,사립,11050590
각종학교,사립,11050590
유치원,사립,11050590
유치원,사립,11050590
초등학교,사립,11050590
고등학교,사립,11050590
각종학교,사립,11050590
유치원,사립,11050590
유치원,사립,11050590
초등학교,사립,11050590
고등학교,사립,11050590
각종학교,사립,11050590
유치원,사립,11050590
유치원,사립,11050590
초등학교,사립,11050590
고등학교,사립,11050590
각종학교,사립,11050590
유치원,사립,11050590
유치원,사립,11050590
초등학교,사립,11050590
고등학교,사립,11050590
각종학교,사립,11050590
유치원,사립,11050590
유치원,사립,11050590
초등학교,사립,11050590
고등학교,사립,11050590
각종학교,사립,11050590
유치원,사립,11050590
유치원,사립,11050590
초등학교,사립,11050590
고등학교,사립,11050590
각종학교,사립,11050590
유치원,사립,11050600
유치원,사립,11050600
중학교,사립,11050600
고등학교,사립,11050600
유치원,사립,11050600
유치원,사립,11050600
중학교,사립,11050600
고등학교,사립,11050600
유치원,사립,11050600
유치원,사립,11050600
중학교,사립,11050600
고등학교,사립,11050600
유치원,사립,11050600
유치원,사립,11050600
중학교,사립,11050600
고등학교,사립,11050600
유치원,사립,11050600
유치원,사립,11050600
중학교,사립,11050600
고등학교,사립,11050600
유치원,사립,11050600
중학교,사립,11050600
고등학교,사립,11050600
유치원,사립,11050600
중학교,사립,11050600
고등학교,사립,11050600
유치원,사립,11050600
중학교,사립,11050600
고등학교,사립,11050600
중학교,사립,11050600
고등학교,사립,11050600
중학교,사립,11050600
고등학교,사립,11050600
고등학교,사립,11050600
중학교,사립,11050600
고등학교,사립,11050600
중학교,사립,11050600
고등학교,사립,11050600
유치원,사립,11050610
유치원,사립,11050610
유치원,사립,11050610
초등학교,공립,11050610
초등학교,공립,11050610
유치원,사립,11050610
유치원,사립,11050610
유치원,사립,11050610
초등학교,공립,11050610
초등학교,공립,11050610
유치원,사립,11050610
유치원,사립,11050610
유치원,사립,11050610
초등학교,공립,11050610
초등학교,공립,11050610
유치원,사립,11050610
유치원,사립,11050610
유치원,사립,11050610
초등학교,공립,11050610
초등학교,공립,11050610
유치원,사립,11050610
유치원,사립,11050610
유치원,사립,11050610
초등학교,공립,11050610
초등학교,공립,11050610
유치원,사립,11050610
유치원,사립,11050610
유치원,사립,11050610
초등학교,공립,11050610
초등학교,공립,11050610
유치원,사립,11050610
유치원,사립,11050610
유치원,사립,11050610
초등학교,공립,11050610
초등학교,공립,11050610
유치원,사립,11050610
유치원,사립,11050610
유치원,사립,11050610
초등학교,공립,11050610
초등학교,공립,11050610
유치원,사립,11050610
유치원,사립,11050610
유치원,사립,11050610
초등학교,공립,11050610
초등학교,공립,11050610
유치원,사립,11050610
유치원,사립,11050610
유치원,사립,11050610
초등학교,공립,11050610
초등학교,공립,11050610
유치원,사립,11050610
유치원,사립,11050610
초등학교,공립,11050610
초등학교,공립,11050610
유치원,사립,11050610
유치원,사립,11050610
초등학교,공립,11050610
초등학교,공립,11050610
유치원,사립,11050620
유치원,사립,11050620
초등학교,공립,11050620
특수학교,공립,11050620
유치원,사립,11050620
유치원,사립,11050620
초등학교,공립,11050620
특수학교,공립,11050620
유치원,사립,11050620
유치원,사립,11050620
초등학교,공립,11050620
특수학교,공립,11050620
유치원,사립,11050620
유치원,사립,11050620
초등학교,공립,11050620
특수학교,공립,11050620
유치원,사립,11050620
유치원,사립,11050620
초등학교,공립,11050620
특수학교,공립,11050620
유치원,사립,11050620
유치원,사립,11050620
초등학교,공립,11050620
특수학교,공립,11050620
유치원,사립,11050620
유치원,사립,11050620
초등학교,공립,11050620
특수학교,공립,11050620
유치원,사립,11050620
유치원,사립,11050620
초등학교,공립,11050620
특수학교,공립,11050620
유치원,사립,11050620
유치원,사립,11050620
초등학교,공립,11050620
특수학교,공립,11050620
유치원,사립,11050620
유치원,사립,11050620
초등학교,공립,11050620
특수학교,공립,11050620
유치원,사립,11050620
초등학교,공립,11050620
특수학교,공립,11050620
유치원,사립,11050620
초등학교,공립,11050620
특수학교,공립,11050620
유치원,공립,11050630
유치원,사립,11050630
유치원,사립,11050630
유치원,사립,11050630
유치원,사립,11050630
초등학교,공립,11050630
초등학교,공립,11050630
초등학교,공립,11050630
중학교,공립,11050630
중학교,공립,11050630
중학교,공립,11050630
고등학교,공립,11050630
유치원,공립,11050630
유치원,사립,11050630
유치원,사립,11050630
유치원,사립,11050630
유치원,사립,11050630
초등학교,공립,11050630
초등학교,공립,11050630
초등학교,공립,11050630
중학교,공립,11050630
중학교,공립,11050630
중학교,공립,11050630
고등학교,공립,11050630
유치원,공립,11050630
유치원,사립,11050630
유치원,사립,11050630
유치원,사립,11050630
유치원,사립,11050630
초등학교,공립,11050630
초등학교,공립,11050630
초등학교,공립,11050630
중학교,공립,11050630
중학교,공립,11050630
중학교,공립,11050630
고등학교,공립,11050630
유치원,공립,11050630
유치원,사립,11050630
유치원,사립,11050630
유치원,사립,11050630
유치원,사립,11050630
초등학교,공립,11050630
초등학교,공립,11050630
초등학교,공립,11050630
중학교,공립,11050630
중학교,공립,11050630
중학교,공립,11050630
고등학교,공립,11050630
유치원,공립,11050630
유치원,사립,11050630
유치원,사립,11050630
유치원,사립,11050630
유치원,사립,11050630
초등학교,공립,11050630
초등학교,공립,11050630
초등학교,공립,11050630
중학교,공립,11050630
중학교,공립,11050630
중학교,공립,11050630
고등학교,공립,11050630
유치원,공립,11050630
유치원,사립,11050630
유치원,사립,11050630
유치원,사립,11050630
유치원,사립,11050630
초등학교,공립,11050630
초등학교,공립,11050630
초등학교,공립,11050630
중학교,공립,11050630
중학교,공립,11050630
중학교,공립,11050630
고등학교,공립,11050630
유치원,공립,11050630
유치원,사립,11050630
유치원,사립,11050630
유치원,사립,11050630
유치원,사립,11050630
초등학교,공립,11050630
초등학교,공립,11050630
초등학교,공립,11050630
중학교,공립,11050630
중학교,공립,11050630
중학교,공립,11050630
고등학교,공립,11050630
유치원,공립,11050630
유치원,사립,11050630
유치원,사립,11050630
유치원,사립,11050630
유치원,사립,11050630
초등학교,공립,11050630
초등학교,공립,11050630
초등학교,공립,11050630
중학교,공립,11050630
중학교,공립,11050630
중학교,공립,11050630
고등학교,공립,11050630
유치원,공립,11050630
유치원,사립,11050630
유치원,사립,11050630
유치원,사립,11050630
유치원,사립,11050630
초등학교,공립,11050630
초등학교,공립,11050630
초등학교,공립,11050630
중학교,공립,11050630
중학교,공립,11050630
중학교,공립,11050630
고등학교,공립,11050630
유치원,공립,11050630
유치원,사립,11050630
유치원,사립,11050630
유치원,사립,11050630
유치원,사립,11050630
초등학교,공립,11050630
초등학교,공립,11050630
초등학교,공립,11050630
중학교,공립,11050630
중학교,공립,11050630
중학교,공립,11050630
고등학교,공립,11050630
유치원,공립,11050630
유치원,사립,11050630
유치원,사립,11050630
유치원,사립,11050630
유치원,사립,11050630
초등학교,공립,11050630
초등학교,공립,11050630
초등학교,공립,11050630
중학교,공립,11050630
중학교,공립,11050630
중학교,공립,11050630
고등학교,공립,11050630
유치원,공립,11050630
유치원,사립,11050630
유치원,사립,11050630
유치원,사립,11050630
초등학교,공립,11050630
초등학교,공립,11050630
초등학교,공립,11050630
중학교,공립,11050630
중학교,공립,11050630
중학교,공립,11050630
고등학교,공립,11050630
유치원,공립,11050640
유치원,사립,11050640
유치원,사립,11050640
초등학교,공립,11050640
유치원,공립,11050640
유치원,사립,11050640
유치원,사립,11050640
초등학교,공립,11050640
유치원,공립,11050640
유치원,사립,11050640
유치원,사립,11050640
초등학교,공립,11050640
유치원,공립,11050640
유치원,사립,11050640
유치원,사립,11050640
초등학교,공립,11050640
유치원,공립,11050640
유치원,사립,11050640
유치원,사립,11050640
초등학교,공립,11050640
유치원,공립,11050640
유치원,사립,11050640
유치원,사립,11050640
초등학교,공립,11050640
유치원,공립,11050640
유치원,사립,11050640
유치원,사립,11050640
초등학교,공립,11050640
유치원,공립,11050640
유치원,사립,11050640
유치원,사립,11050640
초등학교,공립,11050640
유치원,공립,11050640
유치원,사립,11050640
유치원,사립,11050640
초등학교,공립,11050640
유치원,공립,11050640
유치원,사립,11050640
유치원,사립,11050640
초등학교,공립,11050640
유치원,공립,11050640
유치원,사립,11050640
초등학교,공립,11050640
유치원,공립,11050640
유치원,사립,11050640
초등학교,공립,11050640
유치원,공립,11050650
유치원,공립,11050650
유치원,사립,11050650
유치원,사립,11050650
초등학교,공립,11050650
초등학교,공립,11050650
초등학교,공립,11050650
초등학교,사립,11050650
중학교,공립,11050650
중학교,공립,11050650
고등학교,공립,11050650
유치원,공립,11050650
유치원,공립,11050650
유치원,사립,11050650
유치원,사립,11050650
초등학교,공립,11050650
초등학교,공립,11050650
초등학교,공립,11050650
초등학교,사립,11050650
중학교,공립,11050650
중학교,공립,11050650
고등학교,공립,11050650
유치원,공립,11050650
유치원,공립,11050650
유치원,사립,11050650
유치원,사립,11050650
초등학교,공립,11050650
초등학교,공립,11050650
초등학교,공립,11050650
초등학교,사립,11050650
중학교,공립,11050650
중학교,공립,11050650
고등학교,공립,11050650
유치원,공립,11050650
유치원,공립,11050650
유치원,사립,11050650
유치원,사립,11050650
초등학교,공립,11050650
초등학교,공립,11050650
초등학교,공립,11050650
초등학교,사립,11050650
중학교,공립,11050650
중학교,공립,11050650
고등학교,공립,11050650
유치원,공립,11050650
유치원,공립,11050650
유치원,사립,11050650
유치원,사립,11050650
초등학교,공립,11050650
초등학교,공립,11050650
초등학교,공립,11050650
초등학교,사립,11050650
중학교,공립,11050650
중학교,공립,11050650
고등학교,공립,11050650
유치원,공립,11050650
유치원,공립,11050650
유치원,사립,11050650
유치원,사립,11050650
초등학교,공립,11050650
초등학교,공립,11050650
초등학교,공립,11050650
초등학교,사립,11050650
중학교,공립,11050650
중학교,공립,11050650
고등학교,공립,11050650
유치원,공립,11050650
유치원,공립,11050650
유치원,사립,11050650
유치원,사립,11050650
초등학교,공립,11050650
초등학교,공립,11050650
초등학교,공립,11050650
초등학교,사립,11050650
중학교,공립,11050650
중학교,공립,11050650
고등학교,공립,11050650
유치원,공립,11050650
유치원,공립,11050650
유치원,사립,11050650
유치원,사립,11050650
초등학교,공립,11050650
초등학교,공립,11050650
초등학교,공립,11050650
초등학교,사립,11050650
중학교,공립,11050650
중학교,공립,11050650
고등학교,공립,11050650
유치원,공립,11050650
유치원,공립,11050650
유치원,사립,11050650
초등학교,공립,11050650
초등학교,공립,11050650
초등학교,공립,11050650
초등학교,사립,11050650
중학교,공립,11050650
중학교,공립,11050650
고등학교,공립,11050650
유치원,공립,11050650
유치원,공립,11050650
유치원,사립,11050650
초등학교,공립,11050650
초등학교,공립,11050650
초등학교,공립,11050650
초등학교,사립,11050650
중학교,공립,11050650
중학교,공립,11050650
고등학교,공립,11050650
유치원,공립,11050650
유치원,공립,11050650
유치원,사립,11050650
초등학교,공립,11050650
초등학교,공립,11050650
초등학교,공립,11050650
초등학교,사립,11050650
중학교,공립,11050650
중학교,공립,11050650
고등학교,공립,11050650
유치원,공립,11050650
유치원,공립,11050650
유치원,사립,11050650
초등학교,공립,11050650
초등학교,공립,11050650
초등학교,공립,11050650
초등학교,사립,11050650
중학교,공립,11050650
중학교,공립,11050650
고등학교,공립,11050650
유치원,사립,11050660
유치원,사립,11050660
유치원,사립,11050660
유치원,사립,11050660
초등학교,공립,11050660
초등학교,공립,11050660
중학교,공립,11050660
고등학교,공립,11050660
유치원,사립,11050660
유치원,사립,11050660
유치원,사립,11050660
유치원,사립,11050660
초등학교,공립,11050660
초등학교,공립,11050660
중학교,공립,11050660
고등학교,공립,11050660
유치원,사립,11050660
유치원,사립,11050660
유치원,사립,11050660
유치원,사립,11050660
초등학교,공립,11050660
초등학교,공립,11050660
중학교,공립,11050660
고등학교,공립,11050660
유치원,사립,11050660
유치원,사립,11050660
유치원,사립,11050660
유치원,사립,11050660
초등학교,공립,11050660
초등학교,공립,11050660
중학교,공립,11050660
고등학교,공립,11050660
유치원,사립,11050660
유치원,사립,11050660
유치원,사립,11050660
유치원,사립,11050660
초등학교,공립,11050660
초등학교,공립,11050660
중학교,공립,11050660
고등학교,공립,11050660
유치원,사립,11050660
유치원,사립,11050660
유치원,사립,11050660
유치원,사립,11050660
초등학교,공립,11050660
초등학교,공립,11050660
중학교,공립,11050660
고등학교,공립,11050660
유치원,사립,11050660
유치원,사립,11050660
유치원,사립,11050660
초등학교,공립,11050660
초등학교,공립,11050660
중학교,공립,11050660
고등학교,공립,11050660
유치원,사립,11050660
유치원,사립,11050660
유치원,사립,11050660
초등학교,공립,11050660
초등학교,공립,11050660
중학교,공립,11050660
고등학교,공립,11050660
유치원,사립,11050660
유치원,사립,11050660
유치원,사립,11050660
초등학교,공립,11050660
초등학교,공립,11050660
중학교,공립,11050660
고등학교,공립,11050660
유치원,공립,11050660
유치원,사립,11050660
유치원,사립,11050660
유치원,사립,11050660
초등학교,공립,11050660
초등학교,공립,11050660
중학교,공립,11050660
고등학교,공립,11050660
유치원,공립,11050660
유치원,사립,11050660
유치원,사립,11050660
유치원,사립,11050660
초등학교,공립,11050660
초등학교,공립,11050660
중학교,공립,11050660
고등학교,공립,11050660
유치원,공립,11050660
유치원,사립,11050660
유치원,사립,11050660
유치원,사립,11050660
초등학교,공립,11050660
초등학교,공립,11050660
중학교,공립,11050660
고등학교,공립,11050660
유치원,사립,11050670
중학교,공립,11050670
유치원,사립,11050670
중학교,공립,11050670
유치원,사립,11050670
중학교,공립,11050670
유치원,사립,11050670
중학교,공립,11050670
유치원,사립,11050670
중학교,공립,11050670
유치원,사립,11050670
중학교,공립,11050670
유치원,사립,11050670
중학교,공립,11050670
유치원,공립,11050670
유치원,사립,11050670
중학교,공립,11050670
유치원,공립,11050670
유치원,사립,11050670
중학교,공립,11050670
유치원,사립,11050670
중학교,공립,11050670
중학교,공립,11050670
중학교,공립,11050670
유치원,사립,11060710
초등학교,공립,11060710
초등학교,사립,11060710
유치원,사립,11060710
초등학교,공립,11060710
초등학교,사립,11060710
유치원,사립,11060710
초등학교,공립,11060710
초등학교,사립,11060710
유치원,사립,11060710
초등학교,공립,11060710
초등학교,사립,11060710
유치원,사립,11060710
초등학교,공립,11060710
초등학교,사립,11060710
유치원,사립,11060710
초등학교,공립,11060710
초등학교,사립,11060710
유치원,사립,11060710
초등학교,공립,11060710
초등학교,사립,11060710
유치원,사립,11060710
초등학교,공립,11060710
초등학교,사립,11060710
유치원,사립,11060710
초등학교,공립,11060710
초등학교,사립,11060710
유치원,사립,11060710
초등학교,공립,11060710
초등학교,사립,11060710
초등학교,사립,11060710
중학교,사립,11060710
고등학교,사립,11060710
유치원,사립,11060710
초등학교,공립,11060710
초등학교,사립,11060710
유치원,사립,11060710
초등학교,공립,11060710
초등학교,사립,11060710
초등학교,사립,11060710
중학교,사립,11060710
고등학교,사립,11060710
유치원,사립,11060720
유치원,사립,11060720
유치원,사립,11060720
유치원,사립,11060720
유치원,사립,11060720
유치원,사립,11060720
유치원,공립,11060730
유치원,공립,11060730
유치원,사립,11060730
초등학교,공립,11060730
초등학교,공립,11060730
중학교,공립,11060730
중학교,공립,11060730
중학교,사립,11060730
고등학교,공립,11060730
고등학교,공립,11060730
고등학교,사립,11060730
유치원,공립,11060730
유치원,공립,11060730
유치원,사립,11060730
초등학교,공립,11060730
초등학교,공립,11060730
중학교,공립,11060730
중학교,공립,11060730
중학교,사립,11060730
고등학교,공립,11060730
고등학교,공립,11060730
고등학교,사립,11060730
유치원,공립,11060730
유치원,공립,11060730
유치원,사립,11060730
초등학교,공립,11060730
초등학교,공립,11060730
중학교,공립,11060730
중학교,공립,11060730
중학교,사립,11060730
고등학교,공립,11060730
고등학교,공립,11060730
고등학교,사립,11060730
유치원,공립,11060730
유치원,공립,11060730
유치원,사립,11060730
초등학교,공립,11060730
초등학교,공립,11060730
중학교,공립,11060730
중학교,공립,11060730
중학교,사립,11060730
고등학교,공립,11060730
고등학교,공립,11060730
고등학교,사립,11060730
유치원,공립,11060730
유치원,공립,11060730
유치원,사립,11060730
초등학교,공립,11060730
초등학교,공립,11060730
중학교,공립,11060730
중학교,공립,11060730
중학교,사립,11060730
고등학교,공립,11060730
고등학교,공립,11060730
고등학교,사립,11060730
유치원,공립,11060730
유치원,공립,11060730
유치원,사립,11060730
초등학교,공립,11060730
초등학교,공립,11060730
중학교,공립,11060730
중학교,공립,11060730
중학교,사립,11060730
고등학교,공립,11060730
고등학교,공립,11060730
고등학교,사립,11060730
유치원,공립,11060730
유치원,공립,11060730
유치원,사립,11060730
초등학교,공립,11060730
초등학교,공립,11060730
중학교,공립,11060730
중학교,공립,11060730
중학교,사립,11060730
고등학교,공립,11060730
고등학교,공립,11060730
고등학교,사립,11060730
유치원,공립,11060730
유치원,공립,11060730
유치원,사립,11060730
초등학교,공립,11060730
초등학교,공립,11060730
중학교,공립,11060730
중학교,공립,11060730
중학교,사립,11060730
고등학교,공립,11060730
고등학교,공립,11060730
고등학교,사립,11060730
유치원,공립,11060730
유치원,공립,11060730
유치원,사립,11060730
초등학교,공립,11060730
초등학교,공립,11060730
중학교,공립,11060730
중학교,공립,11060730
중학교,사립,11060730
고등학교,공립,11060730
고등학교,공립,11060730
고등학교,사립,11060730
유치원,공립,11060730
유치원,공립,11060730
유치원,사립,11060730
초등학교,공립,11060730
초등학교,공립,11060730
중학교,공립,11060730
중학교,공립,11060730
중학교,사립,11060730
고등학교,공립,11060730
고등학교,공립,11060730
고등학교,사립,11060730
유치원,공립,11060730
유치원,공립,11060730
유치원,사립,11060730
초등학교,공립,11060730
초등학교,공립,11060730
중학교,공립,11060730
중학교,공립,11060730
고등학교,공립,11060730
고등학교,공립,11060730
유치원,공립,11060730
유치원,공립,11060730
유치원,사립,11060730
초등학교,공립,11060730
초등학교,공립,11060730
중학교,공립,11060730
중학교,공립,11060730
중학교,사립,11060730
고등학교,공립,11060730
고등학교,공립,11060730
고등학교,사립,11060730
유치원,사립,11060800
유치원,사립,11060800
초등학교,공립,11060800
중학교,공립,11060800
고등학교,공립,11060800
유치원,사립,11060800
유치원,사립,11060800
초등학교,공립,11060800
중학교,공립,11060800
고등학교,공립,11060800
유치원,사립,11060800
유치원,사립,11060800
초등학교,공립,11060800
중학교,공립,11060800
고등학교,공립,11060800
유치원,사립,11060800
유치원,사립,11060800
초등학교,공립,11060800
중학교,공립,11060800
고등학교,공립,11060800
유치원,사립,11060800
유치원,사립,11060800
초등학교,공립,11060800
중학교,공립,11060800
고등학교,공립,11060800
평생학교,사립,11060800
유치원,사립,11060800
유치원,사립,11060800
초등학교,공립,11060800
중학교,공립,11060800
고등학교,공립,11060800
평생학교,사립,11060800
유치원,사립,11060800
초등학교,공립,11060800
중학교,공립,11060800
고등학교,공립,11060800
평생학교,사립,11060800
유치원,사립,11060800
초등학교,공립,11060800
중학교,공립,11060800
고등학교,공립,11060800
평생학교,사립,11060800
유치원,사립,11060800
초등학교,공립,11060800
중학교,공립,11060800
고등학교,공립,11060800
평생학교,사립,11060800
유치원,사립,11060800
초등학교,공립,11060800
중학교,공립,11060800
고등학교,공립,11060800
유치원,사립,11060800
초등학교,공립,11060800
중학교,공립,11060800
고등학교,공립,11060800
유치원,사립,11060800
초등학교,공립,11060800
중학교,공립,11060800
고등학교,공립,11060800
유치원,사립,11060810
초등학교,공립,11060810
중학교,사립,11060810
고등학교,사립,11060810
유치원,사립,11060810
초등학교,공립,11060810
중학교,사립,11060810
고등학교,사립,11060810
유치원,사립,11060810
초등학교,공립,11060810
중학교,사립,11060810
고등학교,사립,11060810
유치원,사립,11060810
초등학교,공립,11060810
중학교,사립,11060810
고등학교,사립,11060810
유치원,사립,11060810
초등학교,공립,11060810
중학교,사립,11060810
고등학교,사립,11060810
유치원,사립,11060810
초등학교,공립,11060810
중학교,사립,11060810
고등학교,사립,11060810
유치원,사립,11060810
초등학교,공립,11060810
중학교,사립,11060810
고등학교,사립,11060810
유치원,사립,11060810
초등학교,공립,11060810
중학교,사립,11060810
고등학교,사립,11060810
유치원,사립,11060810
초등학교,공립,11060810
중학교,사립,11060810
고등학교,사립,11060810
유치원,사립,11060810
초등학교,공립,11060810
중학교,사립,11060810
고등학교,사립,11060810
유치원,사립,11060810
초등학교,공립,11060810
중학교,사립,11060810
고등학교,사립,11060810
유치원,사립,11060810
초등학교,공립,11060810
중학교,사립,11060810
고등학교,사립,11060810
유치원,공립,11060820
유치원,사립,11060820
유치원,사립,11060820
초등학교,공립,11060820
초등학교,공립,11060820
중학교,공립,11060820
중학교,사립,11060820
고등학교,사립,11060820
유치원,공립,11060820
유치원,사립,11060820
유치원,사립,11060820
초등학교,공립,11060820
초등학교,공립,11060820
중학교,공립,11060820
중학교,사립,11060820
고등학교,사립,11060820
유치원,공립,11060820
유치원,사립,11060820
유치원,사립,11060820
초등학교,공립,11060820
초등학교,공립,11060820
중학교,공립,11060820
중학교,사립,11060820
고등학교,사립,11060820
유치원,공립,11060820
유치원,사립,11060820
유치원,사립,11060820
초등학교,공립,11060820
초등학교,공립,11060820
중학교,공립,11060820
중학교,사립,11060820
고등학교,사립,11060820
유치원,공립,11060820
유치원,사립,11060820
유치원,사립,11060820
초등학교,공립,11060820
초등학교,공립,11060820
중학교,공립,11060820
중학교,사립,11060820
고등학교,사립,11060820
유치원,공립,11060820
유치원,사립,11060820
유치원,사립,11060820
초등학교,공립,11060820
초등학교,공립,11060820
중학교,공립,11060820
중학교,사립,11060820
고등학교,사립,11060820
유치원,공립,11060820
유치원,사립,11060820
유치원,사립,11060820
초등학교,공립,11060820
초등학교,공립,11060820
중학교,공립,11060820
중학교,사립,11060820
고등학교,사립,11060820
유치원,공립,11060820
유치원,사립,11060820
유치원,사립,11060820
초등학교,공립,11060820
초등학교,공립,11060820
중학교,공립,11060820
중학교,사립,11060820
고등학교,사립,11060820
유치원,공립,11060820
유치원,사립,11060820
유치원,사립,11060820
초등학교,공립,11060820
초등학교,공립,11060820
중학교,공립,11060820
중학교,사립,11060820
고등학교,사립,11060820
유치원,공립,11060820
유치원,사립,11060820
초등학교,공립,11060820
초등학교,공립,11060820
중학교,공립,11060820
중학교,사립,11060820
고등학교,사립,11060820
유치원,공립,11060820
유치원,사립,11060820
초등학교,공립,11060820
초등학교,공립,11060820
중학교,공립,11060820
중학교,사립,11060820
고등학교,사립,11060820
유치원,공립,11060820
유치원,사립,11060820
초등학교,공립,11060820
초등학교,공립,11060820
중학교,공립,11060820
중학교,사립,11060820
고등학교,사립,11060820
유치원,사립,11060830
유치원,사립,11060830
유치원,사립,11060830
초등학교,공립,11060830
중학교,공립,11060830
유치원,사립,11060830
유치원,사립,11060830
유치원,사립,11060830
초등학교,공립,11060830
중학교,공립,11060830
유치원,사립,11060830
유치원,사립,11060830
유치원,사립,11060830
초등학교,공립,11060830
중학교,공립,11060830
유치원,사립,11060830
유치원,사립,11060830
유치원,사립,11060830
초등학교,공립,11060830
중학교,공립,11060830
유치원,사립,11060830
유치원,사립,11060830
유치원,사립,11060830
초등학교,공립,11060830
중학교,공립,11060830
평생학교,사립,11060830
평생학교,사립,11060830
유치원,사립,11060830
유치원,사립,11060830
초등학교,공립,11060830
중학교,공립,11060830
평생학교,사립,11060830
평생학교,사립,11060830
유치원,사립,11060830
유치원,사립,11060830
초등학교,공립,11060830
중학교,공립,11060830
평생학교,사립,11060830
평생학교,사립,11060830
유치원,사립,11060830
초등학교,공립,11060830
중학교,공립,11060830
평생학교,사립,11060830
평생학교,사립,11060830
유치원,사립,11060830
초등학교,공립,11060830
중학교,공립,11060830
평생학교,사립,11060830
평생학교,사립,11060830
유치원,사립,11060830
초등학교,공립,11060830
중학교,공립,11060830
유치원,사립,11060830
초등학교,공립,11060830
중학교,공립,11060830
유치원,사립,11060830
초등학교,공립,11060830
중학교,공립,11060830
유치원,공립,11060840
유치원,사립,11060840
유치원,사립,11060840
초등학교,공립,11060840
초등학교,공립,11060840
초등학교,공립,11060840
중학교,공립,11060840
중학교,공립,11060840
고등학교,사립,11060840
고등학교,사립,11060840
유치원,공립,11060840
유치원,사립,11060840
유치원,사립,11060840
초등학교,공립,11060840
초등학교,공립,11060840
초등학교,공립,11060840
중학교,공립,11060840
중학교,공립,11060840
고등학교,사립,11060840
고등학교,사립,11060840
유치원,공립,11060840
유치원,사립,11060840
유치원,사립,11060840
초등학교,공립,11060840
초등학교,공립,11060840
초등학교,공립,11060840
중학교,공립,11060840
중학교,공립,11060840
고등학교,사립,11060840
고등학교,사립,11060840
유치원,공립,11060840
유치원,사립,11060840
유치원,사립,11060840
초등학교,공립,11060840
초등학교,공립,11060840
초등학교,공립,11060840
중학교,공립,11060840
중학교,공립,11060840
고등학교,사립,11060840
고등학교,사립,11060840
유치원,공립,11060840
유치원,사립,11060840
유치원,사립,11060840
초등학교,공립,11060840
초등학교,공립,11060840
초등학교,공립,11060840
중학교,공립,11060840
중학교,공립,11060840
고등학교,사립,11060840
고등학교,사립,11060840
유치원,공립,11060840
유치원,사립,11060840
유치원,사립,11060840
초등학교,공립,11060840
초등학교,공립,11060840
초등학교,공립,11060840
중학교,공립,11060840
중학교,공립,11060840
고등학교,사립,11060840
고등학교,사립,11060840
유치원,공립,11060840
유치원,사립,11060840
유치원,사립,11060840
초등학교,공립,11060840
초등학교,공립,11060840
초등학교,공립,11060840
중학교,공립,11060840
중학교,공립,11060840
고등학교,사립,11060840
고등학교,사립,11060840
유치원,공립,11060840
유치원,사립,11060840
유치원,사립,11060840
초등학교,공립,11060840
초등학교,공립,11060840
초등학교,공립,11060840
중학교,공립,11060840
중학교,공립,11060840
고등학교,사립,11060840
고등학교,사립,11060840
유치원,공립,11060840
유치원,공립,11060840
유치원,사립,11060840
유치원,사립,11060840
초등학교,공립,11060840
초등학교,공립,11060840
초등학교,공립,11060840
중학교,공립,11060840
중학교,공립,11060840
고등학교,사립,11060840
고등학교,사립,11060840
유치원,공립,11060840
유치원,공립,11060840
유치원,사립,11060840
유치원,사립,11060840
초등학교,공립,11060840
초등학교,공립,11060840
초등학교,공립,11060840
중학교,공립,11060840
중학교,공립,11060840
고등학교,사립,11060840
고등학교,사립,11060840
유치원,공립,11060840
유치원,공립,11060840
유치원,사립,11060840
유치원,사립,11060840
초등학교,공립,11060840
초등학교,공립,11060840
초등학교,공립,11060840
중학교,공립,11060840
중학교,공립,11060840
중학교,사립,11060840
고등학교,사립,11060840
고등학교,사립,11060840
고등학교,사립,11060840
유치원,공립,11060840
유치원,공립,11060840
유치원,사립,11060840
유치원,사립,11060840
초등학교,공립,11060840
초등학교,공립,11060840
초등학교,공립,11060840
중학교,공립,11060840
중학교,공립,11060840
고등학교,사립,11060840
고등학교,사립,11060840
유치원,사립,11060860
유치원,사립,11060860
유치원,사립,11060860
초등학교,공립,11060860
유치원,사립,11060860
유치원,사립,11060860
유치원,사립,11060860
초등학교,공립,11060860
유치원,사립,11060860
유치원,사립,11060860
유치원,사립,11060860
초등학교,공립,11060860
유치원,사립,11060860
유치원,사립,11060860
유치원,사립,11060860
초등학교,공립,11060860
유치원,사립,11060860
유치원,사립,11060860
유치원,사립,11060860
초등학교,공립,11060860
유치원,사립,11060860
유치원,사립,11060860
유치원,사립,11060860
초등학교,공립,11060860
유치원,사립,11060860
유치원,사립,11060860
유치원,사립,11060860
초등학교,공립,11060860
유치원,사립,11060860
유치원,사립,11060860
유치원,사립,11060860
초등학교,공립,11060860
유치원,사립,11060860
유치원,사립,11060860
유치원,사립,11060860
초등학교,공립,11060860
유치원,사립,11060860
유치원,사립,11060860
유치원,사립,11060860
초등학교,공립,11060860
유치원,사립,11060860
유치원,사립,11060860
유치원,사립,11060860
초등학교,공립,11060860
유치원,사립,11060860
유치원,사립,11060860
유치원,사립,11060860
초등학교,공립,11060860
유치원,공립,11060870
유치원,사립,11060870
유치원,사립,11060870
초등학교,공립,11060870
초등학교,공립,11060870
중학교,공립,11060870
유치원,공립,11060870
유치원,사립,11060870
유치원,사립,11060870
초등학교,공립,11060870
초등학교,공립,11060870
중학교,공립,11060870
유치원,공립,11060870
유치원,사립,11060870
유치원,사립,11060870
초등학교,공립,11060870
초등학교,공립,11060870
중학교,공립,11060870
유치원,공립,11060870
유치원,사립,11060870
유치원,사립,11060870
초등학교,공립,11060870
초등학교,공립,11060870
중학교,공립,11060870
유치원,공립,11060870
유치원,사립,11060870
유치원,사립,11060870
초등학교,공립,11060870
초등학교,공립,11060870
중학교,공립,11060870
유치원,공립,11060870
유치원,사립,11060870
유치원,사립,11060870
초등학교,공립,11060870
초등학교,공립,11060870
중학교,공립,11060870
유치원,공립,11060870
유치원,사립,11060870
유치원,사립,11060870
초등학교,공립,11060870
초등학교,공립,11060870
중학교,공립,11060870
유치원,공립,11060870
유치원,사립,11060870
유치원,사립,11060870
초등학교,공립,11060870
초등학교,공립,11060870
중학교,공립,11060870
유치원,공립,11060870
유치원,사립,11060870
유치원,사립,11060870
초등학교,공립,11060870
초등학교,공립,11060870
중학교,공립,11060870
유치원,공립,11060870
유치원,사립,11060870
초등학교,공립,11060870
초등학교,공립,11060870
중학교,공립,11060870
유치원,공립,11060870
유치원,사립,11060870
초등학교,공립,11060870
초등학교,공립,11060870
중학교,공립,11060870
유치원,공립,11060870
유치원,사립,11060870
초등학교,공립,11060870
초등학교,공립,11060870
중학교,공립,11060870
유치원,공립,11060880
유치원,사립,11060880
유치원,사립,11060880
초등학교,공립,11060880
초등학교,사립,11060880
중학교,사립,11060880
고등학교,사립,11060880
유치원,공립,11060880
유치원,사립,11060880
유치원,사립,11060880
초등학교,공립,11060880
초등학교,사립,11060880
중학교,사립,11060880
고등학교,사립,11060880
유치원,공립,11060880
유치원,사립,11060880
유치원,사립,11060880
초등학교,공립,11060880
초등학교,사립,11060880
중학교,사립,11060880
고등학교,사립,11060880
유치원,공립,11060880
유치원,사립,11060880
유치원,사립,11060880
초등학교,공립,11060880
초등학교,사립,11060880
중학교,사립,11060880
고등학교,사립,11060880
유치원,공립,11060880
유치원,사립,11060880
유치원,사립,11060880
유치원,사립,11060880
초등학교,공립,11060880
초등학교,사립,11060880
중학교,사립,11060880
고등학교,사립,11060880
유치원,공립,11060880
유치원,사립,11060880
유치원,사립,11060880
초등학교,공립,11060880
초등학교,사립,11060880
중학교,사립,11060880
고등학교,사립,11060880
유치원,공립,11060880
유치원,사립,11060880
유치원,사립,11060880
초등학교,공립,11060880
초등학교,사립,11060880
중학교,사립,11060880
고등학교,사립,11060880
유치원,공립,11060880
유치원,사립,11060880
유치원,사립,11060880
초등학교,공립,11060880
초등학교,사립,11060880
중학교,사립,11060880
고등학교,사립,11060880
유치원,공립,11060880
유치원,사립,11060880
유치원,사립,11060880
초등학교,공립,11060880
초등학교,사립,11060880
중학교,사립,11060880
고등학교,사립,11060880
유치원,공립,11060880
유치원,사립,11060880
유치원,사립,11060880
유치원,사립,11060880
초등학교,공립,11060880
초등학교,사립,11060880
중학교,사립,11060880
고등학교,사립,11060880
유치원,공립,11060880
유치원,사립,11060880
유치원,사립,11060880
초등학교,공립,11060880
초등학교,사립,11060880
중학교,사립,11060880
고등학교,사립,11060880
유치원,공립,11060880
유치원,사립,11060880
유치원,사립,11060880
초등학교,공립,11060880
초등학교,사립,11060880
중학교,사립,11060880
고등학교,사립,11060880
유치원,사립,11060890
유치원,사립,11060890
유치원,사립,11060890
유치원,사립,11060890
초등학교,사립,11060890
중학교,사립,11060890
중학교,사립,11060890
고등학교,사립,11060890
고등학교,사립,11060890
유치원,사립,11060890
유치원,사립,11060890
유치원,사립,11060890
유치원,사립,11060890
초등학교,사립,11060890
중학교,사립,11060890
중학교,사립,11060890
고등학교,사립,11060890
고등학교,사립,11060890
유치원,사립,11060890
유치원,사립,11060890
유치원,사립,11060890
초등학교,사립,11060890
중학교,사립,11060890
중학교,사립,11060890
고등학교,사립,11060890
고등학교,사립,11060890
유치원,사립,11060890
유치원,사립,11060890
유치원,사립,11060890
초등학교,사립,11060890
중학교,사립,11060890
중학교,사립,11060890
고등학교,사립,11060890
고등학교,사립,11060890
유치원,사립,11060890
유치원,사립,11060890
유치원,사립,11060890
초등학교,사립,11060890
중학교,사립,11060890
중학교,사립,11060890
고등학교,사립,11060890
고등학교,사립,11060890
유치원,사립,11060890
유치원,사립,11060890
유치원,사립,11060890
초등학교,사립,11060890
중학교,사립,11060890
중학교,사립,11060890
고등학교,사립,11060890
고등학교,사립,11060890
유치원,사립,11060890
유치원,사립,11060890
유치원,사립,11060890
초등학교,사립,11060890
중학교,사립,11060890
중학교,사립,11060890
고등학교,사립,11060890
고등학교,사립,11060890
유치원,사립,11060890
유치원,사립,11060890
유치원,사립,11060890
초등학교,사립,11060890
중학교,사립,11060890
중학교,사립,11060890
고등학교,사립,11060890
고등학교,사립,11060890
유치원,사립,11060890
유치원,사립,11060890
유치원,사립,11060890
초등학교,사립,11060890
중학교,사립,11060890
중학교,사립,11060890
고등학교,사립,11060890
고등학교,사립,11060890
유치원,사립,11060890
유치원,사립,11060890
유치원,사립,11060890
중학교,사립,11060890
고등학교,사립,11060890
유치원,사립,11060890
유치원,사립,11060890
유치원,사립,11060890
초등학교,사립,11060890
중학교,사립,11060890
중학교,사립,11060890
고등학교,사립,11060890
고등학교,사립,11060890
유치원,사립,11060890
유치원,사립,11060890
유치원,사립,11060890
중학교,사립,11060890
고등학교,사립,11060890
유치원,공립,11060900
유치원,사립,11060900
초등학교,공립,11060900
유치원,공립,11060900
유치원,사립,11060900
초등학교,공립,11060900
유치원,공립,11060900
유치원,사립,11060900
초등학교,공립,11060900
유치원,공립,11060900
유치원,사립,11060900
초등학교,공립,11060900
유치원,공립,11060900
유치원,사립,11060900
초등학교,공립,11060900
유치원,공립,11060900
유치원,사립,11060900
초등학교,공립,11060900
유치원,공립,11060900
유치원,사립,11060900
초등학교,공립,11060900
유치원,공립,11060900
유치원,사립,11060900
초등학교,공립,11060900
유치원,공립,11060900
초등학교,공립,11060900
유치원,공립,11060900
초등학교,공립,11060900
유치원,공립,11060900
초등학교,공립,11060900
유치원,공립,11060900
초등학교,공립,11060900
유치원,공립,11060910
초등학교,공립,11060910
초등학교,공립,11060910
중학교,공립,11060910
유치원,공립,11060910
초등학교,공립,11060910
초등학교,공립,11060910
중학교,공립,11060910
유치원,공립,11060910
초등학교,공립,11060910
초등학교,공립,11060910
중학교,공립,11060910
유치원,공립,11060910
초등학교,공립,11060910
초등학교,공립,11060910
중학교,공립,11060910
유치원,공립,11060910
초등학교,공립,11060910
초등학교,공립,11060910
중학교,공립,11060910
유치원,공립,11060910
초등학교,공립,11060910
초등학교,공립,11060910
중학교,공립,11060910
유치원,공립,11060910
초등학교,공립,11060910
초등학교,공립,11060910
중학교,공립,11060910
유치원,공립,11060910
초등학교,공립,11060910
초등학교,공립,11060910
중학교,공립,11060910
유치원,공립,11060910
초등학교,공립,11060910
초등학교,공립,11060910
중학교,공립,11060910
유치원,공립,11060910
초등학교,공립,11060910
초등학교,공립,11060910
중학교,공립,11060910
유치원,공립,11060910
초등학교,공립,11060910
초등학교,공립,11060910
중학교,공립,11060910
유치원,공립,11060910
초등학교,공립,11060910
초등학교,공립,11060910
중학교,공립,11060910
유치원,사립,11070520
유치원,사립,11070520
유치원,사립,11070520
초등학교,공립,11070520
초등학교,공립,11070520
유치원,사립,11070520
유치원,사립,11070520
유치원,사립,11070520
초등학교,공립,11070520
초등학교,공립,11070520
유치원,공립,11070520
유치원,사립,11070520
유치원,사립,11070520
유치원,사립,11070520
초등학교,공립,11070520
초등학교,공립,11070520
유치원,공립,11070520
유치원,사립,11070520
유치원,사립,11070520
유치원,사립,11070520
초등학교,공립,11070520
초등학교,공립,11070520
유치원,공립,11070520
유치원,사립,11070520
유치원,사립,11070520
초등학교,공립,11070520
초등학교,공립,11070520
유치원,공립,11070520
유치원,사립,11070520
유치원,사립,11070520
초등학교,공립,11070520
초등학교,공립,11070520
유치원,공립,11070520
유치원,사립,11070520
유치원,사립,11070520
초등학교,공립,11070520
초등학교,공립,11070520
유치원,공립,11070520
유치원,공립,11070520
유치원,사립,11070520
유치원,사립,11070520
초등학교,공립,11070520
초등학교,공립,11070520
유치원,공립,11070520
유치원,공립,11070520
유치원,사립,11070520
유치원,사립,11070520
초등학교,공립,11070520
초등학교,공립,11070520
유치원,공립,11070520
유치원,공립,11070520
유치원,사립,11070520
유치원,사립,11070520
초등학교,공립,11070520
초등학교,공립,11070520
유치원,공립,11070520
유치원,공립,11070520
유치원,사립,11070520
유치원,사립,11070520
초등학교,공립,11070520
초등학교,공립,11070520
유치원,공립,11070520
유치원,공립,11070520
유치원,사립,11070520
초등학교,공립,11070520
초등학교,공립,11070520
유치원,공립,11070540
유치원,사립,11070540
초등학교,공립,11070540
중학교,공립,11070540
유치원,공립,11070540
유치원,사립,11070540
초등학교,공립,11070540
중학교,공립,11070540
유치원,공립,11070540
유치원,사립,11070540
초등학교,공립,11070540
중학교,공립,11070540
유치원,공립,11070540
유치원,사립,11070540
초등학교,공립,11070540
중학교,공립,11070540
유치원,공립,11070540
유치원,사립,11070540
초등학교,공립,11070540
중학교,공립,11070540
유치원,공립,11070540
유치원,사립,11070540
초등학교,공립,11070540
중학교,공립,11070540
유치원,공립,11070540
유치원,사립,11070540
초등학교,공립,11070540
중학교,공립,11070540
유치원,공립,11070540
유치원,사립,11070540
초등학교,공립,11070540
중학교,공립,11070540
유치원,공립,11070540
유치원,사립,11070540
초등학교,공립,11070540
중학교,공립,11070540
유치원,공립,11070540
유치원,사립,11070540
초등학교,공립,11070540
중학교,공립,11070540
유치원,공립,11070540
초등학교,공립,11070540
중학교,공립,11070540
유치원,공립,11070540
유치원,사립,11070540
초등학교,공립,11070540
중학교,공립,11070540
유치원,사립,11070570
초등학교,공립,11070570
유치원,사립,11070570
초등학교,공립,11070570
유치원,사립,11070570
초등학교,공립,11070570
유치원,사립,11070570
초등학교,공립,11070570
유치원,사립,11070570
초등학교,공립,11070570
유치원,사립,11070570
초등학교,공립,11070570
유치원,사립,11070570
초등학교,공립,11070570
유치원,사립,11070570
초등학교,공립,11070570
유치원,사립,11070570
초등학교,공립,11070570
유치원,사립,11070570
초등학교,공립,11070570
유치원,사립,11070570
유치원,사립,11070570
초등학교,공립,11070570
유치원,사립,11070570
초등학교,공립,11070570
유치원,사립,11070590
유치원,사립,11070590
초등학교,공립,11070590
중학교,공립,11070590
중학교,공립,11070590
고등학교,공립,11070590
유치원,사립,11070590
유치원,사립,11070590
초등학교,공립,11070590
중학교,공립,11070590
중학교,공립,11070590
고등학교,공립,11070590
유치원,사립,11070590
유치원,사립,11070590
초등학교,공립,11070590
중학교,공립,11070590
중학교,공립,11070590
고등학교,공립,11070590
유치원,사립,11070590
유치원,사립,11070590
초등학교,공립,11070590
중학교,공립,11070590
중학교,공립,11070590
고등학교,공립,11070590
유치원,사립,11070590
유치원,사립,11070590
초등학교,공립,11070590
중학교,공립,11070590
중학교,공립,11070590
고등학교,공립,11070590
유치원,사립,11070590
유치원,사립,11070590
초등학교,공립,11070590
중학교,공립,11070590
중학교,공립,11070590
고등학교,공립,11070590
유치원,사립,11070590
유치원,사립,11070590
초등학교,공립,11070590
중학교,공립,11070590
중학교,공립,11070590
고등학교,공립,11070590
유치원,공립,11070590
유치원,사립,11070590
유치원,사립,11070590
초등학교,공립,11070590
중학교,공립,11070590
중학교,공립,11070590
고등학교,공립,11070590
유치원,공립,11070590
유치원,사립,11070590
유치원,사립,11070590
초등학교,공립,11070590
중학교,공립,11070590
중학교,공립,11070590
고등학교,공립,11070590
유치원,사립,11070590
유치원,사립,11070590
초등학교,공립,11070590
중학교,공립,11070590
중학교,공립,11070590
고등학교,공립,11070590
유치원,사립,11070590
유치원,사립,11070590
초등학교,공립,11070590
중학교,공립,11070590
중학교,공립,11070590
고등학교,공립,11070590
유치원,사립,11070590
유치원,사립,11070590
초등학교,공립,11070590
중학교,공립,11070590
중학교,공립,11070590
고등학교,공립,11070590
유치원,사립,11070600
유치원,사립,11070600
유치원,사립,11070600
유치원,사립,11070600
유치원,사립,11070600
유치원,사립,11070610
유치원,사립,11070610
유치원,사립,11070610
유치원,사립,11070610
초등학교,공립,11070610
초등학교,공립,11070610
중학교,공립,11070610
중학교,공립,11070610
고등학교,공립,11070610
유치원,사립,11070610
유치원,사립,11070610
유치원,사립,11070610
유치원,사립,11070610
초등학교,공립,11070610
초등학교,공립,11070610
중학교,공립,11070610
중학교,공립,11070610
고등학교,공립,11070610
유치원,사립,11070610
유치원,사립,11070610
유치원,사립,11070610
유치원,사립,11070610
초등학교,공립,11070610
초등학교,공립,11070610
중학교,공립,11070610
중학교,공립,11070610
고등학교,공립,11070610
유치원,사립,11070610
유치원,사립,11070610
유치원,사립,11070610
유치원,사립,11070610
초등학교,공립,11070610
초등학교,공립,11070610
중학교,공립,11070610
중학교,공립,11070610
고등학교,공립,11070610
유치원,공립,11070610
유치원,사립,11070610
유치원,사립,11070610
유치원,사립,11070610
초등학교,공립,11070610
초등학교,공립,11070610
중학교,공립,11070610
중학교,공립,11070610
고등학교,공립,11070610
유치원,공립,11070610
유치원,사립,11070610
유치원,사립,11070610
유치원,사립,11070610
초등학교,공립,11070610
초등학교,공립,11070610
중학교,공립,11070610
중학교,공립,11070610
고등학교,공립,11070610
유치원,공립,11070610
유치원,사립,11070610
유치원,사립,11070610
유치원,사립,11070610
초등학교,공립,11070610
초등학교,공립,11070610
중학교,공립,11070610
중학교,공립,11070610
고등학교,공립,11070610
유치원,공립,11070610
유치원,사립,11070610
유치원,사립,11070610
유치원,사립,11070610
초등학교,공립,11070610
초등학교,공립,11070610
중학교,공립,11070610
중학교,공립,11070610
고등학교,공립,11070610
유치원,공립,11070610
유치원,사립,11070610
유치원,사립,11070610
초등학교,공립,11070610
초등학교,공립,11070610
중학교,공립,11070610
중학교,공립,11070610
고등학교,공립,11070610
유치원,공립,11070610
유치원,사립,11070610
유치원,사립,11070610
초등학교,공립,11070610
초등학교,공립,11070610
중학교,공립,11070610
중학교,공립,11070610
고등학교,공립,11070610
유치원,공립,11070610
유치원,사립,11070610
유치원,사립,11070610
초등학교,공립,11070610
초등학교,공립,11070610
중학교,공립,11070610
중학교,공립,11070610
고등학교,공립,11070610
유치원,공립,11070610
유치원,사립,11070610
초등학교,공립,11070610
초등학교,공립,11070610
중학교,공립,11070610
중학교,공립,11070610
고등학교,공립,11070610
유치원,사립,11070620
유치원,사립,11070620
유치원,사립,11070620
유치원,사립,11070620
유치원,사립,11070620
유치원,사립,11070620
유치원,사립,11070620
유치원,사립,11070620
유치원,사립,11070620
유치원,사립,11070620
유치원,사립,11070620
유치원,사립,11070620
유치원,사립,11070620
유치원,사립,11070620
유치원,사립,11070620
유치원,사립,11070620
유치원,사립,11070620
유치원,사립,11070620
유치원,사립,11070620
유치원,사립,11070620
유치원,사립,11070620
유치원,사립,11070620
유치원,사립,11070620
유치원,사립,11070640
유치원,사립,11070640
초등학교,공립,11070640
중학교,공립,11070640
중학교,공립,11070640
고등학교,공립,11070640
고등학교,공립,11070640
유치원,사립,11070640
유치원,사립,11070640
초등학교,공립,11070640
중학교,공립,11070640
중학교,공립,11070640
고등학교,공립,11070640
고등학교,공립,11070640
유치원,사립,11070640
유치원,사립,11070640
초등학교,공립,11070640
중학교,공립,11070640
중학교,공립,11070640
고등학교,공립,11070640
고등학교,공립,11070640
유치원,사립,11070640
유치원,사립,11070640
초등학교,공립,11070640
중학교,공립,11070640
중학교,공립,11070640
고등학교,공립,11070640
고등학교,공립,11070640
유치원,사립,11070640
유치원,사립,11070640
초등학교,공립,11070640
중학교,공립,11070640
중학교,공립,11070640
고등학교,공립,11070640
고등학교,공립,11070640
유치원,사립,11070640
유치원,사립,11070640
초등학교,공립,11070640
중학교,공립,11070640
중학교,공립,11070640
고등학교,공립,11070640
고등학교,공립,11070640
유치원,사립,11070640
유치원,사립,11070640
초등학교,공립,11070640
중학교,공립,11070640
중학교,공립,11070640
고등학교,공립,11070640
고등학교,공립,11070640
유치원,사립,11070640
유치원,사립,11070640
초등학교,공립,11070640
중학교,공립,11070640
중학교,공립,11070640
고등학교,공립,11070640
고등학교,공립,11070640
유치원,사립,11070640
유치원,사립,11070640
초등학교,공립,11070640
중학교,공립,11070640
고등학교,공립,11070640
고등학교,공립,11070640
유치원,사립,11070640
유치원,사립,11070640
초등학교,공립,11070640
중학교,공립,11070640
중학교,공립,11070640
고등학교,공립,11070640
고등학교,공립,11070640
유치원,사립,11070640
초등학교,공립,11070640
중학교,공립,11070640
중학교,공립,11070640
고등학교,공립,11070640
고등학교,공립,11070640
유치원,사립,11070640
초등학교,공립,11070640
중학교,공립,11070640
중학교,공립,11070640
고등학교,공립,11070640
고등학교,공립,11070640
유치원,공립,11070650
초등학교,공립,11070650
초등학교,공립,11070650
유치원,공립,11070650
초등학교,공립,11070650
초등학교,공립,11070650
유치원,공립,11070650
초등학교,공립,11070650
초등학교,공립,11070650
유치원,공립,11070650
초등학교,공립,11070650
초등학교,공립,11070650
유치원,공립,11070650
초등학교,공립,11070650
초등학교,공립,11070650
유치원,공립,11070650
초등학교,공립,11070650
초등학교,공립,11070650
유치원,공립,11070650
초등학교,공립,11070650
초등학교,공립,11070650
유치원,공립,11070650
초등학교,공립,11070650
초등학교,공립,11070650
유치원,공립,11070650
유치원,공립,11070650
초등학교,공립,11070650
초등학교,공립,11070650
유치원,공립,11070650
유치원,공립,11070650
초등학교,공립,11070650
초등학교,공립,11070650
유치원,공립,11070650
유치원,공립,11070650
초등학교,공립,11070650
초등학교,공립,11070650
유치원,공립,11070650
유치원,공립,11070650
초등학교,공립,11070650
초등학교,공립,11070650
유치원,사립,11070680
초등학교,공립,11070680
초등학교,공립,11070680
중학교,사립,11070680
고등학교,사립,11070680
초등학교,공립,11070680
초등학교,공립,11070680
중학교,사립,11070680
고등학교,사립,11070680
유치원,공립,11070680
초등학교,공립,11070680
초등학교,공립,11070680
중학교,사립,11070680
고등학교,사립,11070680
유치원,공립,11070680
초등학교,공립,11070680
초등학교,공립,11070680
중학교,사립,11070680
고등학교,사립,11070680
유치원,공립,11070680
초등학교,공립,11070680
초등학교,공립,11070680
중학교,사립,11070680
고등학교,사립,11070680
유치원,공립,11070680
초등학교,공립,11070680
초등학교,공립,11070680
중학교,사립,11070680
고등학교,사립,11070680
유치원,공립,11070680
초등학교,공립,11070680
초등학교,공립,11070680
중학교,사립,11070680
고등학교,사립,11070680
유치원,공립,11070680
초등학교,공립,11070680
초등학교,공립,11070680
중학교,사립,11070680
고등학교,사립,11070680
유치원,공립,11070680
초등학교,공립,11070680
초등학교,공립,11070680
중학교,사립,11070680
고등학교,사립,11070680
유치원,공립,11070680
초등학교,공립,11070680
초등학교,공립,11070680
중학교,사립,11070680
고등학교,사립,11070680
유치원,공립,11070680
초등학교,공립,11070680
초등학교,공립,11070680
중학교,사립,11070680
고등학교,사립,11070680
유치원,공립,11070680
초등학교,공립,11070680
초등학교,공립,11070680
중학교,사립,11070680
고등학교,사립,11070680
유치원,사립,11070690
초등학교,공립,11070690
초등학교,공립,11070690
유치원,공립,11070690
유치원,사립,11070690
초등학교,공립,11070690
초등학교,공립,11070690
유치원,공립,11070690
유치원,사립,11070690
초등학교,공립,11070690
초등학교,공립,11070690
유치원,공립,11070690
유치원,사립,11070690
초등학교,공립,11070690
초등학교,공립,11070690
유치원,공립,11070690
유치원,사립,11070690
초등학교,공립,11070690
초등학교,공립,11070690
유치원,공립,11070690
유치원,사립,11070690
초등학교,공립,11070690
초등학교,공립,11070690
유치원,공립,11070690
유치원,사립,11070690
초등학교,공립,11070690
초등학교,공립,11070690
유치원,공립,11070690
유치원,사립,11070690
초등학교,공립,11070690
초등학교,공립,11070690
유치원,공립,11070690
유치원,사립,11070690
초등학교,공립,11070690
초등학교,공립,11070690
중학교,공립,11070690
유치원,공립,11070690
유치원,사립,11070690
초등학교,공립,11070690
초등학교,공립,11070690
유치원,공립,11070690
유치원,사립,11070690
초등학교,공립,11070690
초등학교,공립,11070690
유치원,공립,11070690
유치원,사립,11070690
초등학교,공립,11070690
초등학교,공립,11070690
유치원,사립,11070700
유치원,사립,11070700
유치원,사립,11070700
초등학교,공립,11070700
초등학교,공립,11070700
초등학교,공립,11070700
초등학교,사립,11070700
유치원,사립,11070700
유치원,사립,11070700
유치원,사립,11070700
초등학교,공립,11070700
초등학교,공립,11070700
초등학교,공립,11070700
초등학교,사립,11070700
유치원,사립,11070700
유치원,사립,11070700
유치원,사립,11070700
초등학교,공립,11070700
초등학교,공립,11070700
초등학교,공립,11070700
초등학교,사립,11070700
유치원,사립,11070700
유치원,사립,11070700
유치원,사립,11070700
초등학교,공립,11070700
초등학교,공립,11070700
초등학교,공립,11070700
초등학교,사립,11070700
유치원,사립,11070700
유치원,사립,11070700
유치원,사립,11070700
초등학교,공립,11070700
초등학교,공립,11070700
초등학교,공립,11070700
초등학교,사립,11070700
유치원,사립,11070700
유치원,사립,11070700
유치원,사립,11070700
초등학교,공립,11070700
초등학교,공립,11070700
초등학교,공립,11070700
초등학교,사립,11070700
유치원,사립,11070700
유치원,사립,11070700
유치원,사립,11070700
초등학교,공립,11070700
초등학교,공립,11070700
초등학교,공립,11070700
초등학교,사립,11070700
유치원,공립,11070700
유치원,사립,11070700
유치원,사립,11070700
유치원,사립,11070700
초등학교,공립,11070700
초등학교,공립,11070700
초등학교,공립,11070700
초등학교,사립,11070700
유치원,공립,11070700
유치원,사립,11070700
유치원,사립,11070700
유치원,사립,11070700
초등학교,공립,11070700
초등학교,공립,11070700
초등학교,공립,11070700
초등학교,사립,11070700
유치원,공립,11070700
유치원,공립,11070700
유치원,사립,11070700
유치원,사립,11070700
유치원,사립,11070700
초등학교,공립,11070700
초등학교,공립,11070700
초등학교,공립,11070700
초등학교,사립,11070700
유치원,공립,11070700
유치원,공립,11070700
유치원,사립,11070700
유치원,사립,11070700
유치원,사립,11070700
초등학교,공립,11070700
초등학교,공립,11070700
초등학교,공립,11070700
초등학교,사립,11070700
유치원,공립,11070700
유치원,공립,11070700
유치원,사립,11070700
유치원,사립,11070700
유치원,사립,11070700
초등학교,공립,11070700
초등학교,공립,11070700
초등학교,공립,11070700
초등학교,사립,11070700
유치원,공립,11070710
유치원,공립,11070710
유치원,사립,11070710
초등학교,공립,11070710
초등학교,공립,11070710
유치원,공립,11070710
유치원,공립,11070710
유치원,사립,11070710
초등학교,공립,11070710
초등학교,공립,11070710
유치원,공립,11070710
유치원,공립,11070710
유치원,사립,11070710
초등학교,공립,11070710
초등학교,공립,11070710
유치원,공립,11070710
유치원,공립,11070710
유치원,사립,11070710
초등학교,공립,11070710
초등학교,공립,11070710
유치원,공립,11070710
유치원,공립,11070710
유치원,사립,11070710
초등학교,공립,11070710
초등학교,공립,11070710
유치원,공립,11070710
유치원,공립,11070710
유치원,사립,11070710
초등학교,공립,11070710
초등학교,공립,11070710
유치원,공립,11070710
유치원,공립,11070710
유치원,사립,11070710
초등학교,공립,11070710
초등학교,공립,11070710
유치원,공립,11070710
유치원,공립,11070710
유치원,사립,11070710
초등학교,공립,11070710
초등학교,공립,11070710
유치원,공립,11070710
유치원,공립,11070710
유치원,사립,11070710
초등학교,공립,11070710
초등학교,공립,11070710
유치원,공립,11070710
유치원,공립,11070710
유치원,사립,11070710
초등학교,공립,11070710
초등학교,공립,11070710
유치원,공립,11070710
유치원,공립,11070710
유치원,사립,11070710
초등학교,공립,11070710
초등학교,공립,11070710
유치원,공립,11070710
유치원,공립,11070710
유치원,사립,11070710
초등학교,공립,11070710
초등학교,공립,11070710
유치원,사립,11070720
유치원,사립,11070720
초등학교,공립,11070720
중학교,공립,11070720
중학교,공립,11070720
고등학교,공립,11070720
유치원,사립,11070720
유치원,사립,11070720
초등학교,공립,11070720
중학교,공립,11070720
중학교,공립,11070720
고등학교,공립,11070720
유치원,사립,11070720
유치원,사립,11070720
초등학교,공립,11070720
중학교,공립,11070720
중학교,공립,11070720
고등학교,공립,11070720
유치원,사립,11070720
초등학교,공립,11070720
중학교,공립,11070720
중학교,공립,11070720
고등학교,공립,11070720
유치원,사립,11070720
초등학교,공립,11070720
중학교,공립,11070720
중학교,공립,11070720
고등학교,공립,11070720
유치원,사립,11070720
초등학교,공립,11070720
중학교,공립,11070720
중학교,공립,11070720
고등학교,공립,11070720
유치원,사립,11070720
초등학교,공립,11070720
중학교,공립,11070720
중학교,공립,11070720
고등학교,공립,11070720
유치원,사립,11070720
초등학교,공립,11070720
중학교,공립,11070720
중학교,공립,11070720
고등학교,공립,11070720
유치원,사립,11070720
초등학교,공립,11070720
중학교,공립,11070720
중학교,공립,11070720
고등학교,공립,11070720
유치원,사립,11070720
초등학교,공립,11070720
중학교,공립,11070720
중학교,공립,11070720
고등학교,공립,11070720
유치원,사립,11070720
초등학교,공립,11070720
중학교,공립,11070720
중학교,공립,11070720
고등학교,공립,11070720
유치원,사립,11070720
초등학교,공립,11070720
중학교,공립,11070720
중학교,공립,11070720
고등학교,공립,11070720
유치원,공립,11070730
유치원,사립,11070730
유치원,사립,11070730
초등학교,공립,11070730
초등학교,공립,11070730
중학교,공립,11070730
중학교,공립,11070730
중학교,사립,11070730
중학교,사립,11070730
고등학교,사립,11070730
고등학교,사립,11070730
고등학교,사립,11070730
고등학교,사립,11070730
유치원,공립,11070730
유치원,사립,11070730
유치원,사립,11070730
초등학교,공립,11070730
초등학교,공립,11070730
중학교,공립,11070730
중학교,공립,11070730
중학교,사립,11070730
중학교,사립,11070730
고등학교,사립,11070730
고등학교,사립,11070730
고등학교,사립,11070730
고등학교,사립,11070730
유치원,공립,11070730
유치원,사립,11070730
유치원,사립,11070730
초등학교,공립,11070730
초등학교,공립,11070730
중학교,공립,11070730
중학교,공립,11070730
중학교,사립,11070730
중학교,사립,11070730
고등학교,사립,11070730
고등학교,사립,11070730
고등학교,사립,11070730
고등학교,사립,11070730
유치원,공립,11070730
유치원,사립,11070730
유치원,사립,11070730
유치원,사립,11070730
초등학교,공립,11070730
초등학교,공립,11070730
중학교,공립,11070730
중학교,공립,11070730
중학교,사립,11070730
중학교,사립,11070730
고등학교,사립,11070730
고등학교,사립,11070730
고등학교,사립,11070730
고등학교,사립,11070730
유치원,공립,11070730
유치원,사립,11070730
유치원,사립,11070730
유치원,사립,11070730
초등학교,공립,11070730
초등학교,공립,11070730
중학교,공립,11070730
중학교,공립,11070730
중학교,사립,11070730
중학교,사립,11070730
고등학교,사립,11070730
고등학교,사립,11070730
고등학교,사립,11070730
고등학교,사립,11070730
유치원,공립,11070730
유치원,사립,11070730
유치원,사립,11070730
유치원,사립,11070730
초등학교,공립,11070730
초등학교,공립,11070730
중학교,공립,11070730
중학교,공립,11070730
중학교,사립,11070730
중학교,사립,11070730
고등학교,사립,11070730
고등학교,사립,11070730
고등학교,사립,11070730
고등학교,사립,11070730
유치원,공립,11070730
유치원,사립,11070730
유치원,사립,11070730
초등학교,공립,11070730
초등학교,공립,11070730
중학교,공립,11070730
중학교,공립,11070730
중학교,사립,11070730
중학교,사립,11070730
고등학교,사립,11070730
고등학교,사립,11070730
고등학교,사립,11070730
고등학교,사립,11070730
유치원,공립,11070730
유치원,사립,11070730
유치원,사립,11070730
초등학교,공립,11070730
초등학교,공립,11070730
중학교,공립,11070730
중학교,공립,11070730
중학교,사립,11070730
중학교,사립,11070730
고등학교,사립,11070730
고등학교,사립,11070730
고등학교,사립,11070730
고등학교,사립,11070730
유치원,공립,11070730
유치원,공립,11070730
유치원,사립,11070730
유치원,사립,11070730
초등학교,공립,11070730
초등학교,공립,11070730
초등학교,공립,11070730
중학교,공립,11070730
중학교,공립,11070730
중학교,사립,11070730
중학교,사립,11070730
고등학교,사립,11070730
고등학교,사립,11070730
고등학교,사립,11070730
고등학교,사립,11070730
유치원,공립,11070730
유치원,공립,11070730
유치원,사립,11070730
초등학교,공립,11070730
초등학교,공립,11070730
초등학교,공립,11070730
중학교,공립,11070730
중학교,공립,11070730
중학교,사립,11070730
중학교,사립,11070730
고등학교,사립,11070730
고등학교,사립,11070730
고등학교,사립,11070730
고등학교,사립,11070730
유치원,공립,11070730
유치원,공립,11070730
유치원,사립,11070730
초등학교,공립,11070730
초등학교,공립,11070730
초등학교,공립,11070730
중학교,공립,11070730
중학교,공립,11070730
중학교,사립,11070730
중학교,사립,11070730
고등학교,사립,11070730
고등학교,사립,11070730
고등학교,사립,11070730
고등학교,사립,11070730
유치원,공립,11070730
유치원,공립,11070730
유치원,사립,11070730
초등학교,공립,11070730
초등학교,공립,11070730
초등학교,공립,11070730
중학교,공립,11070730
중학교,공립,11070730
중학교,사립,11070730
중학교,사립,11070730
고등학교,사립,11070730
고등학교,사립,11070730
고등학교,사립,11070730
고등학교,사립,11070730
유치원,사립,11080580
유치원,사립,11080580
초등학교,공립,11080580
초등학교,사립,11080580
중학교,공립,11080580
중학교,사립,11080580
고등학교,사립,11080580
유치원,사립,11080580
유치원,사립,11080580
초등학교,공립,11080580
초등학교,사립,11080580
중학교,공립,11080580
중학교,사립,11080580
고등학교,사립,11080580
유치원,사립,11080580
유치원,사립,11080580
초등학교,공립,11080580
초등학교,사립,11080580
중학교,공립,11080580
중학교,사립,11080580
고등학교,사립,11080580
유치원,사립,11080580
유치원,사립,11080580
초등학교,공립,11080580
초등학교,사립,11080580
중학교,공립,11080580
중학교,사립,11080580
고등학교,사립,11080580
유치원,사립,11080580
유치원,사립,11080580
초등학교,공립,11080580
중학교,공립,11080580
중학교,사립,11080580
고등학교,사립,11080580
유치원,사립,11080580
유치원,사립,11080580
초등학교,공립,11080580
중학교,공립,11080580
중학교,사립,11080580
고등학교,사립,11080580
유치원,사립,11080580
유치원,사립,11080580
초등학교,공립,11080580
중학교,공립,11080580
중학교,사립,11080580
고등학교,사립,11080580
유치원,사립,11080580
유치원,사립,11080580
초등학교,공립,11080580
중학교,공립,11080580
중학교,사립,11080580
고등학교,사립,11080580
유치원,사립,11080580
유치원,사립,11080580
초등학교,공립,11080580
중학교,공립,11080580
중학교,사립,11080580
고등학교,사립,11080580
유치원,사립,11080580
유치원,사립,11080580
초등학교,공립,11080580
초등학교,사립,11080580
중학교,공립,11080580
중학교,사립,11080580
고등학교,사립,11080580
유치원,사립,11080580
유치원,사립,11080580
초등학교,공립,11080580
초등학교,사립,11080580
중학교,공립,11080580
중학교,사립,11080580
고등학교,사립,11080580
유치원,사립,11080580
유치원,사립,11080580
초등학교,공립,11080580
초등학교,사립,11080580
중학교,공립,11080580
중학교,사립,11080580
고등학교,사립,11080580
유치원,사립,11080590
유치원,사립,11080590
유치원,사립,11080590
유치원,사립,11080590
유치원,사립,11080590
유치원,사립,11080590
초등학교,사립,11080590
유치원,사립,11080590
유치원,사립,11080590
유치원,사립,11080590
유치원,사립,11080590
유치원,사립,11080590
유치원,사립,11080590
초등학교,사립,11080590
유치원,사립,11080590
유치원,사립,11080590
유치원,사립,11080590
유치원,사립,11080590
유치원,사립,11080590
유치원,사립,11080590
초등학교,사립,11080590
유치원,사립,11080590
유치원,사립,11080590
유치원,사립,11080590
유치원,사립,11080590
유치원,사립,11080590
유치원,사립,11080590
초등학교,사립,11080590
유치원,사립,11080590
유치원,사립,11080590
유치원,사립,11080590
유치원,사립,11080590
유치원,사립,11080590
유치원,사립,11080590
초등학교,사립,11080590
초등학교,사립,11080590
유치원,사립,11080590
유치원,사립,11080590
유치원,사립,11080590
유치원,사립,11080590
유치원,사립,11080590
유치원,사립,11080590
초등학교,사립,11080590
초등학교,사립,11080590
유치원,사립,11080590
유치원,사립,11080590
유치원,사립,11080590
유치원,사립,11080590
유치원,사립,11080590
유치원,사립,11080590
초등학교,사립,11080590
초등학교,사립,11080590
유치원,사립,11080590
유치원,사립,11080590
유치원,사립,11080590
유치원,사립,11080590
유치원,사립,11080590
유치원,사립,11080590
초등학교,사립,11080590
초등학교,사립,11080590
유치원,사립,11080590
유치원,사립,11080590
유치원,사립,11080590
유치원,사립,11080590
유치원,사립,11080590
유치원,사립,11080590
초등학교,사립,11080590
초등학교,사립,11080590
유치원,사립,11080590
유치원,사립,11080590
유치원,사립,11080590
유치원,사립,11080590
유치원,사립,11080590
유치원,사립,11080590
초등학교,사립,11080590
유치원,사립,11080590
유치원,사립,11080590
유치원,사립,11080590
유치원,사립,11080590
유치원,사립,11080590
초등학교,사립,11080590
유치원,사립,11080590
유치원,사립,11080590
유치원,사립,11080590
유치원,사립,11080590
초등학교,사립,11080590
유치원,사립,11080600
초등학교,공립,11080600
중학교,사립,11080600
고등학교,사립,11080600
유치원,사립,11080600
초등학교,공립,11080600
중학교,사립,11080600
고등학교,사립,11080600
유치원,사립,11080600
초등학교,공립,11080600
중학교,사립,11080600
고등학교,사립,11080600
유치원,사립,11080600
초등학교,공립,11080600
중학교,사립,11080600
고등학교,사립,11080600
유치원,사립,11080600
초등학교,공립,11080600
중학교,사립,11080600
고등학교,사립,11080600
유치원,사립,11080600
초등학교,공립,11080600
중학교,사립,11080600
고등학교,사립,11080600
유치원,사립,11080600
초등학교,공립,11080600
중학교,사립,11080600
고등학교,사립,11080600
유치원,사립,11080600
초등학교,공립,11080600
중학교,사립,11080600
고등학교,사립,11080600
유치원,사립,11080600
초등학교,공립,11080600
중학교,사립,11080600
고등학교,사립,11080600
유치원,사립,11080600
초등학교,공립,11080600
중학교,사립,11080600
고등학교,사립,11080600
유치원,사립,11080600
초등학교,공립,11080600
중학교,사립,11080600
고등학교,사립,11080600
유치원,사립,11080600
초등학교,공립,11080600
중학교,사립,11080600
고등학교,사립,11080600
유치원,공립,11080610
유치원,사립,11080610
유치원,사립,11080610
유치원,사립,11080610
초등학교,공립,11080610
초등학교,사립,11080610
유치원,공립,11080610
유치원,사립,11080610
유치원,사립,11080610
유치원,사립,11080610
초등학교,공립,11080610
초등학교,사립,11080610
유치원,공립,11080610
유치원,사립,11080610
유치원,사립,11080610
유치원,사립,11080610
초등학교,공립,11080610
초등학교,사립,11080610
유치원,공립,11080610
유치원,사립,11080610
유치원,사립,11080610
유치원,사립,11080610
초등학교,공립,11080610
초등학교,사립,11080610
유치원,공립,11080610
유치원,사립,11080610
유치원,사립,11080610
유치원,사립,11080610
초등학교,공립,11080610
초등학교,사립,11080610
유치원,공립,11080610
유치원,사립,11080610
유치원,사립,11080610
유치원,사립,11080610
초등학교,공립,11080610
초등학교,사립,11080610
유치원,공립,11080610
유치원,사립,11080610
유치원,사립,11080610
유치원,사립,11080610
초등학교,공립,11080610
초등학교,사립,11080610
유치원,공립,11080610
유치원,사립,11080610
유치원,사립,11080610
유치원,사립,11080610
초등학교,공립,11080610
초등학교,사립,11080610
유치원,공립,11080610
유치원,사립,11080610
유치원,사립,11080610
유치원,사립,11080610
초등학교,공립,11080610
초등학교,사립,11080610
유치원,공립,11080610
유치원,사립,11080610
유치원,사립,11080610
유치원,사립,11080610
초등학교,공립,11080610
초등학교,사립,11080610
유치원,공립,11080610
유치원,사립,11080610
유치원,사립,11080610
유치원,사립,11080610
초등학교,공립,11080610
초등학교,사립,11080610
유치원,공립,11080610
유치원,사립,11080610
유치원,사립,11080610
유치원,사립,11080610
초등학교,공립,11080610
초등학교,사립,11080610
유치원,사립,11080620
유치원,사립,11080620
유치원,사립,11080620
유치원,사립,11080620
유치원,사립,11080620
유치원,사립,11080620
유치원,사립,11080620
유치원,사립,11080620
유치원,사립,11080620
유치원,사립,11080620
유치원,사립,11080620
유치원,사립,11080620
유치원,사립,11080620
유치원,사립,11080620
유치원,사립,11080620
유치원,사립,11080620
유치원,사립,11080620
유치원,사립,11080620
유치원,사립,11080620
유치원,사립,11080620
유치원,사립,11080620
유치원,사립,11080620
고등학교,사립,11080620
유치원,사립,11080620
유치원,사립,11080620
초등학교,공립,11080630
초등학교,공립,11080630
초등학교,공립,11080630
초등학교,공립,11080630
초등학교,공립,11080630
초등학교,공립,11080630
초등학교,공립,11080630
초등학교,공립,11080630
초등학교,공립,11080630
초등학교,공립,11080630
초등학교,공립,11080630
초등학교,공립,11080630
초등학교,공립,11080630
초등학교,공립,11080630
초등학교,공립,11080630
초등학교,공립,11080630
초등학교,공립,11080630
초등학교,공립,11080630
초등학교,공립,11080630
초등학교,공립,11080630
초등학교,공립,11080630
초등학교,공립,11080630
초등학교,공립,11080630
초등학교,공립,11080630
유치원,공립,11080640
유치원,사립,11080640
초등학교,공립,11080640
중학교,공립,11080640
중학교,사립,11080640
고등학교,사립,11080640
유치원,공립,11080640
유치원,사립,11080640
초등학교,공립,11080640
중학교,공립,11080640
중학교,사립,11080640
고등학교,사립,11080640
유치원,공립,11080640
초등학교,공립,11080640
중학교,공립,11080640
중학교,사립,11080640
고등학교,사립,11080640
유치원,공립,11080640
초등학교,공립,11080640
중학교,공립,11080640
중학교,사립,11080640
고등학교,사립,11080640
유치원,공립,11080640
초등학교,공립,11080640
중학교,공립,11080640
중학교,사립,11080640
고등학교,사립,11080640
유치원,공립,11080640
초등학교,공립,11080640
중학교,공립,11080640
중학교,사립,11080640
고등학교,사립,11080640
유치원,공립,11080640
초등학교,공립,11080640
중학교,공립,11080640
중학교,사립,11080640
고등학교,사립,11080640
유치원,공립,11080640
초등학교,공립,11080640
중학교,공립,11080640
중학교,사립,11080640
고등학교,사립,11080640
유치원,공립,11080640
초등학교,공립,11080640
중학교,공립,11080640
중학교,사립,11080640
고등학교,사립,11080640
유치원,공립,11080640
초등학교,공립,11080640
중학교,공립,11080640
중학교,사립,11080640
고등학교,사립,11080640
유치원,공립,11080640
초등학교,공립,11080640
중학교,공립,11080640
중학교,사립,11080640
고등학교,사립,11080640
유치원,공립,11080640
초등학교,공립,11080640
중학교,공립,11080640
중학교,사립,11080640
고등학교,사립,11080640
유치원,사립,11080650
유치원,사립,11080650
유치원,사립,11080650
초등학교,공립,11080650
고등학교,사립,11080650
유치원,사립,11080650
유치원,사립,11080650
유치원,사립,11080650
초등학교,공립,11080650
고등학교,사립,11080650
유치원,사립,11080650
유치원,사립,11080650
유치원,사립,11080650
초등학교,공립,11080650
고등학교,사립,11080650
유치원,사립,11080650
유치원,사립,11080650
유치원,사립,11080650
초등학교,공립,11080650
고등학교,사립,11080650
유치원,사립,11080650
유치원,사립,11080650
초등학교,공립,11080650
고등학교,사립,11080650
유치원,사립,11080650
유치원,사립,11080650
초등학교,공립,11080650
고등학교,사립,11080650
유치원,사립,11080650
유치원,사립,11080650
초등학교,공립,11080650
고등학교,사립,11080650
유치원,사립,11080650
유치원,사립,11080650
초등학교,공립,11080650
고등학교,사립,11080650
유치원,사립,11080650
유치원,사립,11080650
초등학교,공립,11080650
고등학교,사립,11080650
유치원,사립,11080650
유치원,사립,11080650
초등학교,공립,11080650
고등학교,사립,11080650
유치원,사립,11080650
유치원,사립,11080650
초등학교,공립,11080650
유치원,사립,11080650
유치원,사립,11080650
초등학교,공립,11080650
고등학교,사립,11080650
유치원,공립,11080660
유치원,공립,11080660
유치원,사립,11080660
유치원,사립,11080660
유치원,사립,11080660
유치원,사립,11080660
초등학교,공립,11080660
초등학교,공립,11080660
초등학교,공립,11080660
중학교,공립,11080660
유치원,공립,11080660
유치원,공립,11080660
유치원,사립,11080660
유치원,사립,11080660
유치원,사립,11080660
유치원,사립,11080660
초등학교,공립,11080660
초등학교,공립,11080660
초등학교,공립,11080660
중학교,공립,11080660
유치원,공립,11080660
유치원,공립,11080660
유치원,사립,11080660
유치원,사립,11080660
유치원,사립,11080660
유치원,사립,11080660
초등학교,공립,11080660
초등학교,공립,11080660
초등학교,공립,11080660
중학교,공립,11080660
고등학교,사립,11080660
유치원,공립,11080660
유치원,공립,11080660
유치원,사립,11080660
유치원,사립,11080660
유치원,사립,11080660
유치원,사립,11080660
초등학교,공립,11080660
초등학교,공립,11080660
초등학교,공립,11080660
중학교,공립,11080660
고등학교,사립,11080660
유치원,공립,11080660
유치원,공립,11080660
유치원,사립,11080660
유치원,사립,11080660
유치원,사립,11080660
유치원,사립,11080660
초등학교,공립,11080660
초등학교,공립,11080660
초등학교,공립,11080660
중학교,공립,11080660
고등학교,사립,11080660
유치원,공립,11080660
유치원,공립,11080660
유치원,사립,11080660
유치원,사립,11080660
유치원,사립,11080660
유치원,사립,11080660
초등학교,공립,11080660
초등학교,공립,11080660
초등학교,공립,11080660
중학교,공립,11080660
고등학교,사립,11080660
유치원,공립,11080660
유치원,공립,11080660
유치원,공립,11080660
유치원,사립,11080660
유치원,사립,11080660
유치원,사립,11080660
초등학교,공립,11080660
초등학교,공립,11080660
초등학교,공립,11080660
중학교,공립,11080660
고등학교,사립,11080660
유치원,공립,11080660
유치원,공립,11080660
유치원,공립,11080660
유치원,사립,11080660
유치원,사립,11080660
유치원,사립,11080660
초등학교,공립,11080660
초등학교,공립,11080660
초등학교,공립,11080660
중학교,공립,11080660
고등학교,사립,11080660
유치원,공립,11080660
유치원,공립,11080660
유치원,공립,11080660
유치원,사립,11080660
유치원,사립,11080660
유치원,사립,11080660
초등학교,공립,11080660
초등학교,공립,11080660
초등학교,공립,11080660
중학교,공립,11080660
고등학교,사립,11080660
유치원,공립,11080660
유치원,공립,11080660
유치원,공립,11080660
유치원,사립,11080660
유치원,사립,11080660
유치원,사립,11080660
초등학교,공립,11080660
초등학교,공립,11080660
초등학교,공립,11080660
중학교,공립,11080660
고등학교,사립,11080660
유치원,공립,11080660
유치원,공립,11080660
유치원,공립,11080660
유치원,사립,11080660
유치원,사립,11080660
유치원,사립,11080660
초등학교,공립,11080660
초등학교,공립,11080660
초등학교,공립,11080660
중학교,공립,11080660
고등학교,사립,11080660
유치원,공립,11080660
유치원,공립,11080660
유치원,공립,11080660
유치원,사립,11080660
유치원,사립,11080660
유치원,사립,11080660
초등학교,공립,11080660
초등학교,공립,11080660
초등학교,공립,11080660
중학교,공립,11080660
고등학교,사립,11080660
유치원,사립,11080680
유치원,사립,11080680
유치원,사립,11080680
유치원,사립,11080680
유치원,사립,11080680
유치원,사립,11080680
유치원,공립,11080680
유치원,공립,11080710
유치원,사립,11080710
초등학교,공립,11080710
초등학교,공립,11080710
중학교,공립,11080710
고등학교,공립,11080710
유치원,공립,11080710
유치원,사립,11080710
초등학교,공립,11080710
초등학교,공립,11080710
중학교,공립,11080710
고등학교,공립,11080710
유치원,공립,11080710
초등학교,공립,11080710
초등학교,공립,11080710
중학교,공립,11080710
고등학교,공립,11080710
유치원,공립,11080710
초등학교,공립,11080710
초등학교,공립,11080710
중학교,공립,11080710
고등학교,공립,11080710
유치원,공립,11080710
초등학교,공립,11080710
초등학교,공립,11080710
중학교,공립,11080710
고등학교,공립,11080710
유치원,공립,11080710
초등학교,공립,11080710
초등학교,공립,11080710
중학교,공립,11080710
고등학교,공립,11080710
유치원,공립,11080710
초등학교,공립,11080710
초등학교,공립,11080710
중학교,공립,11080710
고등학교,공립,11080710
유치원,공립,11080710
초등학교,공립,11080710
초등학교,공립,11080710
중학교,공립,11080710
고등학교,공립,11080710
유치원,공립,11080710
초등학교,공립,11080710
초등학교,공립,11080710
중학교,공립,11080710
고등학교,공립,11080710
유치원,공립,11080710
초등학교,공립,11080710
초등학교,공립,11080710
중학교,공립,11080710
고등학교,공립,11080710
유치원,공립,11080710
초등학교,공립,11080710
초등학교,공립,11080710
중학교,공립,11080710
고등학교,공립,11080710
유치원,공립,11080710
초등학교,공립,11080710
초등학교,공립,11080710
중학교,공립,11080710
고등학교,공립,11080710
유치원,사립,11080720
유치원,사립,11080720
중학교,공립,11080720
유치원,사립,11080720
유치원,사립,11080720
중학교,공립,11080720
유치원,사립,11080720
유치원,사립,11080720
중학교,공립,11080720
유치원,사립,11080720
유치원,사립,11080720
중학교,공립,11080720
유치원,사립,11080720
유치원,사립,11080720
중학교,공립,11080720
유치원,사립,11080720
유치원,사립,11080720
중학교,공립,11080720
유치원,사립,11080720
유치원,사립,11080720
중학교,공립,11080720
유치원,사립,11080720
유치원,사립,11080720
중학교,공립,11080720
유치원,사립,11080720
유치원,사립,11080720
중학교,공립,11080720
유치원,사립,11080720
유치원,사립,11080720
중학교,공립,11080720
유치원,사립,11080720
유치원,사립,11080720
중학교,공립,11080720
유치원,사립,11080720
유치원,사립,11080720
중학교,공립,11080720
유치원,공립,11080760
유치원,사립,11080760
유치원,사립,11080760
초등학교,공립,11080760
중학교,공립,11080760
유치원,공립,11080760
유치원,사립,11080760
유치원,사립,11080760
초등학교,공립,11080760
중학교,공립,11080760
유치원,공립,11080760
유치원,사립,11080760
유치원,사립,11080760
초등학교,공립,11080760
중학교,공립,11080760
유치원,공립,11080760
유치원,사립,11080760
유치원,사립,11080760
초등학교,공립,11080760
중학교,공립,11080760
유치원,공립,11080760
유치원,사립,11080760
유치원,사립,11080760
초등학교,공립,11080760
중학교,공립,11080760
유치원,공립,11080760
유치원,사립,11080760
유치원,사립,11080760
초등학교,공립,11080760
중학교,공립,11080760
유치원,공립,11080760
유치원,사립,11080760
유치원,사립,11080760
초등학교,공립,11080760
중학교,공립,11080760
유치원,공립,11080760
유치원,사립,11080760
유치원,사립,11080760
초등학교,공립,11080760
중학교,공립,11080760
유치원,공립,11080760
유치원,사립,11080760
유치원,사립,11080760
초등학교,공립,11080760
중학교,공립,11080760
유치원,공립,11080760
유치원,사립,11080760
유치원,사립,11080760
초등학교,공립,11080760
중학교,공립,11080760
유치원,공립,11080760
유치원,사립,11080760
유치원,사립,11080760
초등학교,공립,11080760
중학교,공립,11080760
유치원,공립,11080760
유치원,사립,11080760
유치원,사립,11080760
초등학교,공립,11080760
중학교,공립,11080760
유치원,사립,11080770
유치원,사립,11080770
초등학교,공립,11080770
초등학교,공립,11080770
유치원,사립,11080770
유치원,사립,11080770
초등학교,공립,11080770
초등학교,공립,11080770
유치원,사립,11080770
유치원,사립,11080770
초등학교,공립,11080770
초등학교,공립,11080770
유치원,사립,11080770
유치원,사립,11080770
초등학교,공립,11080770
초등학교,공립,11080770
유치원,사립,11080770
유치원,사립,11080770
초등학교,공립,11080770
초등학교,공립,11080770
유치원,공립,11080770
유치원,사립,11080770
초등학교,공립,11080770
초등학교,공립,11080770
유치원,공립,11080770
초등학교,공립,11080770
초등학교,공립,11080770
유치원,공립,11080770
초등학교,공립,11080770
초등학교,공립,11080770
유치원,공립,11080770
초등학교,공립,11080770
초등학교,공립,11080770
유치원,공립,11080770
초등학교,공립,11080770
초등학교,공립,11080770
유치원,공립,11080770
초등학교,공립,11080770
초등학교,공립,11080770
유치원,공립,11080770
초등학교,공립,11080770
초등학교,공립,11080770
유치원,공립,11080780
초등학교,공립,11080780
초등학교,사립,11080780
중학교,사립,11080780
유치원,공립,11080780
초등학교,공립,11080780
초등학교,사립,11080780
중학교,사립,11080780
유치원,공립,11080780
초등학교,공립,11080780
초등학교,사립,11080780
중학교,사립,11080780
유치원,공립,11080780
초등학교,공립,11080780
초등학교,사립,11080780
중학교,사립,11080780
유치원,공립,11080780
초등학교,공립,11080780
초등학교,사립,11080780
중학교,사립,11080780
유치원,공립,11080780
초등학교,공립,11080780
초등학교,사립,11080780
중학교,사립,11080780
유치원,공립,11080780
초등학교,공립,11080780
초등학교,사립,11080780
중학교,사립,11080780
유치원,공립,11080780
초등학교,공립,11080780
초등학교,사립,11080780
중학교,사립,11080780
유치원,공립,11080780
초등학교,공립,11080780
초등학교,사립,11080780
중학교,사립,11080780
유치원,공립,11080780
초등학교,공립,11080780
초등학교,사립,11080780
중학교,사립,11080780
유치원,공립,11080780
초등학교,공립,11080780
초등학교,사립,11080780
중학교,사립,11080780
유치원,공립,11080780
초등학교,공립,11080780
초등학교,사립,11080780
중학교,사립,11080780
유치원,공립,11080810
유치원,공립,11080810
유치원,사립,11080810
유치원,사립,11080810
유치원,사립,11080810
초등학교,공립,11080810
초등학교,공립,11080810
중학교,공립,11080810
중학교,사립,11080810
중학교,사립,11080810
고등학교,사립,11080810
고등학교,사립,11080810
특수학교,사립,11080810
유치원,공립,11080810
유치원,공립,11080810
유치원,사립,11080810
유치원,사립,11080810
유치원,사립,11080810
초등학교,공립,11080810
초등학교,공립,11080810
중학교,공립,11080810
중학교,사립,11080810
중학교,사립,11080810
고등학교,사립,11080810
고등학교,사립,11080810
특수학교,사립,11080810
유치원,공립,11080810
유치원,공립,11080810
유치원,사립,11080810
유치원,사립,11080810
유치원,사립,11080810
초등학교,공립,11080810
초등학교,공립,11080810
중학교,공립,11080810
중학교,사립,11080810
중학교,사립,11080810
고등학교,사립,11080810
고등학교,사립,11080810
특수학교,공립,11080810
유치원,공립,11080810
유치원,공립,11080810
유치원,사립,11080810
유치원,사립,11080810
유치원,사립,11080810
초등학교,공립,11080810
초등학교,공립,11080810
중학교,공립,11080810
중학교,사립,11080810
중학교,사립,11080810
고등학교,사립,11080810
고등학교,사립,11080810
특수학교,공립,11080810
유치원,공립,11080810
유치원,사립,11080810
유치원,사립,11080810
초등학교,공립,11080810
초등학교,공립,11080810
중학교,공립,11080810
중학교,사립,11080810
중학교,사립,11080810
고등학교,사립,11080810
고등학교,사립,11080810
특수학교,공립,11080810
유치원,공립,11080810
유치원,사립,11080810
유치원,사립,11080810
초등학교,공립,11080810
초등학교,공립,11080810
중학교,공립,11080810
중학교,사립,11080810
중학교,사립,11080810
고등학교,사립,11080810
고등학교,사립,11080810
특수학교,공립,11080810
유치원,공립,11080810
유치원,사립,11080810
유치원,사립,11080810
초등학교,공립,11080810
초등학교,공립,11080810
중학교,공립,11080810
중학교,사립,11080810
중학교,사립,11080810
고등학교,사립,11080810
고등학교,사립,11080810
특수학교,공립,11080810
유치원,공립,11080810
유치원,사립,11080810
유치원,사립,11080810
초등학교,공립,11080810
초등학교,공립,11080810
중학교,공립,11080810
중학교,사립,11080810
중학교,사립,11080810
고등학교,사립,11080810
고등학교,사립,11080810
특수학교,공립,11080810
유치원,공립,11080810
유치원,사립,11080810
유치원,사립,11080810
초등학교,공립,11080810
중학교,공립,11080810
중학교,사립,11080810
중학교,사립,11080810
고등학교,사립,11080810
고등학교,사립,11080810
특수학교,공립,11080810
유치원,공립,11080810
유치원,사립,11080810
유치원,사립,11080810
초등학교,공립,11080810
중학교,공립,11080810
중학교,사립,11080810
중학교,사립,11080810
고등학교,사립,11080810
고등학교,사립,11080810
특수학교,공립,11080810
유치원,공립,11080810
유치원,사립,11080810
유치원,사립,11080810
초등학교,공립,11080810
중학교,공립,11080810
중학교,사립,11080810
중학교,사립,11080810
고등학교,사립,11080810
고등학교,사립,11080810
특수학교,공립,11080810
유치원,공립,11080810
유치원,사립,11080810
유치원,사립,11080810
초등학교,공립,11080810
중학교,공립,11080810
중학교,사립,11080810
중학교,사립,11080810
고등학교,사립,11080810
고등학교,사립,11080810
특수학교,공립,11080810
유치원,공립,11080820
초등학교,공립,11080820
중학교,사립,11080820
고등학교,공립,11080820
고등학교,사립,11080820
방송통신고,공립,11080820
유치원,공립,11080820
초등학교,공립,11080820
중학교,사립,11080820
고등학교,공립,11080820
고등학교,사립,11080820
방송통신고,공립,11080820
유치원,공립,11080820
초등학교,공립,11080820
중학교,사립,11080820
고등학교,공립,11080820
고등학교,사립,11080820
방송통신고,공립,11080820
유치원,공립,11080820
초등학교,공립,11080820
중학교,사립,11080820
고등학교,공립,11080820
고등학교,사립,11080820
방송통신고,공립,11080820
유치원,공립,11080820
초등학교,공립,11080820
중학교,사립,11080820
고등학교,공립,11080820
고등학교,사립,11080820
방송통신고,공립,11080820
유치원,공립,11080820
초등학교,공립,11080820
중학교,사립,11080820
고등학교,공립,11080820
고등학교,사립,11080820
방송통신고,공립,11080820
유치원,공립,11080820
초등학교,공립,11080820
중학교,사립,11080820
고등학교,공립,11080820
고등학교,사립,11080820
방송통신고,공립,11080820
유치원,공립,11080820
초등학교,공립,11080820
중학교,사립,11080820
고등학교,공립,11080820
고등학교,사립,11080820
방송통신고,공립,11080820
유치원,공립,11080820
초등학교,공립,11080820
중학교,사립,11080820
고등학교,공립,11080820
고등학교,사립,11080820
방송통신고,공립,11080820
유치원,공립,11080820
초등학교,공립,11080820
중학교,사립,11080820
고등학교,공립,11080820
고등학교,사립,11080820
방송통신고,공립,11080820
유치원,공립,11080820
초등학교,공립,11080820
중학교,사립,11080820
고등학교,공립,11080820
고등학교,사립,11080820
방송통신고,공립,11080820
유치원,공립,11080820
초등학교,공립,11080820
중학교,사립,11080820
고등학교,공립,11080820
고등학교,사립,11080820
방송통신고,공립,11080820
유치원,공립,11080830
유치원,사립,11080830
초등학교,공립,11080830
초등학교,사립,11080830
중학교,사립,11080830
고등학교,사립,11080830
유치원,공립,11080830
유치원,사립,11080830
초등학교,공립,11080830
초등학교,사립,11080830
중학교,사립,11080830
고등학교,사립,11080830
유치원,공립,11080830
유치원,사립,11080830
초등학교,공립,11080830
초등학교,사립,11080830
중학교,사립,11080830
고등학교,사립,11080830
유치원,공립,11080830
유치원,사립,11080830
초등학교,공립,11080830
초등학교,사립,11080830
중학교,사립,11080830
고등학교,사립,11080830
유치원,공립,11080830
유치원,공립,11080830
유치원,사립,11080830
초등학교,공립,11080830
초등학교,사립,11080830
중학교,사립,11080830
고등학교,사립,11080830
유치원,공립,11080830
유치원,공립,11080830
유치원,사립,11080830
초등학교,공립,11080830
초등학교,사립,11080830
중학교,사립,11080830
고등학교,사립,11080830
유치원,공립,11080830
유치원,공립,11080830
유치원,사립,11080830
초등학교,공립,11080830
초등학교,사립,11080830
중학교,사립,11080830
고등학교,사립,11080830
유치원,공립,11080830
유치원,공립,11080830
유치원,사립,11080830
초등학교,공립,11080830
초등학교,사립,11080830
중학교,사립,11080830
고등학교,사립,11080830
유치원,공립,11080830
유치원,공립,11080830
유치원,사립,11080830
초등학교,공립,11080830
초등학교,공립,11080830
초등학교,사립,11080830
중학교,사립,11080830
고등학교,사립,11080830
유치원,공립,11080830
유치원,공립,11080830
유치원,사립,11080830
초등학교,공립,11080830
초등학교,공립,11080830
초등학교,사립,11080830
중학교,사립,11080830
고등학교,사립,11080830
유치원,공립,11080830
유치원,공립,11080830
유치원,사립,11080830
초등학교,공립,11080830
초등학교,공립,11080830
초등학교,사립,11080830
중학교,사립,11080830
고등학교,사립,11080830
유치원,공립,11080830
유치원,공립,11080830
유치원,사립,11080830
초등학교,공립,11080830
초등학교,공립,11080830
초등학교,사립,11080830
중학교,사립,11080830
고등학교,사립,11080830
유치원,공립,11080840
유치원,사립,11080840
유치원,사립,11080840
유치원,사립,11080840
유치원,사립,11080840
유치원,사립,11080840
초등학교,공립,11080840
초등학교,공립,11080840
중학교,국립,11080840
중학교,공립,11080840
고등학교,국립,11080840
유치원,공립,11080840
유치원,사립,11080840
유치원,사립,11080840
유치원,사립,11080840
유치원,사립,11080840
유치원,사립,11080840
초등학교,공립,11080840
초등학교,공립,11080840
중학교,국립,11080840
중학교,공립,11080840
고등학교,국립,11080840
유치원,공립,11080840
유치원,사립,11080840
유치원,사립,11080840
유치원,사립,11080840
유치원,사립,11080840
유치원,사립,11080840
초등학교,공립,11080840
초등학교,공립,11080840
중학교,국립,11080840
중학교,공립,11080840
고등학교,국립,11080840
유치원,공립,11080840
유치원,사립,11080840
유치원,사립,11080840
유치원,사립,11080840
유치원,사립,11080840
유치원,사립,11080840
초등학교,공립,11080840
초등학교,공립,11080840
중학교,국립,11080840
중학교,공립,11080840
고등학교,국립,11080840
유치원,공립,11080840
유치원,사립,11080840
유치원,사립,11080840
유치원,사립,11080840
유치원,사립,11080840
유치원,사립,11080840
초등학교,공립,11080840
초등학교,공립,11080840
중학교,국립,11080840
중학교,공립,11080840
고등학교,국립,11080840
유치원,공립,11080840
유치원,사립,11080840
유치원,사립,11080840
유치원,사립,11080840
유치원,사립,11080840
초등학교,공립,11080840
초등학교,공립,11080840
중학교,국립,11080840
중학교,공립,11080840
고등학교,국립,11080840
유치원,공립,11080840
유치원,사립,11080840
유치원,사립,11080840
유치원,사립,11080840
유치원,사립,11080840
초등학교,공립,11080840
초등학교,공립,11080840
중학교,국립,11080840
중학교,공립,11080840
고등학교,국립,11080840
유치원,공립,11080840
유치원,사립,11080840
유치원,사립,11080840
유치원,사립,11080840
초등학교,공립,11080840
초등학교,공립,11080840
중학교,국립,11080840
중학교,공립,11080840
고등학교,국립,11080840
유치원,공립,11080840
유치원,사립,11080840
유치원,사립,11080840
유치원,사립,11080840
초등학교,공립,11080840
초등학교,공립,11080840
중학교,국립,11080840
중학교,공립,11080840
고등학교,국립,11080840
유치원,공립,11080840
유치원,사립,11080840
유치원,사립,11080840
유치원,사립,11080840
초등학교,공립,11080840
초등학교,공립,11080840
중학교,국립,11080840
중학교,공립,11080840
고등학교,국립,11080840
유치원,공립,11080840
유치원,사립,11080840
유치원,사립,11080840
유치원,사립,11080840
초등학교,공립,11080840
초등학교,공립,11080840
중학교,국립,11080840
중학교,공립,11080840
고등학교,국립,11080840
유치원,공립,11080840
유치원,사립,11080840
유치원,사립,11080840
유치원,사립,11080840
초등학교,공립,11080840
초등학교,공립,11080840
중학교,국립,11080840
중학교,공립,11080840
고등학교,국립,11080840
유치원,공립,11080850
유치원,사립,11080850
유치원,사립,11080850
유치원,사립,11080850
초등학교,공립,11080850
초등학교,공립,11080850
중학교,공립,11080850
고등학교,공립,11080850
유치원,공립,11080850
유치원,사립,11080850
유치원,사립,11080850
유치원,사립,11080850
초등학교,공립,11080850
초등학교,공립,11080850
중학교,공립,11080850
고등학교,공립,11080850
유치원,공립,11080850
유치원,사립,11080850
유치원,사립,11080850
초등학교,공립,11080850
초등학교,공립,11080850
중학교,공립,11080850
고등학교,공립,11080850
유치원,공립,11080850
유치원,사립,11080850
유치원,사립,11080850
초등학교,공립,11080850
초등학교,공립,11080850
중학교,공립,11080850
고등학교,공립,11080850
유치원,공립,11080850
유치원,사립,11080850
유치원,사립,11080850
초등학교,공립,11080850
초등학교,공립,11080850
중학교,공립,11080850
고등학교,공립,11080850
유치원,공립,11080850
유치원,사립,11080850
유치원,사립,11080850
초등학교,공립,11080850
초등학교,공립,11080850
중학교,공립,11080850
고등학교,공립,11080850
유치원,공립,11080850
유치원,사립,11080850
유치원,사립,11080850
초등학교,공립,11080850
초등학교,공립,11080850
중학교,공립,11080850
고등학교,공립,11080850
유치원,공립,11080850
유치원,사립,11080850
유치원,사립,11080850
초등학교,공립,11080850
초등학교,공립,11080850
중학교,공립,11080850
고등학교,공립,11080850
유치원,공립,11080850
유치원,사립,11080850
유치원,사립,11080850
초등학교,공립,11080850
초등학교,공립,11080850
중학교,공립,11080850
고등학교,공립,11080850
유치원,공립,11080850
유치원,사립,11080850
유치원,사립,11080850
초등학교,공립,11080850
초등학교,공립,11080850
중학교,공립,11080850
고등학교,공립,11080850
유치원,공립,11080850
유치원,사립,11080850
유치원,사립,11080850
초등학교,공립,11080850
초등학교,공립,11080850
중학교,공립,11080850
고등학교,공립,11080850
유치원,공립,11080850
유치원,사립,11080850
초등학교,공립,11080850
초등학교,공립,11080850
중학교,공립,11080850
고등학교,공립,11080850
유치원,사립,11090600
유치원,사립,11090600
초등학교,공립,11090600
중학교,공립,11090600
유치원,사립,11090600
초등학교,공립,11090600
중학교,공립,11090600
유치원,사립,11090600
초등학교,공립,11090600
중학교,공립,11090600
유치원,사립,11090600
초등학교,공립,11090600
중학교,공립,11090600
유치원,사립,11090600
초등학교,공립,11090600
중학교,공립,11090600
유치원,사립,11090600
초등학교,공립,11090600
중학교,공립,11090600
초등학교,공립,11090600
중학교,공립,11090600
유치원,공립,11090600
초등학교,공립,11090600
중학교,공립,11090600
유치원,공립,11090600
초등학교,공립,11090600
중학교,공립,11090600
유치원,공립,11090600
초등학교,공립,11090600
중학교,공립,11090600
유치원,공립,11090600
초등학교,공립,11090600
중학교,공립,11090600
유치원,공립,11090600
초등학교,공립,11090600
중학교,공립,11090600
유치원,사립,11090610
초등학교,공립,11090610
중학교,공립,11090610
유치원,사립,11090610
초등학교,공립,11090610
중학교,공립,11090610
유치원,공립,11090610
유치원,사립,11090610
초등학교,공립,11090610
중학교,공립,11090610
유치원,공립,11090610
유치원,사립,11090610
초등학교,공립,11090610
중학교,공립,11090610
유치원,사립,11090610
초등학교,공립,11090610
중학교,공립,11090610
유치원,사립,11090610
초등학교,공립,11090610
중학교,공립,11090610
유치원,사립,11090610
초등학교,공립,11090610
중학교,공립,11090610
유치원,사립,11090610
초등학교,공립,11090610
중학교,공립,11090610
유치원,사립,11090610
중학교,공립,11090610
유치원,사립,11090610
중학교,공립,11090610
유치원,사립,11090610
중학교,공립,11090610
유치원,사립,11090610
중학교,공립,11090610
유치원,사립,11090620
초등학교,공립,11090620
유치원,사립,11090620
유치원,사립,11090620
초등학교,공립,11090620
유치원,사립,11090620
유치원,사립,11090620
초등학교,공립,11090620
유치원,사립,11090620
유치원,사립,11090620
초등학교,공립,11090620
유치원,사립,11090620
유치원,공립,11090620
초등학교,공립,11090620
유치원,사립,11090620
유치원,공립,11090620
초등학교,공립,11090620
유치원,사립,11090620
유치원,공립,11090620
초등학교,공립,11090620
유치원,사립,11090620
유치원,공립,11090620
초등학교,공립,11090620
유치원,사립,11090620
유치원,공립,11090620
초등학교,공립,11090620
초등학교,공립,11090620
유치원,사립,11090620
유치원,공립,11090620
초등학교,공립,11090620
초등학교,공립,11090620
유치원,공립,11090620
초등학교,공립,11090620
초등학교,공립,11090620
유치원,공립,11090620
초등학교,공립,11090620
초등학교,공립,11090620
유치원,공립,11090630
유치원,사립,11090630
초등학교,공립,11090630
초등학교,공립,11090630
중학교,공립,11090630
중학교,공립,11090630
고등학교,공립,11090630
특수학교,공립,11090630
특수학교,사립,11090630
유치원,공립,11090630
유치원,사립,11090630
초등학교,공립,11090630
초등학교,공립,11090630
중학교,공립,11090630
중학교,공립,11090630
고등학교,공립,11090630
특수학교,공립,11090630
특수학교,사립,11090630
유치원,공립,11090630
유치원,사립,11090630
초등학교,공립,11090630
초등학교,공립,11090630
중학교,공립,11090630
중학교,공립,11090630
고등학교,공립,11090630
특수학교,공립,11090630
특수학교,사립,11090630
유치원,공립,11090630
유치원,사립,11090630
초등학교,공립,11090630
초등학교,공립,11090630
중학교,공립,11090630
중학교,공립,11090630
고등학교,공립,11090630
특수학교,공립,11090630
특수학교,사립,11090630
유치원,공립,11090630
유치원,사립,11090630
초등학교,공립,11090630
초등학교,공립,11090630
중학교,공립,11090630
중학교,공립,11090630
고등학교,공립,11090630
특수학교,공립,11090630
특수학교,사립,11090630
유치원,공립,11090630
유치원,사립,11090630
초등학교,공립,11090630
초등학교,공립,11090630
중학교,공립,11090630
중학교,공립,11090630
고등학교,공립,11090630
특수학교,공립,11090630
특수학교,사립,11090630
유치원,공립,11090630
유치원,사립,11090630
초등학교,공립,11090630
초등학교,공립,11090630
중학교,공립,11090630
중학교,공립,11090630
고등학교,공립,11090630
특수학교,공립,11090630
특수학교,사립,11090630
유치원,공립,11090630
유치원,사립,11090630
초등학교,공립,11090630
초등학교,공립,11090630
중학교,공립,11090630
중학교,공립,11090630
고등학교,공립,11090630
특수학교,공립,11090630
특수학교,사립,11090630
유치원,공립,11090630
초등학교,공립,11090630
초등학교,공립,11090630
중학교,공립,11090630
중학교,공립,11090630
고등학교,공립,11090630
특수학교,공립,11090630
특수학교,사립,11090630
유치원,공립,11090630
초등학교,공립,11090630
초등학교,공립,11090630
중학교,공립,11090630
중학교,공립,11090630
고등학교,공립,11090630
특수학교,공립,11090630
특수학교,사립,11090630
유치원,공립,11090630
초등학교,공립,11090630
중학교,공립,11090630
중학교,공립,11090630
고등학교,공립,11090630
특수학교,공립,11090630
특수학교,사립,11090630
유치원,공립,11090630
초등학교,공립,11090630
초등학교,공립,11090630
중학교,공립,11090630
중학교,공립,11090630
고등학교,공립,11090630
특수학교,공립,11090630
특수학교,사립,11090630
유치원,사립,11090640
유치원,사립,11090640
유치원,사립,11090640
유치원,사립,11090640
유치원,사립,11090640
유치원,사립,11090640
유치원,사립,11090640
유치원,사립,11090640
유치원,사립,11090640
유치원,사립,11090640
유치원,사립,11090640
유치원,사립,11090640
유치원,사립,11090640
유치원,사립,11090640
유치원,사립,11090640
유치원,사립,11090640
유치원,사립,11090640
유치원,사립,11090640
유치원,사립,11090640
유치원,사립,11090640
유치원,사립,11090640
유치원,사립,11090640
유치원,사립,11090640
유치원,사립,11090640
유치원,사립,11090640
유치원,사립,11090640
유치원,사립,11090640
유치원,사립,11090640
유치원,사립,11090640
유치원,사립,11090640
유치원,사립,11090650
중학교,공립,11090650
유치원,사립,11090650
중학교,공립,11090650
유치원,사립,11090650
중학교,공립,11090650
유치원,사립,11090650
중학교,공립,11090650
유치원,사립,11090650
중학교,공립,11090650
유치원,사립,11090650
중학교,공립,11090650
유치원,사립,11090650
중학교,공립,11090650
유치원,사립,11090650
중학교,공립,11090650
중학교,공립,11090650
중학교,공립,11090650
중학교,공립,11090650
중학교,공립,11090650
유치원,공립,11090690
유치원,사립,11090690
유치원,사립,11090690
초등학교,공립,11090690
초등학교,공립,11090690
중학교,공립,11090690
고등학교,공립,11090690
유치원,공립,11090690
유치원,사립,11090690
유치원,사립,11090690
초등학교,공립,11090690
초등학교,공립,11090690
중학교,공립,11090690
고등학교,공립,11090690
유치원,공립,11090690
유치원,사립,11090690
유치원,사립,11090690
초등학교,공립,11090690
초등학교,공립,11090690
중학교,공립,11090690
고등학교,공립,11090690
유치원,공립,11090690
유치원,사립,11090690
유치원,사립,11090690
초등학교,공립,11090690
초등학교,공립,11090690
중학교,공립,11090690
고등학교,공립,11090690
유치원,공립,11090690
유치원,사립,11090690
유치원,사립,11090690
초등학교,공립,11090690
초등학교,공립,11090690
중학교,공립,11090690
고등학교,공립,11090690
특수학교,사립,11090690
유치원,공립,11090690
유치원,사립,11090690
유치원,사립,11090690
초등학교,공립,11090690
초등학교,공립,11090690
중학교,공립,11090690
고등학교,공립,11090690
특수학교,사립,11090690
유치원,공립,11090690
유치원,사립,11090690
유치원,사립,11090690
초등학교,공립,11090690
초등학교,공립,11090690
중학교,공립,11090690
고등학교,공립,11090690
특수학교,사립,11090690
유치원,공립,11090690
유치원,사립,11090690
유치원,사립,11090690
초등학교,공립,11090690
초등학교,공립,11090690
중학교,공립,11090690
고등학교,공립,11090690
특수학교,사립,11090690
유치원,공립,11090690
유치원,사립,11090690
유치원,사립,11090690
초등학교,공립,11090690
초등학교,공립,11090690
중학교,공립,11090690
고등학교,공립,11090690
특수학교,사립,11090690
유치원,공립,11090690
유치원,사립,11090690
유치원,사립,11090690
초등학교,공립,11090690
초등학교,공립,11090690
중학교,공립,11090690
고등학교,공립,11090690
특수학교,사립,11090690
유치원,공립,11090690
유치원,사립,11090690
유치원,사립,11090690
초등학교,공립,11090690
초등학교,공립,11090690
중학교,공립,11090690
고등학교,공립,11090690
특수학교,사립,11090690
유치원,공립,11090690
유치원,사립,11090690
유치원,사립,11090690
초등학교,공립,11090690
초등학교,공립,11090690
중학교,공립,11090690
고등학교,공립,11090690
특수학교,사립,11090690
중학교,사립,11090700
고등학교,사립,11090700
특수학교,사립,11090700
중학교,사립,11090700
고등학교,사립,11090700
특수학교,사립,11090700
중학교,사립,11090700
고등학교,사립,11090700
특수학교,사립,11090700
중학교,사립,11090700
고등학교,사립,11090700
특수학교,사립,11090700
중학교,사립,11090700
고등학교,사립,11090700
특수학교,사립,11090700
중학교,사립,11090700
고등학교,사립,11090700
특수학교,사립,11090700
중학교,사립,11090700
고등학교,사립,11090700
특수학교,사립,11090700
중학교,사립,11090700
고등학교,사립,11090700
특수학교,사립,11090700
중학교,사립,11090700
고등학교,사립,11090700
특수학교,사립,11090700
중학교,사립,11090700
고등학교,사립,11090700
특수학교,사립,11090700
중학교,사립,11090700
고등학교,사립,11090700
특수학교,사립,11090700
중학교,사립,11090700
고등학교,사립,11090700
특수학교,사립,11090700
유치원,공립,11090710
유치원,사립,11090710
유치원,사립,11090710
유치원,사립,11090710
유치원,사립,11090710
초등학교,공립,11090710
중학교,사립,11090710
고등학교,사립,11090710
유치원,공립,11090710
유치원,사립,11090710
유치원,사립,11090710
유치원,사립,11090710
유치원,사립,11090710
초등학교,공립,11090710
중학교,사립,11090710
고등학교,사립,11090710
유치원,공립,11090710
유치원,사립,11090710
유치원,사립,11090710
유치원,사립,11090710
유치원,사립,11090710
유치원,사립,11090710
초등학교,공립,11090710
중학교,사립,11090710
고등학교,사립,11090710
유치원,공립,11090710
유치원,사립,11090710
유치원,사립,11090710
유치원,사립,11090710
유치원,사립,11090710
초등학교,공립,11090710
중학교,사립,11090710
고등학교,사립,11090710
유치원,공립,11090710
유치원,사립,11090710
유치원,사립,11090710
유치원,사립,11090710
유치원,사립,11090710
초등학교,공립,11090710
중학교,사립,11090710
고등학교,사립,11090710
유치원,공립,11090710
유치원,사립,11090710
유치원,사립,11090710
유치원,사립,11090710
초등학교,공립,11090710
중학교,사립,11090710
고등학교,사립,11090710
유치원,공립,11090710
유치원,사립,11090710
초등학교,공립,11090710
중학교,사립,11090710
고등학교,사립,11090710
유치원,공립,11090710
유치원,사립,11090710
초등학교,공립,11090710
중학교,사립,11090710
고등학교,사립,11090710
유치원,공립,11090710
유치원,사립,11090710
초등학교,공립,11090710
초등학교,공립,11090710
중학교,사립,11090710
고등학교,사립,11090710
유치원,공립,11090710
유치원,사립,11090710
초등학교,공립,11090710
초등학교,공립,11090710
중학교,사립,11090710
고등학교,사립,11090710
유치원,공립,11090710
유치원,사립,11090710
초등학교,공립,11090710
초등학교,공립,11090710
중학교,사립,11090710
고등학교,사립,11090710
유치원,공립,11090710
유치원,사립,11090710
초등학교,공립,11090710
초등학교,공립,11090710
중학교,사립,11090710
고등학교,사립,11090710
초등학교,공립,11090720
초등학교,공립,11090720
초등학교,사립,11090720
중학교,사립,11090720
중학교,사립,11090720
고등학교,사립,11090720
고등학교,사립,11090720
초등학교,공립,11090720
초등학교,공립,11090720
초등학교,사립,11090720
중학교,사립,11090720
중학교,사립,11090720
고등학교,사립,11090720
고등학교,사립,11090720
초등학교,공립,11090720
초등학교,공립,11090720
초등학교,사립,11090720
중학교,사립,11090720
중학교,사립,11090720
고등학교,사립,11090720
고등학교,사립,11090720
초등학교,공립,11090720
초등학교,공립,11090720
초등학교,사립,11090720
중학교,사립,11090720
중학교,사립,11090720
고등학교,사립,11090720
고등학교,사립,11090720
유치원,공립,11090720
초등학교,공립,11090720
초등학교,공립,11090720
초등학교,사립,11090720
중학교,사립,11090720
중학교,사립,11090720
고등학교,사립,11090720
고등학교,사립,11090720
유치원,공립,11090720
초등학교,공립,11090720
초등학교,공립,11090720
초등학교,사립,11090720
중학교,사립,11090720
중학교,사립,11090720
고등학교,사립,11090720
고등학교,사립,11090720
유치원,공립,11090720
초등학교,공립,11090720
초등학교,공립,11090720
초등학교,사립,11090720
중학교,사립,11090720
중학교,사립,11090720
고등학교,사립,11090720
고등학교,사립,11090720
유치원,공립,11090720
초등학교,공립,11090720
초등학교,공립,11090720
초등학교,사립,11090720
중학교,사립,11090720
중학교,사립,11090720
고등학교,사립,11090720
고등학교,사립,11090720
유치원,공립,11090720
초등학교,공립,11090720
초등학교,사립,11090720
중학교,사립,11090720
중학교,사립,11090720
고등학교,사립,11090720
고등학교,사립,11090720
유치원,공립,11090720
초등학교,공립,11090720
초등학교,사립,11090720
중학교,사립,11090720
중학교,사립,11090720
고등학교,사립,11090720
고등학교,사립,11090720
유치원,공립,11090720
초등학교,공립,11090720
초등학교,사립,11090720
중학교,사립,11090720
중학교,사립,11090720
고등학교,사립,11090720
고등학교,사립,11090720
유치원,공립,11090720
초등학교,공립,11090720
초등학교,사립,11090720
중학교,사립,11090720
중학교,사립,11090720
고등학교,사립,11090720
고등학교,사립,11090720
유치원,사립,11090730
초등학교,공립,11090730
중학교,공립,11090730
고등학교,공립,11090730
유치원,사립,11090730
초등학교,공립,11090730
중학교,공립,11090730
고등학교,공립,11090730
유치원,사립,11090730
초등학교,공립,11090730
중학교,공립,11090730
고등학교,공립,11090730
유치원,사립,11090730
초등학교,공립,11090730
중학교,공립,11090730
고등학교,공립,11090730
유치원,사립,11090730
초등학교,공립,11090730
중학교,공립,11090730
고등학교,공립,11090730
유치원,사립,11090730
초등학교,공립,11090730
중학교,공립,11090730
고등학교,공립,11090730
유치원,사립,11090730
초등학교,공립,11090730
중학교,공립,11090730
고등학교,공립,11090730
유치원,사립,11090730
초등학교,공립,11090730
중학교,공립,11090730
고등학교,공립,11090730
유치원,사립,11090730
초등학교,공립,11090730
중학교,공립,11090730
고등학교,공립,11090730
초등학교,공립,11090730
중학교,공립,11090730
고등학교,공립,11090730
초등학교,공립,11090730
중학교,공립,11090730
고등학교,공립,11090730
유치원,사립,11090730
초등학교,공립,11090730
중학교,공립,11090730
고등학교,공립,11090730
유치원,사립,11090740
유치원,사립,11090740
중학교,사립,11090740
유치원,사립,11090740
유치원,사립,11090740
중학교,사립,11090740
유치원,사립,11090740
유치원,사립,11090740
중학교,사립,11090740
유치원,사립,11090740
유치원,사립,11090740
중학교,사립,11090740
유치원,사립,11090740
유치원,사립,11090740
중학교,사립,11090740
유치원,사립,11090740
유치원,사립,11090740
중학교,사립,11090740
유치원,사립,11090740
유치원,사립,11090740
중학교,사립,11090740
유치원,사립,11090740
유치원,사립,11090740
중학교,사립,11090740
유치원,사립,11090740
중학교,사립,11090740
유치원,사립,11090740
유치원,사립,11090740
중학교,사립,11090740
유치원,사립,11090740
중학교,사립,11090740
중학교,사립,11090740
유치원,사립,11090750
유치원,사립,11090750
유치원,사립,11090750
초등학교,공립,11090750
초등학교,공립,11090750
중학교,공립,11090750
유치원,사립,11090750
유치원,사립,11090750
초등학교,공립,11090750
초등학교,공립,11090750
중학교,공립,11090750
유치원,사립,11090750
유치원,사립,11090750
초등학교,공립,11090750
초등학교,공립,11090750
중학교,공립,11090750
유치원,사립,11090750
유치원,사립,11090750
초등학교,공립,11090750
초등학교,공립,11090750
중학교,공립,11090750
유치원,사립,11090750
유치원,사립,11090750
초등학교,공립,11090750
초등학교,공립,11090750
중학교,공립,11090750
유치원,사립,11090750
유치원,사립,11090750
초등학교,공립,11090750
초등학교,공립,11090750
중학교,공립,11090750
유치원,사립,11090750
유치원,사립,11090750
초등학교,공립,11090750
초등학교,공립,11090750
중학교,공립,11090750
유치원,공립,11090750
유치원,사립,11090750
유치원,사립,11090750
초등학교,공립,11090750
초등학교,공립,11090750
중학교,공립,11090750
유치원,공립,11090750
유치원,사립,11090750
유치원,사립,11090750
초등학교,공립,11090750
초등학교,공립,11090750
중학교,공립,11090750
유치원,공립,11090750
유치원,사립,11090750
유치원,사립,11090750
초등학교,공립,11090750
초등학교,공립,11090750
중학교,공립,11090750
유치원,공립,11090750
유치원,사립,11090750
유치원,사립,11090750
초등학교,공립,11090750
초등학교,공립,11090750
초등학교,공립,11090750
중학교,공립,11090750
유치원,공립,11090750
유치원,사립,11090750
유치원,사립,11090750
초등학교,공립,11090750
초등학교,공립,11090750
중학교,공립,11090750
유치원,사립,11100510
유치원,사립,11100510
유치원,사립,11100510
초등학교,공립,11100510
초등학교,공립,11100510
초등학교,공립,11100510
중학교,공립,11100510
고등학교,공립,11100510
유치원,사립,11100510
유치원,사립,11100510
유치원,사립,11100510
초등학교,공립,11100510
초등학교,공립,11100510
초등학교,공립,11100510
중학교,공립,11100510
고등학교,공립,11100510
유치원,사립,11100510
유치원,사립,11100510
유치원,사립,11100510
초등학교,공립,11100510
초등학교,공립,11100510
초등학교,공립,11100510
중학교,공립,11100510
고등학교,공립,11100510
유치원,사립,11100510
유치원,사립,11100510
유치원,사립,11100510
초등학교,공립,11100510
초등학교,공립,11100510
초등학교,공립,11100510
중학교,공립,11100510
고등학교,공립,11100510
유치원,사립,11100510
유치원,사립,11100510
유치원,사립,11100510
초등학교,공립,11100510
초등학교,공립,11100510
초등학교,공립,11100510
중학교,공립,11100510
고등학교,공립,11100510
유치원,사립,11100510
유치원,사립,11100510
유치원,사립,11100510
초등학교,공립,11100510
초등학교,공립,11100510
초등학교,공립,11100510
중학교,공립,11100510
고등학교,공립,11100510
유치원,사립,11100510
유치원,사립,11100510
초등학교,공립,11100510
초등학교,공립,11100510
초등학교,공립,11100510
중학교,공립,11100510
고등학교,공립,11100510
유치원,공립,11100510
유치원,공립,11100510
유치원,사립,11100510
유치원,사립,11100510
초등학교,공립,11100510
초등학교,공립,11100510
초등학교,공립,11100510
중학교,공립,11100510
고등학교,공립,11100510
유치원,공립,11100510
유치원,공립,11100510
유치원,사립,11100510
유치원,사립,11100510
초등학교,공립,11100510
초등학교,공립,11100510
초등학교,공립,11100510
중학교,공립,11100510
고등학교,공립,11100510
유치원,공립,11100510
유치원,공립,11100510
유치원,사립,11100510
유치원,사립,11100510
초등학교,공립,11100510
초등학교,공립,11100510
초등학교,공립,11100510
중학교,공립,11100510
고등학교,공립,11100510
유치원,공립,11100510
유치원,공립,11100510
유치원,사립,11100510
유치원,사립,11100510
초등학교,공립,11100510
초등학교,공립,11100510
초등학교,공립,11100510
중학교,공립,11100510
고등학교,공립,11100510
유치원,공립,11100510
유치원,공립,11100510
유치원,사립,11100510
유치원,사립,11100510
초등학교,공립,11100510
초등학교,공립,11100510
초등학교,공립,11100510
중학교,공립,11100510
고등학교,공립,11100510
유치원,사립,11100520
초등학교,공립,11100520
중학교,공립,11100520
유치원,사립,11100520
초등학교,공립,11100520
중학교,공립,11100520
유치원,사립,11100520
초등학교,공립,11100520
중학교,공립,11100520
유치원,사립,11100520
초등학교,공립,11100520
중학교,공립,11100520
유치원,사립,11100520
초등학교,공립,11100520
중학교,공립,11100520
초등학교,공립,11100520
중학교,공립,11100520
초등학교,공립,11100520
중학교,공립,11100520
초등학교,공립,11100520
중학교,공립,11100520
초등학교,공립,11100520
중학교,공립,11100520
초등학교,공립,11100520
중학교,공립,11100520
초등학교,공립,11100520
중학교,공립,11100520
초등학교,공립,11100520
중학교,공립,11100520
중학교,공립,11100530
중학교,공립,11100530
중학교,공립,11100530
중학교,공립,11100530
중학교,공립,11100530
중학교,공립,11100530
중학교,공립,11100530
중학교,공립,11100530
중학교,공립,11100530
중학교,공립,11100530
중학교,공립,11100530
중학교,공립,11100530
유치원,사립,11100540
유치원,사립,11100540
유치원,사립,11100540
유치원,사립,11100540
유치원,사립,11100540
초등학교,사립,11100540
초등학교,사립,11100540
중학교,사립,11100540
중학교,사립,11100540
고등학교,사립,11100540
고등학교,사립,11100540
고등학교,사립,11100540
유치원,사립,11100540
유치원,사립,11100540
유치원,사립,11100540
유치원,사립,11100540
유치원,사립,11100540
초등학교,사립,11100540
초등학교,사립,11100540
중학교,사립,11100540
중학교,사립,11100540
고등학교,사립,11100540
고등학교,사립,11100540
고등학교,사립,11100540
유치원,사립,11100540
유치원,사립,11100540
유치원,사립,11100540
유치원,사립,11100540
유치원,사립,11100540
초등학교,사립,11100540
초등학교,사립,11100540
중학교,사립,11100540
중학교,사립,11100540
고등학교,사립,11100540
고등학교,사립,11100540
고등학교,사립,11100540
유치원,사립,11100540
유치원,사립,11100540
유치원,사립,11100540
유치원,사립,11100540
유치원,사립,11100540
초등학교,사립,11100540
초등학교,사립,11100540
중학교,사립,11100540
중학교,사립,11100540
고등학교,사립,11100540
고등학교,사립,11100540
고등학교,사립,11100540
유치원,사립,11100540
유치원,사립,11100540
유치원,사립,11100540
유치원,사립,11100540
유치원,사립,11100540
초등학교,사립,11100540
초등학교,사립,11100540
중학교,사립,11100540
중학교,사립,11100540
고등학교,사립,11100540
고등학교,사립,11100540
고등학교,사립,11100540
유치원,사립,11100540
유치원,사립,11100540
유치원,사립,11100540
초등학교,사립,11100540
초등학교,사립,11100540
중학교,사립,11100540
중학교,사립,11100540
고등학교,사립,11100540
고등학교,사립,11100540
고등학교,사립,11100540
유치원,사립,11100540
유치원,사립,11100540
유치원,사립,11100540
초등학교,사립,11100540
초등학교,사립,11100540
중학교,사립,11100540
중학교,사립,11100540
고등학교,사립,11100540
고등학교,사립,11100540
고등학교,사립,11100540
유치원,사립,11100540
유치원,사립,11100540
유치원,사립,11100540
초등학교,사립,11100540
초등학교,사립,11100540
중학교,사립,11100540
중학교,사립,11100540
고등학교,사립,11100540
고등학교,사립,11100540
고등학교,사립,11100540
유치원,사립,11100540
유치원,사립,11100540
유치원,사립,11100540
초등학교,사립,11100540
초등학교,사립,11100540
중학교,사립,11100540
중학교,사립,11100540
고등학교,사립,11100540
고등학교,사립,11100540
고등학교,사립,11100540
유치원,사립,11100540
유치원,사립,11100540
유치원,사립,11100540
초등학교,사립,11100540
초등학교,사립,11100540
중학교,사립,11100540
중학교,사립,11100540
고등학교,사립,11100540
고등학교,사립,11100540
고등학교,사립,11100540
유치원,사립,11100540
유치원,사립,11100540
유치원,사립,11100540
초등학교,사립,11100540
초등학교,사립,11100540
중학교,사립,11100540
중학교,사립,11100540
고등학교,사립,11100540
고등학교,사립,11100540
고등학교,사립,11100540
유치원,사립,11100540
유치원,사립,11100540
초등학교,사립,11100540
초등학교,사립,11100540
중학교,사립,11100540
중학교,사립,11100540
고등학교,사립,11100540
고등학교,사립,11100540
고등학교,사립,11100540
유치원,사립,11100550
유치원,사립,11100550
초등학교,공립,11100550
중학교,공립,11100550
고등학교,공립,11100550
유치원,사립,11100550
유치원,사립,11100550
초등학교,공립,11100550
중학교,공립,11100550
고등학교,공립,11100550
유치원,사립,11100550
유치원,사립,11100550
초등학교,공립,11100550
중학교,공립,11100550
고등학교,공립,11100550
유치원,사립,11100550
유치원,사립,11100550
초등학교,공립,11100550
중학교,공립,11100550
고등학교,공립,11100550
유치원,사립,11100550
유치원,사립,11100550
초등학교,공립,11100550
중학교,공립,11100550
고등학교,공립,11100550
유치원,사립,11100550
유치원,사립,11100550
초등학교,공립,11100550
중학교,공립,11100550
고등학교,공립,11100550
유치원,공립,11100550
유치원,사립,11100550
초등학교,공립,11100550
중학교,공립,11100550
고등학교,공립,11100550
유치원,공립,11100550
유치원,사립,11100550
초등학교,공립,11100550
중학교,공립,11100550
고등학교,공립,11100550
유치원,공립,11100550
유치원,사립,11100550
초등학교,공립,11100550
중학교,공립,11100550
고등학교,공립,11100550
유치원,공립,11100550
유치원,사립,11100550
초등학교,공립,11100550
중학교,공립,11100550
고등학교,공립,11100550
유치원,공립,11100550
유치원,사립,11100550
초등학교,공립,11100550
중학교,공립,11100550
고등학교,공립,11100550
유치원,공립,11100550
유치원,사립,11100550
초등학교,공립,11100550
중학교,공립,11100550
고등학교,공립,11100550
초등학교,공립,11100560
중학교,공립,11100560
초등학교,공립,11100560
중학교,공립,11100560
초등학교,공립,11100560
중학교,공립,11100560
초등학교,공립,11100560
중학교,공립,11100560
초등학교,공립,11100560
중학교,공립,11100560
초등학교,공립,11100560
중학교,공립,11100560
초등학교,공립,11100560
중학교,공립,11100560
초등학교,공립,11100560
중학교,공립,11100560
초등학교,공립,11100560
초등학교,공립,11100560
중학교,공립,11100560
초등학교,공립,11100560
초등학교,공립,11100560
중학교,공립,11100560
초등학교,공립,11100560
중학교,공립,11100560
초등학교,공립,11100560
중학교,공립,11100560
유치원,사립,11100570
유치원,사립,11100570
유치원,사립,11100570
초등학교,공립,11100570
초등학교,공립,11100570
초등학교,공립,11100570
중학교,공립,11100570
유치원,사립,11100570
유치원,사립,11100570
유치원,사립,11100570
초등학교,공립,11100570
초등학교,공립,11100570
초등학교,공립,11100570
중학교,공립,11100570
유치원,사립,11100570
유치원,사립,11100570
유치원,사립,11100570
초등학교,공립,11100570
초등학교,공립,11100570
초등학교,공립,11100570
중학교,공립,11100570
유치원,사립,11100570
유치원,사립,11100570
유치원,사립,11100570
초등학교,공립,11100570
초등학교,공립,11100570
초등학교,공립,11100570
중학교,공립,11100570
유치원,공립,11100570
유치원,사립,11100570
유치원,사립,11100570
유치원,사립,11100570
초등학교,공립,11100570
초등학교,공립,11100570
초등학교,공립,11100570
중학교,공립,11100570
유치원,공립,11100570
유치원,사립,11100570
유치원,사립,11100570
유치원,사립,11100570
초등학교,공립,11100570
초등학교,공립,11100570
초등학교,공립,11100570
중학교,공립,11100570
유치원,공립,11100570
유치원,사립,11100570
유치원,사립,11100570
유치원,사립,11100570
초등학교,공립,11100570
초등학교,공립,11100570
초등학교,공립,11100570
중학교,공립,11100570
유치원,공립,11100570
유치원,사립,11100570
유치원,사립,11100570
유치원,사립,11100570
초등학교,공립,11100570
초등학교,공립,11100570
초등학교,공립,11100570
중학교,공립,11100570
유치원,공립,11100570
유치원,사립,11100570
유치원,사립,11100570
유치원,사립,11100570
초등학교,공립,11100570
초등학교,공립,11100570
중학교,공립,11100570
유치원,공립,11100570
유치원,사립,11100570
유치원,사립,11100570
유치원,사립,11100570
초등학교,공립,11100570
초등학교,공립,11100570
중학교,공립,11100570
유치원,공립,11100570
유치원,사립,11100570
유치원,사립,11100570
유치원,사립,11100570
초등학교,공립,11100570
초등학교,공립,11100570
초등학교,공립,11100570
중학교,공립,11100570
유치원,공립,11100570
유치원,사립,11100570
유치원,사립,11100570
유치원,사립,11100570
초등학교,공립,11100570
초등학교,공립,11100570
초등학교,공립,11100570
중학교,공립,11100570
유치원,사립,11100590
유치원,사립,11100590
유치원,사립,11100590
초등학교,공립,11100590
중학교,공립,11100590
중학교,공립,11100590
고등학교,공립,11100590
유치원,사립,11100590
유치원,사립,11100590
유치원,사립,11100590
초등학교,공립,11100590
중학교,공립,11100590
중학교,공립,11100590
고등학교,공립,11100590
유치원,사립,11100590
유치원,사립,11100590
유치원,사립,11100590
초등학교,공립,11100590
중학교,공립,11100590
중학교,공립,11100590
고등학교,공립,11100590
유치원,사립,11100590
유치원,사립,11100590
초등학교,공립,11100590
중학교,공립,11100590
중학교,공립,11100590
고등학교,공립,11100590
유치원,사립,11100590
유치원,사립,11100590
초등학교,공립,11100590
중학교,공립,11100590
중학교,공립,11100590
고등학교,공립,11100590
유치원,사립,11100590
유치원,사립,11100590
초등학교,공립,11100590
중학교,공립,11100590
중학교,공립,11100590
고등학교,공립,11100590
유치원,사립,11100590
유치원,사립,11100590
초등학교,공립,11100590
중학교,공립,11100590
중학교,공립,11100590
고등학교,공립,11100590
유치원,사립,11100590
유치원,사립,11100590
초등학교,공립,11100590
중학교,공립,11100590
중학교,공립,11100590
고등학교,공립,11100590
유치원,사립,11100590
유치원,사립,11100590
초등학교,공립,11100590
중학교,공립,11100590
중학교,공립,11100590
고등학교,공립,11100590
유치원,사립,11100590
초등학교,공립,11100590
중학교,공립,11100590
중학교,공립,11100590
고등학교,공립,11100590
유치원,사립,11100590
초등학교,공립,11100590
중학교,공립,11100590
중학교,공립,11100590
고등학교,공립,11100590
유치원,사립,11100590
초등학교,공립,11100590
중학교,공립,11100590
중학교,공립,11100590
고등학교,공립,11100590
유치원,사립,11100600
유치원,사립,11100600
초등학교,공립,11100600
유치원,사립,11100600
초등학교,공립,11100600
유치원,사립,11100600
초등학교,공립,11100600
유치원,사립,11100600
초등학교,공립,11100600
유치원,사립,11100600
초등학교,공립,11100600
유치원,사립,11100600
초등학교,공립,11100600
유치원,사립,11100600
초등학교,공립,11100600
유치원,사립,11100600
초등학교,공립,11100600
유치원,사립,11100600
초등학교,공립,11100600
유치원,사립,11100600
초등학교,공립,11100600
유치원,사립,11100600
초등학교,공립,11100600
유치원,사립,11100600
초등학교,공립,11100600
유치원,공립,11100610
유치원,사립,11100610
초등학교,공립,11100610
초등학교,공립,11100610
유치원,공립,11100610
유치원,사립,11100610
초등학교,공립,11100610
초등학교,공립,11100610
유치원,공립,11100610
유치원,사립,11100610
초등학교,공립,11100610
초등학교,공립,11100610
유치원,공립,11100610
유치원,사립,11100610
초등학교,공립,11100610
초등학교,공립,11100610
유치원,공립,11100610
유치원,사립,11100610
초등학교,공립,11100610
초등학교,공립,11100610
유치원,공립,11100610
유치원,사립,11100610
초등학교,공립,11100610
초등학교,공립,11100610
유치원,공립,11100610
유치원,사립,11100610
초등학교,공립,11100610
초등학교,공립,11100610
유치원,공립,11100610
유치원,사립,11100610
초등학교,공립,11100610
초등학교,공립,11100610
유치원,공립,11100610
유치원,사립,11100610
초등학교,공립,11100610
초등학교,공립,11100610
유치원,공립,11100610
유치원,사립,11100610
초등학교,공립,11100610
초등학교,공립,11100610
유치원,공립,11100610
유치원,사립,11100610
초등학교,공립,11100610
초등학교,공립,11100610
유치원,공립,11100610
유치원,사립,11100610
초등학교,공립,11100610
초등학교,공립,11100610
유치원,사립,11100620
유치원,사립,11100620
초등학교,공립,11100620
초등학교,공립,11100620
중학교,공립,11100620
고등학교,공립,11100620
고등학교,사립,11100620
유치원,사립,11100620
유치원,사립,11100620
초등학교,공립,11100620
초등학교,공립,11100620
중학교,공립,11100620
고등학교,공립,11100620
고등학교,사립,11100620
유치원,사립,11100620
유치원,사립,11100620
초등학교,공립,11100620
초등학교,공립,11100620
중학교,공립,11100620
고등학교,공립,11100620
고등학교,사립,11100620
유치원,사립,11100620
유치원,사립,11100620
유치원,사립,11100620
초등학교,공립,11100620
초등학교,공립,11100620
중학교,공립,11100620
고등학교,공립,11100620
고등학교,사립,11100620
유치원,사립,11100620
유치원,사립,11100620
초등학교,공립,11100620
초등학교,공립,11100620
중학교,공립,11100620
고등학교,공립,11100620
고등학교,사립,11100620
유치원,사립,11100620
유치원,사립,11100620
초등학교,공립,11100620
초등학교,공립,11100620
중학교,공립,11100620
고등학교,공립,11100620
고등학교,사립,11100620
유치원,공립,11100620
유치원,사립,11100620
초등학교,공립,11100620
초등학교,공립,11100620
중학교,공립,11100620
고등학교,공립,11100620
고등학교,사립,11100620
유치원,공립,11100620
유치원,사립,11100620
초등학교,공립,11100620
초등학교,공립,11100620
중학교,공립,11100620
고등학교,공립,11100620
고등학교,사립,11100620
유치원,공립,11100620
유치원,공립,11100620
유치원,사립,11100620
초등학교,공립,11100620
초등학교,공립,11100620
중학교,공립,11100620
고등학교,공립,11100620
고등학교,사립,11100620
유치원,공립,11100620
유치원,공립,11100620
유치원,사립,11100620
초등학교,공립,11100620
초등학교,공립,11100620
중학교,공립,11100620
고등학교,공립,11100620
고등학교,사립,11100620
유치원,공립,11100620
유치원,공립,11100620
유치원,사립,11100620
초등학교,공립,11100620
초등학교,공립,11100620
중학교,공립,11100620
고등학교,공립,11100620
고등학교,사립,11100620
유치원,공립,11100620
유치원,공립,11100620
유치원,사립,11100620
초등학교,공립,11100620
초등학교,공립,11100620
중학교,공립,11100620
고등학교,공립,11100620
고등학교,사립,11100620
유치원,공립,11100630
유치원,사립,11100630
유치원,사립,11100630
초등학교,공립,11100630
초등학교,공립,11100630
초등학교,공립,11100630
유치원,공립,11100630
유치원,사립,11100630
유치원,사립,11100630
초등학교,공립,11100630
초등학교,공립,11100630
초등학교,공립,11100630
유치원,공립,11100630
유치원,사립,11100630
유치원,사립,11100630
초등학교,공립,11100630
초등학교,공립,11100630
초등학교,공립,11100630
유치원,공립,11100630
유치원,사립,11100630
유치원,사립,11100630
초등학교,공립,11100630
초등학교,공립,11100630
초등학교,공립,11100630
유치원,공립,11100630
유치원,사립,11100630
유치원,사립,11100630
초등학교,공립,11100630
초등학교,공립,11100630
초등학교,공립,11100630
유치원,공립,11100630
유치원,사립,11100630
유치원,사립,11100630
초등학교,공립,11100630
초등학교,공립,11100630
초등학교,공립,11100630
유치원,공립,11100630
유치원,사립,11100630
유치원,사립,11100630
초등학교,공립,11100630
초등학교,공립,11100630
초등학교,공립,11100630
유치원,공립,11100630
유치원,사립,11100630
유치원,사립,11100630
초등학교,공립,11100630
초등학교,공립,11100630
초등학교,공립,11100630
유치원,공립,11100630
유치원,공립,11100630
유치원,사립,11100630
유치원,사립,11100630
초등학교,공립,11100630
초등학교,공립,11100630
초등학교,공립,11100630
유치원,공립,11100630
유치원,공립,11100630
유치원,사립,11100630
유치원,사립,11100630
초등학교,공립,11100630
초등학교,공립,11100630
초등학교,공립,11100630
유치원,공립,11100630
유치원,공립,11100630
유치원,사립,11100630
유치원,사립,11100630
초등학교,공립,11100630
초등학교,공립,11100630
초등학교,공립,11100630
유치원,공립,11100630
유치원,공립,11100630
유치원,사립,11100630
유치원,사립,11100630
초등학교,공립,11100630
초등학교,공립,11100630
초등학교,공립,11100630
유치원,공립,11100640
유치원,사립,11100640
유치원,사립,11100640
초등학교,공립,11100640
초등학교,공립,11100640
중학교,공립,11100640
고등학교,공립,11100640
특수학교,사립,11100640
유치원,공립,11100640
유치원,사립,11100640
유치원,사립,11100640
초등학교,공립,11100640
초등학교,공립,11100640
중학교,공립,11100640
고등학교,공립,11100640
특수학교,사립,11100640
유치원,공립,11100640
유치원,사립,11100640
유치원,사립,11100640
초등학교,공립,11100640
초등학교,공립,11100640
중학교,공립,11100640
고등학교,공립,11100640
특수학교,사립,11100640
유치원,공립,11100640
유치원,사립,11100640
초등학교,공립,11100640
초등학교,공립,11100640
중학교,공립,11100640
고등학교,공립,11100640
특수학교,사립,11100640
유치원,공립,11100640
유치원,사립,11100640
초등학교,공립,11100640
초등학교,공립,11100640
중학교,공립,11100640
고등학교,공립,11100640
특수학교,사립,11100640
유치원,공립,11100640
유치원,사립,11100640
초등학교,공립,11100640
초등학교,공립,11100640
중학교,공립,11100640
고등학교,공립,11100640
특수학교,사립,11100640
유치원,공립,11100640
초등학교,공립,11100640
초등학교,공립,11100640
중학교,공립,11100640
고등학교,공립,11100640
특수학교,공립,11100640
유치원,공립,11100640
초등학교,공립,11100640
초등학교,공립,11100640
중학교,공립,11100640
고등학교,공립,11100640
특수학교,공립,11100640
유치원,공립,11100640
초등학교,공립,11100640
초등학교,공립,11100640
중학교,공립,11100640
고등학교,공립,11100640
특수학교,공립,11100640
유치원,공립,11100640
유치원,공립,11100640
초등학교,공립,11100640
초등학교,공립,11100640
중학교,공립,11100640
고등학교,공립,11100640
특수학교,공립,11100640
유치원,공립,11100640
유치원,공립,11100640
초등학교,공립,11100640
초등학교,공립,11100640
중학교,공립,11100640
특수학교,공립,11100640
유치원,공립,11100640
초등학교,공립,11100640
초등학교,공립,11100640
중학교,공립,11100640
특수학교,공립,11100640
유치원,사립,11100650
유치원,사립,11100650
초등학교,공립,11100650
중학교,공립,11100650
고등학교,공립,11100650
유치원,사립,11100650
유치원,사립,11100650
초등학교,공립,11100650
중학교,공립,11100650
고등학교,공립,11100650
유치원,사립,11100650
유치원,사립,11100650
초등학교,공립,11100650
중학교,공립,11100650
고등학교,공립,11100650
유치원,사립,11100650
유치원,사립,11100650
초등학교,공립,11100650
중학교,공립,11100650
고등학교,공립,11100650
유치원,사립,11100650
유치원,사립,11100650
초등학교,공립,11100650
중학교,공립,11100650
고등학교,공립,11100650
유치원,사립,11100650
유치원,사립,11100650
초등학교,공립,11100650
중학교,공립,11100650
고등학교,공립,11100650
유치원,사립,11100650
유치원,사립,11100650
초등학교,공립,11100650
중학교,공립,11100650
고등학교,공립,11100650
유치원,사립,11100650
유치원,사립,11100650
초등학교,공립,11100650
중학교,공립,11100650
고등학교,공립,11100650
유치원,사립,11100650
유치원,사립,11100650
초등학교,공립,11100650
중학교,공립,11100650
고등학교,공립,11100650
유치원,사립,11100650
유치원,사립,11100650
초등학교,공립,11100650
중학교,공립,11100650
고등학교,공립,11100650
유치원,사립,11100650
유치원,사립,11100650
초등학교,공립,11100650
중학교,공립,11100650
고등학교,공립,11100650
유치원,사립,11100650
유치원,사립,11100650
초등학교,공립,11100650
중학교,공립,11100650
고등학교,공립,11100650
유치원,사립,11110510
유치원,사립,11110510
초등학교,공립,11110510
중학교,사립,11110510
고등학교,사립,11110510
유치원,사립,11110510
유치원,사립,11110510
초등학교,공립,11110510
중학교,사립,11110510
고등학교,사립,11110510
유치원,사립,11110510
유치원,사립,11110510
초등학교,공립,11110510
중학교,사립,11110510
고등학교,사립,11110510
유치원,사립,11110510
유치원,사립,11110510
초등학교,공립,11110510
중학교,사립,11110510
고등학교,사립,11110510
유치원,사립,11110510
유치원,사립,11110510
초등학교,공립,11110510
중학교,사립,11110510
고등학교,사립,11110510
유치원,사립,11110510
유치원,사립,11110510
초등학교,공립,11110510
중학교,사립,11110510
고등학교,사립,11110510
유치원,사립,11110510
유치원,사립,11110510
초등학교,공립,11110510
중학교,사립,11110510
고등학교,사립,11110510
유치원,사립,11110510
초등학교,공립,11110510
중학교,사립,11110510
고등학교,사립,11110510
유치원,사립,11110510
초등학교,공립,11110510
중학교,사립,11110510
고등학교,사립,11110510
유치원,사립,11110510
초등학교,공립,11110510
중학교,사립,11110510
고등학교,사립,11110510
유치원,사립,11110510
초등학교,공립,11110510
중학교,사립,11110510
고등학교,사립,11110510
유치원,사립,11110510
초등학교,공립,11110510
중학교,사립,11110510
고등학교,사립,11110510
유치원,사립,11110520
유치원,사립,11110520
유치원,사립,11110520
유치원,사립,11110520
초등학교,공립,11110520
초등학교,공립,11110520
중학교,공립,11110520
중학교,공립,11110520
중학교,사립,11110520
고등학교,공립,11110520
고등학교,사립,11110520
고등학교,사립,11110520
고등학교,사립,11110520
유치원,사립,11110520
유치원,사립,11110520
유치원,사립,11110520
유치원,사립,11110520
초등학교,공립,11110520
초등학교,공립,11110520
중학교,공립,11110520
중학교,공립,11110520
중학교,사립,11110520
고등학교,공립,11110520
고등학교,사립,11110520
고등학교,사립,11110520
고등학교,사립,11110520
유치원,사립,11110520
유치원,사립,11110520
유치원,사립,11110520
유치원,사립,11110520
초등학교,공립,11110520
초등학교,공립,11110520
중학교,공립,11110520
중학교,공립,11110520
중학교,사립,11110520
고등학교,공립,11110520
고등학교,사립,11110520
고등학교,사립,11110520
고등학교,사립,11110520
유치원,사립,11110520
유치원,사립,11110520
유치원,사립,11110520
유치원,사립,11110520
초등학교,공립,11110520
초등학교,공립,11110520
중학교,공립,11110520
중학교,공립,11110520
중학교,사립,11110520
고등학교,공립,11110520
고등학교,사립,11110520
고등학교,사립,11110520
고등학교,사립,11110520
유치원,사립,11110520
유치원,사립,11110520
유치원,사립,11110520
유치원,사립,11110520
초등학교,공립,11110520
초등학교,공립,11110520
중학교,공립,11110520
중학교,공립,11110520
중학교,사립,11110520
고등학교,공립,11110520
고등학교,사립,11110520
고등학교,사립,11110520
고등학교,사립,11110520
유치원,사립,11110520
유치원,사립,11110520
유치원,사립,11110520
유치원,사립,11110520
초등학교,공립,11110520
초등학교,공립,11110520
중학교,공립,11110520
중학교,공립,11110520
중학교,사립,11110520
고등학교,공립,11110520
고등학교,사립,11110520
고등학교,사립,11110520
고등학교,사립,11110520
유치원,사립,11110520
유치원,사립,11110520
유치원,사립,11110520
유치원,사립,11110520
초등학교,공립,11110520
초등학교,공립,11110520
중학교,공립,11110520
중학교,공립,11110520
중학교,사립,11110520
고등학교,공립,11110520
고등학교,사립,11110520
고등학교,사립,11110520
고등학교,사립,11110520
유치원,사립,11110520
유치원,사립,11110520
유치원,사립,11110520
유치원,사립,11110520
초등학교,공립,11110520
초등학교,공립,11110520
중학교,공립,11110520
중학교,공립,11110520
중학교,사립,11110520
고등학교,공립,11110520
고등학교,사립,11110520
고등학교,사립,11110520
고등학교,사립,11110520
유치원,사립,11110520
유치원,사립,11110520
유치원,사립,11110520
유치원,사립,11110520
초등학교,공립,11110520
초등학교,공립,11110520
중학교,공립,11110520
중학교,공립,11110520
중학교,사립,11110520
고등학교,공립,11110520
고등학교,사립,11110520
고등학교,사립,11110520
고등학교,사립,11110520
유치원,사립,11110520
유치원,사립,11110520
유치원,사립,11110520
유치원,사립,11110520
초등학교,공립,11110520
초등학교,공립,11110520
중학교,공립,11110520
중학교,공립,11110520
중학교,사립,11110520
고등학교,공립,11110520
고등학교,사립,11110520
고등학교,사립,11110520
고등학교,사립,11110520
유치원,공립,11110520
유치원,사립,11110520
유치원,사립,11110520
유치원,사립,11110520
유치원,사립,11110520
초등학교,공립,11110520
초등학교,공립,11110520
중학교,공립,11110520
중학교,공립,11110520
중학교,사립,11110520
고등학교,공립,11110520
고등학교,사립,11110520
고등학교,사립,11110520
고등학교,사립,11110520
유치원,공립,11110520
유치원,사립,11110520
유치원,사립,11110520
유치원,사립,11110520
초등학교,공립,11110520
초등학교,공립,11110520
중학교,공립,11110520
중학교,공립,11110520
중학교,사립,11110520
고등학교,공립,11110520
고등학교,사립,11110520
고등학교,사립,11110520
고등학교,사립,11110520
유치원,사립,11110530
유치원,사립,11110530
유치원,사립,11110530
유치원,사립,11110530
초등학교,공립,11110530
초등학교,공립,11110530
초등학교,공립,11110530
중학교,공립,11110530
유치원,사립,11110530
유치원,사립,11110530
유치원,사립,11110530
유치원,사립,11110530
초등학교,공립,11110530
초등학교,공립,11110530
초등학교,공립,11110530
중학교,공립,11110530
유치원,사립,11110530
유치원,사립,11110530
유치원,사립,11110530
유치원,사립,11110530
초등학교,공립,11110530
초등학교,공립,11110530
초등학교,공립,11110530
중학교,공립,11110530
유치원,사립,11110530
유치원,사립,11110530
유치원,사립,11110530
유치원,사립,11110530
초등학교,공립,11110530
초등학교,공립,11110530
초등학교,공립,11110530
중학교,공립,11110530
유치원,사립,11110530
유치원,사립,11110530
유치원,사립,11110530
유치원,사립,11110530
초등학교,공립,11110530
초등학교,공립,11110530
초등학교,공립,11110530
중학교,공립,11110530
유치원,사립,11110530
유치원,사립,11110530
유치원,사립,11110530
유치원,사립,11110530
초등학교,공립,11110530
초등학교,공립,11110530
초등학교,공립,11110530
중학교,공립,11110530
유치원,공립,11110530
유치원,사립,11110530
유치원,사립,11110530
유치원,사립,11110530
초등학교,공립,11110530
초등학교,공립,11110530
초등학교,공립,11110530
중학교,공립,11110530
유치원,공립,11110530
유치원,사립,11110530
유치원,사립,11110530
유치원,사립,11110530
초등학교,공립,11110530
초등학교,공립,11110530
초등학교,공립,11110530
중학교,공립,11110530
유치원,공립,11110530
유치원,사립,11110530
유치원,사립,11110530
유치원,사립,11110530
초등학교,공립,11110530
초등학교,공립,11110530
초등학교,공립,11110530
중학교,공립,11110530
유치원,공립,11110530
유치원,사립,11110530
유치원,사립,11110530
유치원,사립,11110530
초등학교,공립,11110530
초등학교,공립,11110530
초등학교,공립,11110530
중학교,공립,11110530
유치원,공립,11110530
유치원,사립,11110530
유치원,사립,11110530
유치원,사립,11110530
초등학교,공립,11110530
초등학교,공립,11110530
초등학교,공립,11110530
중학교,공립,11110530
유치원,공립,11110530
유치원,사립,11110530
유치원,사립,11110530
유치원,사립,11110530
초등학교,공립,11110530
초등학교,공립,11110530
초등학교,공립,11110530
중학교,공립,11110530
유치원,공립,11110560
유치원,사립,11110560
유치원,사립,11110560
유치원,사립,11110560
유치원,사립,11110560
유치원,사립,11110560
유치원,사립,11110560
유치원,사립,11110560
유치원,사립,11110560
초등학교,공립,11110560
초등학교,공립,11110560
초등학교,사립,11110560
초등학교,사립,11110560
중학교,공립,11110560
중학교,공립,11110560
중학교,공립,11110560
고등학교,사립,11110560
고등학교,사립,11110560
각종학교,사립,11110560
유치원,공립,11110560
유치원,사립,11110560
유치원,사립,11110560
유치원,사립,11110560
유치원,사립,11110560
유치원,사립,11110560
유치원,사립,11110560
유치원,사립,11110560
유치원,사립,11110560
초등학교,공립,11110560
초등학교,공립,11110560
초등학교,사립,11110560
초등학교,사립,11110560
중학교,공립,11110560
중학교,공립,11110560
중학교,공립,11110560
고등학교,사립,11110560
고등학교,사립,11110560
각종학교,사립,11110560
유치원,공립,11110560
유치원,사립,11110560
유치원,사립,11110560
유치원,사립,11110560
유치원,사립,11110560
유치원,사립,11110560
유치원,사립,11110560
유치원,사립,11110560
유치원,사립,11110560
초등학교,공립,11110560
초등학교,공립,11110560
초등학교,사립,11110560
초등학교,사립,11110560
중학교,공립,11110560
중학교,공립,11110560
중학교,공립,11110560
고등학교,사립,11110560
고등학교,사립,11110560
각종학교,사립,11110560
유치원,공립,11110560
유치원,사립,11110560
유치원,사립,11110560
유치원,사립,11110560
유치원,사립,11110560
유치원,사립,11110560
유치원,사립,11110560
유치원,사립,11110560
유치원,사립,11110560
초등학교,공립,11110560
초등학교,공립,11110560
초등학교,사립,11110560
초등학교,사립,11110560
중학교,공립,11110560
중학교,공립,11110560
중학교,공립,11110560
고등학교,사립,11110560
고등학교,사립,11110560
각종학교,사립,11110560
유치원,공립,11110560
유치원,사립,11110560
유치원,사립,11110560
유치원,사립,11110560
유치원,사립,11110560
유치원,사립,11110560
유치원,사립,11110560
유치원,사립,11110560
유치원,사립,11110560
초등학교,공립,11110560
초등학교,공립,11110560
초등학교,사립,11110560
초등학교,사립,11110560
중학교,공립,11110560
중학교,공립,11110560
중학교,공립,11110560
고등학교,사립,11110560
고등학교,사립,11110560
각종학교,사립,11110560
유치원,공립,11110560
유치원,사립,11110560
유치원,사립,11110560
유치원,사립,11110560
유치원,사립,11110560
유치원,사립,11110560
유치원,사립,11110560
유치원,사립,11110560
유치원,사립,11110560
초등학교,공립,11110560
초등학교,공립,11110560
초등학교,사립,11110560
초등학교,사립,11110560
중학교,공립,11110560
중학교,공립,11110560
중학교,공립,11110560
고등학교,사립,11110560
고등학교,사립,11110560
각종학교,사립,11110560
유치원,공립,11110560
유치원,사립,11110560
유치원,사립,11110560
유치원,사립,11110560
유치원,사립,11110560
유치원,사립,11110560
유치원,사립,11110560
유치원,사립,11110560
초등학교,공립,11110560
초등학교,공립,11110560
초등학교,사립,11110560
초등학교,사립,11110560
중학교,공립,11110560
중학교,공립,11110560
중학교,공립,11110560
고등학교,사립,11110560
고등학교,사립,11110560
각종학교,사립,11110560
유치원,공립,11110560
유치원,사립,11110560
유치원,사립,11110560
유치원,사립,11110560
유치원,사립,11110560
유치원,사립,11110560
유치원,사립,11110560
유치원,사립,11110560
초등학교,공립,11110560
초등학교,공립,11110560
초등학교,사립,11110560
초등학교,사립,11110560
중학교,공립,11110560
중학교,공립,11110560
중학교,공립,11110560
고등학교,사립,11110560
고등학교,사립,11110560
각종학교,사립,11110560
유치원,공립,11110560
유치원,공립,11110560
유치원,사립,11110560
유치원,사립,11110560
유치원,사립,11110560
유치원,사립,11110560
유치원,사립,11110560
유치원,사립,11110560
유치원,사립,11110560
초등학교,공립,11110560
초등학교,공립,11110560
초등학교,사립,11110560
초등학교,사립,11110560
중학교,공립,11110560
중학교,공립,11110560
중학교,공립,11110560
고등학교,사립,11110560
고등학교,사립,11110560
각종학교,사립,11110560
유치원,공립,11110560
유치원,공립,11110560
유치원,사립,11110560
유치원,사립,11110560
유치원,사립,11110560
유치원,사립,11110560
유치원,사립,11110560
유치원,사립,11110560
유치원,사립,11110560
초등학교,공립,11110560
초등학교,공립,11110560
초등학교,사립,11110560
초등학교,사립,11110560
중학교,공립,11110560
중학교,공립,11110560
중학교,공립,11110560
고등학교,사립,11110560
고등학교,사립,11110560
각종학교,사립,11110560
유치원,공립,11110560
유치원,공립,11110560
유치원,사립,11110560
유치원,사립,11110560
유치원,사립,11110560
유치원,사립,11110560
유치원,사립,11110560
유치원,사립,11110560
유치원,사립,11110560
초등학교,공립,11110560
초등학교,공립,11110560
초등학교,사립,11110560
초등학교,사립,11110560
중학교,공립,11110560
중학교,공립,11110560
중학교,공립,11110560
고등학교,사립,11110560
고등학교,사립,11110560
각종학교,사립,11110560
유치원,공립,11110560
유치원,공립,11110560
유치원,사립,11110560
유치원,사립,11110560
유치원,사립,11110560
유치원,사립,11110560
유치원,사립,11110560
초등학교,공립,11110560
초등학교,공립,11110560
초등학교,사립,11110560
초등학교,사립,11110560
중학교,공립,11110560
중학교,공립,11110560
중학교,공립,11110560
고등학교,사립,11110560
고등학교,사립,11110560
각종학교,사립,11110560
유치원,공립,11110580
유치원,사립,11110580
유치원,사립,11110580
유치원,사립,11110580
초등학교,공립,11110580
중학교,공립,11110580
중학교,공립,11110580
고등학교,공립,11110580
고등학교,사립,11110580
고등학교,사립,11110580
특수학교,공립,11110580
특수학교,사립,11110580
유치원,공립,11110580
유치원,사립,11110580
유치원,사립,11110580
유치원,사립,11110580
초등학교,공립,11110580
중학교,공립,11110580
중학교,공립,11110580
고등학교,공립,11110580
고등학교,사립,11110580
고등학교,사립,11110580
특수학교,공립,11110580
특수학교,사립,11110580
유치원,공립,11110580
유치원,사립,11110580
유치원,사립,11110580
유치원,사립,11110580
초등학교,공립,11110580
중학교,공립,11110580
중학교,공립,11110580
고등학교,공립,11110580
고등학교,사립,11110580
고등학교,사립,11110580
특수학교,공립,11110580
특수학교,사립,11110580
유치원,공립,11110580
유치원,사립,11110580
유치원,사립,11110580
유치원,사립,11110580
초등학교,공립,11110580
중학교,공립,11110580
중학교,공립,11110580
고등학교,공립,11110580
고등학교,사립,11110580
고등학교,사립,11110580
특수학교,공립,11110580
특수학교,사립,11110580
유치원,공립,11110580
유치원,사립,11110580
유치원,사립,11110580
유치원,사립,11110580
초등학교,공립,11110580
중학교,공립,11110580
중학교,공립,11110580
고등학교,공립,11110580
고등학교,사립,11110580
고등학교,사립,11110580
특수학교,공립,11110580
특수학교,사립,11110580
유치원,공립,11110580
유치원,사립,11110580
유치원,사립,11110580
유치원,사립,11110580
초등학교,공립,11110580
중학교,공립,11110580
중학교,공립,11110580
고등학교,공립,11110580
고등학교,사립,11110580
고등학교,사립,11110580
특수학교,공립,11110580
특수학교,사립,11110580
유치원,공립,11110580
유치원,사립,11110580
유치원,사립,11110580
초등학교,공립,11110580
중학교,공립,11110580
중학교,공립,11110580
고등학교,공립,11110580
고등학교,사립,11110580
고등학교,사립,11110580
특수학교,공립,11110580
특수학교,사립,11110580
유치원,공립,11110580
유치원,사립,11110580
유치원,사립,11110580
초등학교,공립,11110580
중학교,공립,11110580
중학교,공립,11110580
고등학교,공립,11110580
고등학교,사립,11110580
고등학교,사립,11110580
특수학교,공립,11110580
특수학교,사립,11110580
유치원,공립,11110580
유치원,사립,11110580
유치원,사립,11110580
초등학교,공립,11110580
중학교,공립,11110580
중학교,공립,11110580
고등학교,공립,11110580
고등학교,사립,11110580
고등학교,사립,11110580
특수학교,공립,11110580
특수학교,사립,11110580
유치원,공립,11110580
유치원,사립,11110580
유치원,사립,11110580
초등학교,공립,11110580
중학교,공립,11110580
중학교,공립,11110580
고등학교,공립,11110580
고등학교,사립,11110580
고등학교,사립,11110580
특수학교,공립,11110580
특수학교,사립,11110580
유치원,공립,11110580
유치원,사립,11110580
유치원,사립,11110580
초등학교,공립,11110580
중학교,공립,11110580
중학교,공립,11110580
고등학교,공립,11110580
고등학교,사립,11110580
고등학교,사립,11110580
특수학교,공립,11110580
특수학교,사립,11110580
유치원,공립,11110580
유치원,사립,11110580
유치원,사립,11110580
초등학교,공립,11110580
중학교,공립,11110580
중학교,공립,11110580
고등학교,공립,11110580
고등학교,사립,11110580
고등학교,사립,11110580
특수학교,공립,11110580
특수학교,사립,11110580
유치원,사립,11110590
유치원,사립,11110590
초등학교,공립,11110590
초등학교,공립,11110590
중학교,공립,11110590
유치원,사립,11110590
유치원,사립,11110590
초등학교,공립,11110590
초등학교,공립,11110590
중학교,공립,11110590
유치원,사립,11110590
유치원,사립,11110590
초등학교,공립,11110590
초등학교,공립,11110590
중학교,공립,11110590
유치원,사립,11110590
유치원,사립,11110590
초등학교,공립,11110590
초등학교,공립,11110590
중학교,공립,11110590
유치원,사립,11110590
유치원,사립,11110590
초등학교,공립,11110590
초등학교,공립,11110590
중학교,공립,11110590
유치원,사립,11110590
유치원,사립,11110590
초등학교,공립,11110590
초등학교,공립,11110590
중학교,공립,11110590
유치원,사립,11110590
유치원,사립,11110590
초등학교,공립,11110590
초등학교,공립,11110590
중학교,공립,11110590
유치원,사립,11110590
유치원,사립,11110590
초등학교,공립,11110590
초등학교,공립,11110590
중학교,공립,11110590
유치원,사립,11110590
유치원,사립,11110590
초등학교,공립,11110590
초등학교,공립,11110590
중학교,공립,11110590
유치원,사립,11110590
유치원,사립,11110590
초등학교,공립,11110590
초등학교,공립,11110590
중학교,공립,11110590
유치원,사립,11110590
유치원,사립,11110590
초등학교,공립,11110590
초등학교,공립,11110590
중학교,공립,11110590
유치원,사립,11110590
초등학교,공립,11110590
초등학교,공립,11110590
중학교,공립,11110590
유치원,공립,11110600
유치원,사립,11110600
유치원,사립,11110600
초등학교,공립,11110600
초등학교,공립,11110600
고등학교,공립,11110600
고등학교,사립,11110600
고등학교,사립,11110600
유치원,공립,11110600
유치원,사립,11110600
유치원,사립,11110600
초등학교,공립,11110600
초등학교,공립,11110600
고등학교,공립,11110600
고등학교,사립,11110600
고등학교,사립,11110600
유치원,공립,11110600
유치원,사립,11110600
유치원,사립,11110600
초등학교,공립,11110600
초등학교,공립,11110600
고등학교,공립,11110600
고등학교,사립,11110600
고등학교,사립,11110600
유치원,공립,11110600
유치원,사립,11110600
유치원,사립,11110600
초등학교,공립,11110600
초등학교,공립,11110600
고등학교,공립,11110600
고등학교,사립,11110600
고등학교,사립,11110600
유치원,공립,11110600
유치원,사립,11110600
유치원,사립,11110600
초등학교,공립,11110600
초등학교,공립,11110600
고등학교,공립,11110600
고등학교,사립,11110600
고등학교,사립,11110600
유치원,공립,11110600
유치원,사립,11110600
유치원,사립,11110600
초등학교,공립,11110600
초등학교,공립,11110600
고등학교,공립,11110600
고등학교,사립,11110600
고등학교,사립,11110600
유치원,공립,11110600
유치원,사립,11110600
유치원,사립,11110600
초등학교,공립,11110600
초등학교,공립,11110600
고등학교,공립,11110600
고등학교,사립,11110600
고등학교,사립,11110600
유치원,공립,11110600
유치원,사립,11110600
유치원,사립,11110600
초등학교,공립,11110600
초등학교,공립,11110600
고등학교,공립,11110600
고등학교,사립,11110600
고등학교,사립,11110600
유치원,공립,11110600
유치원,사립,11110600
유치원,사립,11110600
초등학교,공립,11110600
초등학교,공립,11110600
고등학교,공립,11110600
고등학교,사립,11110600
고등학교,사립,11110600
유치원,공립,11110600
유치원,사립,11110600
유치원,사립,11110600
초등학교,공립,11110600
초등학교,공립,11110600
고등학교,공립,11110600
고등학교,사립,11110600
고등학교,사립,11110600
유치원,공립,11110600
유치원,사립,11110600
유치원,사립,11110600
초등학교,공립,11110600
초등학교,공립,11110600
고등학교,공립,11110600
고등학교,사립,11110600
고등학교,사립,11110600
유치원,공립,11110600
유치원,사립,11110600
유치원,사립,11110600
초등학교,공립,11110600
초등학교,공립,11110600
고등학교,공립,11110600
고등학교,사립,11110600
고등학교,사립,11110600
유치원,사립,11110610
유치원,사립,11110610
초등학교,공립,11110610
초등학교,공립,11110610
중학교,공립,11110610
고등학교,사립,11110610
고등기술학교,사립,11110610
유치원,사립,11110610
유치원,사립,11110610
초등학교,공립,11110610
초등학교,공립,11110610
중학교,공립,11110610
고등학교,사립,11110610
고등기술학교,사립,11110610
유치원,사립,11110610
유치원,사립,11110610
초등학교,공립,11110610
초등학교,공립,11110610
중학교,공립,11110610
고등학교,사립,11110610
고등기술학교,사립,11110610
유치원,사립,11110610
유치원,사립,11110610
초등학교,공립,11110610
초등학교,공립,11110610
중학교,공립,11110610
고등학교,사립,11110610
고등기술학교,사립,11110610
유치원,사립,11110610
유치원,사립,11110610
초등학교,공립,11110610
초등학교,공립,11110610
중학교,공립,11110610
고등학교,사립,11110610
고등기술학교,사립,11110610
평생학교,사립,11110610
유치원,사립,11110610
유치원,사립,11110610
초등학교,공립,11110610
초등학교,공립,11110610
중학교,공립,11110610
고등학교,사립,11110610
고등기술학교,사립,11110610
평생학교,사립,11110610
유치원,사립,11110610
유치원,사립,11110610
초등학교,공립,11110610
초등학교,공립,11110610
중학교,공립,11110610
고등학교,사립,11110610
고등기술학교,사립,11110610
평생학교,사립,11110610
유치원,사립,11110610
초등학교,공립,11110610
초등학교,공립,11110610
중학교,공립,11110610
고등학교,사립,11110610
고등기술학교,사립,11110610
평생학교,사립,11110610
유치원,사립,11110610
초등학교,공립,11110610
초등학교,공립,11110610
중학교,공립,11110610
고등학교,사립,11110610
고등기술학교,사립,11110610
평생학교,사립,11110610
유치원,사립,11110610
초등학교,공립,11110610
초등학교,공립,11110610
중학교,공립,11110610
고등학교,사립,11110610
고등기술학교,사립,11110610
유치원,사립,11110610
초등학교,공립,11110610
초등학교,공립,11110610
중학교,공립,11110610
고등학교,사립,11110610
고등기술학교,사립,11110610
유치원,사립,11110610
초등학교,공립,11110610
초등학교,공립,11110610
중학교,공립,11110610
고등학교,사립,11110610
유치원,사립,11110640
유치원,사립,11110640
유치원,사립,11110640
초등학교,공립,11110640
중학교,공립,11110640
중학교,공립,11110640
중학교,사립,11110640
고등학교,사립,11110640
고등학교,사립,11110640
유치원,사립,11110640
유치원,사립,11110640
유치원,사립,11110640
초등학교,공립,11110640
중학교,공립,11110640
중학교,공립,11110640
중학교,사립,11110640
고등학교,사립,11110640
고등학교,사립,11110640
유치원,사립,11110640
유치원,사립,11110640
유치원,사립,11110640
초등학교,공립,11110640
중학교,공립,11110640
중학교,공립,11110640
중학교,사립,11110640
고등학교,사립,11110640
고등학교,사립,11110640
유치원,사립,11110640
유치원,사립,11110640
유치원,사립,11110640
초등학교,공립,11110640
중학교,공립,11110640
중학교,공립,11110640
중학교,사립,11110640
고등학교,사립,11110640
고등학교,사립,11110640
유치원,사립,11110640
유치원,사립,11110640
유치원,사립,11110640
초등학교,공립,11110640
중학교,공립,11110640
중학교,공립,11110640
중학교,사립,11110640
고등학교,사립,11110640
고등학교,사립,11110640
유치원,사립,11110640
유치원,사립,11110640
유치원,사립,11110640
초등학교,공립,11110640
중학교,공립,11110640
중학교,공립,11110640
중학교,사립,11110640
고등학교,사립,11110640
고등학교,사립,11110640
유치원,사립,11110640
유치원,사립,11110640
유치원,사립,11110640
초등학교,공립,11110640
중학교,공립,11110640
중학교,공립,11110640
중학교,사립,11110640
고등학교,사립,11110640
고등학교,사립,11110640
유치원,사립,11110640
유치원,사립,11110640
초등학교,공립,11110640
중학교,공립,11110640
중학교,공립,11110640
중학교,사립,11110640
고등학교,사립,11110640
고등학교,사립,11110640
유치원,사립,11110640
유치원,사립,11110640
초등학교,공립,11110640
중학교,공립,11110640
중학교,공립,11110640
중학교,사립,11110640
고등학교,사립,11110640
고등학교,사립,11110640
유치원,사립,11110640
유치원,사립,11110640
초등학교,공립,11110640
중학교,공립,11110640
중학교,공립,11110640
중학교,사립,11110640
고등학교,사립,11110640
고등학교,사립,11110640
유치원,사립,11110640
유치원,사립,11110640
초등학교,공립,11110640
중학교,공립,11110640
중학교,공립,11110640
중학교,사립,11110640
고등학교,사립,11110640
고등학교,사립,11110640
유치원,사립,11110640
초등학교,공립,11110640
중학교,공립,11110640
중학교,공립,11110640
중학교,사립,11110640
고등학교,사립,11110640
고등학교,사립,11110640
유치원,공립,11110650
유치원,공립,11110650
유치원,사립,11110650
유치원,사립,11110650
유치원,사립,11110650
초등학교,공립,11110650
초등학교,공립,11110650
초등학교,공립,11110650
중학교,공립,11110650
중학교,공립,11110650
고등학교,공립,11110650
유치원,공립,11110650
유치원,공립,11110650
유치원,사립,11110650
유치원,사립,11110650
유치원,사립,11110650
초등학교,공립,11110650
초등학교,공립,11110650
초등학교,공립,11110650
중학교,공립,11110650
중학교,공립,11110650
고등학교,공립,11110650
유치원,공립,11110650
유치원,공립,11110650
유치원,사립,11110650
유치원,사립,11110650
초등학교,공립,11110650
초등학교,공립,11110650
초등학교,공립,11110650
중학교,공립,11110650
중학교,공립,11110650
고등학교,공립,11110650
유치원,공립,11110650
유치원,공립,11110650
유치원,사립,11110650
유치원,사립,11110650
초등학교,공립,11110650
초등학교,공립,11110650
초등학교,공립,11110650
중학교,공립,11110650
중학교,공립,11110650
고등학교,공립,11110650
유치원,공립,11110650
유치원,공립,11110650
유치원,사립,11110650
유치원,사립,11110650
초등학교,공립,11110650
초등학교,공립,11110650
초등학교,공립,11110650
중학교,공립,11110650
중학교,공립,11110650
고등학교,공립,11110650
유치원,공립,11110650
유치원,공립,11110650
유치원,사립,11110650
유치원,사립,11110650
초등학교,공립,11110650
초등학교,공립,11110650
초등학교,공립,11110650
중학교,공립,11110650
중학교,공립,11110650
고등학교,공립,11110650
유치원,공립,11110650
유치원,공립,11110650
유치원,공립,11110650
유치원,사립,11110650
초등학교,공립,11110650
초등학교,공립,11110650
초등학교,공립,11110650
중학교,공립,11110650
중학교,공립,11110650
고등학교,공립,11110650
유치원,공립,11110650
유치원,공립,11110650
유치원,공립,11110650
유치원,사립,11110650
초등학교,공립,11110650
초등학교,공립,11110650
초등학교,공립,11110650
중학교,공립,11110650
중학교,공립,11110650
고등학교,공립,11110650
유치원,공립,11110650
유치원,공립,11110650
유치원,공립,11110650
유치원,사립,11110650
초등학교,공립,11110650
초등학교,공립,11110650
초등학교,공립,11110650
중학교,공립,11110650
중학교,공립,11110650
고등학교,공립,11110650
유치원,공립,11110650
유치원,공립,11110650
유치원,공립,11110650
유치원,사립,11110650
초등학교,공립,11110650
초등학교,공립,11110650
초등학교,공립,11110650
중학교,공립,11110650
중학교,공립,11110650
고등학교,공립,11110650
유치원,공립,11110650
유치원,공립,11110650
유치원,공립,11110650
유치원,사립,11110650
초등학교,공립,11110650
초등학교,공립,11110650
초등학교,공립,11110650
중학교,공립,11110650
중학교,공립,11110650
고등학교,공립,11110650
유치원,공립,11110650
유치원,공립,11110650
유치원,공립,11110650
유치원,사립,11110650
초등학교,공립,11110650
초등학교,공립,11110650
초등학교,공립,11110650
중학교,공립,11110650
중학교,공립,11110650
고등학교,공립,11110650
유치원,사립,11110660
유치원,사립,11110660
초등학교,공립,11110660
중학교,공립,11110660
유치원,사립,11110660
유치원,사립,11110660
초등학교,공립,11110660
중학교,공립,11110660
유치원,사립,11110660
유치원,사립,11110660
초등학교,공립,11110660
중학교,공립,11110660
유치원,공립,11110660
유치원,사립,11110660
유치원,사립,11110660
초등학교,공립,11110660
중학교,공립,11110660
유치원,공립,11110660
유치원,사립,11110660
유치원,사립,11110660
초등학교,공립,11110660
중학교,공립,11110660
유치원,공립,11110660
유치원,사립,11110660
초등학교,공립,11110660
중학교,공립,11110660
유치원,공립,11110660
유치원,사립,11110660
초등학교,공립,11110660
중학교,공립,11110660
유치원,공립,11110660
초등학교,공립,11110660
중학교,공립,11110660
유치원,공립,11110660
초등학교,공립,11110660
중학교,공립,11110660
유치원,공립,11110660
초등학교,공립,11110660
중학교,공립,11110660
유치원,공립,11110660
초등학교,공립,11110660
중학교,공립,11110660
유치원,공립,11110660
초등학교,공립,11110660
중학교,공립,11110660
초등학교,공립,11110690
초등학교,공립,11110690
초등학교,공립,11110690
초등학교,공립,11110690
초등학교,공립,11110690
초등학교,공립,11110690
초등학교,공립,11110690
유치원,공립,11110690
초등학교,공립,11110690
유치원,공립,11110690
초등학교,공립,11110690
유치원,공립,11110690
초등학교,공립,11110690
유치원,공립,11110690
초등학교,공립,11110690
유치원,공립,11110690
초등학교,공립,11110690
유치원,공립,11110720
유치원,공립,11110720
유치원,사립,11110720
유치원,사립,11110720
초등학교,공립,11110720
초등학교,공립,11110720
중학교,공립,11110720
고등학교,공립,11110720
유치원,공립,11110720
유치원,공립,11110720
유치원,사립,11110720
유치원,사립,11110720
초등학교,공립,11110720
초등학교,공립,11110720
중학교,공립,11110720
고등학교,공립,11110720
유치원,공립,11110720
유치원,공립,11110720
유치원,사립,11110720
유치원,사립,11110720
초등학교,공립,11110720
초등학교,공립,11110720
중학교,공립,11110720
고등학교,공립,11110720
유치원,공립,11110720
유치원,공립,11110720
유치원,사립,11110720
유치원,사립,11110720
초등학교,공립,11110720
초등학교,공립,11110720
중학교,공립,11110720
고등학교,공립,11110720
유치원,공립,11110720
유치원,공립,11110720
유치원,사립,11110720
유치원,사립,11110720
초등학교,공립,11110720
초등학교,공립,11110720
중학교,공립,11110720
고등학교,공립,11110720
유치원,공립,11110720
유치원,공립,11110720
유치원,사립,11110720
유치원,사립,11110720
초등학교,공립,11110720
초등학교,공립,11110720
중학교,공립,11110720
고등학교,공립,11110720
유치원,공립,11110720
유치원,공립,11110720
유치원,사립,11110720
유치원,사립,11110720
초등학교,공립,11110720
초등학교,공립,11110720
중학교,공립,11110720
고등학교,공립,11110720
유치원,공립,11110720
유치원,공립,11110720
유치원,사립,11110720
유치원,사립,11110720
초등학교,공립,11110720
초등학교,공립,11110720
중학교,공립,11110720
고등학교,공립,11110720
유치원,공립,11110720
유치원,공립,11110720
유치원,사립,11110720
유치원,사립,11110720
초등학교,공립,11110720
초등학교,공립,11110720
중학교,공립,11110720
고등학교,공립,11110720
유치원,공립,11110720
유치원,공립,11110720
유치원,사립,11110720
유치원,사립,11110720
초등학교,공립,11110720
초등학교,공립,11110720
중학교,공립,11110720
고등학교,공립,11110720
유치원,공립,11110720
유치원,공립,11110720
유치원,사립,11110720
유치원,사립,11110720
초등학교,공립,11110720
초등학교,공립,11110720
중학교,공립,11110720
고등학교,공립,11110720
유치원,공립,11110720
유치원,공립,11110720
유치원,사립,11110720
유치원,사립,11110720
초등학교,공립,11110720
초등학교,공립,11110720
중학교,공립,11110720
고등학교,공립,11110720
유치원,사립,11110730
유치원,사립,11110730
유치원,사립,11110730
유치원,사립,11110730
초등학교,공립,11110730
초등학교,공립,11110730
초등학교,사립,11110730
중학교,공립,11110730
중학교,사립,11110730
고등학교,사립,11110730
고등학교,사립,11110730
유치원,사립,11110730
유치원,사립,11110730
유치원,사립,11110730
초등학교,공립,11110730
초등학교,공립,11110730
초등학교,사립,11110730
중학교,공립,11110730
중학교,사립,11110730
고등학교,사립,11110730
고등학교,사립,11110730
유치원,사립,11110730
유치원,사립,11110730
초등학교,공립,11110730
초등학교,공립,11110730
초등학교,사립,11110730
중학교,공립,11110730
중학교,사립,11110730
고등학교,사립,11110730
고등학교,사립,11110730
유치원,사립,11110730
유치원,사립,11110730
초등학교,공립,11110730
초등학교,공립,11110730
초등학교,사립,11110730
중학교,공립,11110730
중학교,사립,11110730
고등학교,사립,11110730
고등학교,사립,11110730
유치원,사립,11110730
유치원,사립,11110730
초등학교,공립,11110730
초등학교,공립,11110730
초등학교,사립,11110730
중학교,공립,11110730
중학교,사립,11110730
고등학교,사립,11110730
고등학교,사립,11110730
유치원,사립,11110730
유치원,사립,11110730
초등학교,공립,11110730
초등학교,공립,11110730
초등학교,사립,11110730
중학교,공립,11110730
중학교,사립,11110730
고등학교,사립,11110730
고등학교,사립,11110730
유치원,사립,11110730
유치원,사립,11110730
초등학교,공립,11110730
초등학교,공립,11110730
초등학교,사립,11110730
중학교,공립,11110730
중학교,사립,11110730
고등학교,사립,11110730
고등학교,사립,11110730
유치원,사립,11110730
유치원,사립,11110730
초등학교,공립,11110730
초등학교,공립,11110730
초등학교,사립,11110730
중학교,공립,11110730
중학교,사립,11110730
고등학교,사립,11110730
고등학교,사립,11110730
유치원,공립,11110730
유치원,사립,11110730
유치원,사립,11110730
초등학교,공립,11110730
초등학교,공립,11110730
초등학교,사립,11110730
중학교,공립,11110730
중학교,사립,11110730
고등학교,사립,11110730
고등학교,사립,11110730
유치원,공립,11110730
유치원,사립,11110730
초등학교,공립,11110730
초등학교,공립,11110730
초등학교,사립,11110730
중학교,공립,11110730
중학교,사립,11110730
고등학교,사립,11110730
고등학교,사립,11110730
유치원,공립,11110730
유치원,사립,11110730
초등학교,공립,11110730
초등학교,공립,11110730
초등학교,사립,11110730
중학교,공립,11110730
중학교,사립,11110730
고등학교,사립,11110730
고등학교,사립,11110730
유치원,공립,11110730
유치원,사립,11110730
초등학교,공립,11110730
초등학교,공립,11110730
초등학교,사립,11110730
중학교,공립,11110730
중학교,사립,11110730
고등학교,사립,11110730
고등학교,사립,11110730
유치원,공립,11110740
유치원,사립,11110740
유치원,사립,11110740
초등학교,공립,11110740
초등학교,공립,11110740
중학교,공립,11110740
고등학교,사립,11110740
유치원,공립,11110740
유치원,사립,11110740
유치원,사립,11110740
초등학교,공립,11110740
초등학교,공립,11110740
중학교,공립,11110740
고등학교,사립,11110740
유치원,공립,11110740
유치원,사립,11110740
유치원,사립,11110740
초등학교,공립,11110740
초등학교,공립,11110740
중학교,공립,11110740
고등학교,사립,11110740
유치원,공립,11110740
유치원,사립,11110740
유치원,사립,11110740
초등학교,공립,11110740
초등학교,공립,11110740
중학교,공립,11110740
고등학교,사립,11110740
유치원,공립,11110740
유치원,사립,11110740
유치원,사립,11110740
초등학교,공립,11110740
초등학교,공립,11110740
중학교,공립,11110740
고등학교,사립,11110740
유치원,공립,11110740
유치원,사립,11110740
유치원,사립,11110740
초등학교,공립,11110740
초등학교,공립,11110740
중학교,공립,11110740
고등학교,사립,11110740
유치원,공립,11110740
유치원,사립,11110740
유치원,사립,11110740
초등학교,공립,11110740
초등학교,공립,11110740
중학교,공립,11110740
고등학교,사립,11110740
유치원,공립,11110740
유치원,사립,11110740
유치원,사립,11110740
초등학교,공립,11110740
초등학교,공립,11110740
중학교,공립,11110740
고등학교,사립,11110740
유치원,공립,11110740
유치원,사립,11110740
유치원,사립,11110740
초등학교,공립,11110740
초등학교,공립,11110740
중학교,공립,11110740
고등학교,사립,11110740
유치원,공립,11110740
유치원,사립,11110740
유치원,사립,11110740
초등학교,공립,11110740
초등학교,공립,11110740
중학교,공립,11110740
고등학교,사립,11110740
유치원,공립,11110740
유치원,사립,11110740
유치원,사립,11110740
초등학교,공립,11110740
초등학교,공립,11110740
중학교,공립,11110740
고등학교,사립,11110740
유치원,공립,11110740
유치원,사립,11110740
유치원,사립,11110740
초등학교,공립,11110740
초등학교,공립,11110740
중학교,공립,11110740
고등학교,사립,11110740
유치원,공립,11110760
유치원,사립,11110760
유치원,사립,11110760
유치원,사립,11110760
초등학교,공립,11110760
초등학교,공립,11110760
유치원,공립,11110760
유치원,사립,11110760
유치원,사립,11110760
유치원,사립,11110760
초등학교,공립,11110760
초등학교,공립,11110760
유치원,공립,11110760
유치원,사립,11110760
유치원,사립,11110760
유치원,사립,11110760
초등학교,공립,11110760
초등학교,공립,11110760
유치원,공립,11110760
유치원,사립,11110760
유치원,사립,11110760
유치원,사립,11110760
초등학교,공립,11110760
초등학교,공립,11110760
유치원,공립,11110760
유치원,사립,11110760
유치원,사립,11110760
유치원,사립,11110760
초등학교,공립,11110760
초등학교,공립,11110760
유치원,공립,11110760
유치원,사립,11110760
유치원,사립,11110760
유치원,사립,11110760
초등학교,공립,11110760
초등학교,공립,11110760
유치원,공립,11110760
유치원,사립,11110760
유치원,사립,11110760
유치원,사립,11110760
초등학교,공립,11110760
초등학교,공립,11110760
유치원,공립,11110760
유치원,사립,11110760
유치원,사립,11110760
유치원,사립,11110760
초등학교,공립,11110760
초등학교,공립,11110760
유치원,공립,11110760
유치원,사립,11110760
유치원,사립,11110760
유치원,사립,11110760
초등학교,공립,11110760
초등학교,공립,11110760
유치원,공립,11110760
유치원,사립,11110760
유치원,사립,11110760
초등학교,공립,11110760
초등학교,공립,11110760
유치원,공립,11110760
유치원,사립,11110760
유치원,사립,11110760
초등학교,공립,11110760
초등학교,공립,11110760
유치원,공립,11110760
유치원,사립,11110760
유치원,사립,11110760
초등학교,공립,11110760
초등학교,공립,11110760
유치원,사립,11110770
유치원,사립,11110770
유치원,사립,11110770
유치원,사립,11110770
초등학교,공립,11110770
초등학교,공립,11110770
초등학교,공립,11110770
중학교,공립,11110770
중학교,공립,11110770
고등학교,공립,11110770
유치원,사립,11110770
유치원,사립,11110770
유치원,사립,11110770
유치원,사립,11110770
초등학교,공립,11110770
초등학교,공립,11110770
초등학교,공립,11110770
중학교,공립,11110770
중학교,공립,11110770
고등학교,공립,11110770
유치원,사립,11110770
유치원,사립,11110770
유치원,사립,11110770
유치원,사립,11110770
초등학교,공립,11110770
초등학교,공립,11110770
초등학교,공립,11110770
중학교,공립,11110770
중학교,공립,11110770
고등학교,공립,11110770
유치원,사립,11110770
유치원,사립,11110770
유치원,사립,11110770
유치원,사립,11110770
초등학교,공립,11110770
초등학교,공립,11110770
초등학교,공립,11110770
중학교,공립,11110770
중학교,공립,11110770
고등학교,공립,11110770
유치원,사립,11110770
유치원,사립,11110770
유치원,사립,11110770
유치원,사립,11110770
초등학교,공립,11110770
초등학교,공립,11110770
초등학교,공립,11110770
중학교,공립,11110770
중학교,공립,11110770
고등학교,공립,11110770
유치원,사립,11110770
유치원,사립,11110770
유치원,사립,11110770
유치원,사립,11110770
초등학교,공립,11110770
초등학교,공립,11110770
초등학교,공립,11110770
중학교,공립,11110770
중학교,공립,11110770
고등학교,공립,11110770
유치원,사립,11110770
유치원,사립,11110770
유치원,사립,11110770
초등학교,공립,11110770
초등학교,공립,11110770
초등학교,공립,11110770
중학교,공립,11110770
중학교,공립,11110770
고등학교,공립,11110770
유치원,공립,11110770
유치원,사립,11110770
초등학교,공립,11110770
초등학교,공립,11110770
초등학교,공립,11110770
중학교,공립,11110770
중학교,공립,11110770
고등학교,공립,11110770
유치원,공립,11110770
유치원,사립,11110770
초등학교,공립,11110770
초등학교,공립,11110770
초등학교,공립,11110770
중학교,공립,11110770
중학교,공립,11110770
고등학교,공립,11110770
유치원,공립,11110770
유치원,사립,11110770
초등학교,공립,11110770
초등학교,공립,11110770
초등학교,공립,11110770
중학교,공립,11110770
중학교,공립,11110770
고등학교,공립,11110770
유치원,공립,11110770
유치원,사립,11110770
초등학교,공립,11110770
초등학교,공립,11110770
초등학교,공립,11110770
중학교,공립,11110770
중학교,공립,11110770
고등학교,공립,11110770
유치원,공립,11110770
초등학교,공립,11110770
초등학교,공립,11110770
초등학교,공립,11110770
중학교,공립,11110770
중학교,공립,11110770
고등학교,공립,11110770
유치원,사립,11110780
유치원,사립,11110780
유치원,사립,11110780
유치원,사립,11110780
초등학교,공립,11110780
초등학교,공립,11110780
초등학교,공립,11110780
초등학교,사립,11110780
중학교,공립,11110780
중학교,사립,11110780
고등학교,사립,11110780
고등학교,사립,11110780
고등학교,사립,11110780
유치원,사립,11110780
유치원,사립,11110780
유치원,사립,11110780
유치원,사립,11110780
초등학교,공립,11110780
초등학교,공립,11110780
초등학교,공립,11110780
초등학교,사립,11110780
중학교,공립,11110780
중학교,사립,11110780
고등학교,사립,11110780
고등학교,사립,11110780
고등학교,사립,11110780
유치원,사립,11110780
유치원,사립,11110780
유치원,사립,11110780
유치원,사립,11110780
초등학교,공립,11110780
초등학교,공립,11110780
초등학교,공립,11110780
초등학교,사립,11110780
중학교,공립,11110780
중학교,사립,11110780
고등학교,사립,11110780
고등학교,사립,11110780
고등학교,사립,11110780
유치원,사립,11110780
유치원,사립,11110780
유치원,사립,11110780
유치원,사립,11110780
초등학교,공립,11110780
초등학교,공립,11110780
초등학교,공립,11110780
초등학교,사립,11110780
중학교,공립,11110780
중학교,사립,11110780
고등학교,사립,11110780
고등학교,사립,11110780
고등학교,사립,11110780
유치원,사립,11110780
유치원,사립,11110780
유치원,사립,11110780
유치원,사립,11110780
초등학교,공립,11110780
초등학교,공립,11110780
초등학교,공립,11110780
초등학교,사립,11110780
중학교,공립,11110780
중학교,사립,11110780
고등학교,사립,11110780
고등학교,사립,11110780
고등학교,사립,11110780
유치원,사립,11110780
유치원,사립,11110780
유치원,사립,11110780
유치원,사립,11110780
초등학교,공립,11110780
초등학교,공립,11110780
초등학교,공립,11110780
초등학교,사립,11110780
중학교,공립,11110780
중학교,사립,11110780
고등학교,사립,11110780
고등학교,사립,11110780
고등학교,사립,11110780
유치원,사립,11110780
유치원,사립,11110780
유치원,사립,11110780
유치원,사립,11110780
초등학교,공립,11110780
초등학교,공립,11110780
초등학교,공립,11110780
초등학교,사립,11110780
중학교,공립,11110780
중학교,사립,11110780
고등학교,사립,11110780
고등학교,사립,11110780
고등학교,사립,11110780
유치원,사립,11110780
유치원,사립,11110780
유치원,사립,11110780
초등학교,공립,11110780
초등학교,공립,11110780
초등학교,공립,11110780
초등학교,사립,11110780
중학교,공립,11110780
중학교,사립,11110780
고등학교,사립,11110780
고등학교,사립,11110780
고등학교,사립,11110780
유치원,공립,11110780
유치원,사립,11110780
유치원,사립,11110780
유치원,사립,11110780
초등학교,공립,11110780
초등학교,공립,11110780
초등학교,공립,11110780
초등학교,사립,11110780
중학교,공립,11110780
중학교,사립,11110780
고등학교,사립,11110780
고등학교,사립,11110780
고등학교,사립,11110780
유치원,공립,11110780
유치원,사립,11110780
유치원,사립,11110780
유치원,사립,11110780
초등학교,공립,11110780
초등학교,공립,11110780
초등학교,공립,11110780
초등학교,사립,11110780
중학교,공립,11110780
중학교,사립,11110780
고등학교,사립,11110780
고등학교,사립,11110780
고등학교,사립,11110780
유치원,공립,11110780
유치원,사립,11110780
유치원,사립,11110780
유치원,사립,11110780
초등학교,공립,11110780
초등학교,공립,11110780
초등학교,공립,11110780
초등학교,사립,11110780
중학교,공립,11110780
중학교,사립,11110780
고등학교,사립,11110780
고등학교,사립,11110780
고등학교,사립,11110780
유치원,공립,11110780
유치원,사립,11110780
유치원,사립,11110780
초등학교,공립,11110780
초등학교,공립,11110780
초등학교,공립,11110780
초등학교,사립,11110780
중학교,공립,11110780
중학교,사립,11110780
고등학교,사립,11110780
고등학교,사립,11110780
고등학교,사립,11110780
유치원,공립,11110790
유치원,사립,11110790
유치원,사립,11110790
유치원,사립,11110790
유치원,사립,11110790
초등학교,공립,11110790
초등학교,공립,11110790
초등학교,공립,11110790
유치원,공립,11110790
유치원,사립,11110790
유치원,사립,11110790
유치원,사립,11110790
유치원,사립,11110790
초등학교,공립,11110790
초등학교,공립,11110790
초등학교,공립,11110790
유치원,공립,11110790
유치원,사립,11110790
유치원,사립,11110790
유치원,사립,11110790
유치원,사립,11110790
초등학교,공립,11110790
초등학교,공립,11110790
초등학교,공립,11110790
유치원,공립,11110790
유치원,사립,11110790
유치원,사립,11110790
유치원,사립,11110790
유치원,사립,11110790
초등학교,공립,11110790
초등학교,공립,11110790
초등학교,공립,11110790
유치원,공립,11110790
유치원,사립,11110790
유치원,사립,11110790
유치원,사립,11110790
유치원,사립,11110790
초등학교,공립,11110790
초등학교,공립,11110790
초등학교,공립,11110790
유치원,공립,11110790
유치원,사립,11110790
유치원,사립,11110790
유치원,사립,11110790
초등학교,공립,11110790
초등학교,공립,11110790
초등학교,공립,11110790
유치원,공립,11110790
유치원,사립,11110790
유치원,사립,11110790
유치원,사립,11110790
초등학교,공립,11110790
초등학교,공립,11110790
초등학교,공립,11110790
유치원,공립,11110790
유치원,사립,11110790
유치원,사립,11110790
유치원,사립,11110790
초등학교,공립,11110790
초등학교,공립,11110790
초등학교,공립,11110790
유치원,공립,11110790
유치원,사립,11110790
유치원,사립,11110790
유치원,사립,11110790
초등학교,공립,11110790
초등학교,공립,11110790
초등학교,공립,11110790
유치원,공립,11110790
유치원,공립,11110790
유치원,사립,11110790
유치원,사립,11110790
유치원,사립,11110790
초등학교,공립,11110790
초등학교,공립,11110790
초등학교,공립,11110790
유치원,공립,11110790
유치원,공립,11110790
유치원,사립,11110790
유치원,사립,11110790
유치원,사립,11110790
초등학교,공립,11110790
초등학교,공립,11110790
초등학교,공립,11110790
유치원,공립,11110790
유치원,공립,11110790
유치원,사립,11110790
유치원,사립,11110790
유치원,사립,11110790
초등학교,공립,11110790
초등학교,공립,11110790
초등학교,공립,11110790
유치원,공립,11120510
유치원,사립,11120510
초등학교,공립,11120510
초등학교,공립,11120510
유치원,공립,11120510
유치원,사립,11120510
초등학교,공립,11120510
초등학교,공립,11120510
유치원,공립,11120510
유치원,사립,11120510
초등학교,공립,11120510
초등학교,공립,11120510
유치원,사립,11120510
유치원,공립,11120510
유치원,사립,11120510
초등학교,공립,11120510
초등학교,공립,11120510
유치원,사립,11120510
유치원,공립,11120510
유치원,사립,11120510
초등학교,공립,11120510
초등학교,공립,11120510
유치원,사립,11120510
유치원,공립,11120510
유치원,공립,11120510
유치원,사립,11120510
초등학교,공립,11120510
초등학교,공립,11120510
초등학교,공립,11120510
유치원,공립,11120510
유치원,공립,11120510
유치원,사립,11120510
유치원,사립,11120510
초등학교,공립,11120510
초등학교,공립,11120510
초등학교,공립,11120510
유치원,공립,11120510
유치원,공립,11120510
유치원,사립,11120510
유치원,사립,11120510
초등학교,공립,11120510
초등학교,공립,11120510
초등학교,공립,11120510
유치원,공립,11120510
유치원,공립,11120510
유치원,사립,11120510
유치원,사립,11120510
초등학교,공립,11120510
초등학교,공립,11120510
초등학교,공립,11120510
유치원,공립,11120510
유치원,공립,11120510
유치원,사립,11120510
유치원,사립,11120510
초등학교,공립,11120510
초등학교,공립,11120510
초등학교,공립,11120510
유치원,공립,11120510
유치원,공립,11120510
유치원,사립,11120510
유치원,사립,11120510
초등학교,공립,11120510
초등학교,공립,11120510
초등학교,공립,11120510
유치원,공립,11120510
유치원,공립,11120510
유치원,사립,11120510
유치원,사립,11120510
초등학교,공립,11120510
초등학교,공립,11120510
초등학교,공립,11120510
유치원,사립,11120520
유치원,사립,11120520
유치원,사립,11120520
유치원,사립,11120520
초등학교,공립,11120520
초등학교,공립,11120520
초등학교,사립,11120520
유치원,사립,11120520
유치원,사립,11120520
유치원,사립,11120520
유치원,사립,11120520
초등학교,공립,11120520
초등학교,공립,11120520
초등학교,사립,11120520
유치원,사립,11120520
유치원,사립,11120520
유치원,사립,11120520
유치원,사립,11120520
초등학교,공립,11120520
초등학교,공립,11120520
초등학교,사립,11120520
유치원,사립,11120520
유치원,사립,11120520
유치원,사립,11120520
유치원,사립,11120520
초등학교,공립,11120520
초등학교,공립,11120520
초등학교,사립,11120520
유치원,사립,11120520
유치원,사립,11120520
유치원,사립,11120520
초등학교,공립,11120520
초등학교,공립,11120520
초등학교,사립,11120520
유치원,사립,11120520
유치원,사립,11120520
유치원,사립,11120520
초등학교,공립,11120520
초등학교,공립,11120520
초등학교,사립,11120520
유치원,사립,11120520
유치원,사립,11120520
유치원,사립,11120520
초등학교,공립,11120520
초등학교,공립,11120520
초등학교,사립,11120520
유치원,사립,11120520
유치원,사립,11120520
유치원,사립,11120520
초등학교,공립,11120520
초등학교,공립,11120520
유치원,공립,11120520
유치원,사립,11120520
유치원,사립,11120520
유치원,사립,11120520
초등학교,공립,11120520
초등학교,공립,11120520
유치원,공립,11120520
유치원,사립,11120520
유치원,사립,11120520
유치원,사립,11120520
초등학교,공립,11120520
초등학교,공립,11120520
유치원,공립,11120520
유치원,사립,11120520
유치원,사립,11120520
유치원,사립,11120520
초등학교,공립,11120520
초등학교,공립,11120520
유치원,공립,11120520
유치원,사립,11120520
유치원,사립,11120520
초등학교,공립,11120520
초등학교,공립,11120520
유치원,사립,11120550
유치원,사립,11120550
유치원,사립,11120550
유치원,사립,11120550
유치원,사립,11120550
유치원,사립,11120550
유치원,사립,11120560
유치원,사립,11120560
유치원,사립,11120560
유치원,사립,11120560
초등학교,공립,11120560
초등학교,사립,11120560
중학교,사립,11120560
중학교,사립,11120560
중학교,사립,11120560
고등학교,사립,11120560
고등학교,사립,11120560
고등학교,사립,11120560
고등학교,사립,11120560
고등학교,사립,11120560
유치원,사립,11120560
유치원,사립,11120560
유치원,사립,11120560
유치원,사립,11120560
초등학교,공립,11120560
초등학교,사립,11120560
중학교,사립,11120560
중학교,사립,11120560
중학교,사립,11120560
고등학교,사립,11120560
고등학교,사립,11120560
고등학교,사립,11120560
고등학교,사립,11120560
고등학교,사립,11120560
유치원,사립,11120560
유치원,사립,11120560
유치원,사립,11120560
유치원,사립,11120560
초등학교,공립,11120560
초등학교,사립,11120560
중학교,사립,11120560
중학교,사립,11120560
중학교,사립,11120560
고등학교,사립,11120560
고등학교,사립,11120560
고등학교,사립,11120560
고등학교,사립,11120560
고등학교,사립,11120560
유치원,사립,11120560
유치원,사립,11120560
유치원,사립,11120560
유치원,사립,11120560
초등학교,공립,11120560
초등학교,사립,11120560
중학교,사립,11120560
중학교,사립,11120560
중학교,사립,11120560
고등학교,사립,11120560
고등학교,사립,11120560
고등학교,사립,11120560
고등학교,사립,11120560
고등학교,사립,11120560
유치원,사립,11120560
유치원,사립,11120560
유치원,사립,11120560
유치원,사립,11120560
초등학교,공립,11120560
초등학교,사립,11120560
중학교,사립,11120560
중학교,사립,11120560
중학교,사립,11120560
고등학교,사립,11120560
고등학교,사립,11120560
고등학교,사립,11120560
고등학교,사립,11120560
고등학교,사립,11120560
유치원,사립,11120560
유치원,사립,11120560
유치원,사립,11120560
유치원,사립,11120560
초등학교,공립,11120560
초등학교,사립,11120560
중학교,사립,11120560
중학교,사립,11120560
중학교,사립,11120560
고등학교,사립,11120560
고등학교,사립,11120560
고등학교,사립,11120560
고등학교,사립,11120560
고등학교,사립,11120560
유치원,사립,11120560
유치원,사립,11120560
유치원,사립,11120560
유치원,사립,11120560
초등학교,공립,11120560
초등학교,사립,11120560
중학교,사립,11120560
중학교,사립,11120560
중학교,사립,11120560
고등학교,사립,11120560
고등학교,사립,11120560
고등학교,사립,11120560
고등학교,사립,11120560
고등학교,사립,11120560
유치원,사립,11120560
유치원,사립,11120560
유치원,사립,11120560
초등학교,공립,11120560
초등학교,사립,11120560
중학교,사립,11120560
중학교,사립,11120560
중학교,사립,11120560
고등학교,사립,11120560
고등학교,사립,11120560
고등학교,사립,11120560
고등학교,사립,11120560
고등학교,사립,11120560
유치원,사립,11120560
유치원,사립,11120560
유치원,사립,11120560
초등학교,공립,11120560
초등학교,사립,11120560
중학교,사립,11120560
중학교,사립,11120560
중학교,사립,11120560
고등학교,사립,11120560
고등학교,사립,11120560
고등학교,사립,11120560
고등학교,사립,11120560
고등학교,사립,11120560
유치원,사립,11120560
유치원,사립,11120560
유치원,사립,11120560
초등학교,공립,11120560
초등학교,사립,11120560
중학교,사립,11120560
중학교,사립,11120560
중학교,사립,11120560
고등학교,사립,11120560
고등학교,사립,11120560
고등학교,사립,11120560
고등학교,사립,11120560
고등학교,사립,11120560
유치원,사립,11120560
유치원,사립,11120560
유치원,사립,11120560
초등학교,공립,11120560
초등학교,사립,11120560
중학교,사립,11120560
중학교,사립,11120560
중학교,사립,11120560
고등학교,사립,11120560
고등학교,사립,11120560
고등학교,사립,11120560
고등학교,사립,11120560
고등학교,사립,11120560
유치원,사립,11120560
유치원,사립,11120560
유치원,사립,11120560
초등학교,공립,11120560
초등학교,사립,11120560
중학교,사립,11120560
중학교,사립,11120560
중학교,사립,11120560
고등학교,사립,11120560
고등학교,사립,11120560
고등학교,사립,11120560
고등학교,사립,11120560
고등학교,사립,11120560
유치원,공립,11120570
유치원,사립,11120570
유치원,사립,11120570
유치원,사립,11120570
초등학교,공립,11120570
초등학교,공립,11120570
초등학교,사립,11120570
중학교,공립,11120570
중학교,공립,11120570
중학교,사립,11120570
고등학교,공립,11120570
고등학교,사립,11120570
고등학교,사립,11120570
특수학교,사립,11120570
유치원,공립,11120570
유치원,사립,11120570
유치원,사립,11120570
유치원,사립,11120570
초등학교,공립,11120570
초등학교,공립,11120570
초등학교,사립,11120570
중학교,공립,11120570
중학교,공립,11120570
중학교,사립,11120570
고등학교,공립,11120570
고등학교,사립,11120570
고등학교,사립,11120570
특수학교,사립,11120570
유치원,공립,11120570
유치원,사립,11120570
유치원,사립,11120570
유치원,사립,11120570
초등학교,공립,11120570
초등학교,공립,11120570
초등학교,사립,11120570
중학교,공립,11120570
중학교,공립,11120570
중학교,사립,11120570
고등학교,공립,11120570
고등학교,사립,11120570
고등학교,사립,11120570
특수학교,사립,11120570
유치원,공립,11120570
유치원,사립,11120570
유치원,사립,11120570
유치원,사립,11120570
초등학교,공립,11120570
초등학교,공립,11120570
초등학교,사립,11120570
중학교,공립,11120570
중학교,공립,11120570
중학교,사립,11120570
고등학교,공립,11120570
고등학교,사립,11120570
고등학교,사립,11120570
특수학교,사립,11120570
유치원,공립,11120570
유치원,사립,11120570
유치원,사립,11120570
유치원,사립,11120570
초등학교,공립,11120570
초등학교,공립,11120570
초등학교,사립,11120570
중학교,공립,11120570
중학교,공립,11120570
중학교,사립,11120570
고등학교,공립,11120570
고등학교,사립,11120570
고등학교,사립,11120570
특수학교,사립,11120570
유치원,공립,11120570
유치원,사립,11120570
유치원,사립,11120570
유치원,사립,11120570
초등학교,공립,11120570
초등학교,공립,11120570
초등학교,사립,11120570
중학교,공립,11120570
중학교,공립,11120570
중학교,사립,11120570
고등학교,공립,11120570
고등학교,사립,11120570
고등학교,사립,11120570
특수학교,사립,11120570
유치원,공립,11120570
유치원,사립,11120570
유치원,사립,11120570
유치원,사립,11120570
초등학교,공립,11120570
초등학교,공립,11120570
초등학교,사립,11120570
중학교,공립,11120570
중학교,공립,11120570
중학교,사립,11120570
고등학교,공립,11120570
고등학교,사립,11120570
고등학교,사립,11120570
특수학교,사립,11120570
유치원,공립,11120570
유치원,사립,11120570
초등학교,공립,11120570
초등학교,공립,11120570
초등학교,사립,11120570
중학교,공립,11120570
중학교,공립,11120570
중학교,사립,11120570
고등학교,공립,11120570
고등학교,사립,11120570
고등학교,사립,11120570
특수학교,사립,11120570
유치원,공립,11120570
유치원,사립,11120570
초등학교,공립,11120570
초등학교,공립,11120570
초등학교,사립,11120570
중학교,공립,11120570
중학교,공립,11120570
중학교,사립,11120570
고등학교,공립,11120570
고등학교,사립,11120570
고등학교,사립,11120570
특수학교,사립,11120570
유치원,공립,11120570
초등학교,공립,11120570
초등학교,공립,11120570
초등학교,사립,11120570
중학교,공립,11120570
중학교,공립,11120570
중학교,사립,11120570
고등학교,공립,11120570
고등학교,사립,11120570
고등학교,사립,11120570
특수학교,사립,11120570
유치원,공립,11120570
유치원,사립,11120570
초등학교,공립,11120570
초등학교,공립,11120570
초등학교,사립,11120570
중학교,공립,11120570
중학교,공립,11120570
중학교,사립,11120570
고등학교,공립,11120570
고등학교,사립,11120570
고등학교,사립,11120570
특수학교,사립,11120570
유치원,공립,11120570
유치원,사립,11120570
초등학교,공립,11120570
초등학교,공립,11120570
초등학교,사립,11120570
중학교,공립,11120570
중학교,공립,11120570
중학교,사립,11120570
고등학교,공립,11120570
고등학교,사립,11120570
고등학교,사립,11120570
특수학교,사립,11120570
유치원,사립,11120580
초등학교,공립,11120580
초등학교,공립,11120580
고등학교,사립,11120580
고등학교,사립,11120580
유치원,사립,11120580
초등학교,공립,11120580
초등학교,공립,11120580
고등학교,사립,11120580
고등학교,사립,11120580
유치원,사립,11120580
초등학교,공립,11120580
초등학교,공립,11120580
고등학교,사립,11120580
고등학교,사립,11120580
초등학교,공립,11120580
초등학교,공립,11120580
고등학교,사립,11120580
고등학교,사립,11120580
초등학교,공립,11120580
초등학교,공립,11120580
고등학교,사립,11120580
고등학교,사립,11120580
초등학교,공립,11120580
초등학교,공립,11120580
고등학교,사립,11120580
고등학교,사립,11120580
초등학교,공립,11120580
초등학교,공립,11120580
고등학교,사립,11120580
고등학교,사립,11120580
초등학교,공립,11120580
초등학교,공립,11120580
고등학교,사립,11120580
고등학교,사립,11120580
초등학교,공립,11120580
초등학교,공립,11120580
고등학교,사립,11120580
고등학교,사립,11120580
초등학교,공립,11120580
초등학교,공립,11120580
고등학교,사립,11120580
고등학교,사립,11120580
초등학교,공립,11120580
초등학교,공립,11120580
고등학교,사립,11120580
고등학교,사립,11120580
초등학교,공립,11120580
초등학교,공립,11120580
고등학교,사립,11120580
고등학교,사립,11120580
유치원,공립,11120590
유치원,사립,11120590
초등학교,공립,11120590
초등학교,사립,11120590
중학교,사립,11120590
고등학교,사립,11120590
유치원,공립,11120590
유치원,사립,11120590
초등학교,공립,11120590
중학교,사립,11120590
고등학교,사립,11120590
유치원,공립,11120590
유치원,사립,11120590
초등학교,공립,11120590
중학교,사립,11120590
고등학교,사립,11120590
유치원,공립,11120590
유치원,사립,11120590
초등학교,공립,11120590
중학교,사립,11120590
고등학교,사립,11120590
유치원,공립,11120590
유치원,사립,11120590
초등학교,공립,11120590
중학교,사립,11120590
고등학교,사립,11120590
유치원,공립,11120590
유치원,사립,11120590
초등학교,공립,11120590
중학교,사립,11120590
고등학교,사립,11120590
유치원,공립,11120590
유치원,사립,11120590
초등학교,공립,11120590
중학교,사립,11120590
고등학교,사립,11120590
유치원,공립,11120590
유치원,사립,11120590
초등학교,공립,11120590
중학교,사립,11120590
고등학교,사립,11120590
유치원,공립,11120590
유치원,사립,11120590
초등학교,공립,11120590
중학교,사립,11120590
고등학교,사립,11120590
유치원,공립,11120590
유치원,사립,11120590
유치원,사립,11120590
초등학교,공립,11120590
중학교,사립,11120590
고등학교,사립,11120590
유치원,공립,11120590
유치원,사립,11120590
유치원,사립,11120590
초등학교,공립,11120590
중학교,사립,11120590
고등학교,사립,11120590
유치원,공립,11120590
유치원,사립,11120590
초등학교,공립,11120590
중학교,사립,11120590
고등학교,사립,11120590
유치원,공립,11120600
유치원,사립,11120600
유치원,사립,11120600
유치원,사립,11120600
초등학교,공립,11120600
유치원,공립,11120600
유치원,사립,11120600
유치원,사립,11120600
유치원,사립,11120600
초등학교,공립,11120600
유치원,공립,11120600
유치원,사립,11120600
유치원,사립,11120600
유치원,사립,11120600
초등학교,공립,11120600
유치원,공립,11120600
유치원,사립,11120600
유치원,사립,11120600
유치원,사립,11120600
초등학교,공립,11120600
유치원,공립,11120600
유치원,사립,11120600
유치원,사립,11120600
초등학교,공립,11120600
유치원,공립,11120600
유치원,사립,11120600
유치원,사립,11120600
초등학교,공립,11120600
유치원,공립,11120600
유치원,사립,11120600
유치원,사립,11120600
초등학교,공립,11120600
유치원,공립,11120600
유치원,사립,11120600
유치원,사립,11120600
초등학교,공립,11120600
유치원,공립,11120600
유치원,사립,11120600
유치원,사립,11120600
초등학교,공립,11120600
유치원,공립,11120600
유치원,사립,11120600
유치원,사립,11120600
초등학교,공립,11120600
유치원,공립,11120600
유치원,사립,11120600
유치원,사립,11120600
유치원,공립,11120600
유치원,사립,11120600
유치원,사립,11120600
초등학교,공립,11120600
유치원,사립,11120650
유치원,사립,11120650
유치원,사립,11120650
중학교,공립,11120650
유치원,사립,11120650
유치원,사립,11120650
유치원,사립,11120650
중학교,공립,11120650
유치원,사립,11120650
유치원,사립,11120650
유치원,사립,11120650
중학교,공립,11120650
유치원,사립,11120650
유치원,사립,11120650
유치원,사립,11120650
유치원,사립,11120650
중학교,공립,11120650
유치원,사립,11120650
유치원,사립,11120650
유치원,사립,11120650
중학교,공립,11120650
유치원,사립,11120650
유치원,사립,11120650
유치원,사립,11120650
중학교,공립,11120650
유치원,사립,11120650
유치원,사립,11120650
유치원,사립,11120650
중학교,공립,11120650
유치원,사립,11120650
유치원,사립,11120650
유치원,사립,11120650
중학교,공립,11120650
유치원,사립,11120650
유치원,사립,11120650
유치원,사립,11120650
중학교,공립,11120650
유치원,사립,11120650
중학교,공립,11120650
유치원,사립,11120650
중학교,공립,11120650
유치원,사립,11120650
중학교,공립,11120650
유치원,공립,11120660
유치원,사립,11120660
유치원,사립,11120660
초등학교,공립,11120660
초등학교,공립,11120660
초등학교,공립,11120660
중학교,공립,11120660
중학교,사립,11120660
고등학교,사립,11120660
유치원,공립,11120660
유치원,사립,11120660
초등학교,공립,11120660
초등학교,공립,11120660
초등학교,공립,11120660
중학교,공립,11120660
중학교,사립,11120660
고등학교,사립,11120660
유치원,공립,11120660
유치원,사립,11120660
초등학교,공립,11120660
초등학교,공립,11120660
초등학교,공립,11120660
중학교,공립,11120660
중학교,사립,11120660
고등학교,사립,11120660
유치원,공립,11120660
유치원,사립,11120660
초등학교,공립,11120660
초등학교,공립,11120660
초등학교,공립,11120660
중학교,공립,11120660
중학교,사립,11120660
고등학교,사립,11120660
유치원,공립,11120660
유치원,사립,11120660
초등학교,공립,11120660
초등학교,공립,11120660
초등학교,공립,11120660
중학교,공립,11120660
중학교,사립,11120660
고등학교,사립,11120660
유치원,공립,11120660
유치원,사립,11120660
초등학교,공립,11120660
초등학교,공립,11120660
초등학교,공립,11120660
중학교,공립,11120660
중학교,사립,11120660
고등학교,사립,11120660
유치원,공립,11120660
초등학교,공립,11120660
초등학교,공립,11120660
초등학교,공립,11120660
중학교,공립,11120660
중학교,사립,11120660
고등학교,사립,11120660
유치원,공립,11120660
초등학교,공립,11120660
초등학교,공립,11120660
초등학교,공립,11120660
중학교,공립,11120660
중학교,사립,11120660
고등학교,사립,11120660
유치원,공립,11120660
초등학교,공립,11120660
초등학교,공립,11120660
초등학교,공립,11120660
중학교,공립,11120660
중학교,사립,11120660
고등학교,사립,11120660
유치원,공립,11120660
초등학교,공립,11120660
초등학교,공립,11120660
초등학교,공립,11120660
중학교,공립,11120660
중학교,사립,11120660
고등학교,사립,11120660
유치원,공립,11120660
초등학교,공립,11120660
초등학교,공립,11120660
초등학교,공립,11120660
중학교,공립,11120660
중학교,사립,11120660
고등학교,사립,11120660
유치원,공립,11120660
초등학교,공립,11120660
초등학교,공립,11120660
초등학교,공립,11120660
중학교,공립,11120660
중학교,사립,11120660
고등학교,사립,11120660
유치원,사립,11120670
초등학교,공립,11120670
중학교,공립,11120670
중학교,공립,11120670
유치원,사립,11120670
초등학교,공립,11120670
중학교,공립,11120670
중학교,공립,11120670
유치원,사립,11120670
초등학교,공립,11120670
중학교,공립,11120670
중학교,공립,11120670
유치원,사립,11120670
초등학교,공립,11120670
중학교,공립,11120670
중학교,공립,11120670
유치원,사립,11120670
초등학교,공립,11120670
중학교,공립,11120670
중학교,공립,11120670
유치원,사립,11120670
초등학교,공립,11120670
중학교,공립,11120670
중학교,공립,11120670
유치원,사립,11120670
초등학교,공립,11120670
중학교,공립,11120670
중학교,공립,11120670
유치원,사립,11120670
초등학교,공립,11120670
중학교,공립,11120670
중학교,공립,11120670
유치원,사립,11120670
초등학교,공립,11120670
중학교,공립,11120670
중학교,공립,11120670
유치원,사립,11120670
초등학교,공립,11120670
중학교,공립,11120670
중학교,공립,11120670
유치원,사립,11120670
초등학교,공립,11120670
중학교,공립,11120670
중학교,공립,11120670
유치원,사립,11120670
초등학교,공립,11120670
중학교,공립,11120670
중학교,공립,11120670
유치원,공립,11120680
유치원,사립,11120680
유치원,사립,11120680
초등학교,공립,11120680
유치원,공립,11120680
유치원,사립,11120680
유치원,사립,11120680
초등학교,공립,11120680
유치원,공립,11120680
유치원,사립,11120680
유치원,사립,11120680
초등학교,공립,11120680
유치원,공립,11120680
유치원,사립,11120680
유치원,사립,11120680
초등학교,공립,11120680
유치원,공립,11120680
유치원,사립,11120680
유치원,사립,11120680
초등학교,공립,11120680
유치원,공립,11120680
유치원,사립,11120680
초등학교,공립,11120680
유치원,공립,11120680
유치원,사립,11120680
초등학교,공립,11120680
유치원,공립,11120680
유치원,사립,11120680
초등학교,공립,11120680
유치원,공립,11120680
유치원,사립,11120680
초등학교,공립,11120680
유치원,공립,11120680
유치원,사립,11120680
초등학교,공립,11120680
유치원,공립,11120680
유치원,사립,11120680
초등학교,공립,11120680
유치원,공립,11120680
유치원,사립,11120680
초등학교,공립,11120680
유치원,공립,11120710
유치원,공립,11120710
유치원,공립,11120710
유치원,사립,11120710
유치원,사립,11120710
유치원,사립,11120710
유치원,사립,11120710
초등학교,공립,11120710
초등학교,공립,11120710
초등학교,공립,11120710
초등학교,공립,11120710
초등학교,공립,11120710
중학교,공립,11120710
중학교,공립,11120710
고등학교,공립,11120710
고등학교,공립,11120710
고등학교,사립,11120710
고등학교,사립,11120710
유치원,공립,11120710
유치원,공립,11120710
유치원,공립,11120710
유치원,사립,11120710
유치원,사립,11120710
유치원,사립,11120710
유치원,사립,11120710
초등학교,공립,11120710
초등학교,공립,11120710
초등학교,공립,11120710
초등학교,공립,11120710
초등학교,공립,11120710
중학교,공립,11120710
중학교,공립,11120710
고등학교,공립,11120710
고등학교,공립,11120710
고등학교,사립,11120710
고등학교,사립,11120710
유치원,공립,11120710
유치원,공립,11120710
유치원,공립,11120710
유치원,사립,11120710
유치원,사립,11120710
유치원,사립,11120710
유치원,사립,11120710
초등학교,공립,11120710
초등학교,공립,11120710
초등학교,공립,11120710
초등학교,공립,11120710
초등학교,공립,11120710
중학교,공립,11120710
중학교,공립,11120710
고등학교,공립,11120710
고등학교,공립,11120710
고등학교,사립,11120710
고등학교,사립,11120710
유치원,공립,11120710
유치원,공립,11120710
유치원,공립,11120710
유치원,사립,11120710
유치원,사립,11120710
유치원,사립,11120710
유치원,사립,11120710
초등학교,공립,11120710
초등학교,공립,11120710
초등학교,공립,11120710
초등학교,공립,11120710
초등학교,공립,11120710
중학교,공립,11120710
중학교,공립,11120710
고등학교,공립,11120710
고등학교,공립,11120710
고등학교,사립,11120710
고등학교,사립,11120710
유치원,공립,11120710
유치원,공립,11120710
유치원,공립,11120710
유치원,사립,11120710
유치원,사립,11120710
유치원,사립,11120710
유치원,사립,11120710
초등학교,공립,11120710
초등학교,공립,11120710
초등학교,공립,11120710
초등학교,공립,11120710
초등학교,공립,11120710
중학교,공립,11120710
중학교,공립,11120710
고등학교,공립,11120710
고등학교,공립,11120710
고등학교,사립,11120710
고등학교,사립,11120710
유치원,공립,11120710
유치원,공립,11120710
유치원,공립,11120710
유치원,사립,11120710
유치원,사립,11120710
유치원,사립,11120710
유치원,사립,11120710
초등학교,공립,11120710
초등학교,공립,11120710
초등학교,공립,11120710
초등학교,공립,11120710
초등학교,공립,11120710
중학교,공립,11120710
중학교,공립,11120710
고등학교,공립,11120710
고등학교,공립,11120710
고등학교,사립,11120710
고등학교,사립,11120710
유치원,공립,11120710
유치원,공립,11120710
유치원,공립,11120710
유치원,공립,11120710
유치원,공립,11120710
유치원,사립,11120710
유치원,사립,11120710
초등학교,공립,11120710
초등학교,공립,11120710
초등학교,공립,11120710
초등학교,공립,11120710
초등학교,공립,11120710
중학교,공립,11120710
중학교,공립,11120710
고등학교,공립,11120710
고등학교,공립,11120710
고등학교,사립,11120710
고등학교,사립,11120710
유치원,공립,11120710
유치원,공립,11120710
유치원,공립,11120710
유치원,공립,11120710
유치원,공립,11120710
유치원,사립,11120710
유치원,사립,11120710
초등학교,공립,11120710
초등학교,공립,11120710
초등학교,공립,11120710
초등학교,공립,11120710
초등학교,공립,11120710
중학교,공립,11120710
중학교,공립,11120710
고등학교,공립,11120710
고등학교,공립,11120710
고등학교,사립,11120710
고등학교,사립,11120710
유치원,공립,11120710
유치원,공립,11120710
유치원,공립,11120710
유치원,공립,11120710
유치원,공립,11120710
유치원,사립,11120710
유치원,사립,11120710
초등학교,공립,11120710
초등학교,공립,11120710
초등학교,공립,11120710
초등학교,공립,11120710
초등학교,공립,11120710
중학교,공립,11120710
중학교,공립,11120710
고등학교,공립,11120710
고등학교,공립,11120710
고등학교,사립,11120710
고등학교,사립,11120710
유치원,공립,11120710
유치원,공립,11120710
유치원,공립,11120710
유치원,공립,11120710
유치원,공립,11120710
유치원,사립,11120710
유치원,사립,11120710
초등학교,공립,11120710
초등학교,공립,11120710
초등학교,공립,11120710
초등학교,공립,11120710
초등학교,공립,11120710
중학교,공립,11120710
중학교,공립,11120710
고등학교,공립,11120710
고등학교,공립,11120710
고등학교,사립,11120710
고등학교,사립,11120710
유치원,공립,11120710
유치원,공립,11120710
유치원,공립,11120710
유치원,공립,11120710
유치원,공립,11120710
유치원,사립,11120710
유치원,사립,11120710
초등학교,공립,11120710
초등학교,공립,11120710
초등학교,공립,11120710
초등학교,공립,11120710
초등학교,공립,11120710
중학교,공립,11120710
중학교,공립,11120710
고등학교,공립,11120710
고등학교,공립,11120710
고등학교,사립,11120710
고등학교,사립,11120710
유치원,공립,11120710
유치원,공립,11120710
유치원,공립,11120710
유치원,공립,11120710
유치원,공립,11120710
유치원,사립,11120710
유치원,사립,11120710
초등학교,공립,11120710
초등학교,공립,11120710
초등학교,공립,11120710
초등학교,공립,11120710
초등학교,공립,11120710
중학교,공립,11120710
중학교,공립,11120710
고등학교,공립,11120710
고등학교,공립,11120710
고등학교,사립,11120710
고등학교,사립,11120710
유치원,공립,11120720
유치원,공립,11120720
유치원,공립,11120720
초등학교,공립,11120720
초등학교,공립,11120720
초등학교,공립,11120720
중학교,공립,11120720
중학교,공립,11120720
중학교,공립,11120720
고등학교,사립,11120720
유치원,공립,11120720
유치원,공립,11120720
유치원,공립,11120720
초등학교,공립,11120720
초등학교,공립,11120720
초등학교,공립,11120720
중학교,공립,11120720
중학교,공립,11120720
중학교,공립,11120720
고등학교,사립,11120720
유치원,공립,11120720
유치원,공립,11120720
유치원,공립,11120720
초등학교,공립,11120720
초등학교,공립,11120720
초등학교,공립,11120720
중학교,공립,11120720
중학교,공립,11120720
중학교,공립,11120720
고등학교,사립,11120720
유치원,공립,11120720
유치원,공립,11120720
유치원,공립,11120720
초등학교,공립,11120720
초등학교,공립,11120720
초등학교,공립,11120720
중학교,공립,11120720
중학교,공립,11120720
중학교,공립,11120720
고등학교,사립,11120720
유치원,공립,11120720
유치원,공립,11120720
유치원,공립,11120720
초등학교,공립,11120720
초등학교,공립,11120720
초등학교,공립,11120720
중학교,공립,11120720
중학교,공립,11120720
중학교,공립,11120720
고등학교,사립,11120720
유치원,공립,11120720
유치원,공립,11120720
유치원,공립,11120720
초등학교,공립,11120720
초등학교,공립,11120720
초등학교,공립,11120720
중학교,공립,11120720
중학교,공립,11120720
중학교,공립,11120720
고등학교,사립,11120720
유치원,공립,11120720
유치원,공립,11120720
유치원,공립,11120720
초등학교,공립,11120720
초등학교,공립,11120720
초등학교,공립,11120720
중학교,공립,11120720
중학교,공립,11120720
중학교,공립,11120720
고등학교,사립,11120720
유치원,공립,11120720
유치원,공립,11120720
유치원,공립,11120720
초등학교,공립,11120720
초등학교,공립,11120720
초등학교,공립,11120720
중학교,공립,11120720
중학교,공립,11120720
중학교,공립,11120720
고등학교,사립,11120720
유치원,공립,11120720
유치원,공립,11120720
유치원,공립,11120720
초등학교,공립,11120720
초등학교,공립,11120720
초등학교,공립,11120720
중학교,공립,11120720
중학교,공립,11120720
중학교,공립,11120720
고등학교,사립,11120720
유치원,공립,11120720
유치원,공립,11120720
유치원,공립,11120720
초등학교,공립,11120720
초등학교,공립,11120720
초등학교,공립,11120720
중학교,공립,11120720
중학교,공립,11120720
중학교,공립,11120720
고등학교,사립,11120720
유치원,공립,11120720
유치원,공립,11120720
유치원,공립,11120720
초등학교,공립,11120720
초등학교,공립,11120720
초등학교,공립,11120720
중학교,공립,11120720
중학교,공립,11120720
중학교,공립,11120720
고등학교,사립,11120720
유치원,공립,11120720
유치원,공립,11120720
유치원,공립,11120720
초등학교,공립,11120720
초등학교,공립,11120720
초등학교,공립,11120720
중학교,공립,11120720
중학교,공립,11120720
중학교,공립,11120720
고등학교,사립,11120720
유치원,사립,11120730
유치원,사립,11120730
유치원,사립,11120730
유치원,사립,11120730
유치원,사립,11120730
유치원,사립,11120730
초등학교,공립,11120730
초등학교,사립,11120730
중학교,사립,11120730
고등학교,사립,11120730
각종학교,공립,11120730
유치원,사립,11120730
유치원,사립,11120730
유치원,사립,11120730
유치원,사립,11120730
유치원,사립,11120730
초등학교,공립,11120730
초등학교,사립,11120730
중학교,사립,11120730
고등학교,사립,11120730
각종학교,공립,11120730
유치원,사립,11120730
유치원,사립,11120730
유치원,사립,11120730
유치원,사립,11120730
유치원,사립,11120730
초등학교,공립,11120730
초등학교,사립,11120730
중학교,사립,11120730
고등학교,사립,11120730
각종학교,공립,11120730
유치원,사립,11120730
유치원,사립,11120730
유치원,사립,11120730
유치원,사립,11120730
유치원,사립,11120730
초등학교,공립,11120730
초등학교,사립,11120730
중학교,사립,11120730
고등학교,사립,11120730
각종학교,공립,11120730
유치원,사립,11120730
유치원,사립,11120730
유치원,사립,11120730
초등학교,공립,11120730
초등학교,사립,11120730
중학교,사립,11120730
고등학교,사립,11120730
각종학교,공립,11120730
유치원,사립,11120730
유치원,공립,11120730
유치원,사립,11120730
유치원,사립,11120730
초등학교,공립,11120730
초등학교,사립,11120730
중학교,사립,11120730
고등학교,사립,11120730
각종학교,공립,11120730
유치원,사립,11120730
유치원,공립,11120730
유치원,사립,11120730
유치원,사립,11120730
초등학교,공립,11120730
초등학교,사립,11120730
중학교,사립,11120730
고등학교,사립,11120730
각종학교,공립,11120730
유치원,사립,11120730
유치원,공립,11120730
유치원,사립,11120730
유치원,사립,11120730
초등학교,공립,11120730
초등학교,사립,11120730
중학교,사립,11120730
고등학교,사립,11120730
각종학교,공립,11120730
유치원,사립,11120730
유치원,공립,11120730
유치원,사립,11120730
유치원,사립,11120730
초등학교,공립,11120730
초등학교,사립,11120730
중학교,사립,11120730
고등학교,사립,11120730
각종학교,공립,11120730
유치원,공립,11120730
유치원,사립,11120730
초등학교,공립,11120730
초등학교,사립,11120730
중학교,사립,11120730
고등학교,사립,11120730
각종학교,공립,11120730
유치원,공립,11120730
유치원,사립,11120730
초등학교,공립,11120730
초등학교,공립,11120730
초등학교,사립,11120730
중학교,사립,11120730
고등학교,사립,11120730
각종학교,공립,11120730
유치원,공립,11120730
초등학교,공립,11120730
초등학교,사립,11120730
중학교,사립,11120730
고등학교,사립,11120730
각종학교,공립,11120730
유치원,사립,11120740
유치원,사립,11120740
유치원,사립,11120740
유치원,사립,11120740
초등학교,공립,11120740
유치원,사립,11120740
유치원,사립,11120740
유치원,사립,11120740
유치원,사립,11120740
초등학교,공립,11120740
유치원,사립,11120740
유치원,사립,11120740
유치원,사립,11120740
유치원,사립,11120740
초등학교,공립,11120740
유치원,사립,11120740
유치원,사립,11120740
유치원,사립,11120740
초등학교,공립,11120740
유치원,사립,11120740
유치원,사립,11120740
유치원,사립,11120740
초등학교,공립,11120740
유치원,사립,11120740
유치원,사립,11120740
유치원,사립,11120740
초등학교,공립,11120740
유치원,공립,11120740
유치원,사립,11120740
초등학교,공립,11120740
유치원,공립,11120740
유치원,사립,11120740
초등학교,공립,11120740
유치원,공립,11120740
유치원,사립,11120740
초등학교,공립,11120740
유치원,공립,11120740
유치원,사립,11120740
초등학교,공립,11120740
유치원,공립,11120740
유치원,사립,11120740
초등학교,공립,11120740
유치원,사립,11120740
초등학교,공립,11120740
유치원,공립,11130520
초등학교,공립,11130520
중학교,사립,11130520
고등학교,공립,11130520
유치원,공립,11130520
초등학교,공립,11130520
중학교,사립,11130520
고등학교,공립,11130520
유치원,공립,11130520
초등학교,공립,11130520
중학교,사립,11130520
고등학교,공립,11130520
유치원,공립,11130520
초등학교,공립,11130520
중학교,사립,11130520
고등학교,공립,11130520
유치원,공립,11130520
초등학교,공립,11130520
중학교,사립,11130520
고등학교,공립,11130520
유치원,공립,11130520
초등학교,공립,11130520
중학교,사립,11130520
고등학교,공립,11130520
유치원,공립,11130520
초등학교,공립,11130520
중학교,사립,11130520
고등학교,공립,11130520
유치원,공립,11130520
초등학교,공립,11130520
중학교,사립,11130520
고등학교,공립,11130520
유치원,공립,11130520
초등학교,공립,11130520
중학교,사립,11130520
고등학교,공립,11130520
유치원,공립,11130520
초등학교,공립,11130520
중학교,사립,11130520
고등학교,공립,11130520
유치원,공립,11130520
초등학교,공립,11130520
중학교,사립,11130520
고등학교,공립,11130520
유치원,공립,11130520
초등학교,공립,11130520
중학교,사립,11130520
고등학교,공립,11130520
유치원,사립,11130620
유치원,사립,11130620
유치원,사립,11130620
초등학교,공립,11130620
초등학교,공립,11130620
유치원,사립,11130620
유치원,사립,11130620
유치원,사립,11130620
초등학교,공립,11130620
초등학교,공립,11130620
유치원,사립,11130620
유치원,사립,11130620
유치원,사립,11130620
초등학교,공립,11130620
초등학교,공립,11130620
유치원,사립,11130620
유치원,사립,11130620
유치원,사립,11130620
초등학교,공립,11130620
초등학교,공립,11130620
유치원,사립,11130620
유치원,사립,11130620
유치원,사립,11130620
초등학교,공립,11130620
초등학교,공립,11130620
유치원,사립,11130620
유치원,사립,11130620
유치원,사립,11130620
초등학교,공립,11130620
초등학교,공립,11130620
유치원,사립,11130620
유치원,사립,11130620
초등학교,공립,11130620
초등학교,공립,11130620
유치원,사립,11130620
유치원,사립,11130620
초등학교,공립,11130620
초등학교,공립,11130620
유치원,사립,11130620
유치원,사립,11130620
초등학교,공립,11130620
초등학교,공립,11130620
유치원,사립,11130620
유치원,사립,11130620
초등학교,공립,11130620
초등학교,공립,11130620
유치원,사립,11130620
유치원,사립,11130620
초등학교,공립,11130620
초등학교,공립,11130620
유치원,사립,11130620
초등학교,공립,11130620
초등학교,공립,11130620
유치원,공립,11130640
유치원,사립,11130640
유치원,사립,11130640
초등학교,공립,11130640
초등학교,공립,11130640
중학교,공립,11130640
유치원,공립,11130640
유치원,사립,11130640
유치원,사립,11130640
초등학교,공립,11130640
초등학교,공립,11130640
중학교,공립,11130640
유치원,공립,11130640
유치원,사립,11130640
유치원,사립,11130640
초등학교,공립,11130640
초등학교,공립,11130640
중학교,공립,11130640
유치원,공립,11130640
유치원,사립,11130640
유치원,사립,11130640
초등학교,공립,11130640
초등학교,공립,11130640
중학교,공립,11130640
유치원,공립,11130640
유치원,사립,11130640
유치원,사립,11130640
초등학교,공립,11130640
초등학교,공립,11130640
중학교,공립,11130640
유치원,공립,11130640
유치원,사립,11130640
초등학교,공립,11130640
초등학교,공립,11130640
중학교,공립,11130640
유치원,공립,11130640
유치원,사립,11130640
초등학교,공립,11130640
초등학교,공립,11130640
중학교,공립,11130640
유치원,공립,11130640
유치원,사립,11130640
초등학교,공립,11130640
초등학교,공립,11130640
중학교,공립,11130640
유치원,공립,11130640
유치원,사립,11130640
초등학교,공립,11130640
초등학교,공립,11130640
중학교,공립,11130640
유치원,공립,11130640
유치원,사립,11130640
초등학교,공립,11130640
초등학교,공립,11130640
중학교,공립,11130640
유치원,공립,11130640
유치원,사립,11130640
초등학교,공립,11130640
초등학교,공립,11130640
중학교,공립,11130640
유치원,공립,11130640
유치원,사립,11130640
초등학교,공립,11130640
초등학교,공립,11130640
중학교,공립,11130640
유치원,사립,11130650
유치원,사립,11130650
유치원,사립,11130650
유치원,사립,11130650
유치원,사립,11130650
유치원,사립,11130650
유치원,사립,11130650
유치원,사립,11130650
유치원,사립,11130650
유치원,사립,11130650
유치원,사립,11130650
유치원,사립,11130650
유치원,사립,11130650
유치원,사립,11130650
유치원,사립,11130650
유치원,사립,11130650
유치원,사립,11130650
유치원,사립,11130650
유치원,사립,11130650
유치원,사립,11130650
유치원,사립,11130650
유치원,사립,11130650
유치원,사립,11130650
유치원,사립,11130650
유치원,사립,11130650
유치원,사립,11130650
유치원,공립,11130660
유치원,사립,11130660
초등학교,공립,11130660
유치원,공립,11130660
유치원,사립,11130660
초등학교,공립,11130660
유치원,공립,11130660
유치원,사립,11130660
초등학교,공립,11130660
유치원,공립,11130660
유치원,사립,11130660
초등학교,공립,11130660
유치원,공립,11130660
유치원,사립,11130660
초등학교,공립,11130660
유치원,공립,11130660
유치원,사립,11130660
초등학교,공립,11130660
유치원,공립,11130660
유치원,사립,11130660
초등학교,공립,11130660
유치원,공립,11130660
유치원,사립,11130660
초등학교,공립,11130660
유치원,공립,11130660
유치원,사립,11130660
초등학교,공립,11130660
유치원,공립,11130660
유치원,사립,11130660
초등학교,공립,11130660
유치원,공립,11130660
유치원,사립,11130660
초등학교,공립,11130660
유치원,공립,11130660
유치원,사립,11130660
초등학교,공립,11130660
유치원,사립,11130680
초등학교,공립,11130680
초등학교,사립,11130680
중학교,공립,11130680
중학교,사립,11130680
중학교,사립,11130680
고등학교,사립,11130680
유치원,사립,11130680
초등학교,공립,11130680
초등학교,사립,11130680
중학교,공립,11130680
중학교,사립,11130680
중학교,사립,11130680
고등학교,사립,11130680
유치원,사립,11130680
초등학교,공립,11130680
초등학교,사립,11130680
중학교,공립,11130680
중학교,사립,11130680
중학교,사립,11130680
고등학교,사립,11130680
유치원,사립,11130680
초등학교,공립,11130680
초등학교,사립,11130680
중학교,공립,11130680
중학교,사립,11130680
중학교,사립,11130680
고등학교,사립,11130680
유치원,사립,11130680
초등학교,공립,11130680
초등학교,사립,11130680
중학교,공립,11130680
중학교,사립,11130680
중학교,사립,11130680
고등학교,사립,11130680
유치원,사립,11130680
초등학교,공립,11130680
초등학교,사립,11130680
중학교,공립,11130680
중학교,사립,11130680
중학교,사립,11130680
고등학교,사립,11130680
유치원,사립,11130680
초등학교,공립,11130680
초등학교,사립,11130680
중학교,공립,11130680
중학교,사립,11130680
중학교,사립,11130680
고등학교,사립,11130680
유치원,사립,11130680
초등학교,공립,11130680
초등학교,사립,11130680
중학교,공립,11130680
중학교,사립,11130680
중학교,사립,11130680
고등학교,사립,11130680
유치원,사립,11130680
초등학교,공립,11130680
초등학교,사립,11130680
중학교,공립,11130680
중학교,사립,11130680
중학교,사립,11130680
고등학교,사립,11130680
유치원,사립,11130680
초등학교,공립,11130680
초등학교,사립,11130680
중학교,공립,11130680
중학교,사립,11130680
중학교,사립,11130680
고등학교,사립,11130680
유치원,사립,11130680
초등학교,공립,11130680
초등학교,사립,11130680
중학교,공립,11130680
중학교,사립,11130680
중학교,사립,11130680
고등학교,사립,11130680
유치원,사립,11130680
초등학교,공립,11130680
초등학교,사립,11130680
중학교,공립,11130680
중학교,사립,11130680
중학교,사립,11130680
고등학교,사립,11130680
유치원,공립,11130690
초등학교,공립,11130690
유치원,공립,11130690
초등학교,공립,11130690
유치원,공립,11130690
초등학교,공립,11130690
유치원,공립,11130690
초등학교,공립,11130690
유치원,공립,11130690
초등학교,공립,11130690
유치원,공립,11130690
초등학교,공립,11130690
유치원,공립,11130690
초등학교,공립,11130690
유치원,공립,11130690
초등학교,공립,11130690
유치원,공립,11130690
초등학교,공립,11130690
유치원,공립,11130690
초등학교,공립,11130690
유치원,사립,11130700
유치원,사립,11130700
유치원,사립,11130700
초등학교,공립,11130700
중학교,공립,11130700
유치원,사립,11130700
유치원,사립,11130700
유치원,사립,11130700
초등학교,공립,11130700
중학교,공립,11130700
유치원,사립,11130700
유치원,사립,11130700
유치원,사립,11130700
초등학교,공립,11130700
중학교,공립,11130700
유치원,사립,11130700
유치원,사립,11130700
유치원,사립,11130700
초등학교,공립,11130700
중학교,공립,11130700
유치원,사립,11130700
유치원,사립,11130700
유치원,사립,11130700
초등학교,공립,11130700
중학교,공립,11130700
유치원,사립,11130700
유치원,사립,11130700
유치원,사립,11130700
초등학교,공립,11130700
중학교,공립,11130700
유치원,사립,11130700
유치원,사립,11130700
유치원,사립,11130700
초등학교,공립,11130700
중학교,공립,11130700
유치원,사립,11130700
유치원,사립,11130700
유치원,사립,11130700
초등학교,공립,11130700
중학교,공립,11130700
유치원,사립,11130700
유치원,사립,11130700
유치원,사립,11130700
초등학교,공립,11130700
중학교,공립,11130700
유치원,사립,11130700
유치원,사립,11130700
유치원,사립,11130700
초등학교,공립,11130700
중학교,공립,11130700
유치원,사립,11130700
유치원,사립,11130700
유치원,사립,11130700
초등학교,공립,11130700
중학교,공립,11130700
유치원,사립,11130700
유치원,사립,11130700
유치원,사립,11130700
초등학교,공립,11130700
중학교,공립,11130700
유치원,사립,11130710
초등학교,공립,11130710
중학교,공립,11130710
고등학교,공립,11130710
유치원,사립,11130710
초등학교,공립,11130710
중학교,공립,11130710
고등학교,공립,11130710
유치원,사립,11130710
초등학교,공립,11130710
중학교,공립,11130710
고등학교,공립,11130710
유치원,사립,11130710
초등학교,공립,11130710
중학교,공립,11130710
고등학교,공립,11130710
유치원,사립,11130710
초등학교,공립,11130710
중학교,공립,11130710
고등학교,공립,11130710
유치원,사립,11130710
초등학교,공립,11130710
중학교,공립,11130710
고등학교,공립,11130710
유치원,사립,11130710
초등학교,공립,11130710
중학교,공립,11130710
고등학교,공립,11130710
유치원,사립,11130710
초등학교,공립,11130710
중학교,공립,11130710
고등학교,공립,11130710
유치원,사립,11130710
초등학교,공립,11130710
중학교,공립,11130710
고등학교,공립,11130710
유치원,사립,11130710
초등학교,공립,11130710
중학교,공립,11130710
고등학교,공립,11130710
유치원,사립,11130710
초등학교,공립,11130710
중학교,공립,11130710
고등학교,공립,11130710
초등학교,공립,11130710
중학교,공립,11130710
고등학교,공립,11130710
유치원,사립,11130720
유치원,사립,11130720
유치원,사립,11130720
유치원,사립,11130720
유치원,사립,11130720
유치원,사립,11130720
유치원,사립,11130720
유치원,사립,11130720
유치원,사립,11130720
유치원,사립,11130720
유치원,사립,11130720
유치원,사립,11130720
유치원,사립,11130720
유치원,사립,11130720
유치원,사립,11130720
유치원,사립,11130720
유치원,사립,11130720
유치원,사립,11130720
유치원,사립,11130720
유치원,사립,11130720
유치원,사립,11130720
유치원,사립,11130720
유치원,사립,11130720
유치원,사립,11130720
유치원,사립,11130720
초등학교,공립,11130730
초등학교,사립,11130730
초등학교,사립,11130730
중학교,사립,11130730
중학교,사립,11130730
고등학교,사립,11130730
고등학교,사립,11130730
초등학교,공립,11130730
초등학교,사립,11130730
초등학교,사립,11130730
중학교,사립,11130730
중학교,사립,11130730
고등학교,사립,11130730
고등학교,사립,11130730
초등학교,공립,11130730
초등학교,사립,11130730
초등학교,사립,11130730
중학교,사립,11130730
중학교,사립,11130730
고등학교,사립,11130730
고등학교,사립,11130730
초등학교,공립,11130730
초등학교,사립,11130730
초등학교,사립,11130730
중학교,사립,11130730
중학교,사립,11130730
고등학교,사립,11130730
고등학교,사립,11130730
초등학교,공립,11130730
초등학교,사립,11130730
초등학교,사립,11130730
중학교,사립,11130730
중학교,사립,11130730
고등학교,사립,11130730
고등학교,사립,11130730
초등학교,공립,11130730
초등학교,사립,11130730
초등학교,사립,11130730
중학교,사립,11130730
중학교,사립,11130730
고등학교,사립,11130730
고등학교,사립,11130730
초등학교,공립,11130730
초등학교,사립,11130730
초등학교,사립,11130730
중학교,사립,11130730
중학교,사립,11130730
고등학교,사립,11130730
고등학교,사립,11130730
초등학교,공립,11130730
초등학교,사립,11130730
초등학교,사립,11130730
중학교,사립,11130730
중학교,사립,11130730
고등학교,사립,11130730
고등학교,사립,11130730
초등학교,공립,11130730
초등학교,사립,11130730
초등학교,사립,11130730
중학교,사립,11130730
중학교,사립,11130730
고등학교,사립,11130730
고등학교,사립,11130730
초등학교,공립,11130730
초등학교,사립,11130730
초등학교,사립,11130730
중학교,사립,11130730
중학교,사립,11130730
고등학교,사립,11130730
고등학교,사립,11130730
유치원,사립,11130730
초등학교,공립,11130730
초등학교,사립,11130730
초등학교,사립,11130730
중학교,사립,11130730
중학교,사립,11130730
고등학교,사립,11130730
고등학교,사립,11130730
초등학교,공립,11130730
초등학교,사립,11130730
초등학교,사립,11130730
중학교,사립,11130730
중학교,사립,11130730
고등학교,사립,11130730
고등학교,사립,11130730
유치원,공립,11130740
초등학교,공립,11130740
중학교,사립,11130740
고등학교,사립,11130740
유치원,공립,11130740
초등학교,공립,11130740
중학교,사립,11130740
고등학교,사립,11130740
유치원,공립,11130740
초등학교,공립,11130740
중학교,사립,11130740
고등학교,사립,11130740
유치원,공립,11130740
초등학교,공립,11130740
중학교,사립,11130740
고등학교,사립,11130740
유치원,공립,11130740
초등학교,공립,11130740
중학교,사립,11130740
고등학교,사립,11130740
유치원,공립,11130740
초등학교,공립,11130740
중학교,사립,11130740
고등학교,사립,11130740
유치원,공립,11130740
초등학교,공립,11130740
중학교,사립,11130740
고등학교,사립,11130740
유치원,공립,11130740
초등학교,공립,11130740
중학교,사립,11130740
고등학교,사립,11130740
유치원,공립,11130740
초등학교,공립,11130740
중학교,사립,11130740
고등학교,사립,11130740
유치원,공립,11130740
초등학교,공립,11130740
중학교,사립,11130740
고등학교,사립,11130740
유치원,공립,11130740
초등학교,공립,11130740
중학교,사립,11130740
고등학교,사립,11130740
유치원,공립,11130740
초등학교,공립,11130740
중학교,사립,11130740
고등학교,사립,11130740
유치원,사립,11130750
유치원,사립,11130750
유치원,사립,11130750
초등학교,공립,11130750
초등학교,공립,11130750
초등학교,사립,11130750
중학교,사립,11130750
고등학교,사립,11130750
유치원,사립,11130750
유치원,사립,11130750
유치원,사립,11130750
초등학교,공립,11130750
초등학교,공립,11130750
초등학교,사립,11130750
중학교,사립,11130750
고등학교,사립,11130750
유치원,사립,11130750
유치원,사립,11130750
유치원,사립,11130750
초등학교,공립,11130750
초등학교,공립,11130750
초등학교,사립,11130750
중학교,사립,11130750
고등학교,사립,11130750
유치원,사립,11130750
유치원,사립,11130750
유치원,사립,11130750
초등학교,공립,11130750
초등학교,공립,11130750
초등학교,사립,11130750
중학교,사립,11130750
고등학교,사립,11130750
유치원,사립,11130750
유치원,사립,11130750
유치원,사립,11130750
초등학교,공립,11130750
초등학교,공립,11130750
초등학교,사립,11130750
중학교,사립,11130750
고등학교,사립,11130750
유치원,사립,11130750
유치원,사립,11130750
유치원,사립,11130750
초등학교,공립,11130750
초등학교,공립,11130750
초등학교,사립,11130750
중학교,사립,11130750
고등학교,사립,11130750
유치원,사립,11130750
유치원,사립,11130750
유치원,사립,11130750
초등학교,공립,11130750
초등학교,공립,11130750
초등학교,사립,11130750
중학교,사립,11130750
고등학교,사립,11130750
유치원,사립,11130750
유치원,사립,11130750
유치원,사립,11130750
초등학교,공립,11130750
초등학교,공립,11130750
초등학교,사립,11130750
중학교,사립,11130750
고등학교,사립,11130750
유치원,사립,11130750
유치원,사립,11130750
유치원,사립,11130750
초등학교,공립,11130750
초등학교,공립,11130750
초등학교,사립,11130750
중학교,사립,11130750
고등학교,사립,11130750
유치원,사립,11130750
유치원,사립,11130750
유치원,사립,11130750
초등학교,공립,11130750
초등학교,공립,11130750
초등학교,사립,11130750
중학교,사립,11130750
고등학교,사립,11130750
유치원,사립,11130750
유치원,사립,11130750
초등학교,공립,11130750
초등학교,공립,11130750
초등학교,사립,11130750
중학교,사립,11130750
고등학교,사립,11130750
특수학교,사립,11130750
유치원,사립,11130750
유치원,사립,11130750
초등학교,공립,11130750
초등학교,공립,11130750
초등학교,사립,11130750
중학교,사립,11130750
고등학교,사립,11130750
특수학교,사립,11130750
유치원,사립,11130760
초등학교,공립,11130760
중학교,공립,11130760
중학교,공립,11130760
중학교,공립,11130760
특수학교,사립,11130760
유치원,사립,11130760
초등학교,공립,11130760
중학교,공립,11130760
중학교,공립,11130760
중학교,공립,11130760
특수학교,사립,11130760
유치원,사립,11130760
초등학교,공립,11130760
중학교,공립,11130760
중학교,공립,11130760
중학교,공립,11130760
특수학교,사립,11130760
유치원,사립,11130760
초등학교,공립,11130760
중학교,공립,11130760
중학교,공립,11130760
중학교,공립,11130760
특수학교,사립,11130760
유치원,사립,11130760
초등학교,공립,11130760
중학교,공립,11130760
중학교,공립,11130760
중학교,공립,11130760
특수학교,사립,11130760
유치원,사립,11130760
초등학교,공립,11130760
중학교,공립,11130760
중학교,공립,11130760
중학교,공립,11130760
특수학교,사립,11130760
유치원,사립,11130760
초등학교,공립,11130760
중학교,공립,11130760
중학교,공립,11130760
중학교,공립,11130760
특수학교,사립,11130760
유치원,사립,11130760
초등학교,공립,11130760
중학교,공립,11130760
중학교,공립,11130760
중학교,공립,11130760
특수학교,사립,11130760
유치원,사립,11130760
초등학교,공립,11130760
중학교,공립,11130760
중학교,공립,11130760
중학교,공립,11130760
특수학교,사립,11130760
유치원,사립,11130760
초등학교,공립,11130760
중학교,공립,11130760
중학교,공립,11130760
중학교,공립,11130760
특수학교,사립,11130760
유치원,사립,11130760
초등학교,공립,11130760
중학교,공립,11130760
중학교,공립,11130760
중학교,공립,11130760
유치원,사립,11130760
초등학교,공립,11130760
중학교,공립,11130760
중학교,공립,11130760
중학교,공립,11130760
유치원,사립,11140590
유치원,사립,11140590
초등학교,공립,11140590
유치원,사립,11140590
유치원,사립,11140590
초등학교,공립,11140590
유치원,사립,11140590
유치원,사립,11140590
초등학교,공립,11140590
유치원,사립,11140590
유치원,사립,11140590
초등학교,공립,11140590
유치원,사립,11140590
유치원,사립,11140590
초등학교,공립,11140590
유치원,사립,11140590
초등학교,공립,11140590
유치원,사립,11140590
초등학교,공립,11140590
유치원,사립,11140590
초등학교,공립,11140590
유치원,사립,11140590
초등학교,공립,11140590
유치원,사립,11140590
초등학교,공립,11140590
유치원,사립,11140590
초등학교,공립,11140590
유치원,사립,11140590
초등학교,공립,11140590
유치원,공립,11140600
유치원,공립,11140600
초등학교,공립,11140600
초등학교,공립,11140600
중학교,공립,11140600
중학교,사립,11140600
고등학교,사립,11140600
유치원,공립,11140600
유치원,공립,11140600
초등학교,공립,11140600
초등학교,공립,11140600
중학교,공립,11140600
중학교,사립,11140600
고등학교,사립,11140600
유치원,공립,11140600
유치원,공립,11140600
초등학교,공립,11140600
초등학교,공립,11140600
중학교,공립,11140600
중학교,사립,11140600
고등학교,사립,11140600
유치원,공립,11140600
유치원,공립,11140600
초등학교,공립,11140600
초등학교,공립,11140600
중학교,공립,11140600
중학교,사립,11140600
고등학교,사립,11140600
유치원,공립,11140600
유치원,공립,11140600
초등학교,공립,11140600
초등학교,공립,11140600
중학교,공립,11140600
중학교,사립,11140600
고등학교,사립,11140600
유치원,공립,11140600
유치원,공립,11140600
초등학교,공립,11140600
초등학교,공립,11140600
중학교,공립,11140600
중학교,사립,11140600
고등학교,사립,11140600
유치원,공립,11140600
유치원,공립,11140600
초등학교,공립,11140600
초등학교,공립,11140600
중학교,공립,11140600
중학교,사립,11140600
고등학교,사립,11140600
유치원,공립,11140600
유치원,공립,11140600
초등학교,공립,11140600
초등학교,공립,11140600
중학교,공립,11140600
중학교,사립,11140600
고등학교,사립,11140600
유치원,공립,11140600
유치원,공립,11140600
초등학교,공립,11140600
초등학교,공립,11140600
중학교,공립,11140600
중학교,사립,11140600
고등학교,사립,11140600
유치원,공립,11140600
유치원,공립,11140600
초등학교,공립,11140600
초등학교,공립,11140600
중학교,공립,11140600
중학교,사립,11140600
고등학교,사립,11140600
유치원,공립,11140600
유치원,공립,11140600
초등학교,공립,11140600
초등학교,공립,11140600
중학교,공립,11140600
중학교,사립,11140600
고등학교,사립,11140600
유치원,공립,11140600
유치원,공립,11140600
초등학교,공립,11140600
초등학교,공립,11140600
중학교,공립,11140600
중학교,사립,11140600
고등학교,사립,11140600
유치원,사립,11140610
유치원,사립,11140610
유치원,사립,11140610
초등학교,공립,11140610
중학교,공립,11140610
중학교,사립,11140610
고등학교,공립,11140610
고등학교,사립,11140610
유치원,공립,11140610
유치원,사립,11140610
유치원,사립,11140610
초등학교,공립,11140610
중학교,공립,11140610
중학교,사립,11140610
고등학교,공립,11140610
고등학교,사립,11140610
유치원,공립,11140610
유치원,사립,11140610
유치원,사립,11140610
초등학교,공립,11140610
중학교,공립,11140610
중학교,사립,11140610
고등학교,공립,11140610
고등학교,사립,11140610
유치원,공립,11140610
유치원,사립,11140610
초등학교,공립,11140610
중학교,공립,11140610
중학교,사립,11140610
고등학교,공립,11140610
고등학교,사립,11140610
유치원,공립,11140610
유치원,사립,11140610
초등학교,공립,11140610
중학교,공립,11140610
중학교,사립,11140610
고등학교,공립,11140610
고등학교,사립,11140610
평생학교,사립,11140610
유치원,공립,11140610
유치원,사립,11140610
초등학교,공립,11140610
중학교,공립,11140610
중학교,사립,11140610
고등학교,공립,11140610
고등학교,사립,11140610
평생학교,사립,11140610
유치원,공립,11140610
유치원,사립,11140610
초등학교,공립,11140610
중학교,공립,11140610
중학교,사립,11140610
고등학교,공립,11140610
고등학교,사립,11140610
평생학교,사립,11140610
유치원,공립,11140610
유치원,사립,11140610
초등학교,공립,11140610
중학교,공립,11140610
중학교,사립,11140610
고등학교,공립,11140610
고등학교,사립,11140610
평생학교,사립,11140610
유치원,공립,11140610
유치원,사립,11140610
초등학교,공립,11140610
중학교,공립,11140610
중학교,사립,11140610
고등학교,공립,11140610
고등학교,사립,11140610
평생학교,사립,11140610
유치원,공립,11140610
유치원,사립,11140610
초등학교,공립,11140610
중학교,공립,11140610
중학교,사립,11140610
고등학교,공립,11140610
고등학교,사립,11140610
유치원,공립,11140610
유치원,사립,11140610
초등학교,공립,11140610
중학교,공립,11140610
중학교,사립,11140610
고등학교,공립,11140610
고등학교,사립,11140610
유치원,공립,11140610
유치원,사립,11140610
초등학교,공립,11140610
중학교,공립,11140610
중학교,사립,11140610
고등학교,공립,11140610
고등학교,사립,11140610
유치원,사립,11140630
초등학교,공립,11140630
중학교,공립,11140630
중학교,사립,11140630
고등학교,사립,11140630
유치원,사립,11140630
초등학교,공립,11140630
중학교,공립,11140630
중학교,사립,11140630
고등학교,사립,11140630
유치원,사립,11140630
초등학교,공립,11140630
중학교,공립,11140630
중학교,사립,11140630
고등학교,사립,11140630
유치원,사립,11140630
초등학교,공립,11140630
중학교,공립,11140630
중학교,사립,11140630
고등학교,사립,11140630
유치원,사립,11140630
초등학교,공립,11140630
중학교,공립,11140630
중학교,사립,11140630
고등학교,사립,11140630
유치원,사립,11140630
초등학교,공립,11140630
중학교,공립,11140630
중학교,사립,11140630
고등학교,사립,11140630
유치원,사립,11140630
초등학교,공립,11140630
중학교,공립,11140630
중학교,사립,11140630
고등학교,사립,11140630
유치원,사립,11140630
초등학교,공립,11140630
중학교,공립,11140630
중학교,사립,11140630
고등학교,사립,11140630
유치원,사립,11140630
초등학교,공립,11140630
중학교,공립,11140630
중학교,사립,11140630
고등학교,사립,11140630
유치원,사립,11140630
초등학교,공립,11140630
중학교,공립,11140630
중학교,사립,11140630
고등학교,사립,11140630
유치원,사립,11140630
초등학교,공립,11140630
중학교,공립,11140630
중학교,사립,11140630
고등학교,사립,11140630
유치원,사립,11140630
초등학교,공립,11140630
중학교,공립,11140630
중학교,사립,11140630
고등학교,사립,11140630
유치원,사립,11140660
유치원,사립,11140660
유치원,사립,11140660
초등학교,공립,11140660
유치원,사립,11140660
유치원,사립,11140660
유치원,사립,11140660
초등학교,공립,11140660
유치원,사립,11140660
유치원,사립,11140660
유치원,사립,11140660
초등학교,공립,11140660
유치원,사립,11140660
유치원,사립,11140660
유치원,사립,11140660
초등학교,공립,11140660
유치원,사립,11140660
유치원,사립,11140660
유치원,사립,11140660
초등학교,공립,11140660
유치원,사립,11140660
유치원,사립,11140660
초등학교,공립,11140660
유치원,사립,11140660
초등학교,공립,11140660
유치원,사립,11140660
초등학교,공립,11140660
유치원,사립,11140660
초등학교,공립,11140660
유치원,사립,11140660
초등학교,공립,11140660
유치원,사립,11140660
초등학교,공립,11140660
유치원,사립,11140660
초등학교,공립,11140660
초등학교,공립,11140680
중학교,공립,11140680
유치원,공립,11140680
초등학교,공립,11140680
중학교,공립,11140680
유치원,공립,11140680
초등학교,공립,11140680
중학교,공립,11140680
유치원,공립,11140680
초등학교,공립,11140680
중학교,공립,11140680
유치원,공립,11140680
초등학교,공립,11140680
중학교,공립,11140680
유치원,공립,11140680
초등학교,공립,11140680
중학교,공립,11140680
유치원,공립,11140680
초등학교,공립,11140680
중학교,공립,11140680
유치원,공립,11140680
초등학교,공립,11140680
중학교,공립,11140680
유치원,공립,11140680
초등학교,공립,11140680
중학교,공립,11140680
유치원,공립,11140680
초등학교,공립,11140680
중학교,공립,11140680
유치원,공립,11140680
초등학교,공립,11140680
중학교,공립,11140680
유치원,공립,11140680
초등학교,공립,11140680
중학교,공립,11140680
유치원,사립,11140700
초등학교,공립,11140700
초등학교,공립,11140700
유치원,사립,11140700
초등학교,공립,11140700
초등학교,공립,11140700
유치원,사립,11140700
초등학교,공립,11140700
초등학교,공립,11140700
유치원,사립,11140700
초등학교,공립,11140700
초등학교,공립,11140700
초등학교,공립,11140700
초등학교,공립,11140700
초등학교,공립,11140700
초등학교,공립,11140700
유치원,공립,11140700
초등학교,공립,11140700
초등학교,공립,11140700
유치원,공립,11140700
초등학교,공립,11140700
초등학교,공립,11140700
유치원,공립,11140700
초등학교,공립,11140700
초등학교,공립,11140700
유치원,공립,11140700
초등학교,공립,11140700
초등학교,공립,11140700
유치원,공립,11140700
초등학교,공립,11140700
초등학교,공립,11140700
유치원,공립,11140700
초등학교,공립,11140700
초등학교,공립,11140700
유치원,사립,11140710
유치원,사립,11140710
중학교,사립,11140710
고등학교,사립,11140710
고등학교,사립,11140710
유치원,사립,11140710
유치원,사립,11140710
중학교,사립,11140710
고등학교,사립,11140710
고등학교,사립,11140710
유치원,사립,11140710
유치원,사립,11140710
중학교,사립,11140710
고등학교,사립,11140710
고등학교,사립,11140710
유치원,사립,11140710
유치원,사립,11140710
중학교,사립,11140710
고등학교,사립,11140710
고등학교,사립,11140710
유치원,사립,11140710
유치원,사립,11140710
중학교,사립,11140710
고등학교,사립,11140710
고등학교,사립,11140710
유치원,사립,11140710
유치원,사립,11140710
중학교,사립,11140710
고등학교,사립,11140710
고등학교,사립,11140710
유치원,사립,11140710
유치원,사립,11140710
중학교,사립,11140710
고등학교,사립,11140710
고등학교,사립,11140710
유치원,사립,11140710
유치원,사립,11140710
중학교,사립,11140710
고등학교,사립,11140710
고등학교,사립,11140710
유치원,사립,11140710
유치원,사립,11140710
중학교,사립,11140710
고등학교,사립,11140710
고등학교,사립,11140710
유치원,사립,11140710
유치원,사립,11140710
중학교,사립,11140710
고등학교,사립,11140710
고등학교,사립,11140710
유치원,사립,11140710
유치원,사립,11140710
중학교,사립,11140710
고등학교,사립,11140710
고등학교,사립,11140710
유치원,사립,11140710
유치원,사립,11140710
중학교,사립,11140710
고등학교,사립,11140710
고등학교,사립,11140710
유치원,사립,11140720
초등학교,공립,11140720
초등학교,사립,11140720
중학교,공립,11140720
중학교,사립,11140720
고등학교,사립,11140720
유치원,사립,11140720
초등학교,공립,11140720
초등학교,사립,11140720
중학교,공립,11140720
중학교,사립,11140720
고등학교,사립,11140720
유치원,사립,11140720
초등학교,공립,11140720
초등학교,사립,11140720
중학교,공립,11140720
중학교,사립,11140720
고등학교,사립,11140720
유치원,사립,11140720
초등학교,공립,11140720
초등학교,사립,11140720
중학교,공립,11140720
중학교,사립,11140720
고등학교,사립,11140720
유치원,사립,11140720
초등학교,공립,11140720
초등학교,사립,11140720
중학교,공립,11140720
중학교,사립,11140720
고등학교,사립,11140720
유치원,사립,11140720
초등학교,공립,11140720
초등학교,사립,11140720
중학교,공립,11140720
중학교,사립,11140720
고등학교,사립,11140720
유치원,사립,11140720
초등학교,공립,11140720
초등학교,사립,11140720
중학교,공립,11140720
중학교,사립,11140720
고등학교,사립,11140720
유치원,사립,11140720
초등학교,공립,11140720
초등학교,사립,11140720
중학교,공립,11140720
중학교,사립,11140720
고등학교,사립,11140720
유치원,공립,11140720
유치원,사립,11140720
초등학교,공립,11140720
초등학교,사립,11140720
중학교,공립,11140720
중학교,사립,11140720
고등학교,사립,11140720
유치원,공립,11140720
유치원,사립,11140720
초등학교,공립,11140720
초등학교,사립,11140720
중학교,공립,11140720
중학교,사립,11140720
고등학교,사립,11140720
유치원,공립,11140720
유치원,사립,11140720
초등학교,공립,11140720
초등학교,사립,11140720
중학교,공립,11140720
중학교,사립,11140720
고등학교,사립,11140720
유치원,공립,11140720
유치원,사립,11140720
초등학교,공립,11140720
초등학교,사립,11140720
중학교,공립,11140720
중학교,사립,11140720
고등학교,사립,11140720
유치원,사립,11140730
유치원,사립,11140730
유치원,사립,11140730
초등학교,공립,11140730
초등학교,공립,11140730
초등학교,공립,11140730
중학교,공립,11140730
중학교,공립,11140730
특수학교,국립,11140730
유치원,사립,11140730
유치원,사립,11140730
유치원,사립,11140730
초등학교,공립,11140730
초등학교,공립,11140730
초등학교,공립,11140730
중학교,공립,11140730
중학교,공립,11140730
특수학교,국립,11140730
유치원,사립,11140730
유치원,사립,11140730
유치원,사립,11140730
초등학교,공립,11140730
초등학교,공립,11140730
초등학교,공립,11140730
중학교,공립,11140730
중학교,공립,11140730
특수학교,국립,11140730
유치원,사립,11140730
유치원,사립,11140730
초등학교,공립,11140730
초등학교,공립,11140730
초등학교,공립,11140730
중학교,공립,11140730
중학교,공립,11140730
특수학교,국립,11140730
유치원,사립,11140730
유치원,사립,11140730
유치원,사립,11140730
초등학교,공립,11140730
초등학교,공립,11140730
초등학교,공립,11140730
중학교,공립,11140730
중학교,공립,11140730
특수학교,국립,11140730
유치원,사립,11140730
유치원,사립,11140730
유치원,사립,11140730
초등학교,공립,11140730
초등학교,공립,11140730
초등학교,공립,11140730
중학교,공립,11140730
중학교,공립,11140730
특수학교,국립,11140730
유치원,사립,11140730
유치원,사립,11140730
유치원,사립,11140730
초등학교,공립,11140730
초등학교,공립,11140730
초등학교,공립,11140730
중학교,공립,11140730
중학교,공립,11140730
특수학교,국립,11140730
유치원,공립,11140730
유치원,사립,11140730
유치원,사립,11140730
초등학교,공립,11140730
초등학교,공립,11140730
초등학교,공립,11140730
중학교,공립,11140730
중학교,공립,11140730
특수학교,국립,11140730
유치원,공립,11140730
유치원,사립,11140730
유치원,사립,11140730
초등학교,공립,11140730
초등학교,공립,11140730
초등학교,공립,11140730
중학교,공립,11140730
중학교,공립,11140730
특수학교,국립,11140730
유치원,공립,11140730
유치원,사립,11140730
유치원,사립,11140730
초등학교,공립,11140730
초등학교,공립,11140730
초등학교,공립,11140730
중학교,공립,11140730
중학교,공립,11140730
특수학교,국립,11140730
유치원,공립,11140730
유치원,사립,11140730
유치원,사립,11140730
초등학교,공립,11140730
초등학교,공립,11140730
초등학교,공립,11140730
중학교,공립,11140730
중학교,공립,11140730
특수학교,국립,11140730
유치원,공립,11140730
유치원,사립,11140730
유치원,사립,11140730
초등학교,공립,11140730
초등학교,공립,11140730
초등학교,공립,11140730
중학교,공립,11140730
중학교,공립,11140730
특수학교,국립,11140730
유치원,공립,11140740
유치원,공립,11140740
유치원,공립,11140740
유치원,사립,11140740
유치원,사립,11140740
초등학교,공립,11140740
초등학교,공립,11140740
초등학교,공립,11140740
중학교,공립,11140740
고등학교,공립,11140740
유치원,공립,11140740
유치원,공립,11140740
유치원,공립,11140740
유치원,사립,11140740
유치원,사립,11140740
초등학교,공립,11140740
초등학교,공립,11140740
초등학교,공립,11140740
중학교,공립,11140740
고등학교,공립,11140740
유치원,공립,11140740
유치원,공립,11140740
유치원,공립,11140740
유치원,사립,11140740
유치원,사립,11140740
초등학교,공립,11140740
초등학교,공립,11140740
초등학교,공립,11140740
중학교,공립,11140740
고등학교,공립,11140740
유치원,공립,11140740
유치원,공립,11140740
유치원,공립,11140740
유치원,사립,11140740
유치원,사립,11140740
초등학교,공립,11140740
초등학교,공립,11140740
초등학교,공립,11140740
중학교,공립,11140740
고등학교,공립,11140740
유치원,공립,11140740
유치원,공립,11140740
유치원,공립,11140740
유치원,사립,11140740
유치원,사립,11140740
초등학교,공립,11140740
초등학교,공립,11140740
초등학교,공립,11140740
중학교,공립,11140740
고등학교,공립,11140740
유치원,공립,11140740
유치원,공립,11140740
유치원,공립,11140740
유치원,사립,11140740
유치원,사립,11140740
초등학교,공립,11140740
초등학교,공립,11140740
초등학교,공립,11140740
중학교,공립,11140740
고등학교,공립,11140740
유치원,공립,11140740
유치원,공립,11140740
유치원,공립,11140740
유치원,사립,11140740
유치원,사립,11140740
초등학교,공립,11140740
초등학교,공립,11140740
초등학교,공립,11140740
중학교,공립,11140740
고등학교,공립,11140740
유치원,공립,11140740
유치원,공립,11140740
유치원,공립,11140740
유치원,사립,11140740
유치원,사립,11140740
초등학교,공립,11140740
초등학교,공립,11140740
초등학교,공립,11140740
중학교,공립,11140740
고등학교,공립,11140740
유치원,공립,11140740
유치원,공립,11140740
유치원,공립,11140740
유치원,사립,11140740
유치원,사립,11140740
초등학교,공립,11140740
초등학교,공립,11140740
초등학교,공립,11140740
중학교,공립,11140740
고등학교,공립,11140740
유치원,공립,11140740
유치원,공립,11140740
유치원,공립,11140740
유치원,사립,11140740
유치원,사립,11140740
초등학교,공립,11140740
초등학교,공립,11140740
초등학교,공립,11140740
중학교,공립,11140740
고등학교,공립,11140740
유치원,공립,11140740
유치원,공립,11140740
유치원,공립,11140740
유치원,사립,11140740
유치원,사립,11140740
초등학교,공립,11140740
초등학교,공립,11140740
초등학교,공립,11140740
중학교,공립,11140740
고등학교,공립,11140740
유치원,공립,11140740
유치원,공립,11140740
유치원,공립,11140740
유치원,사립,11140740
유치원,사립,11140740
초등학교,공립,11140740
초등학교,공립,11140740
초등학교,공립,11140740
중학교,공립,11140740
고등학교,공립,11140740
유치원,공립,11140750
유치원,사립,11140750
유치원,사립,11140750
초등학교,공립,11140750
유치원,공립,11140750
유치원,사립,11140750
유치원,사립,11140750
초등학교,공립,11140750
유치원,공립,11140750
유치원,사립,11140750
유치원,사립,11140750
초등학교,공립,11140750
유치원,공립,11140750
유치원,사립,11140750
유치원,사립,11140750
초등학교,공립,11140750
유치원,공립,11140750
유치원,사립,11140750
유치원,사립,11140750
초등학교,공립,11140750
유치원,공립,11140750
유치원,사립,11140750
유치원,사립,11140750
초등학교,공립,11140750
유치원,공립,11140750
유치원,사립,11140750
유치원,사립,11140750
초등학교,공립,11140750
유치원,공립,11140750
유치원,사립,11140750
유치원,사립,11140750
초등학교,공립,11140750
유치원,공립,11140750
유치원,사립,11140750
유치원,사립,11140750
초등학교,공립,11140750
유치원,공립,11140750
유치원,사립,11140750
유치원,사립,11140750
유치원,공립,11140750
유치원,사립,11140750
유치원,사립,11140750
초등학교,공립,11140750
유치원,공립,11140750
유치원,사립,11140750
유치원,사립,11140750
초등학교,공립,11140750
초등학교,공립,11140760
초등학교,공립,11140760
초등학교,공립,11140760
초등학교,공립,11140760
초등학교,공립,11140760
초등학교,공립,11140760
초등학교,공립,11140760
초등학교,공립,11140760
초등학교,공립,11140760
초등학교,공립,11140760
초등학교,공립,11140760
초등학교,공립,11140760
유치원,공립,11140770
유치원,사립,11140770
초등학교,공립,11140770
초등학교,공립,11140770
중학교,사립,11140770
고등학교,사립,11140770
유치원,공립,11140770
유치원,사립,11140770
초등학교,공립,11140770
초등학교,공립,11140770
중학교,사립,11140770
고등학교,사립,11140770
유치원,공립,11140770
유치원,사립,11140770
초등학교,공립,11140770
초등학교,공립,11140770
중학교,사립,11140770
고등학교,사립,11140770
유치원,공립,11140770
유치원,사립,11140770
초등학교,공립,11140770
초등학교,공립,11140770
중학교,사립,11140770
고등학교,사립,11140770
유치원,공립,11140770
유치원,사립,11140770
초등학교,공립,11140770
초등학교,공립,11140770
중학교,사립,11140770
고등학교,사립,11140770
유치원,공립,11140770
유치원,사립,11140770
초등학교,공립,11140770
초등학교,공립,11140770
중학교,사립,11140770
고등학교,사립,11140770
유치원,공립,11140770
유치원,사립,11140770
초등학교,공립,11140770
초등학교,공립,11140770
중학교,사립,11140770
고등학교,사립,11140770
유치원,공립,11140770
유치원,공립,11140770
유치원,사립,11140770
초등학교,공립,11140770
초등학교,공립,11140770
중학교,사립,11140770
고등학교,사립,11140770
유치원,공립,11140770
유치원,공립,11140770
유치원,사립,11140770
초등학교,공립,11140770
초등학교,공립,11140770
중학교,사립,11140770
고등학교,사립,11140770
유치원,공립,11140770
유치원,공립,11140770
유치원,사립,11140770
초등학교,공립,11140770
초등학교,공립,11140770
중학교,사립,11140770
고등학교,사립,11140770
유치원,공립,11140770
유치원,공립,11140770
유치원,사립,11140770
초등학교,공립,11140770
초등학교,공립,11140770
유치원,공립,11140770
유치원,공립,11140770
유치원,사립,11140770
초등학교,공립,11140770
초등학교,공립,11140770
유치원,사립,11140780
초등학교,공립,11140780
중학교,공립,11140780
고등학교,사립,11140780
각종학교,공립,11140780
초등학교,공립,11140780
중학교,공립,11140780
고등학교,사립,11140780
각종학교,공립,11140780
방송통신중,공립,11140780
초등학교,공립,11140780
중학교,공립,11140780
고등학교,사립,11140780
각종학교,공립,11140780
방송통신중,공립,11140780
초등학교,공립,11140780
중학교,공립,11140780
고등학교,사립,11140780
각종학교,공립,11140780
방송통신중,공립,11140780
초등학교,공립,11140780
중학교,공립,11140780
고등학교,사립,11140780
각종학교,공립,11140780
초등학교,공립,11140780
중학교,공립,11140780
고등학교,사립,11140780
각종학교,공립,11140780
초등학교,공립,11140780
중학교,공립,11140780
고등학교,사립,11140780
각종학교,공립,11140780
초등학교,공립,11140780
중학교,공립,11140780
고등학교,사립,11140780
각종학교,공립,11140780
초등학교,공립,11140780
중학교,공립,11140780
고등학교,사립,11140780
각종학교,공립,11140780
초등학교,공립,11140780
중학교,공립,11140780
고등학교,사립,11140780
각종학교,공립,11140780
방송통신중,공립,11140780
초등학교,공립,11140780
중학교,공립,11140780
고등학교,사립,11140780
각종학교,공립,11140780
방송통신중,공립,11140780
초등학교,공립,11140780
중학교,공립,11140780
고등학교,사립,11140780
각종학교,공립,11140780
방송통신중,공립,11140780
유치원,공립,11150510
유치원,사립,11150510
유치원,사립,11150510
초등학교,공립,11150510
초등학교,공립,11150510
중학교,공립,11150510
고등학교,사립,11150510
유치원,공립,11150510
유치원,사립,11150510
유치원,사립,11150510
초등학교,공립,11150510
초등학교,공립,11150510
중학교,공립,11150510
고등학교,사립,11150510
유치원,공립,11150510
유치원,사립,11150510
유치원,사립,11150510
초등학교,공립,11150510
초등학교,공립,11150510
중학교,공립,11150510
고등학교,사립,11150510
유치원,공립,11150510
유치원,사립,11150510
유치원,사립,11150510
초등학교,공립,11150510
초등학교,공립,11150510
중학교,공립,11150510
고등학교,사립,11150510
유치원,공립,11150510
유치원,사립,11150510
유치원,사립,11150510
초등학교,공립,11150510
초등학교,공립,11150510
중학교,공립,11150510
고등학교,사립,11150510
유치원,공립,11150510
유치원,사립,11150510
유치원,사립,11150510
초등학교,공립,11150510
초등학교,공립,11150510
중학교,공립,11150510
고등학교,사립,11150510
유치원,공립,11150510
유치원,사립,11150510
유치원,사립,11150510
초등학교,공립,11150510
초등학교,공립,11150510
중학교,공립,11150510
고등학교,사립,11150510
유치원,공립,11150510
유치원,사립,11150510
유치원,사립,11150510
초등학교,공립,11150510
초등학교,공립,11150510
중학교,공립,11150510
고등학교,사립,11150510
유치원,공립,11150510
유치원,사립,11150510
유치원,사립,11150510
초등학교,공립,11150510
초등학교,공립,11150510
중학교,공립,11150510
고등학교,사립,11150510
유치원,공립,11150510
유치원,사립,11150510
초등학교,공립,11150510
초등학교,공립,11150510
중학교,공립,11150510
고등학교,사립,11150510
유치원,공립,11150510
유치원,사립,11150510
초등학교,공립,11150510
초등학교,공립,11150510
중학교,공립,11150510
고등학교,사립,11150510
유치원,공립,11150510
유치원,사립,11150510
초등학교,공립,11150510
초등학교,공립,11150510
중학교,공립,11150510
고등학교,사립,11150510
유치원,공립,11150520
유치원,사립,11150520
유치원,사립,11150520
유치원,사립,11150520
유치원,사립,11150520
유치원,사립,11150520
유치원,사립,11150520
유치원,사립,11150520
유치원,사립,11150520
유치원,사립,11150520
유치원,사립,11150520
유치원,사립,11150520
유치원,사립,11150520
유치원,사립,11150520
유치원,사립,11150520
초등학교,공립,11150520
중학교,공립,11150520
유치원,공립,11150520
유치원,사립,11150520
유치원,사립,11150520
유치원,사립,11150520
유치원,사립,11150520
유치원,사립,11150520
유치원,사립,11150520
유치원,사립,11150520
유치원,사립,11150520
유치원,사립,11150520
유치원,사립,11150520
유치원,사립,11150520
유치원,사립,11150520
유치원,사립,11150520
유치원,사립,11150520
유치원,사립,11150520
초등학교,공립,11150520
중학교,공립,11150520
유치원,공립,11150520
유치원,사립,11150520
유치원,사립,11150520
유치원,사립,11150520
유치원,사립,11150520
유치원,사립,11150520
유치원,사립,11150520
유치원,사립,11150520
유치원,사립,11150520
유치원,사립,11150520
유치원,사립,11150520
유치원,사립,11150520
유치원,사립,11150520
유치원,사립,11150520
유치원,사립,11150520
유치원,사립,11150520
초등학교,공립,11150520
중학교,공립,11150520
유치원,공립,11150520
유치원,사립,11150520
유치원,사립,11150520
유치원,사립,11150520
유치원,사립,11150520
유치원,사립,11150520
유치원,사립,11150520
유치원,사립,11150520
유치원,사립,11150520
유치원,사립,11150520
유치원,사립,11150520
유치원,사립,11150520
유치원,사립,11150520
유치원,사립,11150520
유치원,사립,11150520
유치원,사립,11150520
초등학교,공립,11150520
중학교,공립,11150520
유치원,공립,11150520
유치원,사립,11150520
유치원,사립,11150520
유치원,사립,11150520
유치원,사립,11150520
유치원,사립,11150520
유치원,사립,11150520
유치원,사립,11150520
유치원,사립,11150520
유치원,사립,11150520
유치원,사립,11150520
유치원,사립,11150520
유치원,사립,11150520
유치원,사립,11150520
유치원,사립,11150520
초등학교,공립,11150520
중학교,공립,11150520
유치원,공립,11150520
유치원,사립,11150520
유치원,사립,11150520
유치원,사립,11150520
유치원,사립,11150520
유치원,사립,11150520
유치원,사립,11150520
유치원,사립,11150520
유치원,사립,11150520
유치원,사립,11150520
유치원,사립,11150520
유치원,사립,11150520
유치원,사립,11150520
유치원,사립,11150520
초등학교,공립,11150520
중학교,공립,11150520
유치원,공립,11150520
유치원,사립,11150520
유치원,사립,11150520
유치원,사립,11150520
유치원,사립,11150520
유치원,사립,11150520
유치원,사립,11150520
유치원,사립,11150520
유치원,사립,11150520
유치원,사립,11150520
유치원,사립,11150520
유치원,사립,11150520
초등학교,공립,11150520
중학교,공립,11150520
유치원,공립,11150520
유치원,사립,11150520
유치원,사립,11150520
유치원,사립,11150520
유치원,사립,11150520
유치원,사립,11150520
유치원,사립,11150520
유치원,사립,11150520
유치원,사립,11150520
유치원,사립,11150520
유치원,사립,11150520
유치원,사립,11150520
초등학교,공립,11150520
중학교,공립,11150520
유치원,공립,11150520
유치원,사립,11150520
유치원,사립,11150520
유치원,사립,11150520
유치원,사립,11150520
유치원,사립,11150520
유치원,사립,11150520
유치원,사립,11150520
유치원,사립,11150520
유치원,사립,11150520
유치원,사립,11150520
유치원,사립,11150520
초등학교,공립,11150520
중학교,공립,11150520
유치원,공립,11150520
유치원,사립,11150520
유치원,사립,11150520
유치원,사립,11150520
유치원,사립,11150520
유치원,사립,11150520
유치원,사립,11150520
유치원,사립,11150520
초등학교,공립,11150520
중학교,공립,11150520
유치원,공립,11150520
유치원,사립,11150520
초등학교,공립,11150520
유치원,공립,11150520
유치원,사립,11150520
초등학교,공립,11150520
유치원,사립,11150530
유치원,사립,11150530
유치원,사립,11150530
유치원,사립,11150530
중학교,공립,11150530
유치원,사립,11150530
유치원,사립,11150530
유치원,사립,11150530
유치원,사립,11150530
중학교,공립,11150530
유치원,사립,11150530
유치원,사립,11150530
유치원,사립,11150530
유치원,사립,11150530
중학교,공립,11150530
유치원,사립,11150530
유치원,사립,11150530
유치원,사립,11150530
중학교,공립,11150530
유치원,사립,11150530
유치원,사립,11150530
유치원,사립,11150530
중학교,공립,11150530
유치원,사립,11150530
유치원,사립,11150530
유치원,사립,11150530
중학교,공립,11150530
유치원,사립,11150530
유치원,사립,11150530
유치원,사립,11150530
중학교,공립,11150530
유치원,사립,11150530
유치원,사립,11150530
유치원,사립,11150530
중학교,공립,11150530
유치원,사립,11150530
유치원,사립,11150530
유치원,사립,11150530
유치원,사립,11150530
유치원,사립,11150530
유치원,사립,11150530
유치원,사립,11150530
유치원,사립,11150530
유치원,사립,11150530
중학교,공립,11150530
유치원,사립,11150530
중학교,공립,11150530
유치원,사립,11150540
초등학교,공립,11150540
중학교,사립,11150540
고등학교,사립,11150540
유치원,사립,11150540
초등학교,공립,11150540
중학교,사립,11150540
고등학교,사립,11150540
유치원,사립,11150540
초등학교,공립,11150540
중학교,사립,11150540
고등학교,사립,11150540
유치원,사립,11150540
초등학교,공립,11150540
중학교,사립,11150540
고등학교,사립,11150540
초등학교,공립,11150540
중학교,사립,11150540
고등학교,사립,11150540
초등학교,공립,11150540
중학교,사립,11150540
고등학교,사립,11150540
초등학교,공립,11150540
중학교,사립,11150540
고등학교,사립,11150540
초등학교,공립,11150540
중학교,사립,11150540
고등학교,사립,11150540
초등학교,공립,11150540
중학교,사립,11150540
고등학교,사립,11150540
초등학교,공립,11150540
중학교,사립,11150540
고등학교,사립,11150540
초등학교,공립,11150540
중학교,사립,11150540
고등학교,사립,11150540
초등학교,공립,11150540
중학교,사립,11150540
고등학교,사립,11150540
유치원,사립,11150570
유치원,사립,11150570
유치원,사립,11150570
유치원,사립,11150570
유치원,사립,11150570
유치원,사립,11150580
초등학교,공립,11150580
초등학교,공립,11150580
중학교,공립,11150580
중학교,공립,11150580
유치원,사립,11150580
초등학교,공립,11150580
초등학교,공립,11150580
중학교,공립,11150580
중학교,공립,11150580
유치원,사립,11150580
초등학교,공립,11150580
초등학교,공립,11150580
중학교,공립,11150580
중학교,공립,11150580
유치원,사립,11150580
초등학교,공립,11150580
초등학교,공립,11150580
중학교,공립,11150580
중학교,공립,11150580
유치원,사립,11150580
초등학교,공립,11150580
초등학교,공립,11150580
중학교,공립,11150580
중학교,공립,11150580
유치원,사립,11150580
초등학교,공립,11150580
초등학교,공립,11150580
중학교,공립,11150580
중학교,공립,11150580
유치원,사립,11150580
초등학교,공립,11150580
초등학교,공립,11150580
중학교,공립,11150580
중학교,공립,11150580
유치원,공립,11150580
초등학교,공립,11150580
초등학교,공립,11150580
중학교,공립,11150580
중학교,공립,11150580
유치원,공립,11150580
초등학교,공립,11150580
초등학교,공립,11150580
중학교,공립,11150580
중학교,공립,11150580
초등학교,공립,11150580
초등학교,공립,11150580
중학교,공립,11150580
중학교,공립,11150580
초등학교,공립,11150580
초등학교,공립,11150580
중학교,공립,11150580
중학교,공립,11150580
초등학교,공립,11150580
초등학교,공립,11150580
중학교,공립,11150580
중학교,공립,11150580
유치원,공립,11150590
유치원,사립,11150590
초등학교,공립,11150590
초등학교,공립,11150590
중학교,공립,11150590
중학교,공립,11150590
고등학교,공립,11150590
고등학교,사립,11150590
고등학교,사립,11150590
유치원,공립,11150590
유치원,사립,11150590
초등학교,공립,11150590
초등학교,공립,11150590
중학교,공립,11150590
중학교,공립,11150590
고등학교,공립,11150590
고등학교,사립,11150590
고등학교,사립,11150590
유치원,공립,11150590
유치원,사립,11150590
초등학교,공립,11150590
초등학교,공립,11150590
중학교,공립,11150590
중학교,공립,11150590
고등학교,공립,11150590
고등학교,사립,11150590
고등학교,사립,11150590
유치원,공립,11150590
유치원,사립,11150590
초등학교,공립,11150590
초등학교,공립,11150590
중학교,공립,11150590
중학교,공립,11150590
고등학교,공립,11150590
고등학교,사립,11150590
고등학교,사립,11150590
유치원,공립,11150590
유치원,사립,11150590
초등학교,공립,11150590
초등학교,공립,11150590
중학교,공립,11150590
중학교,공립,11150590
고등학교,공립,11150590
고등학교,사립,11150590
고등학교,사립,11150590
유치원,공립,11150590
유치원,사립,11150590
초등학교,공립,11150590
초등학교,공립,11150590
중학교,공립,11150590
중학교,공립,11150590
고등학교,공립,11150590
고등학교,사립,11150590
고등학교,사립,11150590
유치원,공립,11150590
유치원,사립,11150590
초등학교,공립,11150590
초등학교,공립,11150590
중학교,공립,11150590
중학교,공립,11150590
고등학교,공립,11150590
고등학교,사립,11150590
고등학교,사립,11150590
유치원,공립,11150590
유치원,사립,11150590
초등학교,공립,11150590
초등학교,공립,11150590
중학교,공립,11150590
중학교,공립,11150590
고등학교,공립,11150590
고등학교,사립,11150590
고등학교,사립,11150590
유치원,공립,11150590
유치원,사립,11150590
초등학교,공립,11150590
초등학교,공립,11150590
중학교,공립,11150590
중학교,공립,11150590
고등학교,공립,11150590
고등학교,사립,11150590
고등학교,사립,11150590
유치원,공립,11150590
유치원,사립,11150590
초등학교,공립,11150590
초등학교,공립,11150590
중학교,공립,11150590
중학교,공립,11150590
고등학교,공립,11150590
고등학교,사립,11150590
고등학교,사립,11150590
유치원,공립,11150590
유치원,사립,11150590
초등학교,공립,11150590
초등학교,공립,11150590
중학교,공립,11150590
중학교,공립,11150590
고등학교,공립,11150590
고등학교,사립,11150590
고등학교,사립,11150590
유치원,공립,11150590
유치원,사립,11150590
초등학교,공립,11150590
초등학교,공립,11150590
중학교,공립,11150590
중학교,공립,11150590
고등학교,공립,11150590
고등학교,사립,11150590
고등학교,사립,11150590
유치원,사립,11150600
유치원,사립,11150600
초등학교,공립,11150600
유치원,사립,11150600
유치원,사립,11150600
초등학교,공립,11150600
유치원,사립,11150600
유치원,사립,11150600
초등학교,공립,11150600
유치원,사립,11150600
유치원,사립,11150600
유치원,사립,11150600
초등학교,공립,11150600
유치원,사립,11150600
유치원,사립,11150600
유치원,사립,11150600
초등학교,공립,11150600
유치원,사립,11150600
유치원,사립,11150600
초등학교,공립,11150600
유치원,사립,11150600
유치원,사립,11150600
초등학교,공립,11150600
유치원,사립,11150600
유치원,사립,11150600
초등학교,공립,11150600
유치원,사립,11150600
유치원,사립,11150600
초등학교,공립,11150600
유치원,사립,11150600
유치원,사립,11150600
초등학교,공립,11150600
유치원,사립,11150600
유치원,사립,11150600
초등학교,공립,11150600
유치원,사립,11150600
유치원,사립,11150600
초등학교,공립,11150600
유치원,공립,11150610
유치원,사립,11150610
유치원,사립,11150610
초등학교,공립,11150610
중학교,공립,11150610
중학교,공립,11150610
유치원,공립,11150610
유치원,사립,11150610
유치원,사립,11150610
초등학교,공립,11150610
중학교,공립,11150610
중학교,공립,11150610
유치원,공립,11150610
유치원,사립,11150610
유치원,사립,11150610
초등학교,공립,11150610
중학교,공립,11150610
중학교,공립,11150610
유치원,공립,11150610
유치원,사립,11150610
유치원,사립,11150610
초등학교,공립,11150610
중학교,공립,11150610
중학교,공립,11150610
유치원,공립,11150610
유치원,사립,11150610
초등학교,공립,11150610
중학교,공립,11150610
중학교,공립,11150610
유치원,공립,11150610
유치원,사립,11150610
초등학교,공립,11150610
중학교,공립,11150610
중학교,공립,11150610
유치원,공립,11150610
초등학교,공립,11150610
중학교,공립,11150610
중학교,공립,11150610
유치원,공립,11150610
초등학교,공립,11150610
중학교,공립,11150610
중학교,공립,11150610
유치원,공립,11150610
초등학교,공립,11150610
중학교,공립,11150610
중학교,공립,11150610
유치원,공립,11150610
초등학교,공립,11150610
중학교,공립,11150610
중학교,공립,11150610
유치원,공립,11150610
초등학교,공립,11150610
중학교,공립,11150610
중학교,공립,11150610
유치원,공립,11150610
초등학교,공립,11150610
중학교,공립,11150610
중학교,공립,11150610
유치원,사립,11150620
초등학교,공립,11150620
중학교,공립,11150620
유치원,사립,11150620
초등학교,공립,11150620
중학교,공립,11150620
유치원,사립,11150620
초등학교,공립,11150620
중학교,공립,11150620
유치원,사립,11150620
초등학교,공립,11150620
중학교,공립,11150620
유치원,사립,11150620
초등학교,공립,11150620
중학교,공립,11150620
초등학교,공립,11150620
중학교,공립,11150620
초등학교,공립,11150620
중학교,공립,11150620
초등학교,공립,11150620
중학교,공립,11150620
초등학교,공립,11150620
중학교,공립,11150620
초등학교,공립,11150620
중학교,공립,11150620
초등학교,공립,11150620
중학교,공립,11150620
초등학교,공립,11150620
중학교,공립,11150620
유치원,사립,11150630
유치원,사립,11150630
유치원,사립,11150630
초등학교,공립,11150630
중학교,공립,11150630
유치원,사립,11150630
유치원,사립,11150630
유치원,사립,11150630
초등학교,공립,11150630
중학교,공립,11150630
유치원,사립,11150630
유치원,사립,11150630
초등학교,공립,11150630
중학교,공립,11150630
유치원,공립,11150630
유치원,사립,11150630
유치원,사립,11150630
초등학교,공립,11150630
중학교,공립,11150630
유치원,공립,11150630
유치원,사립,11150630
유치원,사립,11150630
초등학교,공립,11150630
중학교,공립,11150630
유치원,공립,11150630
유치원,사립,11150630
유치원,사립,11150630
초등학교,공립,11150630
중학교,공립,11150630
유치원,공립,11150630
유치원,사립,11150630
초등학교,공립,11150630
중학교,공립,11150630
유치원,공립,11150630
유치원,사립,11150630
초등학교,공립,11150630
중학교,공립,11150630
유치원,공립,11150630
유치원,사립,11150630
초등학교,공립,11150630
중학교,공립,11150630
유치원,공립,11150630
유치원,사립,11150630
초등학교,공립,11150630
중학교,공립,11150630
유치원,공립,11150630
유치원,사립,11150630
초등학교,공립,11150630
중학교,공립,11150630
유치원,사립,11150630
초등학교,공립,11150630
중학교,공립,11150630
초등학교,공립,11150640
초등학교,공립,11150640
초등학교,공립,11150640
중학교,공립,11150640
초등학교,공립,11150640
초등학교,공립,11150640
초등학교,공립,11150640
중학교,공립,11150640
초등학교,공립,11150640
초등학교,공립,11150640
초등학교,공립,11150640
중학교,공립,11150640
초등학교,공립,11150640
초등학교,공립,11150640
초등학교,공립,11150640
중학교,공립,11150640
초등학교,공립,11150640
초등학교,공립,11150640
초등학교,공립,11150640
중학교,공립,11150640
초등학교,공립,11150640
초등학교,공립,11150640
초등학교,공립,11150640
중학교,공립,11150640
초등학교,공립,11150640
초등학교,공립,11150640
초등학교,공립,11150640
중학교,공립,11150640
초등학교,공립,11150640
초등학교,공립,11150640
초등학교,공립,11150640
중학교,공립,11150640
초등학교,공립,11150640
초등학교,공립,11150640
중학교,공립,11150640
초등학교,공립,11150640
초등학교,공립,11150640
중학교,공립,11150640
유치원,사립,11150640
유치원,사립,11150640
초등학교,공립,11150640
초등학교,공립,11150640
중학교,공립,11150640
유치원,사립,11150640
유치원,사립,11150640
초등학교,공립,11150640
초등학교,공립,11150640
중학교,공립,11150640
초등학교,공립,11150650
초등학교,공립,11150650
중학교,공립,11150650
초등학교,공립,11150650
초등학교,공립,11150650
중학교,공립,11150650
초등학교,공립,11150650
초등학교,공립,11150650
중학교,공립,11150650
초등학교,공립,11150650
초등학교,공립,11150650
중학교,공립,11150650
초등학교,공립,11150650
초등학교,공립,11150650
중학교,공립,11150650
초등학교,공립,11150650
초등학교,공립,11150650
중학교,공립,11150650
초등학교,공립,11150650
초등학교,공립,11150650
중학교,공립,11150650
초등학교,공립,11150650
초등학교,공립,11150650
중학교,공립,11150650
초등학교,공립,11150650
초등학교,공립,11150650
중학교,공립,11150650
초등학교,공립,11150650
초등학교,공립,11150650
중학교,공립,11150650
유치원,사립,11150650
초등학교,공립,11150650
초등학교,공립,11150650
중학교,공립,11150650
유치원,사립,11150650
초등학교,공립,11150650
초등학교,공립,11150650
중학교,공립,11150650
고등학교,사립,11150660
유치원,공립,11150660
유치원,공립,11150660
유치원,공립,11150660
유치원,사립,11150660
유치원,사립,11150660
유치원,사립,11150660
초등학교,공립,11150660
초등학교,공립,11150660
초등학교,공립,11150660
초등학교,공립,11150660
초등학교,공립,11150660
중학교,공립,11150660
고등학교,공립,11150660
고등학교,사립,11150660
고등학교,사립,11150660
고등학교,사립,11150660
유치원,공립,11150660
유치원,공립,11150660
유치원,공립,11150660
유치원,사립,11150660
유치원,사립,11150660
유치원,사립,11150660
초등학교,공립,11150660
초등학교,공립,11150660
초등학교,공립,11150660
초등학교,공립,11150660
초등학교,공립,11150660
중학교,공립,11150660
고등학교,공립,11150660
고등학교,사립,11150660
고등학교,사립,11150660
고등학교,사립,11150660
유치원,공립,11150660
유치원,공립,11150660
유치원,공립,11150660
유치원,사립,11150660
유치원,사립,11150660
유치원,사립,11150660
초등학교,공립,11150660
초등학교,공립,11150660
초등학교,공립,11150660
초등학교,공립,11150660
초등학교,공립,11150660
중학교,공립,11150660
고등학교,공립,11150660
고등학교,사립,11150660
고등학교,사립,11150660
유치원,공립,11150660
유치원,공립,11150660
유치원,공립,11150660
유치원,사립,11150660
유치원,사립,11150660
유치원,사립,11150660
초등학교,공립,11150660
초등학교,공립,11150660
초등학교,공립,11150660
초등학교,공립,11150660
초등학교,공립,11150660
중학교,공립,11150660
고등학교,공립,11150660
고등학교,사립,11150660
고등학교,사립,11150660
고등학교,사립,11150660
유치원,공립,11150660
유치원,공립,11150660
유치원,공립,11150660
유치원,공립,11150660
유치원,공립,11150660
유치원,사립,11150660
유치원,사립,11150660
유치원,사립,11150660
초등학교,공립,11150660
초등학교,공립,11150660
초등학교,공립,11150660
초등학교,공립,11150660
초등학교,공립,11150660
중학교,공립,11150660
고등학교,공립,11150660
고등학교,사립,11150660
고등학교,사립,11150660
고등학교,사립,11150660
유치원,공립,11150660
유치원,공립,11150660
유치원,공립,11150660
유치원,공립,11150660
유치원,공립,11150660
유치원,사립,11150660
유치원,사립,11150660
유치원,사립,11150660
초등학교,공립,11150660
초등학교,공립,11150660
초등학교,공립,11150660
초등학교,공립,11150660
초등학교,공립,11150660
중학교,공립,11150660
고등학교,공립,11150660
고등학교,사립,11150660
고등학교,사립,11150660
고등학교,사립,11150660
유치원,공립,11150660
유치원,공립,11150660
유치원,공립,11150660
유치원,공립,11150660
유치원,공립,11150660
유치원,공립,11150660
유치원,사립,11150660
유치원,사립,11150660
초등학교,공립,11150660
초등학교,공립,11150660
초등학교,공립,11150660
초등학교,공립,11150660
초등학교,공립,11150660
중학교,공립,11150660
고등학교,공립,11150660
고등학교,사립,11150660
고등학교,사립,11150660
고등학교,사립,11150660
유치원,공립,11150660
유치원,공립,11150660
유치원,공립,11150660
유치원,공립,11150660
유치원,공립,11150660
유치원,공립,11150660
유치원,사립,11150660
유치원,사립,11150660
초등학교,공립,11150660
초등학교,공립,11150660
초등학교,공립,11150660
초등학교,공립,11150660
초등학교,공립,11150660
중학교,공립,11150660
고등학교,공립,11150660
고등학교,사립,11150660
고등학교,사립,11150660
고등학교,사립,11150660
유치원,공립,11150660
유치원,공립,11150660
유치원,공립,11150660
유치원,공립,11150660
유치원,공립,11150660
유치원,공립,11150660
유치원,사립,11150660
유치원,사립,11150660
초등학교,공립,11150660
초등학교,공립,11150660
초등학교,공립,11150660
초등학교,공립,11150660
초등학교,공립,11150660
중학교,공립,11150660
고등학교,공립,11150660
고등학교,사립,11150660
고등학교,사립,11150660
고등학교,사립,11150660
유치원,공립,11150660
유치원,공립,11150660
유치원,공립,11150660
유치원,공립,11150660
유치원,사립,11150660
유치원,사립,11150660
초등학교,공립,11150660
초등학교,공립,11150660
초등학교,공립,11150660
초등학교,공립,11150660
초등학교,공립,11150660
중학교,공립,11150660
고등학교,공립,11150660
고등학교,사립,11150660
고등학교,사립,11150660
고등학교,사립,11150660
유치원,공립,11150660
유치원,공립,11150660
유치원,공립,11150660
유치원,공립,11150660
유치원,사립,11150660
유치원,사립,11150660
초등학교,공립,11150660
초등학교,공립,11150660
초등학교,공립,11150660
초등학교,공립,11150660
초등학교,공립,11150660
중학교,공립,11150660
고등학교,공립,11150660
고등학교,사립,11150660
고등학교,사립,11150660
고등학교,사립,11150660
유치원,공립,11150660
유치원,공립,11150660
유치원,공립,11150660
유치원,공립,11150660
유치원,사립,11150660
초등학교,공립,11150660
초등학교,공립,11150660
초등학교,공립,11150660
초등학교,공립,11150660
초등학교,공립,11150660
중학교,공립,11150660
고등학교,공립,11150660
고등학교,사립,11150660
고등학교,사립,11150660
고등학교,사립,11150660
중학교,공립,11150690
고등학교,공립,11150690
중학교,공립,11150690
고등학교,공립,11150690
중학교,공립,11150690
고등학교,공립,11150690
중학교,공립,11150690
고등학교,공립,11150690
중학교,공립,11150690
고등학교,공립,11150690
중학교,공립,11150690
고등학교,공립,11150690
중학교,공립,11150690
고등학교,공립,11150690
중학교,공립,11150690
고등학교,공립,11150690
중학교,공립,11150690
고등학교,공립,11150690
중학교,공립,11150690
고등학교,공립,11150690
유치원,사립,11150690
유치원,사립,11150690
중학교,공립,11150690
고등학교,공립,11150690
유치원,사립,11150690
유치원,사립,11150690
중학교,공립,11150690
고등학교,공립,11150690
유치원,사립,11150700
초등학교,공립,11150700
초등학교,공립,11150700
초등학교,공립,11150700
중학교,사립,11150700
고등학교,사립,11150700
유치원,사립,11150700
초등학교,공립,11150700
초등학교,공립,11150700
초등학교,공립,11150700
중학교,사립,11150700
고등학교,사립,11150700
유치원,사립,11150700
초등학교,공립,11150700
초등학교,공립,11150700
초등학교,공립,11150700
중학교,사립,11150700
고등학교,사립,11150700
유치원,사립,11150700
초등학교,공립,11150700
초등학교,공립,11150700
초등학교,공립,11150700
중학교,사립,11150700
고등학교,사립,11150700
유치원,사립,11150700
초등학교,공립,11150700
초등학교,공립,11150700
초등학교,공립,11150700
중학교,사립,11150700
고등학교,사립,11150700
유치원,사립,11150700
초등학교,공립,11150700
초등학교,공립,11150700
초등학교,공립,11150700
중학교,사립,11150700
고등학교,사립,11150700
유치원,사립,11150700
초등학교,공립,11150700
초등학교,공립,11150700
초등학교,공립,11150700
중학교,사립,11150700
고등학교,사립,11150700
유치원,사립,11150700
초등학교,공립,11150700
초등학교,공립,11150700
초등학교,공립,11150700
중학교,사립,11150700
고등학교,사립,11150700
유치원,사립,11150700
초등학교,공립,11150700
초등학교,공립,11150700
초등학교,공립,11150700
중학교,사립,11150700
고등학교,사립,11150700
유치원,공립,11150700
유치원,사립,11150700
초등학교,공립,11150700
초등학교,공립,11150700
초등학교,공립,11150700
중학교,사립,11150700
고등학교,사립,11150700
유치원,사립,11150700
유치원,사립,11150700
유치원,사립,11150700
초등학교,공립,11150700
초등학교,공립,11150700
초등학교,공립,11150700
중학교,사립,11150700
고등학교,사립,11150700
유치원,사립,11150700
유치원,사립,11150700
유치원,사립,11150700
초등학교,공립,11150700
초등학교,공립,11150700
초등학교,공립,11150700
중학교,사립,11150700
고등학교,사립,11150700
유치원,공립,11150710
유치원,공립,11150710
유치원,공립,11150710
초등학교,공립,11150710
초등학교,공립,11150710
초등학교,공립,11150710
중학교,공립,11150710
중학교,사립,11150710
고등학교,사립,11150710
고등학교,사립,11150710
유치원,공립,11150710
유치원,공립,11150710
유치원,공립,11150710
초등학교,공립,11150710
초등학교,공립,11150710
초등학교,공립,11150710
중학교,공립,11150710
중학교,사립,11150710
고등학교,사립,11150710
고등학교,사립,11150710
유치원,공립,11150710
유치원,공립,11150710
유치원,공립,11150710
초등학교,공립,11150710
초등학교,공립,11150710
초등학교,공립,11150710
중학교,공립,11150710
중학교,사립,11150710
고등학교,사립,11150710
고등학교,사립,11150710
유치원,공립,11150710
유치원,공립,11150710
유치원,공립,11150710
초등학교,공립,11150710
초등학교,공립,11150710
초등학교,공립,11150710
중학교,공립,11150710
중학교,사립,11150710
고등학교,사립,11150710
고등학교,사립,11150710
유치원,공립,11150710
초등학교,공립,11150710
초등학교,공립,11150710
초등학교,공립,11150710
중학교,공립,11150710
중학교,사립,11150710
고등학교,사립,11150710
고등학교,사립,11150710
유치원,공립,11150710
초등학교,공립,11150710
초등학교,공립,11150710
초등학교,공립,11150710
중학교,공립,11150710
중학교,사립,11150710
고등학교,사립,11150710
고등학교,사립,11150710
유치원,공립,11150710
초등학교,공립,11150710
초등학교,공립,11150710
초등학교,공립,11150710
중학교,공립,11150710
중학교,사립,11150710
고등학교,사립,11150710
고등학교,사립,11150710
유치원,공립,11150710
초등학교,공립,11150710
초등학교,공립,11150710
초등학교,공립,11150710
중학교,공립,11150710
중학교,사립,11150710
고등학교,사립,11150710
고등학교,사립,11150710
유치원,공립,11150710
초등학교,공립,11150710
초등학교,공립,11150710
초등학교,공립,11150710
중학교,공립,11150710
중학교,사립,11150710
고등학교,사립,11150710
고등학교,사립,11150710
유치원,공립,11150710
초등학교,공립,11150710
초등학교,공립,11150710
초등학교,공립,11150710
중학교,공립,11150710
중학교,사립,11150710
고등학교,사립,11150710
고등학교,사립,11150710
유치원,공립,11150710
유치원,공립,11150710
유치원,공립,11150710
유치원,사립,11150710
유치원,사립,11150710
유치원,사립,11150710
유치원,사립,11150710
초등학교,공립,11150710
초등학교,공립,11150710
초등학교,공립,11150710
초등학교,공립,11150710
중학교,공립,11150710
중학교,공립,11150710
중학교,사립,11150710
고등학교,사립,11150710
고등학교,사립,11150710
유치원,공립,11150710
유치원,공립,11150710
유치원,공립,11150710
유치원,사립,11150710
유치원,사립,11150710
유치원,사립,11150710
유치원,사립,11150710
초등학교,공립,11150710
초등학교,공립,11150710
초등학교,공립,11150710
초등학교,공립,11150710
중학교,공립,11150710
중학교,공립,11150710
중학교,사립,11150710
고등학교,사립,11150710
고등학교,사립,11150710
유치원,공립,11150720
유치원,사립,11150720
유치원,사립,11150720
유치원,사립,11150720
초등학교,공립,11150720
초등학교,공립,11150720
고등학교,공립,11150720
고등학교,사립,11150720
유치원,공립,11150720
유치원,사립,11150720
유치원,사립,11150720
초등학교,공립,11150720
초등학교,공립,11150720
고등학교,공립,11150720
고등학교,사립,11150720
유치원,공립,11150720
유치원,사립,11150720
유치원,사립,11150720
초등학교,공립,11150720
초등학교,공립,11150720
고등학교,공립,11150720
고등학교,사립,11150720
유치원,공립,11150720
유치원,사립,11150720
유치원,사립,11150720
초등학교,공립,11150720
초등학교,공립,11150720
고등학교,공립,11150720
고등학교,사립,11150720
유치원,공립,11150720
유치원,사립,11150720
유치원,사립,11150720
초등학교,공립,11150720
초등학교,공립,11150720
고등학교,공립,11150720
고등학교,사립,11150720
유치원,공립,11150720
유치원,사립,11150720
유치원,사립,11150720
초등학교,공립,11150720
초등학교,공립,11150720
고등학교,공립,11150720
고등학교,사립,11150720
유치원,공립,11150720
유치원,사립,11150720
유치원,사립,11150720
초등학교,공립,11150720
초등학교,공립,11150720
고등학교,공립,11150720
고등학교,사립,11150720
유치원,공립,11150720
유치원,사립,11150720
유치원,사립,11150720
초등학교,공립,11150720
초등학교,공립,11150720
고등학교,공립,11150720
고등학교,사립,11150720
유치원,공립,11150720
유치원,사립,11150720
유치원,사립,11150720
초등학교,공립,11150720
초등학교,공립,11150720
고등학교,공립,11150720
고등학교,사립,11150720
유치원,공립,11150720
유치원,공립,11150720
유치원,사립,11150720
유치원,사립,11150720
초등학교,공립,11150720
초등학교,공립,11150720
고등학교,공립,11150720
고등학교,사립,11150720
유치원,공립,11150720
유치원,공립,11150720
유치원,사립,11150720
유치원,사립,11150720
초등학교,공립,11150720
초등학교,공립,11150720
고등학교,공립,11150720
고등학교,사립,11150720
유치원,공립,11150720
유치원,공립,11150720
유치원,사립,11150720
유치원,사립,11150720
초등학교,공립,11150720
초등학교,공립,11150720
고등학교,공립,11150720
고등학교,사립,11150720
유치원,공립,11160510
초등학교,공립,11160510
초등학교,공립,11160510
초등학교,공립,11160510
중학교,공립,11160510
중학교,공립,11160510
유치원,공립,11160510
초등학교,공립,11160510
초등학교,공립,11160510
초등학교,공립,11160510
중학교,공립,11160510
중학교,공립,11160510
유치원,공립,11160510
초등학교,공립,11160510
초등학교,공립,11160510
초등학교,공립,11160510
중학교,공립,11160510
중학교,공립,11160510
유치원,공립,11160510
초등학교,공립,11160510
초등학교,공립,11160510
초등학교,공립,11160510
중학교,공립,11160510
중학교,공립,11160510
유치원,공립,11160510
초등학교,공립,11160510
초등학교,공립,11160510
초등학교,공립,11160510
중학교,공립,11160510
중학교,공립,11160510
유치원,공립,11160510
초등학교,공립,11160510
초등학교,공립,11160510
초등학교,공립,11160510
중학교,공립,11160510
중학교,공립,11160510
유치원,공립,11160510
초등학교,공립,11160510
초등학교,공립,11160510
초등학교,공립,11160510
중학교,공립,11160510
중학교,공립,11160510
유치원,공립,11160510
초등학교,공립,11160510
초등학교,공립,11160510
초등학교,공립,11160510
중학교,공립,11160510
중학교,공립,11160510
유치원,공립,11160510
초등학교,공립,11160510
초등학교,공립,11160510
초등학교,공립,11160510
중학교,공립,11160510
중학교,공립,11160510
중학교,공립,11160510
유치원,공립,11160510
초등학교,공립,11160510
초등학교,공립,11160510
초등학교,공립,11160510
중학교,공립,11160510
중학교,공립,11160510
중학교,공립,11160510
유치원,공립,11160510
초등학교,공립,11160510
초등학교,공립,11160510
초등학교,공립,11160510
중학교,공립,11160510
중학교,공립,11160510
유치원,공립,11160510
초등학교,공립,11160510
초등학교,공립,11160510
초등학교,공립,11160510
중학교,공립,11160510
중학교,공립,11160510
유치원,사립,11160520
초등학교,공립,11160520
유치원,사립,11160520
초등학교,공립,11160520
유치원,사립,11160520
초등학교,공립,11160520
유치원,사립,11160520
초등학교,공립,11160520
유치원,사립,11160520
초등학교,공립,11160520
유치원,사립,11160520
초등학교,공립,11160520
유치원,사립,11160520
초등학교,공립,11160520
유치원,사립,11160520
초등학교,공립,11160520
유치원,사립,11160520
초등학교,공립,11160520
유치원,사립,11160520
초등학교,공립,11160520
유치원,사립,11160520
초등학교,공립,11160520
유치원,사립,11160520
초등학교,공립,11160520
유치원,사립,11160530
초등학교,공립,11160530
초등학교,공립,11160530
중학교,공립,11160530
중학교,사립,11160530
고등학교,사립,11160530
고등학교,사립,11160530
유치원,사립,11160530
초등학교,공립,11160530
초등학교,공립,11160530
중학교,공립,11160530
중학교,사립,11160530
고등학교,사립,11160530
고등학교,사립,11160530
유치원,사립,11160530
초등학교,공립,11160530
초등학교,공립,11160530
중학교,공립,11160530
중학교,사립,11160530
고등학교,사립,11160530
고등학교,사립,11160530
유치원,사립,11160530
초등학교,공립,11160530
초등학교,공립,11160530
중학교,공립,11160530
중학교,사립,11160530
고등학교,사립,11160530
고등학교,사립,11160530
유치원,공립,11160530
유치원,사립,11160530
초등학교,공립,11160530
초등학교,공립,11160530
중학교,공립,11160530
중학교,사립,11160530
고등학교,사립,11160530
고등학교,사립,11160530
유치원,공립,11160530
유치원,사립,11160530
초등학교,공립,11160530
초등학교,공립,11160530
중학교,공립,11160530
중학교,사립,11160530
고등학교,사립,11160530
고등학교,사립,11160530
유치원,공립,11160530
유치원,사립,11160530
초등학교,공립,11160530
초등학교,공립,11160530
중학교,공립,11160530
중학교,사립,11160530
고등학교,사립,11160530
고등학교,사립,11160530
유치원,공립,11160530
유치원,사립,11160530
초등학교,공립,11160530
초등학교,공립,11160530
중학교,공립,11160530
중학교,사립,11160530
고등학교,사립,11160530
고등학교,사립,11160530
유치원,공립,11160530
유치원,사립,11160530
초등학교,공립,11160530
초등학교,공립,11160530
중학교,공립,11160530
중학교,사립,11160530
고등학교,사립,11160530
고등학교,사립,11160530
유치원,공립,11160530
유치원,사립,11160530
초등학교,공립,11160530
초등학교,공립,11160530
중학교,공립,11160530
중학교,사립,11160530
고등학교,사립,11160530
고등학교,사립,11160530
유치원,사립,11160530
유치원,사립,11160530
유치원,공립,11160530
유치원,사립,11160530
초등학교,공립,11160530
초등학교,공립,11160530
중학교,공립,11160530
중학교,사립,11160530
고등학교,사립,11160530
고등학교,사립,11160530
유치원,공립,11160530
유치원,사립,11160530
초등학교,공립,11160530
초등학교,공립,11160530
중학교,공립,11160530
중학교,사립,11160530
고등학교,사립,11160530
고등학교,사립,11160530
유치원,사립,11160540
유치원,사립,11160540
유치원,사립,11160540
초등학교,공립,11160540
초등학교,공립,11160540
초등학교,공립,11160540
초등학교,공립,11160540
초등학교,사립,11160540
중학교,공립,11160540
중학교,공립,11160540
중학교,사립,11160540
고등학교,공립,11160540
고등학교,사립,11160540
고등학교,사립,11160540
고등학교,사립,11160540
유치원,사립,11160540
유치원,사립,11160540
유치원,사립,11160540
유치원,사립,11160540
초등학교,공립,11160540
초등학교,공립,11160540
초등학교,공립,11160540
초등학교,공립,11160540
초등학교,사립,11160540
중학교,공립,11160540
중학교,공립,11160540
중학교,사립,11160540
고등학교,공립,11160540
고등학교,사립,11160540
고등학교,사립,11160540
고등학교,사립,11160540
유치원,사립,11160540
유치원,사립,11160540
유치원,사립,11160540
유치원,사립,11160540
초등학교,공립,11160540
초등학교,공립,11160540
초등학교,공립,11160540
초등학교,공립,11160540
초등학교,사립,11160540
중학교,공립,11160540
중학교,공립,11160540
중학교,사립,11160540
고등학교,공립,11160540
고등학교,사립,11160540
고등학교,사립,11160540
고등학교,사립,11160540
유치원,사립,11160540
유치원,사립,11160540
유치원,사립,11160540
유치원,사립,11160540
초등학교,공립,11160540
초등학교,공립,11160540
초등학교,공립,11160540
초등학교,공립,11160540
초등학교,사립,11160540
중학교,공립,11160540
중학교,공립,11160540
중학교,사립,11160540
고등학교,공립,11160540
고등학교,사립,11160540
고등학교,사립,11160540
고등학교,사립,11160540
유치원,공립,11160540
유치원,사립,11160540
유치원,사립,11160540
유치원,사립,11160540
유치원,사립,11160540
초등학교,공립,11160540
초등학교,공립,11160540
초등학교,공립,11160540
초등학교,공립,11160540
초등학교,사립,11160540
중학교,공립,11160540
중학교,공립,11160540
중학교,사립,11160540
고등학교,공립,11160540
고등학교,사립,11160540
고등학교,사립,11160540
고등학교,사립,11160540
유치원,공립,11160540
유치원,사립,11160540
유치원,사립,11160540
유치원,사립,11160540
유치원,사립,11160540
초등학교,공립,11160540
초등학교,공립,11160540
초등학교,공립,11160540
초등학교,공립,11160540
초등학교,사립,11160540
중학교,공립,11160540
중학교,공립,11160540
중학교,사립,11160540
고등학교,공립,11160540
고등학교,사립,11160540
고등학교,사립,11160540
고등학교,사립,11160540
유치원,공립,11160540
유치원,사립,11160540
유치원,사립,11160540
유치원,사립,11160540
유치원,사립,11160540
초등학교,공립,11160540
초등학교,공립,11160540
초등학교,공립,11160540
초등학교,공립,11160540
초등학교,사립,11160540
중학교,공립,11160540
중학교,공립,11160540
중학교,사립,11160540
고등학교,공립,11160540
고등학교,사립,11160540
고등학교,사립,11160540
고등학교,사립,11160540
유치원,공립,11160540
유치원,사립,11160540
유치원,사립,11160540
유치원,사립,11160540
유치원,사립,11160540
초등학교,공립,11160540
초등학교,공립,11160540
초등학교,공립,11160540
초등학교,공립,11160540
초등학교,사립,11160540
중학교,공립,11160540
중학교,공립,11160540
중학교,사립,11160540
고등학교,공립,11160540
고등학교,사립,11160540
고등학교,사립,11160540
고등학교,사립,11160540
유치원,공립,11160540
유치원,사립,11160540
유치원,사립,11160540
유치원,사립,11160540
유치원,사립,11160540
초등학교,공립,11160540
초등학교,공립,11160540
초등학교,공립,11160540
초등학교,공립,11160540
초등학교,사립,11160540
중학교,공립,11160540
중학교,공립,11160540
중학교,사립,11160540
고등학교,공립,11160540
고등학교,사립,11160540
고등학교,사립,11160540
고등학교,사립,11160540
유치원,공립,11160540
유치원,사립,11160540
유치원,사립,11160540
유치원,사립,11160540
초등학교,공립,11160540
초등학교,공립,11160540
초등학교,공립,11160540
초등학교,공립,11160540
초등학교,사립,11160540
중학교,공립,11160540
중학교,공립,11160540
중학교,사립,11160540
고등학교,공립,11160540
고등학교,사립,11160540
고등학교,사립,11160540
고등학교,사립,11160540
유치원,공립,11160540
유치원,사립,11160540
유치원,사립,11160540
유치원,사립,11160540
초등학교,공립,11160540
초등학교,공립,11160540
초등학교,공립,11160540
초등학교,공립,11160540
초등학교,사립,11160540
중학교,공립,11160540
중학교,공립,11160540
중학교,사립,11160540
고등학교,공립,11160540
고등학교,사립,11160540
고등학교,사립,11160540
고등학교,사립,11160540
유치원,공립,11160540
유치원,사립,11160540
유치원,사립,11160540
초등학교,공립,11160540
초등학교,공립,11160540
초등학교,공립,11160540
초등학교,공립,11160540
초등학교,사립,11160540
중학교,공립,11160540
중학교,공립,11160540
중학교,사립,11160540
고등학교,공립,11160540
고등학교,사립,11160540
고등학교,사립,11160540
고등학교,사립,11160540
유치원,공립,11160550
유치원,사립,11160550
유치원,사립,11160550
유치원,사립,11160550
초등학교,공립,11160550
초등학교,공립,11160550
유치원,공립,11160550
유치원,사립,11160550
유치원,사립,11160550
유치원,사립,11160550
초등학교,공립,11160550
초등학교,공립,11160550
유치원,공립,11160550
유치원,사립,11160550
유치원,사립,11160550
유치원,사립,11160550
초등학교,공립,11160550
초등학교,공립,11160550
유치원,공립,11160550
유치원,사립,11160550
유치원,사립,11160550
유치원,사립,11160550
초등학교,공립,11160550
초등학교,공립,11160550
유치원,공립,11160550
유치원,사립,11160550
유치원,사립,11160550
유치원,사립,11160550
초등학교,공립,11160550
초등학교,공립,11160550
평생학교,사립,11160550
평생학교,사립,11160550
유치원,공립,11160550
유치원,사립,11160550
유치원,사립,11160550
유치원,사립,11160550
초등학교,공립,11160550
초등학교,공립,11160550
평생학교,사립,11160550
평생학교,사립,11160550
유치원,공립,11160550
유치원,사립,11160550
유치원,사립,11160550
초등학교,공립,11160550
초등학교,공립,11160550
평생학교,사립,11160550
평생학교,사립,11160550
유치원,공립,11160550
유치원,사립,11160550
유치원,사립,11160550
초등학교,공립,11160550
초등학교,공립,11160550
평생학교,사립,11160550
평생학교,사립,11160550
유치원,공립,11160550
유치원,사립,11160550
유치원,사립,11160550
초등학교,공립,11160550
초등학교,공립,11160550
평생학교,사립,11160550
평생학교,사립,11160550
유치원,공립,11160550
유치원,사립,11160550
유치원,사립,11160550
초등학교,공립,11160550
초등학교,공립,11160550
유치원,공립,11160550
유치원,사립,11160550
초등학교,공립,11160550
초등학교,공립,11160550
유치원,공립,11160550
유치원,사립,11160550
초등학교,공립,11160550
초등학교,공립,11160550
유치원,사립,11160570
초등학교,공립,11160570
유치원,사립,11160570
초등학교,공립,11160570
유치원,사립,11160570
초등학교,공립,11160570
유치원,사립,11160570
유치원,사립,11160570
초등학교,공립,11160570
유치원,사립,11160570
유치원,사립,11160570
초등학교,공립,11160570
유치원,사립,11160570
유치원,사립,11160570
초등학교,공립,11160570
유치원,사립,11160570
유치원,사립,11160570
초등학교,공립,11160570
유치원,사립,11160570
유치원,사립,11160570
초등학교,공립,11160570
유치원,사립,11160570
유치원,사립,11160570
초등학교,공립,11160570
유치원,사립,11160570
유치원,사립,11160570
초등학교,공립,11160570
유치원,사립,11160570
유치원,사립,11160570
초등학교,공립,11160570
유치원,사립,11160570
유치원,사립,11160570
초등학교,공립,11160570
유치원,사립,11160580
유치원,사립,11160580
유치원,사립,11160580
유치원,사립,11160580
유치원,사립,11160580
유치원,사립,11160580
유치원,사립,11160580
유치원,사립,11160580
유치원,사립,11160580
유치원,사립,11160580
유치원,사립,11160580
유치원,사립,11160580
유치원,사립,11160590
유치원,사립,11160590
초등학교,공립,11160590
중학교,사립,11160590
고등학교,사립,11160590
고등학교,사립,11160590
유치원,사립,11160590
유치원,사립,11160590
초등학교,공립,11160590
중학교,사립,11160590
고등학교,사립,11160590
고등학교,사립,11160590
유치원,사립,11160590
유치원,사립,11160590
유치원,사립,11160590
초등학교,공립,11160590
중학교,사립,11160590
고등학교,사립,11160590
고등학교,사립,11160590
유치원,사립,11160590
유치원,사립,11160590
유치원,사립,11160590
초등학교,공립,11160590
중학교,사립,11160590
고등학교,사립,11160590
고등학교,사립,11160590
유치원,사립,11160590
유치원,사립,11160590
유치원,사립,11160590
초등학교,공립,11160590
중학교,사립,11160590
고등학교,사립,11160590
고등학교,사립,11160590
유치원,사립,11160590
유치원,사립,11160590
유치원,사립,11160590
초등학교,공립,11160590
중학교,사립,11160590
고등학교,사립,11160590
고등학교,사립,11160590
유치원,사립,11160590
유치원,사립,11160590
유치원,사립,11160590
초등학교,공립,11160590
중학교,사립,11160590
고등학교,사립,11160590
고등학교,사립,11160590
유치원,사립,11160590
유치원,사립,11160590
초등학교,공립,11160590
중학교,사립,11160590
고등학교,사립,11160590
고등학교,사립,11160590
유치원,공립,11160590
유치원,사립,11160590
유치원,사립,11160590
초등학교,공립,11160590
중학교,사립,11160590
고등학교,사립,11160590
고등학교,사립,11160590
유치원,공립,11160590
유치원,사립,11160590
유치원,사립,11160590
초등학교,공립,11160590
중학교,사립,11160590
고등학교,사립,11160590
고등학교,사립,11160590
유치원,공립,11160590
유치원,사립,11160590
유치원,사립,11160590
초등학교,공립,11160590
중학교,사립,11160590
고등학교,사립,11160590
고등학교,사립,11160590
유치원,공립,11160590
유치원,사립,11160590
유치원,사립,11160590
초등학교,공립,11160590
중학교,사립,11160590
고등학교,사립,11160590
고등학교,사립,11160590
유치원,사립,11160610
유치원,사립,11160610
초등학교,공립,11160610
특수학교,사립,11160610
유치원,사립,11160610
유치원,사립,11160610
초등학교,공립,11160610
특수학교,사립,11160610
유치원,사립,11160610
유치원,사립,11160610
초등학교,공립,11160610
특수학교,사립,11160610
유치원,사립,11160610
유치원,사립,11160610
초등학교,공립,11160610
특수학교,사립,11160610
유치원,사립,11160610
유치원,사립,11160610
초등학교,공립,11160610
특수학교,사립,11160610
유치원,사립,11160610
유치원,사립,11160610
초등학교,공립,11160610
특수학교,사립,11160610
유치원,사립,11160610
유치원,사립,11160610
초등학교,공립,11160610
특수학교,사립,11160610
유치원,사립,11160610
유치원,사립,11160610
초등학교,공립,11160610
특수학교,사립,11160610
유치원,사립,11160610
유치원,사립,11160610
초등학교,공립,11160610
특수학교,사립,11160610
유치원,사립,11160610
유치원,사립,11160610
초등학교,공립,11160610
특수학교,사립,11160610
유치원,사립,11160610
유치원,사립,11160610
초등학교,공립,11160610
특수학교,사립,11160610
유치원,사립,11160610
초등학교,공립,11160610
특수학교,사립,11160610
유치원,사립,11160630
유치원,사립,11160630
유치원,사립,11160630
유치원,사립,11160630
유치원,사립,11160630
유치원,사립,11160630
유치원,사립,11160630
유치원,사립,11160630
유치원,사립,11160630
유치원,사립,11160630
유치원,사립,11160630
유치원,사립,11160630
유치원,사립,11160650
유치원,사립,11160650
초등학교,공립,11160650
중학교,공립,11160650
고등학교,사립,11160650
유치원,공립,11160650
유치원,사립,11160650
유치원,사립,11160650
초등학교,공립,11160650
중학교,공립,11160650
고등학교,사립,11160650
유치원,공립,11160650
유치원,사립,11160650
유치원,사립,11160650
초등학교,공립,11160650
중학교,공립,11160650
고등학교,사립,11160650
유치원,공립,11160650
유치원,사립,11160650
유치원,사립,11160650
초등학교,공립,11160650
중학교,공립,11160650
고등학교,사립,11160650
유치원,공립,11160650
유치원,사립,11160650
유치원,사립,11160650
초등학교,공립,11160650
중학교,공립,11160650
고등학교,사립,11160650
유치원,공립,11160650
유치원,사립,11160650
유치원,사립,11160650
초등학교,공립,11160650
중학교,공립,11160650
고등학교,사립,11160650
유치원,공립,11160650
유치원,사립,11160650
유치원,사립,11160650
초등학교,공립,11160650
고등학교,사립,11160650
특수학교,공립,11160650
유치원,공립,11160650
유치원,사립,11160650
유치원,사립,11160650
초등학교,공립,11160650
고등학교,사립,11160650
특수학교,공립,11160650
유치원,공립,11160650
유치원,사립,11160650
초등학교,공립,11160650
고등학교,사립,11160650
특수학교,공립,11160650
유치원,공립,11160650
유치원,사립,11160650
초등학교,공립,11160650
고등학교,사립,11160650
특수학교,공립,11160650
유치원,공립,11160650
유치원,사립,11160650
초등학교,공립,11160650
고등학교,사립,11160650
특수학교,공립,11160650
유치원,공립,11160650
유치원,사립,11160650
초등학교,공립,11160650
중학교,공립,11160650
고등학교,사립,11160650
특수학교,공립,11160650
유치원,사립,11160660
유치원,사립,11160660
유치원,사립,11160660
초등학교,공립,11160660
초등학교,공립,11160660
중학교,공립,11160660
고등학교,공립,11160660
유치원,공립,11160660
유치원,사립,11160660
유치원,사립,11160660
유치원,사립,11160660
초등학교,공립,11160660
초등학교,공립,11160660
중학교,공립,11160660
고등학교,공립,11160660
유치원,공립,11160660
유치원,사립,11160660
유치원,사립,11160660
유치원,사립,11160660
초등학교,공립,11160660
초등학교,공립,11160660
중학교,공립,11160660
고등학교,공립,11160660
유치원,공립,11160660
유치원,사립,11160660
유치원,사립,11160660
유치원,사립,11160660
초등학교,공립,11160660
초등학교,공립,11160660
중학교,공립,11160660
고등학교,공립,11160660
유치원,공립,11160660
유치원,사립,11160660
유치원,사립,11160660
유치원,사립,11160660
초등학교,공립,11160660
초등학교,공립,11160660
중학교,공립,11160660
고등학교,공립,11160660
유치원,공립,11160660
유치원,사립,11160660
유치원,사립,11160660
유치원,사립,11160660
초등학교,공립,11160660
초등학교,공립,11160660
중학교,공립,11160660
고등학교,공립,11160660
유치원,공립,11160660
유치원,사립,11160660
유치원,사립,11160660
유치원,사립,11160660
초등학교,공립,11160660
중학교,공립,11160660
고등학교,공립,11160660
유치원,공립,11160660
유치원,사립,11160660
유치원,사립,11160660
유치원,사립,11160660
초등학교,공립,11160660
중학교,공립,11160660
고등학교,공립,11160660
유치원,공립,11160660
유치원,사립,11160660
유치원,사립,11160660
유치원,사립,11160660
초등학교,공립,11160660
중학교,공립,11160660
고등학교,공립,11160660
유치원,공립,11160660
유치원,사립,11160660
유치원,사립,11160660
유치원,사립,11160660
초등학교,공립,11160660
중학교,공립,11160660
고등학교,공립,11160660
유치원,공립,11160660
유치원,사립,11160660
유치원,사립,11160660
초등학교,공립,11160660
중학교,공립,11160660
고등학교,공립,11160660
각종학교,사립,11160660
유치원,공립,11160660
유치원,사립,11160660
유치원,사립,11160660
초등학교,공립,11160660
중학교,공립,11160660
고등학교,공립,11160660
각종학교,사립,11160660
각종학교,사립,11160660
유치원,사립,11160670
유치원,사립,11160670
유치원,사립,11160670
초등학교,공립,11160670
초등학교,공립,11160670
초등학교,공립,11160670
중학교,공립,11160670
중학교,사립,11160670
중학교,사립,11160670
중학교,사립,11160670
고등학교,공립,11160670
고등학교,사립,11160670
고등학교,사립,11160670
고등학교,사립,11160670
고등학교,사립,11160670
고등학교,사립,11160670
고등학교,사립,11160670
고등학교,사립,11160670
유치원,사립,11160670
유치원,사립,11160670
유치원,사립,11160670
초등학교,공립,11160670
초등학교,공립,11160670
초등학교,공립,11160670
중학교,공립,11160670
중학교,사립,11160670
중학교,사립,11160670
중학교,사립,11160670
고등학교,공립,11160670
고등학교,사립,11160670
고등학교,사립,11160670
고등학교,사립,11160670
고등학교,사립,11160670
고등학교,사립,11160670
고등학교,사립,11160670
고등학교,사립,11160670
유치원,사립,11160670
유치원,사립,11160670
유치원,사립,11160670
초등학교,공립,11160670
초등학교,공립,11160670
초등학교,공립,11160670
중학교,공립,11160670
중학교,사립,11160670
중학교,사립,11160670
중학교,사립,11160670
고등학교,공립,11160670
고등학교,사립,11160670
고등학교,사립,11160670
고등학교,사립,11160670
고등학교,사립,11160670
고등학교,사립,11160670
고등학교,사립,11160670
고등학교,사립,11160670
유치원,사립,11160670
유치원,사립,11160670
유치원,사립,11160670
초등학교,공립,11160670
초등학교,공립,11160670
초등학교,공립,11160670
중학교,공립,11160670
중학교,사립,11160670
중학교,사립,11160670
중학교,사립,11160670
고등학교,공립,11160670
고등학교,사립,11160670
고등학교,사립,11160670
고등학교,사립,11160670
고등학교,사립,11160670
고등학교,사립,11160670
고등학교,사립,11160670
고등학교,사립,11160670
유치원,사립,11160670
유치원,사립,11160670
유치원,사립,11160670
초등학교,공립,11160670
초등학교,공립,11160670
초등학교,공립,11160670
중학교,공립,11160670
중학교,사립,11160670
중학교,사립,11160670
중학교,사립,11160670
고등학교,공립,11160670
고등학교,사립,11160670
고등학교,사립,11160670
고등학교,사립,11160670
고등학교,사립,11160670
고등학교,사립,11160670
고등학교,사립,11160670
고등학교,사립,11160670
유치원,사립,11160670
유치원,사립,11160670
유치원,사립,11160670
초등학교,공립,11160670
초등학교,공립,11160670
초등학교,공립,11160670
중학교,공립,11160670
중학교,사립,11160670
중학교,사립,11160670
중학교,사립,11160670
고등학교,공립,11160670
고등학교,사립,11160670
고등학교,사립,11160670
고등학교,사립,11160670
고등학교,사립,11160670
고등학교,사립,11160670
고등학교,사립,11160670
고등학교,사립,11160670
유치원,공립,11160670
유치원,사립,11160670
유치원,사립,11160670
초등학교,공립,11160670
초등학교,공립,11160670
초등학교,공립,11160670
중학교,공립,11160670
중학교,사립,11160670
중학교,사립,11160670
중학교,사립,11160670
고등학교,공립,11160670
고등학교,사립,11160670
고등학교,사립,11160670
고등학교,사립,11160670
고등학교,사립,11160670
고등학교,사립,11160670
고등학교,사립,11160670
고등학교,사립,11160670
유치원,공립,11160670
유치원,사립,11160670
유치원,사립,11160670
초등학교,공립,11160670
초등학교,공립,11160670
초등학교,공립,11160670
중학교,공립,11160670
중학교,사립,11160670
중학교,사립,11160670
중학교,사립,11160670
고등학교,공립,11160670
고등학교,사립,11160670
고등학교,사립,11160670
고등학교,사립,11160670
고등학교,사립,11160670
고등학교,사립,11160670
고등학교,사립,11160670
고등학교,사립,11160670
유치원,공립,11160670
유치원,사립,11160670
유치원,사립,11160670
초등학교,공립,11160670
초등학교,공립,11160670
초등학교,공립,11160670
중학교,공립,11160670
중학교,사립,11160670
중학교,사립,11160670
중학교,사립,11160670
고등학교,공립,11160670
고등학교,사립,11160670
고등학교,사립,11160670
고등학교,사립,11160670
고등학교,사립,11160670
고등학교,사립,11160670
고등학교,사립,11160670
고등학교,사립,11160670
유치원,공립,11160670
유치원,사립,11160670
유치원,사립,11160670
초등학교,공립,11160670
초등학교,공립,11160670
초등학교,공립,11160670
중학교,공립,11160670
중학교,사립,11160670
중학교,사립,11160670
중학교,사립,11160670
고등학교,공립,11160670
고등학교,사립,11160670
고등학교,사립,11160670
고등학교,사립,11160670
고등학교,사립,11160670
고등학교,사립,11160670
고등학교,사립,11160670
고등학교,사립,11160670
유치원,공립,11160670
유치원,사립,11160670
유치원,사립,11160670
초등학교,공립,11160670
초등학교,공립,11160670
초등학교,공립,11160670
중학교,공립,11160670
중학교,사립,11160670
중학교,사립,11160670
중학교,사립,11160670
고등학교,공립,11160670
고등학교,사립,11160670
고등학교,사립,11160670
고등학교,사립,11160670
고등학교,사립,11160670
고등학교,사립,11160670
고등학교,사립,11160670
고등학교,사립,11160670
유치원,공립,11160670
유치원,사립,11160670
유치원,사립,11160670
초등학교,공립,11160670
초등학교,공립,11160670
초등학교,공립,11160670
중학교,공립,11160670
중학교,사립,11160670
중학교,사립,11160670
중학교,사립,11160670
고등학교,공립,11160670
고등학교,사립,11160670
고등학교,사립,11160670
고등학교,사립,11160670
고등학교,사립,11160670
고등학교,사립,11160670
고등학교,사립,11160670
고등학교,사립,11160670
유치원,공립,11160690
유치원,사립,11160690
초등학교,공립,11160690
초등학교,공립,11160690
중학교,공립,11160690
중학교,공립,11160690
유치원,공립,11160690
유치원,사립,11160690
유치원,사립,11160690
초등학교,공립,11160690
초등학교,공립,11160690
중학교,공립,11160690
중학교,공립,11160690
유치원,공립,11160690
유치원,사립,11160690
유치원,사립,11160690
초등학교,공립,11160690
초등학교,공립,11160690
중학교,공립,11160690
중학교,공립,11160690
유치원,공립,11160690
유치원,사립,11160690
유치원,사립,11160690
초등학교,공립,11160690
초등학교,공립,11160690
중학교,공립,11160690
중학교,공립,11160690
유치원,공립,11160690
유치원,사립,11160690
유치원,사립,11160690
초등학교,공립,11160690
초등학교,공립,11160690
중학교,공립,11160690
중학교,공립,11160690
유치원,공립,11160690
유치원,공립,11160690
유치원,사립,11160690
유치원,사립,11160690
초등학교,공립,11160690
초등학교,공립,11160690
중학교,공립,11160690
중학교,공립,11160690
유치원,공립,11160690
유치원,공립,11160690
유치원,사립,11160690
초등학교,공립,11160690
초등학교,공립,11160690
중학교,공립,11160690
중학교,공립,11160690
중학교,공립,11160690
유치원,공립,11160690
유치원,공립,11160690
유치원,사립,11160690
초등학교,공립,11160690
초등학교,공립,11160690
중학교,공립,11160690
중학교,공립,11160690
중학교,공립,11160690
유치원,공립,11160690
유치원,공립,11160690
유치원,사립,11160690
초등학교,공립,11160690
초등학교,공립,11160690
중학교,공립,11160690
중학교,공립,11160690
중학교,공립,11160690
유치원,공립,11160690
유치원,공립,11160690
초등학교,공립,11160690
초등학교,공립,11160690
중학교,공립,11160690
중학교,공립,11160690
중학교,공립,11160690
유치원,공립,11160690
유치원,공립,11160690
초등학교,공립,11160690
초등학교,공립,11160690
중학교,공립,11160690
중학교,공립,11160690
중학교,공립,11160690
유치원,공립,11160690
유치원,공립,11160690
초등학교,공립,11160690
초등학교,공립,11160690
중학교,공립,11160690
중학교,공립,11160690
중학교,공립,11160690
유치원,공립,11160700
유치원,사립,11160700
유치원,사립,11160700
초등학교,공립,11160700
초등학교,공립,11160700
초등학교,공립,11160700
고등학교,공립,11160700
고등학교,사립,11160700
고등학교,사립,11160700
유치원,공립,11160700
유치원,공립,11160700
유치원,사립,11160700
유치원,사립,11160700
초등학교,공립,11160700
초등학교,공립,11160700
초등학교,공립,11160700
중학교,공립,11160700
고등학교,공립,11160700
고등학교,사립,11160700
고등학교,사립,11160700
유치원,공립,11160700
유치원,공립,11160700
유치원,사립,11160700
유치원,사립,11160700
초등학교,공립,11160700
초등학교,공립,11160700
초등학교,공립,11160700
중학교,공립,11160700
고등학교,공립,11160700
고등학교,사립,11160700
고등학교,사립,11160700
유치원,공립,11160700
유치원,공립,11160700
유치원,사립,11160700
유치원,사립,11160700
초등학교,공립,11160700
초등학교,공립,11160700
초등학교,공립,11160700
중학교,공립,11160700
고등학교,공립,11160700
고등학교,사립,11160700
고등학교,사립,11160700
유치원,공립,11160700
유치원,공립,11160700
유치원,공립,11160700
유치원,사립,11160700
유치원,사립,11160700
초등학교,공립,11160700
초등학교,공립,11160700
초등학교,공립,11160700
중학교,공립,11160700
고등학교,공립,11160700
고등학교,사립,11160700
고등학교,사립,11160700
유치원,공립,11160700
유치원,공립,11160700
유치원,공립,11160700
유치원,사립,11160700
유치원,사립,11160700
초등학교,공립,11160700
초등학교,공립,11160700
초등학교,공립,11160700
중학교,공립,11160700
고등학교,공립,11160700
고등학교,사립,11160700
고등학교,사립,11160700
유치원,공립,11160700
유치원,공립,11160700
유치원,공립,11160700
유치원,사립,11160700
유치원,사립,11160700
초등학교,공립,11160700
초등학교,공립,11160700
초등학교,공립,11160700
중학교,공립,11160700
고등학교,공립,11160700
고등학교,사립,11160700
고등학교,사립,11160700
유치원,공립,11160700
유치원,공립,11160700
유치원,공립,11160700
유치원,사립,11160700
유치원,사립,11160700
초등학교,공립,11160700
초등학교,공립,11160700
초등학교,공립,11160700
중학교,공립,11160700
고등학교,공립,11160700
고등학교,사립,11160700
고등학교,사립,11160700
유치원,공립,11160700
유치원,공립,11160700
유치원,공립,11160700
유치원,사립,11160700
유치원,사립,11160700
초등학교,공립,11160700
초등학교,공립,11160700
초등학교,공립,11160700
중학교,공립,11160700
고등학교,공립,11160700
고등학교,사립,11160700
고등학교,사립,11160700
유치원,공립,11160700
유치원,공립,11160700
유치원,공립,11160700
유치원,사립,11160700
유치원,사립,11160700
초등학교,공립,11160700
초등학교,공립,11160700
초등학교,공립,11160700
중학교,공립,11160700
고등학교,공립,11160700
고등학교,사립,11160700
고등학교,사립,11160700
유치원,공립,11160700
유치원,공립,11160700
유치원,공립,11160700
유치원,사립,11160700
유치원,사립,11160700
초등학교,공립,11160700
초등학교,공립,11160700
초등학교,공립,11160700
중학교,공립,11160700
고등학교,공립,11160700
고등학교,사립,11160700
고등학교,사립,11160700
유치원,공립,11160700
유치원,공립,11160700
유치원,공립,11160700
유치원,사립,11160700
유치원,사립,11160700
초등학교,공립,11160700
초등학교,공립,11160700
초등학교,공립,11160700
중학교,공립,11160700
고등학교,공립,11160700
고등학교,사립,11160700
고등학교,사립,11160700
유치원,사립,11160710
유치원,사립,11160710
유치원,사립,11160710
초등학교,공립,11160710
중학교,공립,11160710
유치원,사립,11160710
유치원,사립,11160710
유치원,사립,11160710
초등학교,공립,11160710
중학교,공립,11160710
유치원,사립,11160710
유치원,사립,11160710
유치원,사립,11160710
초등학교,공립,11160710
중학교,공립,11160710
유치원,사립,11160710
유치원,사립,11160710
유치원,사립,11160710
초등학교,공립,11160710
중학교,공립,11160710
유치원,사립,11160710
유치원,사립,11160710
유치원,사립,11160710
초등학교,공립,11160710
중학교,공립,11160710
유치원,사립,11160710
유치원,사립,11160710
유치원,사립,11160710
초등학교,공립,11160710
중학교,공립,11160710
유치원,공립,11160710
유치원,사립,11160710
유치원,사립,11160710
초등학교,공립,11160710
중학교,공립,11160710
유치원,공립,11160710
유치원,사립,11160710
유치원,사립,11160710
초등학교,공립,11160710
중학교,공립,11160710
유치원,공립,11160710
유치원,사립,11160710
유치원,사립,11160710
초등학교,공립,11160710
중학교,공립,11160710
유치원,공립,11160710
유치원,사립,11160710
유치원,사립,11160710
초등학교,공립,11160710
중학교,공립,11160710
유치원,공립,11160710
유치원,사립,11160710
유치원,사립,11160710
초등학교,공립,11160710
중학교,공립,11160710
유치원,공립,11160710
유치원,사립,11160710
초등학교,공립,11160710
중학교,공립,11160710
유치원,공립,11160730
유치원,사립,11160730
유치원,사립,11160730
초등학교,공립,11160730
초등학교,공립,11160730
중학교,공립,11160730
유치원,공립,11160730
유치원,사립,11160730
유치원,사립,11160730
초등학교,공립,11160730
초등학교,공립,11160730
중학교,공립,11160730
유치원,공립,11160730
유치원,사립,11160730
초등학교,공립,11160730
초등학교,공립,11160730
중학교,공립,11160730
유치원,공립,11160730
유치원,사립,11160730
초등학교,공립,11160730
초등학교,공립,11160730
중학교,공립,11160730
유치원,공립,11160730
유치원,사립,11160730
초등학교,공립,11160730
초등학교,공립,11160730
중학교,공립,11160730
유치원,공립,11160730
초등학교,공립,11160730
초등학교,공립,11160730
중학교,공립,11160730
유치원,공립,11160730
초등학교,공립,11160730
초등학교,공립,11160730
중학교,공립,11160730
유치원,공립,11160730
초등학교,공립,11160730
초등학교,공립,11160730
중학교,공립,11160730
유치원,공립,11160730
유치원,공립,11160730
초등학교,공립,11160730
초등학교,공립,11160730
중학교,공립,11160730
유치원,공립,11160730
유치원,공립,11160730
초등학교,공립,11160730
초등학교,공립,11160730
중학교,공립,11160730
유치원,공립,11160730
유치원,공립,11160730
초등학교,공립,11160730
초등학교,공립,11160730
중학교,공립,11160730
유치원,공립,11160730
유치원,공립,11160730
초등학교,공립,11160730
초등학교,공립,11160730
중학교,공립,11160730
유치원,공립,11160740
유치원,사립,11160740
유치원,사립,11160740
유치원,사립,11160740
초등학교,공립,11160740
초등학교,공립,11160740
유치원,공립,11160740
유치원,사립,11160740
유치원,사립,11160740
유치원,사립,11160740
유치원,사립,11160740
초등학교,공립,11160740
초등학교,공립,11160740
유치원,공립,11160740
유치원,사립,11160740
유치원,사립,11160740
유치원,사립,11160740
유치원,사립,11160740
초등학교,공립,11160740
초등학교,공립,11160740
유치원,공립,11160740
유치원,사립,11160740
유치원,사립,11160740
유치원,사립,11160740
유치원,사립,11160740
초등학교,공립,11160740
초등학교,공립,11160740
유치원,공립,11160740
유치원,사립,11160740
유치원,사립,11160740
유치원,사립,11160740
유치원,사립,11160740
초등학교,공립,11160740
초등학교,공립,11160740
유치원,공립,11160740
유치원,사립,11160740
유치원,사립,11160740
유치원,사립,11160740
유치원,사립,11160740
초등학교,공립,11160740
초등학교,공립,11160740
유치원,공립,11160740
유치원,사립,11160740
유치원,사립,11160740
유치원,사립,11160740
유치원,사립,11160740
초등학교,공립,11160740
초등학교,공립,11160740
유치원,공립,11160740
유치원,사립,11160740
유치원,사립,11160740
유치원,사립,11160740
초등학교,공립,11160740
초등학교,공립,11160740
유치원,공립,11160740
유치원,사립,11160740
유치원,사립,11160740
유치원,사립,11160740
초등학교,공립,11160740
초등학교,공립,11160740
유치원,공립,11160740
유치원,사립,11160740
유치원,사립,11160740
유치원,사립,11160740
초등학교,공립,11160740
초등학교,공립,11160740
유치원,공립,11160740
유치원,사립,11160740
유치원,사립,11160740
초등학교,공립,11160740
초등학교,공립,11160740
유치원,공립,11160740
유치원,사립,11160740
유치원,사립,11160740
초등학교,공립,11160740
초등학교,공립,11160740
유치원,사립,11160751
유치원,사립,11160751
유치원,사립,11160751
초등학교,공립,11160751
중학교,공립,11160751
고등학교,사립,11160751
유치원,사립,11160751
유치원,사립,11160751
유치원,사립,11160751
초등학교,공립,11160751
중학교,공립,11160751
고등학교,사립,11160751
유치원,사립,11160751
유치원,사립,11160751
유치원,사립,11160751
초등학교,공립,11160751
중학교,공립,11160751
고등학교,사립,11160751
유치원,사립,11160751
유치원,사립,11160751
유치원,사립,11160751
초등학교,공립,11160751
중학교,공립,11160751
고등학교,사립,11160751
유치원,사립,11160751
유치원,사립,11160751
유치원,사립,11160751
초등학교,공립,11160751
중학교,공립,11160751
고등학교,사립,11160751
유치원,사립,11160751
유치원,사립,11160751
유치원,사립,11160751
초등학교,공립,11160751
중학교,공립,11160751
고등학교,사립,11160751
유치원,사립,11160751
유치원,사립,11160751
유치원,사립,11160751
초등학교,공립,11160751
중학교,공립,11160751
고등학교,사립,11160751
유치원,사립,11160751
유치원,사립,11160751
유치원,사립,11160751
초등학교,공립,11160751
중학교,공립,11160751
고등학교,사립,11160751
유치원,사립,11160751
유치원,사립,11160751
유치원,사립,11160751
초등학교,공립,11160751
중학교,공립,11160751
고등학교,사립,11160751
유치원,사립,11160751
유치원,사립,11160751
유치원,사립,11160751
초등학교,공립,11160751
중학교,공립,11160751
고등학교,사립,11160751
유치원,사립,11160751
유치원,사립,11160751
유치원,사립,11160751
초등학교,공립,11160751
중학교,공립,11160751
고등학교,사립,11160751
유치원,사립,11160751
유치원,사립,11160751
유치원,사립,11160751
초등학교,공립,11160751
중학교,공립,11160751
고등학교,사립,11160751
유치원,공립,11160761
유치원,사립,11160761
유치원,사립,11160761
초등학교,공립,11160761
초등학교,공립,11160761
초등학교,공립,11160761
중학교,공립,11160761
중학교,공립,11160761
고등학교,공립,11160761
유치원,공립,11160761
유치원,사립,11160761
유치원,사립,11160761
초등학교,공립,11160761
초등학교,공립,11160761
초등학교,공립,11160761
중학교,공립,11160761
중학교,공립,11160761
고등학교,공립,11160761
유치원,공립,11160761
유치원,사립,11160761
유치원,사립,11160761
초등학교,공립,11160761
초등학교,공립,11160761
초등학교,공립,11160761
중학교,공립,11160761
중학교,공립,11160761
고등학교,공립,11160761
유치원,공립,11160761
유치원,사립,11160761
유치원,사립,11160761
초등학교,공립,11160761
초등학교,공립,11160761
초등학교,공립,11160761
중학교,공립,11160761
중학교,공립,11160761
고등학교,공립,11160761
유치원,공립,11160761
유치원,사립,11160761
유치원,사립,11160761
초등학교,공립,11160761
초등학교,공립,11160761
초등학교,공립,11160761
중학교,공립,11160761
중학교,공립,11160761
고등학교,공립,11160761
유치원,공립,11160761
유치원,사립,11160761
유치원,사립,11160761
초등학교,공립,11160761
초등학교,공립,11160761
초등학교,공립,11160761
중학교,공립,11160761
중학교,공립,11160761
고등학교,공립,11160761
유치원,공립,11160761
유치원,사립,11160761
유치원,사립,11160761
초등학교,공립,11160761
초등학교,공립,11160761
초등학교,공립,11160761
중학교,공립,11160761
중학교,공립,11160761
고등학교,공립,11160761
유치원,공립,11160761
유치원,사립,11160761
유치원,사립,11160761
초등학교,공립,11160761
초등학교,공립,11160761
초등학교,공립,11160761
중학교,공립,11160761
중학교,공립,11160761
고등학교,공립,11160761
유치원,공립,11160761
유치원,사립,11160761
유치원,사립,11160761
초등학교,공립,11160761
초등학교,공립,11160761
초등학교,공립,11160761
중학교,공립,11160761
중학교,공립,11160761
고등학교,공립,11160761
유치원,공립,11160761
유치원,사립,11160761
유치원,사립,11160761
초등학교,공립,11160761
초등학교,공립,11160761
초등학교,공립,11160761
중학교,공립,11160761
중학교,공립,11160761
고등학교,공립,11160761
유치원,공립,11160761
유치원,사립,11160761
유치원,사립,11160761
초등학교,공립,11160761
초등학교,공립,11160761
초등학교,공립,11160761
중학교,공립,11160761
중학교,공립,11160761
고등학교,공립,11160761
유치원,공립,11160761
유치원,사립,11160761
유치원,사립,11160761
초등학교,공립,11160761
초등학교,공립,11160761
초등학교,공립,11160761
중학교,공립,11160761
중학교,공립,11160761
고등학교,공립,11160761
유치원,공립,11170510
유치원,사립,11170510
유치원,사립,11170510
초등학교,공립,11170510
초등학교,공립,11170510
중학교,공립,11170510
고등학교,공립,11170510
유치원,공립,11170510
유치원,사립,11170510
유치원,사립,11170510
초등학교,공립,11170510
초등학교,공립,11170510
중학교,공립,11170510
고등학교,공립,11170510
유치원,공립,11170510
유치원,사립,11170510
유치원,사립,11170510
초등학교,공립,11170510
초등학교,공립,11170510
중학교,공립,11170510
고등학교,공립,11170510
유치원,공립,11170510
유치원,사립,11170510
유치원,사립,11170510
초등학교,공립,11170510
초등학교,공립,11170510
중학교,공립,11170510
고등학교,공립,11170510
유치원,공립,11170510
유치원,사립,11170510
유치원,사립,11170510
초등학교,공립,11170510
초등학교,공립,11170510
중학교,공립,11170510
고등학교,공립,11170510
유치원,공립,11170510
유치원,사립,11170510
유치원,사립,11170510
초등학교,공립,11170510
초등학교,공립,11170510
중학교,공립,11170510
고등학교,공립,11170510
유치원,공립,11170510
유치원,사립,11170510
유치원,사립,11170510
초등학교,공립,11170510
초등학교,공립,11170510
중학교,공립,11170510
고등학교,공립,11170510
유치원,공립,11170510
유치원,사립,11170510
유치원,사립,11170510
초등학교,공립,11170510
초등학교,공립,11170510
중학교,공립,11170510
고등학교,공립,11170510
유치원,공립,11170510
유치원,사립,11170510
유치원,사립,11170510
초등학교,공립,11170510
초등학교,공립,11170510
중학교,공립,11170510
고등학교,공립,11170510
유치원,공립,11170510
유치원,사립,11170510
초등학교,공립,11170510
초등학교,공립,11170510
중학교,공립,11170510
고등학교,공립,11170510
유치원,공립,11170510
유치원,공립,11170510
유치원,사립,11170510
유치원,사립,11170510
초등학교,공립,11170510
초등학교,공립,11170510
중학교,공립,11170510
고등학교,공립,11170510
유치원,공립,11170510
유치원,사립,11170510
유치원,사립,11170510
초등학교,공립,11170510
초등학교,공립,11170510
중학교,공립,11170510
고등학교,공립,11170510
유치원,공립,11170520
유치원,사립,11170520
유치원,사립,11170520
초등학교,공립,11170520
중학교,공립,11170520
고등학교,공립,11170520
유치원,공립,11170520
유치원,사립,11170520
유치원,사립,11170520
초등학교,공립,11170520
중학교,공립,11170520
고등학교,공립,11170520
유치원,공립,11170520
유치원,사립,11170520
유치원,사립,11170520
초등학교,공립,11170520
중학교,공립,11170520
고등학교,공립,11170520
유치원,공립,11170520
유치원,사립,11170520
유치원,사립,11170520
초등학교,공립,11170520
중학교,공립,11170520
고등학교,공립,11170520
유치원,공립,11170520
유치원,사립,11170520
유치원,사립,11170520
초등학교,공립,11170520
중학교,공립,11170520
고등학교,공립,11170520
유치원,공립,11170520
유치원,사립,11170520
유치원,사립,11170520
초등학교,공립,11170520
중학교,공립,11170520
고등학교,공립,11170520
유치원,공립,11170520
유치원,사립,11170520
유치원,사립,11170520
초등학교,공립,11170520
중학교,공립,11170520
고등학교,공립,11170520
유치원,공립,11170520
유치원,사립,11170520
유치원,사립,11170520
초등학교,공립,11170520
중학교,공립,11170520
고등학교,공립,11170520
유치원,공립,11170520
유치원,사립,11170520
유치원,사립,11170520
초등학교,공립,11170520
중학교,공립,11170520
고등학교,공립,11170520
유치원,공립,11170520
유치원,사립,11170520
유치원,사립,11170520
초등학교,공립,11170520
중학교,공립,11170520
고등학교,공립,11170520
유치원,공립,11170520
유치원,사립,11170520
유치원,사립,11170520
초등학교,공립,11170520
중학교,공립,11170520
고등학교,공립,11170520
유치원,공립,11170520
유치원,사립,11170520
유치원,사립,11170520
초등학교,공립,11170520
중학교,공립,11170520
고등학교,공립,11170520
유치원,공립,11170540
유치원,공립,11170540
유치원,사립,11170540
초등학교,공립,11170540
초등학교,공립,11170540
중학교,공립,11170540
유치원,공립,11170540
유치원,공립,11170540
유치원,사립,11170540
초등학교,공립,11170540
초등학교,공립,11170540
중학교,공립,11170540
유치원,공립,11170540
유치원,공립,11170540
유치원,사립,11170540
초등학교,공립,11170540
초등학교,공립,11170540
중학교,공립,11170540
유치원,공립,11170540
유치원,공립,11170540
유치원,사립,11170540
초등학교,공립,11170540
초등학교,공립,11170540
중학교,공립,11170540
유치원,공립,11170540
유치원,공립,11170540
유치원,사립,11170540
초등학교,공립,11170540
초등학교,공립,11170540
중학교,공립,11170540
유치원,공립,11170540
유치원,공립,11170540
유치원,사립,11170540
초등학교,공립,11170540
초등학교,공립,11170540
중학교,공립,11170540
유치원,공립,11170540
유치원,공립,11170540
유치원,사립,11170540
초등학교,공립,11170540
초등학교,공립,11170540
중학교,공립,11170540
유치원,공립,11170540
유치원,공립,11170540
유치원,사립,11170540
초등학교,공립,11170540
초등학교,공립,11170540
중학교,공립,11170540
유치원,공립,11170540
유치원,공립,11170540
유치원,사립,11170540
초등학교,공립,11170540
초등학교,공립,11170540
중학교,공립,11170540
유치원,공립,11170540
유치원,공립,11170540
유치원,사립,11170540
초등학교,공립,11170540
초등학교,공립,11170540
중학교,공립,11170540
유치원,공립,11170540
유치원,공립,11170540
유치원,사립,11170540
초등학교,공립,11170540
초등학교,공립,11170540
중학교,공립,11170540
유치원,공립,11170540
유치원,공립,11170540
유치원,사립,11170540
초등학교,공립,11170540
초등학교,공립,11170540
중학교,공립,11170540
유치원,사립,11170550
유치원,사립,11170550
초등학교,공립,11170550
중학교,공립,11170550
유치원,사립,11170550
유치원,사립,11170550
초등학교,공립,11170550
중학교,공립,11170550
유치원,사립,11170550
유치원,사립,11170550
초등학교,공립,11170550
중학교,공립,11170550
유치원,사립,11170550
유치원,사립,11170550
초등학교,공립,11170550
중학교,공립,11170550
유치원,사립,11170550
유치원,사립,11170550
초등학교,공립,11170550
중학교,공립,11170550
유치원,사립,11170550
유치원,사립,11170550
초등학교,공립,11170550
중학교,공립,11170550
유치원,사립,11170550
유치원,사립,11170550
초등학교,공립,11170550
중학교,공립,11170550
유치원,사립,11170550
유치원,사립,11170550
초등학교,공립,11170550
중학교,공립,11170550
유치원,사립,11170550
유치원,사립,11170550
초등학교,공립,11170550
중학교,공립,11170550
유치원,사립,11170550
유치원,사립,11170550
초등학교,공립,11170550
중학교,공립,11170550
유치원,사립,11170550
유치원,사립,11170550
초등학교,공립,11170550
중학교,공립,11170550
유치원,사립,11170550
초등학교,공립,11170550
중학교,공립,11170550
유치원,공립,11170560
초등학교,공립,11170560
초등학교,공립,11170560
중학교,공립,11170560
고등학교,공립,11170560
유치원,공립,11170560
초등학교,공립,11170560
초등학교,공립,11170560
중학교,공립,11170560
고등학교,공립,11170560
유치원,공립,11170560
초등학교,공립,11170560
초등학교,공립,11170560
중학교,공립,11170560
고등학교,공립,11170560
유치원,공립,11170560
초등학교,공립,11170560
초등학교,공립,11170560
중학교,공립,11170560
고등학교,공립,11170560
유치원,공립,11170560
초등학교,공립,11170560
초등학교,공립,11170560
중학교,공립,11170560
고등학교,공립,11170560
유치원,공립,11170560
초등학교,공립,11170560
초등학교,공립,11170560
중학교,공립,11170560
고등학교,공립,11170560
유치원,공립,11170560
초등학교,공립,11170560
초등학교,공립,11170560
중학교,공립,11170560
고등학교,공립,11170560
유치원,공립,11170560
초등학교,공립,11170560
초등학교,공립,11170560
중학교,공립,11170560
고등학교,공립,11170560
유치원,공립,11170560
초등학교,공립,11170560
초등학교,공립,11170560
중학교,공립,11170560
고등학교,공립,11170560
유치원,공립,11170560
초등학교,공립,11170560
초등학교,공립,11170560
중학교,공립,11170560
고등학교,공립,11170560
유치원,공립,11170560
초등학교,공립,11170560
초등학교,공립,11170560
중학교,공립,11170560
고등학교,공립,11170560
유치원,공립,11170560
초등학교,공립,11170560
초등학교,공립,11170560
중학교,공립,11170560
고등학교,공립,11170560
유치원,공립,11170610
초등학교,공립,11170610
초등학교,공립,11170610
초등학교,공립,11170610
중학교,공립,11170610
고등학교,공립,11170610
유치원,공립,11170610
초등학교,공립,11170610
초등학교,공립,11170610
초등학교,공립,11170610
중학교,공립,11170610
고등학교,공립,11170610
유치원,공립,11170610
초등학교,공립,11170610
초등학교,공립,11170610
초등학교,공립,11170610
중학교,공립,11170610
고등학교,공립,11170610
유치원,공립,11170610
초등학교,공립,11170610
초등학교,공립,11170610
초등학교,공립,11170610
중학교,공립,11170610
고등학교,공립,11170610
유치원,공립,11170610
초등학교,공립,11170610
초등학교,공립,11170610
초등학교,공립,11170610
중학교,공립,11170610
고등학교,공립,11170610
유치원,공립,11170610
초등학교,공립,11170610
초등학교,공립,11170610
초등학교,공립,11170610
중학교,공립,11170610
고등학교,공립,11170610
유치원,공립,11170610
초등학교,공립,11170610
초등학교,공립,11170610
초등학교,공립,11170610
중학교,공립,11170610
고등학교,공립,11170610
유치원,공립,11170610
초등학교,공립,11170610
초등학교,공립,11170610
초등학교,공립,11170610
중학교,공립,11170610
고등학교,공립,11170610
유치원,공립,11170610
유치원,공립,11170610
초등학교,공립,11170610
초등학교,공립,11170610
초등학교,공립,11170610
중학교,공립,11170610
고등학교,공립,11170610
유치원,공립,11170610
유치원,공립,11170610
초등학교,공립,11170610
초등학교,공립,11170610
초등학교,공립,11170610
중학교,공립,11170610
고등학교,공립,11170610
유치원,공립,11170610
유치원,공립,11170610
초등학교,공립,11170610
초등학교,공립,11170610
초등학교,공립,11170610
중학교,공립,11170610
고등학교,공립,11170610
유치원,공립,11170610
유치원,공립,11170610
초등학교,공립,11170610
초등학교,공립,11170610
초등학교,공립,11170610
중학교,공립,11170610
고등학교,공립,11170610
유치원,공립,11170620
초등학교,공립,11170620
초등학교,공립,11170620
중학교,공립,11170620
고등학교,공립,11170620
유치원,공립,11170620
초등학교,공립,11170620
초등학교,공립,11170620
중학교,공립,11170620
고등학교,공립,11170620
유치원,공립,11170620
초등학교,공립,11170620
초등학교,공립,11170620
중학교,공립,11170620
고등학교,공립,11170620
유치원,공립,11170620
초등학교,공립,11170620
초등학교,공립,11170620
중학교,공립,11170620
고등학교,공립,11170620
유치원,공립,11170620
초등학교,공립,11170620
초등학교,공립,11170620
중학교,공립,11170620
고등학교,공립,11170620
유치원,공립,11170620
초등학교,공립,11170620
초등학교,공립,11170620
중학교,공립,11170620
고등학교,공립,11170620
유치원,공립,11170620
초등학교,공립,11170620
초등학교,공립,11170620
중학교,공립,11170620
고등학교,공립,11170620
유치원,공립,11170620
초등학교,공립,11170620
초등학교,공립,11170620
중학교,공립,11170620
고등학교,공립,11170620
유치원,공립,11170620
초등학교,공립,11170620
초등학교,공립,11170620
중학교,공립,11170620
고등학교,공립,11170620
유치원,공립,11170620
초등학교,공립,11170620
초등학교,공립,11170620
중학교,공립,11170620
고등학교,공립,11170620
유치원,공립,11170620
초등학교,공립,11170620
초등학교,공립,11170620
중학교,공립,11170620
고등학교,공립,11170620
유치원,공립,11170620
초등학교,공립,11170620
초등학교,공립,11170620
중학교,공립,11170620
고등학교,공립,11170620
유치원,사립,11170640
유치원,사립,11170640
유치원,사립,11170640
유치원,사립,11170640
유치원,사립,11170640
유치원,사립,11170640
유치원,사립,11170640
유치원,사립,11170640
유치원,사립,11170640
유치원,사립,11170640
유치원,사립,11170640
유치원,사립,11170640
유치원,사립,11170640
유치원,사립,11170640
유치원,사립,11170640
유치원,사립,11170640
유치원,사립,11170640
유치원,사립,11170640
유치원,사립,11170640
유치원,사립,11170640
유치원,사립,11170640
유치원,사립,11170640
유치원,사립,11170640
유치원,사립,11170640
유치원,사립,11170640
유치원,사립,11170640
유치원,사립,11170640
유치원,사립,11170640
유치원,사립,11170640
유치원,사립,11170640
유치원,사립,11170640
유치원,사립,11170640
유치원,사립,11170640
유치원,사립,11170640
유치원,사립,11170640
유치원,사립,11170640
유치원,사립,11170640
유치원,사립,11170640
유치원,사립,11170640
유치원,사립,11170640
유치원,공립,11170650
초등학교,공립,11170650
초등학교,공립,11170650
초등학교,공립,11170650
중학교,공립,11170650
유치원,공립,11170650
초등학교,공립,11170650
초등학교,공립,11170650
초등학교,공립,11170650
중학교,공립,11170650
유치원,공립,11170650
초등학교,공립,11170650
초등학교,공립,11170650
초등학교,공립,11170650
중학교,공립,11170650
유치원,공립,11170650
초등학교,공립,11170650
초등학교,공립,11170650
초등학교,공립,11170650
중학교,공립,11170650
유치원,공립,11170650
초등학교,공립,11170650
초등학교,공립,11170650
초등학교,공립,11170650
중학교,공립,11170650
유치원,공립,11170650
초등학교,공립,11170650
초등학교,공립,11170650
초등학교,공립,11170650
중학교,공립,11170650
유치원,공립,11170650
초등학교,공립,11170650
초등학교,공립,11170650
초등학교,공립,11170650
중학교,공립,11170650
유치원,공립,11170650
초등학교,공립,11170650
초등학교,공립,11170650
초등학교,공립,11170650
중학교,공립,11170650
유치원,공립,11170650
초등학교,공립,11170650
초등학교,공립,11170650
초등학교,공립,11170650
중학교,공립,11170650
고등학교,사립,11170650
유치원,공립,11170650
초등학교,공립,11170650
초등학교,공립,11170650
초등학교,공립,11170650
중학교,공립,11170650
유치원,공립,11170650
초등학교,공립,11170650
초등학교,공립,11170650
초등학교,공립,11170650
중학교,공립,11170650
유치원,공립,11170650
초등학교,공립,11170650
초등학교,공립,11170650
초등학교,공립,11170650
중학교,공립,11170650
유치원,사립,11170670
유치원,사립,11170670
유치원,사립,11170670
유치원,사립,11170670
초등학교,공립,11170670
유치원,사립,11170670
유치원,사립,11170670
유치원,사립,11170670
유치원,사립,11170670
초등학교,공립,11170670
유치원,사립,11170670
유치원,사립,11170670
유치원,사립,11170670
유치원,사립,11170670
초등학교,공립,11170670
유치원,사립,11170670
유치원,사립,11170670
유치원,사립,11170670
유치원,사립,11170670
초등학교,공립,11170670
유치원,사립,11170670
유치원,사립,11170670
유치원,사립,11170670
유치원,사립,11170670
초등학교,공립,11170670
유치원,사립,11170670
유치원,사립,11170670
유치원,사립,11170670
유치원,사립,11170670
초등학교,공립,11170670
유치원,사립,11170670
유치원,사립,11170670
유치원,사립,11170670
초등학교,공립,11170670
유치원,사립,11170670
유치원,사립,11170670
유치원,사립,11170670
초등학교,공립,11170670
유치원,사립,11170670
유치원,사립,11170670
유치원,사립,11170670
초등학교,공립,11170670
유치원,사립,11170670
유치원,사립,11170670
초등학교,공립,11170670
유치원,사립,11170670
초등학교,공립,11170670
유치원,사립,11170670
초등학교,공립,11170670
유치원,사립,11170690
유치원,사립,11170690
초등학교,공립,11170690
중학교,사립,11170690
고등학교,공립,11170690
고등학교,사립,11170690
고등학교,사립,11170690
고등학교,사립,11170690
고등학교,사립,11170690
고등학교,사립,11170690
특수학교,공립,11170690
유치원,사립,11170690
유치원,사립,11170690
초등학교,공립,11170690
중학교,사립,11170690
고등학교,공립,11170690
고등학교,사립,11170690
고등학교,사립,11170690
고등학교,사립,11170690
고등학교,사립,11170690
고등학교,사립,11170690
특수학교,공립,11170690
유치원,사립,11170690
유치원,사립,11170690
초등학교,공립,11170690
중학교,사립,11170690
고등학교,공립,11170690
고등학교,사립,11170690
고등학교,사립,11170690
고등학교,사립,11170690
고등학교,사립,11170690
고등학교,사립,11170690
특수학교,공립,11170690
유치원,사립,11170690
유치원,사립,11170690
초등학교,공립,11170690
중학교,사립,11170690
고등학교,공립,11170690
고등학교,사립,11170690
고등학교,사립,11170690
고등학교,사립,11170690
고등학교,사립,11170690
고등학교,사립,11170690
특수학교,공립,11170690
유치원,사립,11170690
초등학교,공립,11170690
중학교,사립,11170690
고등학교,공립,11170690
고등학교,사립,11170690
고등학교,사립,11170690
고등학교,사립,11170690
고등학교,사립,11170690
고등학교,사립,11170690
특수학교,공립,11170690
유치원,사립,11170690
초등학교,공립,11170690
중학교,사립,11170690
고등학교,공립,11170690
고등학교,사립,11170690
고등학교,사립,11170690
고등학교,사립,11170690
고등학교,사립,11170690
고등학교,사립,11170690
특수학교,공립,11170690
유치원,사립,11170690
초등학교,공립,11170690
중학교,사립,11170690
고등학교,공립,11170690
고등학교,사립,11170690
고등학교,사립,11170690
고등학교,사립,11170690
고등학교,사립,11170690
고등학교,사립,11170690
특수학교,공립,11170690
유치원,사립,11170690
초등학교,공립,11170690
중학교,사립,11170690
고등학교,공립,11170690
고등학교,사립,11170690
고등학교,사립,11170690
고등학교,사립,11170690
고등학교,사립,11170690
고등학교,사립,11170690
특수학교,공립,11170690
유치원,사립,11170690
초등학교,공립,11170690
중학교,사립,11170690
고등학교,공립,11170690
고등학교,사립,11170690
고등학교,사립,11170690
고등학교,사립,11170690
고등학교,사립,11170690
고등학교,사립,11170690
특수학교,공립,11170690
유치원,사립,11170690
초등학교,공립,11170690
중학교,사립,11170690
고등학교,공립,11170690
고등학교,사립,11170690
고등학교,사립,11170690
고등학교,사립,11170690
고등학교,사립,11170690
고등학교,사립,11170690
특수학교,공립,11170690
유치원,사립,11170690
초등학교,공립,11170690
중학교,사립,11170690
고등학교,공립,11170690
고등학교,사립,11170690
고등학교,사립,11170690
고등학교,사립,11170690
고등학교,사립,11170690
고등학교,사립,11170690
특수학교,공립,11170690
유치원,사립,11170690
초등학교,공립,11170690
중학교,사립,11170690
고등학교,공립,11170690
고등학교,사립,11170690
고등학교,사립,11170690
고등학교,사립,11170690
고등학교,사립,11170690
고등학교,사립,11170690
특수학교,공립,11170690
유치원,사립,11170700
초등학교,공립,11170700
초등학교,공립,11170700
초등학교,공립,11170700
초등학교,공립,11170700
초등학교,공립,11170700
평생학교,사립,11170700
초등학교,공립,11170700
평생학교,사립,11170700
초등학교,공립,11170700
초등학교,공립,11170700
초등학교,공립,11170700
초등학교,공립,11170700
초등학교,공립,11170700
초등학교,공립,11170700
유치원,사립,11170710
유치원,사립,11170710
초등학교,공립,11170710
고등학교,공립,11170710
유치원,사립,11170710
유치원,사립,11170710
초등학교,공립,11170710
고등학교,공립,11170710
유치원,사립,11170710
초등학교,공립,11170710
고등학교,공립,11170710
유치원,사립,11170710
초등학교,공립,11170710
고등학교,공립,11170710
유치원,사립,11170710
초등학교,공립,11170710
고등학교,공립,11170710
유치원,사립,11170710
초등학교,공립,11170710
고등학교,공립,11170710
유치원,사립,11170710
초등학교,공립,11170710
고등학교,공립,11170710
유치원,사립,11170710
초등학교,공립,11170710
고등학교,공립,11170710
유치원,사립,11170710
초등학교,공립,11170710
고등학교,공립,11170710
유치원,사립,11170710
초등학교,공립,11170710
고등학교,공립,11170710
유치원,사립,11170710
초등학교,공립,11170710
고등학교,공립,11170710
유치원,사립,11170710
초등학교,공립,11170710
고등학교,공립,11170710
유치원,공립,11170720
유치원,사립,11170720
유치원,사립,11170720
초등학교,공립,11170720
중학교,공립,11170720
중학교,공립,11170720
유치원,공립,11170720
유치원,사립,11170720
유치원,사립,11170720
초등학교,공립,11170720
중학교,공립,11170720
중학교,공립,11170720
유치원,공립,11170720
유치원,사립,11170720
유치원,사립,11170720
초등학교,공립,11170720
중학교,공립,11170720
중학교,공립,11170720
유치원,공립,11170720
유치원,사립,11170720
유치원,사립,11170720
초등학교,공립,11170720
중학교,공립,11170720
중학교,공립,11170720
유치원,공립,11170720
유치원,사립,11170720
유치원,사립,11170720
초등학교,공립,11170720
중학교,공립,11170720
중학교,공립,11170720
유치원,공립,11170720
유치원,사립,11170720
유치원,사립,11170720
초등학교,공립,11170720
중학교,공립,11170720
중학교,공립,11170720
유치원,공립,11170720
유치원,사립,11170720
초등학교,공립,11170720
중학교,공립,11170720
중학교,공립,11170720
유치원,공립,11170720
유치원,사립,11170720
초등학교,공립,11170720
중학교,공립,11170720
중학교,공립,11170720
유치원,공립,11170720
유치원,사립,11170720
초등학교,공립,11170720
중학교,공립,11170720
중학교,공립,11170720
유치원,공립,11170720
유치원,사립,11170720
초등학교,공립,11170720
중학교,공립,11170720
중학교,공립,11170720
유치원,공립,11170720
유치원,사립,11170720
초등학교,공립,11170720
중학교,공립,11170720
중학교,공립,11170720
유치원,공립,11170720
유치원,사립,11170720
초등학교,공립,11170720
중학교,공립,11170720
중학교,공립,11170720
유치원,공립,11170730
유치원,공립,11170730
유치원,사립,11170730
유치원,사립,11170730
유치원,사립,11170730
유치원,사립,11170730
초등학교,공립,11170730
초등학교,공립,11170730
초등학교,공립,11170730
중학교,공립,11170730
중학교,공립,11170730
고등학교,사립,11170730
고등학교,사립,11170730
각종학교,사립,11170730
유치원,공립,11170730
유치원,공립,11170730
유치원,사립,11170730
유치원,사립,11170730
유치원,사립,11170730
유치원,사립,11170730
초등학교,공립,11170730
초등학교,공립,11170730
초등학교,공립,11170730
중학교,공립,11170730
중학교,공립,11170730
고등학교,사립,11170730
고등학교,사립,11170730
각종학교,사립,11170730
유치원,사립,11170730
유치원,공립,11170730
유치원,공립,11170730
유치원,사립,11170730
유치원,사립,11170730
유치원,사립,11170730
유치원,사립,11170730
초등학교,공립,11170730
초등학교,공립,11170730
초등학교,공립,11170730
중학교,공립,11170730
중학교,공립,11170730
고등학교,사립,11170730
고등학교,사립,11170730
각종학교,사립,11170730
유치원,사립,11170730
유치원,공립,11170730
유치원,공립,11170730
유치원,사립,11170730
유치원,사립,11170730
유치원,사립,11170730
유치원,사립,11170730
초등학교,공립,11170730
초등학교,공립,11170730
초등학교,공립,11170730
중학교,공립,11170730
중학교,공립,11170730
고등학교,사립,11170730
고등학교,사립,11170730
각종학교,사립,11170730
유치원,공립,11170730
유치원,공립,11170730
유치원,사립,11170730
유치원,사립,11170730
유치원,사립,11170730
유치원,사립,11170730
초등학교,공립,11170730
초등학교,공립,11170730
초등학교,공립,11170730
중학교,공립,11170730
중학교,공립,11170730
고등학교,사립,11170730
고등학교,사립,11170730
각종학교,사립,11170730
유치원,공립,11170730
유치원,공립,11170730
유치원,사립,11170730
유치원,사립,11170730
유치원,사립,11170730
유치원,사립,11170730
초등학교,공립,11170730
초등학교,공립,11170730
초등학교,공립,11170730
초등학교,공립,11170730
중학교,공립,11170730
중학교,공립,11170730
고등학교,사립,11170730
고등학교,사립,11170730
각종학교,사립,11170730
유치원,공립,11170730
유치원,공립,11170730
유치원,공립,11170730
유치원,사립,11170730
유치원,사립,11170730
유치원,사립,11170730
초등학교,공립,11170730
초등학교,공립,11170730
초등학교,공립,11170730
초등학교,공립,11170730
중학교,공립,11170730
중학교,공립,11170730
고등학교,사립,11170730
고등학교,사립,11170730
각종학교,사립,11170730
유치원,공립,11170730
유치원,공립,11170730
유치원,공립,11170730
유치원,사립,11170730
유치원,사립,11170730
초등학교,공립,11170730
초등학교,공립,11170730
초등학교,공립,11170730
초등학교,공립,11170730
중학교,공립,11170730
중학교,공립,11170730
고등학교,사립,11170730
고등학교,사립,11170730
각종학교,사립,11170730
유치원,공립,11170730
유치원,공립,11170730
유치원,공립,11170730
유치원,사립,11170730
유치원,사립,11170730
초등학교,공립,11170730
초등학교,공립,11170730
초등학교,공립,11170730
초등학교,공립,11170730
중학교,공립,11170730
중학교,공립,11170730
고등학교,사립,11170730
각종학교,사립,11170730
유치원,공립,11170730
유치원,공립,11170730
유치원,공립,11170730
유치원,사립,11170730
유치원,사립,11170730
초등학교,공립,11170730
초등학교,공립,11170730
초등학교,공립,11170730
초등학교,공립,11170730
중학교,공립,11170730
중학교,공립,11170730
고등학교,사립,11170730
각종학교,사립,11170730
유치원,공립,11170730
유치원,공립,11170730
유치원,공립,11170730
유치원,사립,11170730
유치원,사립,11170730
초등학교,공립,11170730
초등학교,공립,11170730
초등학교,공립,11170730
초등학교,공립,11170730
중학교,공립,11170730
중학교,공립,11170730
고등학교,사립,11170730
각종학교,사립,11170730
유치원,공립,11170730
유치원,공립,11170730
유치원,공립,11170730
유치원,사립,11170730
유치원,사립,11170730
초등학교,공립,11170730
초등학교,공립,11170730
초등학교,공립,11170730
초등학교,공립,11170730
중학교,공립,11170730
중학교,공립,11170730
고등학교,사립,11170730
각종학교,사립,11170730
각종학교,사립,11170730
각종학교,사립,11170730
유치원,사립,11170740
특수학교,사립,11170740
유치원,사립,11170740
특수학교,사립,11170740
유치원,사립,11170740
특수학교,사립,11170740
유치원,사립,11170740
특수학교,사립,11170740
특수학교,사립,11170740
유치원,공립,11170740
초등학교,공립,11170740
특수학교,사립,11170740
유치원,공립,11170740
초등학교,공립,11170740
중학교,공립,11170740
특수학교,사립,11170740
유치원,공립,11170740
초등학교,공립,11170740
중학교,공립,11170740
특수학교,사립,11170740
유치원,공립,11170740
초등학교,공립,11170740
중학교,공립,11170740
특수학교,사립,11170740
유치원,공립,11170740
초등학교,공립,11170740
중학교,공립,11170740
고등학교,사립,11170740
특수학교,사립,11170740
유치원,공립,11170740
초등학교,공립,11170740
중학교,공립,11170740
고등학교,사립,11170740
특수학교,사립,11170740
유치원,공립,11170740
초등학교,공립,11170740
중학교,공립,11170740
고등학교,사립,11170740
특수학교,사립,11170740
유치원,사립,11180510
유치원,사립,11180510
유치원,사립,11180510
유치원,사립,11180510
유치원,사립,11180510
유치원,사립,11180510
유치원,사립,11180510
유치원,사립,11180510
유치원,사립,11180510
유치원,사립,11180510
유치원,사립,11180510
유치원,공립,11180520
유치원,사립,11180520
유치원,사립,11180520
초등학교,공립,11180520
초등학교,공립,11180520
초등학교,공립,11180520
중학교,공립,11180520
중학교,공립,11180520
중학교,공립,11180520
유치원,공립,11180520
유치원,사립,11180520
유치원,사립,11180520
초등학교,공립,11180520
초등학교,공립,11180520
초등학교,공립,11180520
중학교,공립,11180520
중학교,공립,11180520
중학교,공립,11180520
유치원,공립,11180520
유치원,사립,11180520
초등학교,공립,11180520
초등학교,공립,11180520
초등학교,공립,11180520
중학교,공립,11180520
중학교,공립,11180520
중학교,공립,11180520
유치원,공립,11180520
유치원,공립,11180520
유치원,사립,11180520
유치원,사립,11180520
초등학교,공립,11180520
초등학교,공립,11180520
초등학교,공립,11180520
초등학교,공립,11180520
중학교,공립,11180520
중학교,공립,11180520
중학교,공립,11180520
유치원,공립,11180520
유치원,공립,11180520
유치원,사립,11180520
유치원,사립,11180520
초등학교,공립,11180520
초등학교,공립,11180520
초등학교,공립,11180520
초등학교,공립,11180520
중학교,공립,11180520
중학교,공립,11180520
중학교,공립,11180520
유치원,공립,11180520
유치원,공립,11180520
유치원,사립,11180520
유치원,사립,11180520
초등학교,공립,11180520
초등학교,공립,11180520
초등학교,공립,11180520
초등학교,공립,11180520
중학교,공립,11180520
중학교,공립,11180520
중학교,공립,11180520
유치원,공립,11180520
유치원,공립,11180520
유치원,사립,11180520
유치원,사립,11180520
초등학교,공립,11180520
초등학교,공립,11180520
초등학교,공립,11180520
초등학교,공립,11180520
중학교,공립,11180520
중학교,공립,11180520
중학교,공립,11180520
유치원,공립,11180520
유치원,공립,11180520
유치원,사립,11180520
유치원,사립,11180520
초등학교,공립,11180520
초등학교,공립,11180520
초등학교,공립,11180520
초등학교,공립,11180520
중학교,공립,11180520
중학교,공립,11180520
중학교,공립,11180520
유치원,공립,11180520
유치원,공립,11180520
유치원,사립,11180520
유치원,사립,11180520
초등학교,공립,11180520
초등학교,공립,11180520
초등학교,공립,11180520
초등학교,공립,11180520
중학교,공립,11180520
중학교,공립,11180520
중학교,공립,11180520
유치원,공립,11180520
유치원,공립,11180520
유치원,사립,11180520
유치원,사립,11180520
초등학교,공립,11180520
초등학교,공립,11180520
초등학교,공립,11180520
초등학교,공립,11180520
중학교,공립,11180520
중학교,공립,11180520
중학교,공립,11180520
유치원,공립,11180520
유치원,공립,11180520
유치원,사립,11180520
유치원,사립,11180520
초등학교,공립,11180520
초등학교,공립,11180520
초등학교,공립,11180520
초등학교,공립,11180520
중학교,공립,11180520
중학교,공립,11180520
중학교,공립,11180520
유치원,공립,11180520
유치원,공립,11180520
유치원,사립,11180520
유치원,사립,11180520
초등학교,공립,11180520
초등학교,공립,11180520
초등학교,공립,11180520
초등학교,공립,11180520
중학교,공립,11180520
중학교,공립,11180520
중학교,공립,11180520
유치원,공립,11180530
유치원,사립,11180530
초등학교,공립,11180530
초등학교,공립,11180530
유치원,공립,11180530
초등학교,공립,11180530
초등학교,공립,11180530
유치원,공립,11180530
초등학교,공립,11180530
초등학교,공립,11180530
유치원,공립,11180530
초등학교,공립,11180530
초등학교,공립,11180530
유치원,공립,11180530
유치원,공립,11180530
초등학교,공립,11180530
초등학교,공립,11180530
유치원,공립,11180530
유치원,공립,11180530
초등학교,공립,11180530
초등학교,공립,11180530
유치원,공립,11180530
유치원,공립,11180530
초등학교,공립,11180530
초등학교,공립,11180530
유치원,공립,11180530
유치원,공립,11180530
초등학교,공립,11180530
초등학교,공립,11180530
유치원,공립,11180530
유치원,공립,11180530
초등학교,공립,11180530
초등학교,공립,11180530
유치원,공립,11180530
유치원,공립,11180530
초등학교,공립,11180530
초등학교,공립,11180530
유치원,공립,11180530
유치원,공립,11180530
초등학교,공립,11180530
초등학교,공립,11180530
유치원,공립,11180530
유치원,공립,11180530
초등학교,공립,11180530
초등학교,공립,11180530
유치원,사립,11180540
유치원,사립,11180540
유치원,사립,11180540
초등학교,공립,11180540
초등학교,공립,11180540
중학교,공립,11180540
중학교,공립,11180540
고등학교,공립,11180540
유치원,사립,11180540
유치원,사립,11180540
유치원,사립,11180540
초등학교,공립,11180540
초등학교,공립,11180540
중학교,공립,11180540
중학교,공립,11180540
고등학교,공립,11180540
유치원,사립,11180540
유치원,사립,11180540
유치원,사립,11180540
초등학교,공립,11180540
초등학교,공립,11180540
중학교,공립,11180540
중학교,공립,11180540
고등학교,공립,11180540
유치원,사립,11180540
유치원,사립,11180540
초등학교,공립,11180540
초등학교,공립,11180540
중학교,공립,11180540
중학교,공립,11180540
고등학교,공립,11180540
각종학교,공립,11180540
유치원,사립,11180540
유치원,사립,11180540
초등학교,공립,11180540
초등학교,공립,11180540
중학교,공립,11180540
중학교,공립,11180540
고등학교,공립,11180540
각종학교,공립,11180540
유치원,사립,11180540
유치원,사립,11180540
초등학교,공립,11180540
초등학교,공립,11180540
중학교,공립,11180540
중학교,공립,11180540
고등학교,공립,11180540
각종학교,공립,11180540
유치원,사립,11180540
초등학교,공립,11180540
초등학교,공립,11180540
중학교,공립,11180540
중학교,공립,11180540
고등학교,공립,11180540
각종학교,공립,11180540
유치원,사립,11180540
초등학교,공립,11180540
초등학교,공립,11180540
중학교,공립,11180540
중학교,공립,11180540
고등학교,공립,11180540
각종학교,공립,11180540
유치원,사립,11180540
초등학교,공립,11180540
초등학교,공립,11180540
중학교,공립,11180540
중학교,공립,11180540
고등학교,공립,11180540
각종학교,공립,11180540
유치원,사립,11180540
초등학교,공립,11180540
초등학교,공립,11180540
중학교,공립,11180540
중학교,공립,11180540
고등학교,공립,11180540
각종학교,공립,11180540
유치원,사립,11180540
초등학교,공립,11180540
초등학교,공립,11180540
중학교,공립,11180540
중학교,공립,11180540
고등학교,공립,11180540
각종학교,공립,11180540
유치원,사립,11180540
초등학교,공립,11180540
초등학교,공립,11180540
중학교,공립,11180540
중학교,공립,11180540
고등학교,공립,11180540
각종학교,공립,11180540
초등학교,공립,11180550
초등학교,공립,11180550
초등학교,공립,11180550
초등학교,공립,11180550
초등학교,공립,11180550
유치원,공립,11180550
초등학교,공립,11180550
유치원,공립,11180550
초등학교,공립,11180550
유치원,공립,11180550
초등학교,공립,11180550
유치원,공립,11180550
초등학교,공립,11180550
유치원,공립,11180550
초등학교,공립,11180550
유치원,공립,11180550
초등학교,공립,11180550
유치원,공립,11180550
초등학교,공립,11180550
유치원,사립,11180570
유치원,사립,11180570
초등학교,공립,11180570
초등학교,공립,11180570
중학교,사립,11180570
고등학교,사립,11180570
유치원,사립,11180570
유치원,사립,11180570
초등학교,공립,11180570
초등학교,공립,11180570
중학교,사립,11180570
고등학교,사립,11180570
유치원,사립,11180570
유치원,사립,11180570
초등학교,공립,11180570
초등학교,공립,11180570
중학교,사립,11180570
고등학교,사립,11180570
유치원,사립,11180570
유치원,사립,11180570
초등학교,공립,11180570
초등학교,공립,11180570
중학교,사립,11180570
고등학교,사립,11180570
유치원,사립,11180570
초등학교,공립,11180570
초등학교,공립,11180570
중학교,사립,11180570
고등학교,사립,11180570
유치원,사립,11180570
초등학교,공립,11180570
초등학교,공립,11180570
중학교,사립,11180570
고등학교,사립,11180570
유치원,사립,11180570
초등학교,공립,11180570
초등학교,공립,11180570
중학교,사립,11180570
고등학교,사립,11180570
유치원,사립,11180570
초등학교,공립,11180570
초등학교,공립,11180570
중학교,사립,11180570
고등학교,사립,11180570
초등학교,공립,11180570
초등학교,공립,11180570
중학교,사립,11180570
고등학교,사립,11180570
초등학교,공립,11180570
초등학교,공립,11180570
중학교,사립,11180570
고등학교,사립,11180570
유치원,사립,11180570
초등학교,공립,11180570
초등학교,공립,11180570
중학교,사립,11180570
고등학교,사립,11180570
유치원,사립,11180570
초등학교,공립,11180570
초등학교,공립,11180570
중학교,사립,11180570
고등학교,사립,11180570
유치원,공립,11180580
유치원,사립,11180580
유치원,사립,11180580
유치원,사립,11180580
유치원,사립,11180580
초등학교,공립,11180580
초등학교,공립,11180580
초등학교,사립,11180580
중학교,사립,11180580
고등학교,사립,11180580
고등학교,사립,11180580
유치원,공립,11180580
유치원,사립,11180580
유치원,사립,11180580
유치원,사립,11180580
유치원,사립,11180580
초등학교,공립,11180580
초등학교,공립,11180580
초등학교,사립,11180580
중학교,사립,11180580
고등학교,사립,11180580
고등학교,사립,11180580
유치원,공립,11180580
유치원,사립,11180580
유치원,사립,11180580
유치원,사립,11180580
유치원,사립,11180580
초등학교,공립,11180580
초등학교,공립,11180580
초등학교,사립,11180580
중학교,사립,11180580
고등학교,사립,11180580
고등학교,사립,11180580
유치원,공립,11180580
유치원,사립,11180580
유치원,사립,11180580
유치원,사립,11180580
유치원,사립,11180580
초등학교,공립,11180580
초등학교,공립,11180580
초등학교,사립,11180580
중학교,사립,11180580
고등학교,사립,11180580
고등학교,사립,11180580
유치원,공립,11180580
유치원,사립,11180580
유치원,사립,11180580
유치원,사립,11180580
유치원,사립,11180580
초등학교,공립,11180580
초등학교,공립,11180580
초등학교,사립,11180580
중학교,사립,11180580
고등학교,사립,11180580
고등학교,사립,11180580
유치원,공립,11180580
유치원,사립,11180580
유치원,사립,11180580
유치원,사립,11180580
유치원,사립,11180580
초등학교,공립,11180580
초등학교,공립,11180580
초등학교,사립,11180580
중학교,사립,11180580
고등학교,사립,11180580
고등학교,사립,11180580
유치원,공립,11180580
유치원,사립,11180580
유치원,사립,11180580
유치원,사립,11180580
유치원,사립,11180580
초등학교,공립,11180580
초등학교,공립,11180580
초등학교,사립,11180580
중학교,사립,11180580
고등학교,사립,11180580
고등학교,사립,11180580
유치원,공립,11180580
유치원,사립,11180580
유치원,사립,11180580
유치원,사립,11180580
유치원,사립,11180580
초등학교,공립,11180580
초등학교,공립,11180580
초등학교,사립,11180580
중학교,사립,11180580
고등학교,사립,11180580
고등학교,사립,11180580
유치원,공립,11180580
유치원,사립,11180580
유치원,사립,11180580
유치원,사립,11180580
유치원,사립,11180580
초등학교,공립,11180580
초등학교,공립,11180580
초등학교,사립,11180580
중학교,사립,11180580
고등학교,사립,11180580
고등학교,사립,11180580
유치원,공립,11180580
유치원,사립,11180580
유치원,사립,11180580
유치원,사립,11180580
초등학교,공립,11180580
초등학교,공립,11180580
초등학교,사립,11180580
중학교,사립,11180580
고등학교,사립,11180580
고등학교,사립,11180580
유치원,공립,11180580
유치원,사립,11180580
유치원,사립,11180580
유치원,사립,11180580
초등학교,공립,11180580
초등학교,공립,11180580
초등학교,사립,11180580
중학교,사립,11180580
고등학교,사립,11180580
고등학교,사립,11180580
유치원,공립,11180580
유치원,사립,11180580
유치원,사립,11180580
유치원,사립,11180580
초등학교,공립,11180580
초등학교,공립,11180580
초등학교,사립,11180580
중학교,사립,11180580
고등학교,사립,11180580
고등학교,사립,11180580
유치원,사립,11180590
유치원,사립,11180590
초등학교,공립,11180590
중학교,공립,11180590
고등학교,국립,11180590
고등학교,공립,11180590
각종학교,국립,11180590
유치원,사립,11180590
유치원,사립,11180590
초등학교,공립,11180590
중학교,공립,11180590
고등학교,국립,11180590
고등학교,공립,11180590
각종학교,국립,11180590
유치원,사립,11180590
유치원,사립,11180590
초등학교,공립,11180590
중학교,공립,11180590
고등학교,국립,11180590
고등학교,공립,11180590
각종학교,국립,11180590
유치원,사립,11180590
유치원,사립,11180590
초등학교,공립,11180590
중학교,공립,11180590
고등학교,국립,11180590
고등학교,공립,11180590
각종학교,국립,11180590
유치원,사립,11180590
유치원,사립,11180590
초등학교,공립,11180590
중학교,공립,11180590
고등학교,국립,11180590
고등학교,공립,11180590
각종학교,국립,11180590
유치원,사립,11180590
유치원,사립,11180590
초등학교,공립,11180590
중학교,공립,11180590
고등학교,국립,11180590
고등학교,공립,11180590
각종학교,국립,11180590
유치원,사립,11180590
유치원,사립,11180590
초등학교,공립,11180590
중학교,공립,11180590
고등학교,국립,11180590
고등학교,공립,11180590
각종학교,국립,11180590
유치원,사립,11180590
유치원,사립,11180590
초등학교,공립,11180590
중학교,공립,11180590
고등학교,국립,11180590
고등학교,공립,11180590
각종학교,국립,11180590
유치원,사립,11180590
유치원,사립,11180590
초등학교,공립,11180590
중학교,공립,11180590
고등학교,국립,11180590
고등학교,공립,11180590
각종학교,국립,11180590
유치원,사립,11180590
유치원,사립,11180590
초등학교,공립,11180590
중학교,공립,11180590
고등학교,국립,11180590
고등학교,공립,11180590
각종학교,국립,11180590
유치원,사립,11180590
초등학교,공립,11180590
중학교,공립,11180590
고등학교,국립,11180590
고등학교,공립,11180590
각종학교,국립,11180590
유치원,사립,11180590
초등학교,공립,11180590
중학교,공립,11180590
고등학교,국립,11180590
고등학교,공립,11180590
각종학교,국립,11180590
초등학교,공립,11180600
초등학교,공립,11180600
중학교,공립,11180600
초등학교,공립,11180600
중학교,공립,11180600
초등학교,공립,11180600
중학교,공립,11180600
초등학교,공립,11180600
중학교,공립,11180600
초등학교,공립,11180600
중학교,공립,11180600
초등학교,공립,11180600
중학교,공립,11180600
초등학교,공립,11180600
중학교,공립,11180600
초등학교,공립,11180600
중학교,공립,11180600
초등학교,공립,11180600
중학교,공립,11180600
초등학교,공립,11180600
중학교,공립,11180600
초등학교,공립,11180600
중학교,공립,11180600
초등학교,공립,11180600
중학교,공립,11180600
유치원,공립,11180610
초등학교,공립,11180610
초등학교,공립,11180610
유치원,공립,11180610
초등학교,공립,11180610
초등학교,공립,11180610
유치원,공립,11180610
초등학교,공립,11180610
초등학교,공립,11180610
유치원,공립,11180610
초등학교,공립,11180610
초등학교,공립,11180610
유치원,공립,11180610
초등학교,공립,11180610
초등학교,공립,11180610
유치원,공립,11180610
초등학교,공립,11180610
초등학교,공립,11180610
유치원,공립,11180610
초등학교,공립,11180610
초등학교,공립,11180610
유치원,공립,11180610
초등학교,공립,11180610
초등학교,공립,11180610
유치원,공립,11180610
초등학교,공립,11180610
초등학교,공립,11180610
유치원,공립,11180610
초등학교,공립,11180610
초등학교,공립,11180610
유치원,공립,11180610
초등학교,공립,11180610
초등학교,공립,11180610
유치원,공립,11180610
초등학교,공립,11180610
초등학교,공립,11180610
유치원,공립,11190540
유치원,사립,11190540
유치원,사립,11190540
유치원,사립,11190540
유치원,사립,11190540
초등학교,공립,11190540
초등학교,공립,11190540
중학교,공립,11190540
중학교,공립,11190540
고등학교,공립,11190540
고등학교,공립,11190540
유치원,공립,11190540
유치원,사립,11190540
유치원,사립,11190540
유치원,사립,11190540
유치원,사립,11190540
초등학교,공립,11190540
초등학교,공립,11190540
중학교,공립,11190540
중학교,공립,11190540
고등학교,공립,11190540
고등학교,공립,11190540
유치원,공립,11190540
유치원,사립,11190540
유치원,사립,11190540
유치원,사립,11190540
유치원,사립,11190540
초등학교,공립,11190540
초등학교,공립,11190540
중학교,공립,11190540
중학교,공립,11190540
고등학교,공립,11190540
고등학교,공립,11190540
유치원,공립,11190540
유치원,사립,11190540
유치원,사립,11190540
유치원,사립,11190540
유치원,사립,11190540
초등학교,공립,11190540
초등학교,공립,11190540
중학교,공립,11190540
중학교,공립,11190540
고등학교,공립,11190540
고등학교,공립,11190540
유치원,공립,11190540
유치원,사립,11190540
유치원,사립,11190540
유치원,사립,11190540
유치원,사립,11190540
초등학교,공립,11190540
초등학교,공립,11190540
중학교,공립,11190540
중학교,공립,11190540
고등학교,공립,11190540
고등학교,공립,11190540
유치원,공립,11190540
유치원,사립,11190540
유치원,사립,11190540
유치원,사립,11190540
유치원,사립,11190540
초등학교,공립,11190540
초등학교,공립,11190540
중학교,공립,11190540
중학교,공립,11190540
고등학교,공립,11190540
고등학교,공립,11190540
유치원,공립,11190540
유치원,사립,11190540
유치원,사립,11190540
유치원,사립,11190540
유치원,사립,11190540
초등학교,공립,11190540
초등학교,공립,11190540
중학교,공립,11190540
중학교,공립,11190540
고등학교,공립,11190540
고등학교,공립,11190540
유치원,공립,11190540
유치원,사립,11190540
유치원,사립,11190540
유치원,사립,11190540
유치원,사립,11190540
초등학교,공립,11190540
초등학교,공립,11190540
중학교,공립,11190540
중학교,공립,11190540
고등학교,공립,11190540
고등학교,공립,11190540
유치원,공립,11190540
유치원,사립,11190540
유치원,사립,11190540
유치원,사립,11190540
유치원,사립,11190540
초등학교,공립,11190540
초등학교,공립,11190540
중학교,공립,11190540
중학교,공립,11190540
고등학교,공립,11190540
고등학교,공립,11190540
유치원,공립,11190540
유치원,사립,11190540
유치원,사립,11190540
유치원,사립,11190540
유치원,사립,11190540
초등학교,공립,11190540
초등학교,공립,11190540
중학교,공립,11190540
중학교,공립,11190540
고등학교,공립,11190540
고등학교,공립,11190540
유치원,공립,11190540
유치원,사립,11190540
유치원,사립,11190540
유치원,사립,11190540
유치원,사립,11190540
초등학교,공립,11190540
초등학교,공립,11190540
중학교,공립,11190540
중학교,공립,11190540
고등학교,공립,11190540
고등학교,공립,11190540
유치원,공립,11190540
유치원,사립,11190540
유치원,사립,11190540
유치원,사립,11190540
유치원,사립,11190540
초등학교,공립,11190540
초등학교,공립,11190540
중학교,공립,11190540
중학교,공립,11190540
고등학교,공립,11190540
고등학교,공립,11190540
유치원,사립,11190550
유치원,사립,11190550
유치원,사립,11190550
유치원,사립,11190550
유치원,사립,11190550
유치원,사립,11190550
유치원,사립,11190550
유치원,사립,11190550
유치원,사립,11190550
유치원,사립,11190550
유치원,사립,11190550
유치원,사립,11190550
유치원,사립,11190550
유치원,사립,11190550
유치원,사립,11190550
유치원,사립,11190550
유치원,사립,11190550
유치원,사립,11190550
유치원,사립,11190550
유치원,사립,11190550
유치원,사립,11190550
유치원,사립,11190550
유치원,사립,11190550
유치원,사립,11190550
유치원,공립,11190560
유치원,사립,11190560
유치원,사립,11190560
초등학교,공립,11190560
초등학교,공립,11190560
중학교,공립,11190560
중학교,공립,11190560
유치원,공립,11190560
유치원,사립,11190560
유치원,사립,11190560
초등학교,공립,11190560
초등학교,공립,11190560
중학교,공립,11190560
중학교,공립,11190560
유치원,공립,11190560
유치원,사립,11190560
유치원,사립,11190560
초등학교,공립,11190560
초등학교,공립,11190560
중학교,공립,11190560
중학교,공립,11190560
유치원,공립,11190560
유치원,사립,11190560
유치원,사립,11190560
초등학교,공립,11190560
초등학교,공립,11190560
중학교,공립,11190560
중학교,공립,11190560
유치원,공립,11190560
유치원,사립,11190560
유치원,사립,11190560
초등학교,공립,11190560
초등학교,공립,11190560
중학교,공립,11190560
중학교,공립,11190560
유치원,공립,11190560
유치원,사립,11190560
유치원,사립,11190560
초등학교,공립,11190560
초등학교,공립,11190560
중학교,공립,11190560
중학교,공립,11190560
유치원,공립,11190560
유치원,사립,11190560
초등학교,공립,11190560
초등학교,공립,11190560
중학교,공립,11190560
중학교,공립,11190560
유치원,공립,11190560
유치원,사립,11190560
초등학교,공립,11190560
초등학교,공립,11190560
중학교,공립,11190560
중학교,공립,11190560
유치원,공립,11190560
유치원,사립,11190560
초등학교,공립,11190560
초등학교,공립,11190560
중학교,공립,11190560
중학교,공립,11190560
초등학교,공립,11190560
유치원,공립,11190560
유치원,사립,11190560
초등학교,공립,11190560
초등학교,공립,11190560
중학교,공립,11190560
중학교,공립,11190560
유치원,공립,11190560
유치원,사립,11190560
초등학교,공립,11190560
초등학교,공립,11190560
중학교,공립,11190560
중학교,공립,11190560
유치원,공립,11190560
초등학교,공립,11190560
초등학교,공립,11190560
중학교,공립,11190560
중학교,공립,11190560
유치원,공립,11190610
유치원,사립,11190610
유치원,사립,11190610
초등학교,공립,11190610
고등학교,공립,11190610
유치원,공립,11190610
유치원,사립,11190610
유치원,사립,11190610
초등학교,공립,11190610
고등학교,공립,11190610
유치원,공립,11190610
유치원,사립,11190610
유치원,사립,11190610
초등학교,공립,11190610
고등학교,공립,11190610
유치원,공립,11190610
유치원,사립,11190610
유치원,사립,11190610
초등학교,공립,11190610
고등학교,공립,11190610
유치원,공립,11190610
유치원,사립,11190610
유치원,사립,11190610
초등학교,공립,11190610
고등학교,공립,11190610
유치원,공립,11190610
유치원,사립,11190610
유치원,사립,11190610
초등학교,공립,11190610
고등학교,공립,11190610
유치원,공립,11190610
유치원,사립,11190610
유치원,사립,11190610
초등학교,공립,11190610
고등학교,공립,11190610
유치원,공립,11190610
유치원,사립,11190610
유치원,사립,11190610
초등학교,공립,11190610
고등학교,공립,11190610
유치원,공립,11190610
유치원,사립,11190610
유치원,사립,11190610
초등학교,공립,11190610
고등학교,공립,11190610
유치원,사립,11190610
유치원,공립,11190610
유치원,사립,11190610
유치원,사립,11190610
초등학교,공립,11190610
고등학교,공립,11190610
유치원,공립,11190610
유치원,사립,11190610
유치원,사립,11190610
초등학교,공립,11190610
고등학교,공립,11190610
유치원,공립,11190610
유치원,사립,11190610
초등학교,공립,11190610
고등학교,공립,11190610
유치원,사립,11190620
유치원,사립,11190620
초등학교,공립,11190620
초등학교,공립,11190620
중학교,공립,11190620
고등학교,공립,11190620
고등학교,공립,11190620
유치원,사립,11190620
유치원,사립,11190620
초등학교,공립,11190620
초등학교,공립,11190620
중학교,공립,11190620
고등학교,공립,11190620
고등학교,공립,11190620
유치원,사립,11190620
유치원,사립,11190620
초등학교,공립,11190620
초등학교,공립,11190620
중학교,공립,11190620
고등학교,공립,11190620
고등학교,공립,11190620
유치원,사립,11190620
유치원,사립,11190620
초등학교,공립,11190620
초등학교,공립,11190620
중학교,공립,11190620
고등학교,공립,11190620
고등학교,공립,11190620
유치원,사립,11190620
유치원,사립,11190620
초등학교,공립,11190620
초등학교,공립,11190620
중학교,공립,11190620
고등학교,공립,11190620
고등학교,공립,11190620
유치원,사립,11190620
초등학교,공립,11190620
초등학교,공립,11190620
중학교,공립,11190620
고등학교,공립,11190620
고등학교,공립,11190620
유치원,사립,11190620
초등학교,공립,11190620
초등학교,공립,11190620
중학교,공립,11190620
고등학교,공립,11190620
고등학교,공립,11190620
유치원,사립,11190620
초등학교,공립,11190620
초등학교,공립,11190620
중학교,공립,11190620
고등학교,공립,11190620
고등학교,공립,11190620
유치원,공립,11190620
유치원,사립,11190620
초등학교,공립,11190620
초등학교,공립,11190620
중학교,공립,11190620
고등학교,공립,11190620
고등학교,공립,11190620
유치원,공립,11190620
유치원,사립,11190620
초등학교,공립,11190620
초등학교,공립,11190620
중학교,공립,11190620
고등학교,공립,11190620
고등학교,공립,11190620
유치원,공립,11190620
유치원,사립,11190620
초등학교,공립,11190620
초등학교,공립,11190620
중학교,공립,11190620
고등학교,공립,11190620
고등학교,공립,11190620
유치원,공립,11190620
유치원,사립,11190620
초등학교,공립,11190620
초등학교,공립,11190620
중학교,공립,11190620
고등학교,공립,11190620
고등학교,공립,11190620
유치원,사립,11190630
유치원,사립,11190630
초등학교,공립,11190630
고등기술학교,사립,11190630
유치원,사립,11190630
유치원,사립,11190630
초등학교,공립,11190630
고등기술학교,사립,11190630
유치원,사립,11190630
유치원,사립,11190630
초등학교,공립,11190630
고등기술학교,사립,11190630
유치원,사립,11190630
유치원,사립,11190630
초등학교,공립,11190630
고등기술학교,사립,11190630
유치원,사립,11190630
유치원,사립,11190630
초등학교,공립,11190630
고등기술학교,사립,11190630
초등학교,공립,11190630
고등기술학교,사립,11190630
초등학교,공립,11190630
고등기술학교,사립,11190630
초등학교,공립,11190630
고등기술학교,사립,11190630
초등학교,공립,11190630
고등기술학교,사립,11190630
초등학교,공립,11190630
고등기술학교,사립,11190630
초등학교,공립,11190630
고등기술학교,사립,11190630
초등학교,공립,11190630
고등기술학교,사립,11190630
유치원,사립,11190650
유치원,사립,11190650
유치원,사립,11190650
초등학교,공립,11190650
유치원,사립,11190650
유치원,사립,11190650
유치원,사립,11190650
초등학교,공립,11190650
유치원,사립,11190650
유치원,사립,11190650
유치원,사립,11190650
초등학교,공립,11190650
유치원,사립,11190650
유치원,사립,11190650
유치원,사립,11190650
초등학교,공립,11190650
유치원,사립,11190650
유치원,사립,11190650
유치원,사립,11190650
초등학교,공립,11190650
유치원,사립,11190650
유치원,사립,11190650
유치원,사립,11190650
초등학교,공립,11190650
유치원,사립,11190650
유치원,사립,11190650
유치원,사립,11190650
초등학교,공립,11190650
유치원,사립,11190650
유치원,사립,11190650
유치원,사립,11190650
초등학교,공립,11190650
유치원,사립,11190650
유치원,사립,11190650
유치원,사립,11190650
초등학교,공립,11190650
유치원,사립,11190650
유치원,사립,11190650
유치원,사립,11190650
초등학교,공립,11190650
유치원,사립,11190650
유치원,사립,11190650
유치원,사립,11190650
초등학교,공립,11190650
유치원,사립,11190650
유치원,사립,11190650
초등학교,공립,11190650
유치원,사립,11190660
유치원,사립,11190660
초등학교,공립,11190660
유치원,사립,11190660
유치원,사립,11190660
초등학교,공립,11190660
유치원,사립,11190660
유치원,사립,11190660
초등학교,공립,11190660
유치원,사립,11190660
유치원,사립,11190660
초등학교,공립,11190660
유치원,사립,11190660
유치원,사립,11190660
초등학교,공립,11190660
유치원,공립,11190660
유치원,사립,11190660
유치원,사립,11190660
초등학교,공립,11190660
유치원,공립,11190660
유치원,사립,11190660
유치원,사립,11190660
초등학교,공립,11190660
유치원,공립,11190660
유치원,사립,11190660
유치원,사립,11190660
초등학교,공립,11190660
유치원,공립,11190660
유치원,사립,11190660
유치원,사립,11190660
초등학교,공립,11190660
유치원,공립,11190660
유치원,사립,11190660
유치원,사립,11190660
초등학교,공립,11190660
유치원,공립,11190660
유치원,사립,11190660
유치원,사립,11190660
초등학교,공립,11190660
유치원,공립,11190660
유치원,사립,11190660
초등학교,공립,11190660
유치원,사립,11190670
초등학교,공립,11190670
중학교,공립,11190670
고등학교,공립,11190670
유치원,사립,11190670
초등학교,공립,11190670
중학교,공립,11190670
고등학교,공립,11190670
유치원,사립,11190670
초등학교,공립,11190670
중학교,공립,11190670
고등학교,공립,11190670
유치원,사립,11190670
초등학교,공립,11190670
중학교,공립,11190670
고등학교,공립,11190670
유치원,사립,11190670
초등학교,공립,11190670
중학교,공립,11190670
고등학교,공립,11190670
유치원,사립,11190670
초등학교,공립,11190670
중학교,공립,11190670
고등학교,공립,11190670
유치원,사립,11190670
초등학교,공립,11190670
중학교,공립,11190670
고등학교,공립,11190670
유치원,사립,11190670
초등학교,공립,11190670
중학교,공립,11190670
고등학교,공립,11190670
유치원,사립,11190670
초등학교,공립,11190670
중학교,공립,11190670
고등학교,공립,11190670
유치원,사립,11190670
초등학교,공립,11190670
중학교,공립,11190670
고등학교,공립,11190670
유치원,사립,11190670
초등학교,공립,11190670
중학교,공립,11190670
고등학교,공립,11190670
유치원,사립,11190670
초등학교,공립,11190670
중학교,공립,11190670
고등학교,공립,11190670
초등학교,공립,11190680
고등학교,공립,11190680
유치원,사립,11190680
초등학교,공립,11190680
고등학교,공립,11190680
유치원,사립,11190680
초등학교,공립,11190680
고등학교,공립,11190680
유치원,사립,11190680
초등학교,공립,11190680
고등학교,공립,11190680
유치원,사립,11190680
초등학교,공립,11190680
고등학교,공립,11190680
유치원,사립,11190680
초등학교,공립,11190680
고등학교,공립,11190680
유치원,사립,11190680
초등학교,공립,11190680
고등학교,공립,11190680
유치원,사립,11190680
초등학교,공립,11190680
고등학교,공립,11190680
유치원,공립,11190680
유치원,사립,11190680
초등학교,공립,11190680
고등학교,공립,11190680
유치원,공립,11190680
유치원,사립,11190680
초등학교,공립,11190680
고등학교,공립,11190680
유치원,공립,11190680
유치원,사립,11190680
초등학교,공립,11190680
고등학교,공립,11190680
유치원,공립,11190680
유치원,사립,11190680
초등학교,공립,11190680
고등학교,공립,11190680
유치원,공립,11190690
유치원,사립,11190690
초등학교,공립,11190690
유치원,공립,11190690
유치원,사립,11190690
초등학교,공립,11190690
유치원,공립,11190690
유치원,사립,11190690
초등학교,공립,11190690
유치원,공립,11190690
유치원,사립,11190690
초등학교,공립,11190690
유치원,공립,11190690
유치원,사립,11190690
초등학교,공립,11190690
유치원,공립,11190690
유치원,사립,11190690
초등학교,공립,11190690
유치원,공립,11190690
유치원,사립,11190690
초등학교,공립,11190690
유치원,공립,11190690
유치원,사립,11190690
초등학교,공립,11190690
고등학교,공립,11190690
유치원,공립,11190690
유치원,사립,11190690
초등학교,공립,11190690
중학교,공립,11190690
중학교,공립,11190690
고등학교,공립,11190690
유치원,공립,11190690
유치원,사립,11190690
초등학교,공립,11190690
중학교,공립,11190690
유치원,공립,11190690
유치원,사립,11190690
초등학교,공립,11190690
중학교,공립,11190690
유치원,사립,11190690
초등학교,공립,11190690
중학교,공립,11190690
유치원,사립,11190700
유치원,사립,11190700
초등학교,공립,11190700
중학교,공립,11190700
유치원,사립,11190700
유치원,사립,11190700
초등학교,공립,11190700
중학교,공립,11190700
유치원,사립,11190700
유치원,사립,11190700
초등학교,공립,11190700
중학교,공립,11190700
유치원,사립,11190700
유치원,사립,11190700
초등학교,공립,11190700
중학교,공립,11190700
유치원,사립,11190700
유치원,사립,11190700
초등학교,공립,11190700
중학교,공립,11190700
유치원,사립,11190700
초등학교,공립,11190700
중학교,공립,11190700
유치원,사립,11190700
초등학교,공립,11190700
중학교,공립,11190700
유치원,사립,11190700
초등학교,공립,11190700
중학교,공립,11190700
유치원,사립,11190700
초등학교,공립,11190700
중학교,공립,11190700
유치원,사립,11190700
초등학교,공립,11190700
중학교,공립,11190700
유치원,사립,11190700
초등학교,공립,11190700
중학교,공립,11190700
유치원,사립,11190700
초등학교,공립,11190700
중학교,공립,11190700
유치원,공립,11190710
유치원,공립,11190710
초등학교,공립,11190710
초등학교,공립,11190710
유치원,공립,11190710
유치원,공립,11190710
초등학교,공립,11190710
초등학교,공립,11190710
유치원,공립,11190710
유치원,공립,11190710
초등학교,공립,11190710
초등학교,공립,11190710
유치원,공립,11190710
유치원,공립,11190710
초등학교,공립,11190710
초등학교,공립,11190710
유치원,공립,11190710
유치원,공립,11190710
초등학교,공립,11190710
초등학교,공립,11190710
유치원,공립,11190710
유치원,공립,11190710
초등학교,공립,11190710
초등학교,공립,11190710
유치원,공립,11190710
유치원,공립,11190710
초등학교,공립,11190710
초등학교,공립,11190710
유치원,공립,11190710
유치원,공립,11190710
초등학교,공립,11190710
초등학교,공립,11190710
유치원,공립,11190710
유치원,공립,11190710
초등학교,공립,11190710
초등학교,공립,11190710
유치원,공립,11190710
유치원,공립,11190710
초등학교,공립,11190710
초등학교,공립,11190710
유치원,공립,11190710
유치원,공립,11190710
초등학교,공립,11190710
초등학교,공립,11190710
유치원,공립,11190710
유치원,공립,11190710
초등학교,공립,11190710
초등학교,공립,11190710
유치원,공립,11190720
유치원,사립,11190720
유치원,사립,11190720
유치원,사립,11190720
초등학교,공립,11190720
초등학교,공립,11190720
중학교,공립,11190720
유치원,공립,11190720
유치원,사립,11190720
유치원,사립,11190720
유치원,사립,11190720
초등학교,공립,11190720
초등학교,공립,11190720
중학교,공립,11190720
유치원,공립,11190720
유치원,사립,11190720
유치원,사립,11190720
유치원,사립,11190720
초등학교,공립,11190720
초등학교,공립,11190720
중학교,공립,11190720
유치원,공립,11190720
유치원,사립,11190720
유치원,사립,11190720
유치원,사립,11190720
초등학교,공립,11190720
초등학교,공립,11190720
중학교,공립,11190720
유치원,공립,11190720
유치원,사립,11190720
유치원,사립,11190720
유치원,사립,11190720
초등학교,공립,11190720
초등학교,공립,11190720
중학교,공립,11190720
유치원,공립,11190720
유치원,사립,11190720
유치원,사립,11190720
유치원,사립,11190720
초등학교,공립,11190720
초등학교,공립,11190720
중학교,공립,11190720
유치원,공립,11190720
유치원,사립,11190720
유치원,사립,11190720
유치원,사립,11190720
초등학교,공립,11190720
초등학교,공립,11190720
중학교,공립,11190720
유치원,공립,11190720
유치원,사립,11190720
유치원,사립,11190720
유치원,사립,11190720
초등학교,공립,11190720
초등학교,공립,11190720
중학교,공립,11190720
중학교,공립,11190720
유치원,공립,11190720
유치원,사립,11190720
유치원,사립,11190720
유치원,사립,11190720
초등학교,공립,11190720
초등학교,공립,11190720
중학교,공립,11190720
유치원,공립,11190720
유치원,사립,11190720
유치원,사립,11190720
유치원,사립,11190720
초등학교,공립,11190720
초등학교,공립,11190720
중학교,공립,11190720
유치원,공립,11190720
유치원,사립,11190720
유치원,사립,11190720
유치원,사립,11190720
초등학교,공립,11190720
초등학교,공립,11190720
중학교,공립,11190720
유치원,공립,11190720
유치원,사립,11190720
유치원,사립,11190720
유치원,사립,11190720
초등학교,공립,11190720
초등학교,공립,11190720
중학교,공립,11190720
유치원,사립,11190730
유치원,사립,11190730
초등학교,공립,11190730
중학교,공립,11190730
고등학교,공립,11190730
고등학교,사립,11190730
유치원,사립,11190730
유치원,사립,11190730
초등학교,공립,11190730
중학교,공립,11190730
고등학교,공립,11190730
고등학교,사립,11190730
유치원,사립,11190730
유치원,사립,11190730
초등학교,공립,11190730
중학교,공립,11190730
고등학교,공립,11190730
고등학교,사립,11190730
유치원,사립,11190730
유치원,사립,11190730
초등학교,공립,11190730
중학교,공립,11190730
고등학교,공립,11190730
고등학교,사립,11190730
유치원,사립,11190730
유치원,사립,11190730
초등학교,공립,11190730
중학교,공립,11190730
고등학교,공립,11190730
고등학교,사립,11190730
유치원,사립,11190730
유치원,사립,11190730
초등학교,공립,11190730
중학교,공립,11190730
고등학교,공립,11190730
고등학교,사립,11190730
유치원,사립,11190730
유치원,사립,11190730
초등학교,공립,11190730
중학교,공립,11190730
고등학교,공립,11190730
고등학교,사립,11190730
유치원,사립,11190730
유치원,사립,11190730
초등학교,공립,11190730
중학교,공립,11190730
고등학교,공립,11190730
고등학교,사립,11190730
유치원,사립,11190730
유치원,사립,11190730
초등학교,공립,11190730
중학교,공립,11190730
고등학교,공립,11190730
고등학교,사립,11190730
유치원,사립,11190730
유치원,사립,11190730
초등학교,공립,11190730
중학교,공립,11190730
고등학교,공립,11190730
고등학교,사립,11190730
유치원,사립,11190730
유치원,사립,11190730
초등학교,공립,11190730
중학교,공립,11190730
고등학교,공립,11190730
고등학교,사립,11190730
유치원,사립,11190730
유치원,사립,11190730
초등학교,공립,11190730
중학교,공립,11190730
고등학교,공립,11190730
고등학교,사립,11190730
유치원,공립,11190740
유치원,사립,11190740
유치원,사립,11190740
초등학교,공립,11190740
유치원,공립,11190740
유치원,사립,11190740
유치원,사립,11190740
초등학교,공립,11190740
유치원,공립,11190740
유치원,사립,11190740
유치원,사립,11190740
초등학교,공립,11190740
유치원,공립,11190740
유치원,사립,11190740
유치원,사립,11190740
초등학교,공립,11190740
유치원,공립,11190740
유치원,사립,11190740
유치원,사립,11190740
초등학교,공립,11190740
유치원,공립,11190740
유치원,사립,11190740
유치원,사립,11190740
초등학교,공립,11190740
유치원,공립,11190740
유치원,사립,11190740
유치원,사립,11190740
초등학교,공립,11190740
유치원,공립,11190740
유치원,사립,11190740
유치원,사립,11190740
초등학교,공립,11190740
유치원,공립,11190740
유치원,사립,11190740
유치원,사립,11190740
초등학교,공립,11190740
유치원,공립,11190740
유치원,사립,11190740
유치원,사립,11190740
초등학교,공립,11190740
유치원,공립,11190740
유치원,사립,11190740
유치원,사립,11190740
초등학교,공립,11190740
유치원,공립,11190740
유치원,사립,11190740
유치원,사립,11190740
초등학교,공립,11190740
유치원,사립,11190750
유치원,사립,11190750
유치원,사립,11190750
유치원,사립,11190750
유치원,사립,11190750
유치원,사립,11190750
유치원,사립,11190750
유치원,사립,11190750
유치원,사립,11190750
유치원,사립,11190750
유치원,사립,11190750
유치원,사립,11190750
유치원,사립,11190750
유치원,사립,11190750
유치원,사립,11190750
유치원,사립,11190750
유치원,사립,11190750
유치원,사립,11190750
유치원,공립,11190760
초등학교,공립,11190760
초등학교,공립,11190760
초등학교,공립,11190760
중학교,공립,11190760
중학교,공립,11190760
유치원,공립,11190760
초등학교,공립,11190760
초등학교,공립,11190760
초등학교,공립,11190760
중학교,공립,11190760
중학교,공립,11190760
유치원,공립,11190760
초등학교,공립,11190760
초등학교,공립,11190760
초등학교,공립,11190760
중학교,공립,11190760
중학교,공립,11190760
유치원,공립,11190760
초등학교,공립,11190760
초등학교,공립,11190760
초등학교,공립,11190760
중학교,공립,11190760
중학교,공립,11190760
유치원,공립,11190760
초등학교,공립,11190760
초등학교,공립,11190760
초등학교,공립,11190760
중학교,공립,11190760
중학교,공립,11190760
유치원,공립,11190760
초등학교,공립,11190760
초등학교,공립,11190760
초등학교,공립,11190760
중학교,공립,11190760
중학교,공립,11190760
유치원,공립,11190760
초등학교,공립,11190760
초등학교,공립,11190760
초등학교,공립,11190760
중학교,공립,11190760
중학교,공립,11190760
유치원,공립,11190760
초등학교,공립,11190760
초등학교,공립,11190760
초등학교,공립,11190760
중학교,공립,11190760
중학교,공립,11190760
초등학교,공립,11190760
유치원,공립,11190760
초등학교,공립,11190760
초등학교,공립,11190760
초등학교,공립,11190760
중학교,공립,11190760
중학교,공립,11190760
초등학교,공립,11190760
유치원,공립,11190760
초등학교,공립,11190760
초등학교,공립,11190760
초등학교,공립,11190760
중학교,공립,11190760
중학교,공립,11190760
유치원,공립,11190760
초등학교,공립,11190760
초등학교,공립,11190760
초등학교,공립,11190760
중학교,공립,11190760
중학교,공립,11190760
유치원,공립,11190760
초등학교,공립,11190760
초등학교,공립,11190760
초등학교,공립,11190760
중학교,공립,11190760
중학교,공립,11190760
유치원,사립,11200520
유치원,사립,11200520
유치원,사립,11200520
유치원,사립,11200520
유치원,사립,11200520
유치원,사립,11200520
유치원,사립,11200520
유치원,사립,11200520
유치원,사립,11200520
유치원,사립,11200520
유치원,사립,11200520
유치원,사립,11200520
유치원,공립,11200530
유치원,사립,11200530
유치원,사립,11200530
유치원,사립,11200530
유치원,사립,11200530
초등학교,공립,11200530
초등학교,공립,11200530
중학교,공립,11200530
유치원,공립,11200530
유치원,사립,11200530
유치원,사립,11200530
유치원,사립,11200530
유치원,사립,11200530
초등학교,공립,11200530
초등학교,공립,11200530
중학교,공립,11200530
유치원,공립,11200530
유치원,사립,11200530
유치원,사립,11200530
유치원,사립,11200530
유치원,사립,11200530
유치원,사립,11200530
초등학교,공립,11200530
초등학교,공립,11200530
중학교,공립,11200530
유치원,공립,11200530
유치원,사립,11200530
유치원,사립,11200530
유치원,사립,11200530
유치원,사립,11200530
유치원,사립,11200530
초등학교,공립,11200530
초등학교,공립,11200530
중학교,공립,11200530
유치원,공립,11200530
유치원,사립,11200530
유치원,사립,11200530
유치원,사립,11200530
유치원,사립,11200530
유치원,사립,11200530
초등학교,공립,11200530
초등학교,공립,11200530
중학교,공립,11200530
유치원,공립,11200530
유치원,사립,11200530
유치원,사립,11200530
유치원,사립,11200530
유치원,사립,11200530
유치원,사립,11200530
초등학교,공립,11200530
초등학교,공립,11200530
중학교,공립,11200530
유치원,공립,11200530
유치원,사립,11200530
유치원,사립,11200530
유치원,사립,11200530
유치원,사립,11200530
초등학교,공립,11200530
초등학교,공립,11200530
중학교,공립,11200530
유치원,공립,11200530
유치원,사립,11200530
유치원,사립,11200530
유치원,사립,11200530
유치원,사립,11200530
초등학교,공립,11200530
초등학교,공립,11200530
중학교,공립,11200530
유치원,공립,11200530
유치원,사립,11200530
유치원,사립,11200530
유치원,사립,11200530
유치원,사립,11200530
초등학교,공립,11200530
초등학교,공립,11200530
중학교,공립,11200530
유치원,공립,11200530
유치원,사립,11200530
유치원,사립,11200530
유치원,사립,11200530
초등학교,공립,11200530
초등학교,공립,11200530
중학교,공립,11200530
유치원,공립,11200530
유치원,사립,11200530
유치원,사립,11200530
유치원,사립,11200530
초등학교,공립,11200530
초등학교,공립,11200530
중학교,공립,11200530
유치원,공립,11200530
유치원,사립,11200530
유치원,사립,11200530
초등학교,공립,11200530
초등학교,공립,11200530
중학교,공립,11200530
유치원,사립,11200540
초등학교,공립,11200540
중학교,공립,11200540
유치원,사립,11200540
초등학교,공립,11200540
중학교,공립,11200540
유치원,사립,11200540
초등학교,공립,11200540
중학교,공립,11200540
유치원,사립,11200540
초등학교,공립,11200540
중학교,공립,11200540
유치원,사립,11200540
초등학교,공립,11200540
중학교,공립,11200540
유치원,사립,11200540
초등학교,공립,11200540
중학교,공립,11200540
초등학교,공립,11200540
중학교,공립,11200540
초등학교,공립,11200540
중학교,공립,11200540
초등학교,공립,11200540
중학교,공립,11200540
초등학교,공립,11200540
중학교,공립,11200540
초등학교,공립,11200540
중학교,공립,11200540
유치원,사립,11200540
초등학교,공립,11200540
중학교,공립,11200540
유치원,사립,11200550
중학교,공립,11200550
유치원,사립,11200550
중학교,공립,11200550
유치원,사립,11200550
중학교,공립,11200550
유치원,사립,11200550
중학교,공립,11200550
유치원,사립,11200550
중학교,공립,11200550
유치원,사립,11200550
중학교,공립,11200550
유치원,사립,11200550
중학교,공립,11200550
유치원,사립,11200550
중학교,공립,11200550
유치원,사립,11200550
중학교,공립,11200550
유치원,사립,11200550
중학교,공립,11200550
유치원,사립,11200550
중학교,공립,11200550
유치원,사립,11200550
중학교,공립,11200550
유치원,사립,11200560
유치원,사립,11200560
유치원,사립,11200560
중학교,공립,11200560
특수학교,사립,11200560
유치원,사립,11200560
유치원,사립,11200560
유치원,사립,11200560
중학교,공립,11200560
특수학교,사립,11200560
유치원,사립,11200560
유치원,사립,11200560
유치원,사립,11200560
중학교,공립,11200560
특수학교,사립,11200560
유치원,사립,11200560
유치원,사립,11200560
유치원,사립,11200560
중학교,공립,11200560
특수학교,사립,11200560
유치원,사립,11200560
유치원,사립,11200560
유치원,사립,11200560
초등학교,공립,11200560
중학교,공립,11200560
특수학교,사립,11200560
유치원,사립,11200560
유치원,사립,11200560
유치원,사립,11200560
초등학교,공립,11200560
중학교,공립,11200560
특수학교,사립,11200560
유치원,사립,11200560
유치원,사립,11200560
유치원,사립,11200560
초등학교,공립,11200560
중학교,공립,11200560
특수학교,사립,11200560
유치원,사립,11200560
유치원,사립,11200560
유치원,사립,11200560
초등학교,공립,11200560
중학교,공립,11200560
특수학교,사립,11200560
유치원,사립,11200560
유치원,사립,11200560
유치원,사립,11200560
초등학교,공립,11200560
중학교,공립,11200560
특수학교,사립,11200560
유치원,사립,11200560
유치원,사립,11200560
유치원,사립,11200560
초등학교,공립,11200560
중학교,공립,11200560
특수학교,사립,11200560
유치원,사립,11200560
유치원,사립,11200560
초등학교,공립,11200560
중학교,공립,11200560
특수학교,사립,11200560
유치원,공립,11200560
유치원,사립,11200560
초등학교,공립,11200560
중학교,공립,11200560
특수학교,사립,11200560
유치원,사립,11200630
초등학교,공립,11200630
유치원,사립,11200630
초등학교,공립,11200630
유치원,사립,11200630
초등학교,공립,11200630
유치원,사립,11200630
초등학교,공립,11200630
유치원,사립,11200630
초등학교,공립,11200630
유치원,사립,11200630
초등학교,공립,11200630
유치원,사립,11200630
초등학교,공립,11200630
유치원,사립,11200630
초등학교,공립,11200630
유치원,사립,11200630
초등학교,공립,11200630
유치원,사립,11200630
초등학교,공립,11200630
유치원,사립,11200630
초등학교,공립,11200630
유치원,사립,11200630
초등학교,공립,11200630
유치원,공립,11200650
유치원,사립,11200650
초등학교,공립,11200650
초등학교,공립,11200650
중학교,공립,11200650
유치원,공립,11200650
유치원,사립,11200650
초등학교,공립,11200650
초등학교,공립,11200650
중학교,공립,11200650
유치원,공립,11200650
유치원,사립,11200650
초등학교,공립,11200650
초등학교,공립,11200650
중학교,공립,11200650
유치원,공립,11200650
유치원,사립,11200650
초등학교,공립,11200650
초등학교,공립,11200650
중학교,공립,11200650
유치원,공립,11200650
유치원,사립,11200650
초등학교,공립,11200650
초등학교,공립,11200650
중학교,공립,11200650
유치원,공립,11200650
유치원,사립,11200650
초등학교,공립,11200650
초등학교,공립,11200650
중학교,공립,11200650
유치원,공립,11200650
유치원,사립,11200650
초등학교,공립,11200650
초등학교,공립,11200650
중학교,공립,11200650
유치원,공립,11200650
유치원,사립,11200650
초등학교,공립,11200650
초등학교,공립,11200650
중학교,공립,11200650
유치원,공립,11200650
유치원,사립,11200650
초등학교,공립,11200650
초등학교,공립,11200650
중학교,공립,11200650
유치원,공립,11200650
유치원,사립,11200650
초등학교,공립,11200650
초등학교,공립,11200650
중학교,공립,11200650
유치원,공립,11200650
유치원,사립,11200650
초등학교,공립,11200650
초등학교,공립,11200650
중학교,공립,11200650
유치원,공립,11200650
유치원,사립,11200650
초등학교,공립,11200650
초등학교,공립,11200650
중학교,공립,11200650
중학교,공립,11200660
중학교,공립,11200660
중학교,공립,11200660
중학교,공립,11200660
중학교,공립,11200660
중학교,공립,11200660
중학교,공립,11200660
중학교,공립,11200660
중학교,공립,11200660
중학교,공립,11200660
중학교,공립,11200660
중학교,공립,11200660
유치원,공립,11200670
유치원,사립,11200670
초등학교,공립,11200670
초등학교,공립,11200670
중학교,공립,11200670
고등학교,공립,11200670
유치원,공립,11200670
유치원,사립,11200670
초등학교,공립,11200670
초등학교,공립,11200670
중학교,공립,11200670
고등학교,공립,11200670
유치원,공립,11200670
유치원,사립,11200670
초등학교,공립,11200670
초등학교,공립,11200670
중학교,공립,11200670
고등학교,공립,11200670
유치원,공립,11200670
유치원,사립,11200670
초등학교,공립,11200670
초등학교,공립,11200670
중학교,공립,11200670
고등학교,공립,11200670
유치원,공립,11200670
유치원,공립,11200670
유치원,사립,11200670
초등학교,공립,11200670
초등학교,공립,11200670
중학교,공립,11200670
고등학교,공립,11200670
유치원,공립,11200670
유치원,공립,11200670
유치원,사립,11200670
초등학교,공립,11200670
초등학교,공립,11200670
중학교,공립,11200670
고등학교,공립,11200670
유치원,공립,11200670
유치원,공립,11200670
유치원,사립,11200670
초등학교,공립,11200670
초등학교,공립,11200670
중학교,공립,11200670
고등학교,공립,11200670
유치원,공립,11200670
유치원,공립,11200670
유치원,사립,11200670
초등학교,공립,11200670
초등학교,공립,11200670
중학교,공립,11200670
고등학교,공립,11200670
유치원,공립,11200670
유치원,공립,11200670
유치원,사립,11200670
초등학교,공립,11200670
초등학교,공립,11200670
중학교,공립,11200670
고등학교,공립,11200670
유치원,공립,11200670
유치원,공립,11200670
유치원,사립,11200670
초등학교,공립,11200670
초등학교,공립,11200670
중학교,공립,11200670
고등학교,공립,11200670
유치원,공립,11200670
유치원,공립,11200670
유치원,사립,11200670
초등학교,공립,11200670
초등학교,공립,11200670
중학교,공립,11200670
고등학교,공립,11200670
유치원,공립,11200670
유치원,공립,11200670
초등학교,공립,11200670
초등학교,공립,11200670
중학교,공립,11200670
고등학교,공립,11200670
유치원,사립,11200680
유치원,사립,11200680
초등학교,공립,11200680
초등학교,공립,11200680
초등학교,공립,11200680
중학교,공립,11200680
중학교,공립,11200680
중학교,사립,11200680
중학교,사립,11200680
고등학교,공립,11200680
고등학교,공립,11200680
고등학교,사립,11200680
고등학교,사립,11200680
특수학교,사립,11200680
방송통신고,공립,11200680
유치원,사립,11200680
유치원,사립,11200680
초등학교,공립,11200680
초등학교,공립,11200680
초등학교,공립,11200680
중학교,공립,11200680
중학교,공립,11200680
중학교,사립,11200680
중학교,사립,11200680
고등학교,공립,11200680
고등학교,공립,11200680
고등학교,사립,11200680
고등학교,사립,11200680
특수학교,사립,11200680
방송통신고,공립,11200680
유치원,사립,11200680
유치원,사립,11200680
초등학교,공립,11200680
초등학교,공립,11200680
초등학교,공립,11200680
중학교,공립,11200680
중학교,공립,11200680
중학교,사립,11200680
중학교,사립,11200680
고등학교,공립,11200680
고등학교,공립,11200680
고등학교,사립,11200680
고등학교,사립,11200680
특수학교,사립,11200680
방송통신고,공립,11200680
유치원,사립,11200680
유치원,사립,11200680
초등학교,공립,11200680
초등학교,공립,11200680
초등학교,공립,11200680
중학교,공립,11200680
중학교,공립,11200680
중학교,사립,11200680
중학교,사립,11200680
고등학교,공립,11200680
고등학교,공립,11200680
고등학교,사립,11200680
고등학교,사립,11200680
특수학교,사립,11200680
방송통신고,공립,11200680
유치원,사립,11200680
유치원,사립,11200680
초등학교,공립,11200680
초등학교,공립,11200680
초등학교,공립,11200680
중학교,공립,11200680
중학교,공립,11200680
중학교,사립,11200680
중학교,사립,11200680
고등학교,공립,11200680
고등학교,공립,11200680
고등학교,사립,11200680
고등학교,사립,11200680
특수학교,사립,11200680
방송통신고,공립,11200680
유치원,사립,11200680
유치원,사립,11200680
초등학교,공립,11200680
초등학교,공립,11200680
초등학교,공립,11200680
중학교,공립,11200680
중학교,공립,11200680
중학교,사립,11200680
중학교,사립,11200680
고등학교,공립,11200680
고등학교,공립,11200680
고등학교,사립,11200680
고등학교,사립,11200680
특수학교,사립,11200680
방송통신고,공립,11200680
유치원,사립,11200680
유치원,사립,11200680
초등학교,공립,11200680
초등학교,공립,11200680
초등학교,공립,11200680
중학교,공립,11200680
중학교,공립,11200680
중학교,사립,11200680
중학교,사립,11200680
고등학교,공립,11200680
고등학교,공립,11200680
고등학교,사립,11200680
고등학교,사립,11200680
특수학교,사립,11200680
방송통신고,공립,11200680
유치원,사립,11200680
유치원,사립,11200680
초등학교,공립,11200680
초등학교,공립,11200680
초등학교,공립,11200680
중학교,공립,11200680
중학교,공립,11200680
중학교,사립,11200680
중학교,사립,11200680
고등학교,공립,11200680
고등학교,공립,11200680
고등학교,사립,11200680
고등학교,사립,11200680
특수학교,사립,11200680
방송통신고,공립,11200680
유치원,사립,11200680
유치원,사립,11200680
초등학교,공립,11200680
초등학교,공립,11200680
초등학교,공립,11200680
중학교,공립,11200680
중학교,공립,11200680
중학교,사립,11200680
중학교,사립,11200680
고등학교,공립,11200680
고등학교,사립,11200680
고등학교,사립,11200680
특수학교,사립,11200680
방송통신고,공립,11200680
유치원,사립,11200680
유치원,사립,11200680
초등학교,공립,11200680
초등학교,공립,11200680
초등학교,공립,11200680
중학교,공립,11200680
중학교,사립,11200680
중학교,사립,11200680
고등학교,공립,11200680
고등학교,사립,11200680
고등학교,사립,11200680
특수학교,사립,11200680
방송통신고,공립,11200680
유치원,사립,11200680
유치원,사립,11200680
초등학교,공립,11200680
초등학교,공립,11200680
초등학교,공립,11200680
중학교,공립,11200680
중학교,공립,11200680
중학교,사립,11200680
중학교,사립,11200680
고등학교,공립,11200680
고등학교,공립,11200680
고등학교,사립,11200680
고등학교,사립,11200680
특수학교,사립,11200680
방송통신고,공립,11200680
유치원,사립,11200680
초등학교,공립,11200680
초등학교,공립,11200680
초등학교,공립,11200680
중학교,공립,11200680
중학교,공립,11200680
중학교,사립,11200680
중학교,사립,11200680
고등학교,공립,11200680
고등학교,공립,11200680
고등학교,사립,11200680
고등학교,사립,11200680
특수학교,사립,11200680
방송통신고,공립,11200680
유치원,공립,11200690
유치원,사립,11200690
유치원,사립,11200690
유치원,사립,11200690
초등학교,공립,11200690
중학교,공립,11200690
유치원,공립,11200690
유치원,사립,11200690
유치원,사립,11200690
유치원,사립,11200690
초등학교,공립,11200690
중학교,공립,11200690
유치원,공립,11200690
유치원,사립,11200690
유치원,사립,11200690
유치원,사립,11200690
초등학교,공립,11200690
중학교,공립,11200690
유치원,공립,11200690
유치원,사립,11200690
유치원,사립,11200690
유치원,사립,11200690
초등학교,공립,11200690
중학교,공립,11200690
유치원,공립,11200690
유치원,사립,11200690
유치원,사립,11200690
유치원,사립,11200690
초등학교,공립,11200690
중학교,공립,11200690
유치원,공립,11200690
유치원,사립,11200690
유치원,사립,11200690
유치원,사립,11200690
초등학교,공립,11200690
중학교,공립,11200690
유치원,공립,11200690
유치원,사립,11200690
유치원,사립,11200690
유치원,사립,11200690
초등학교,공립,11200690
중학교,공립,11200690
유치원,공립,11200690
유치원,사립,11200690
유치원,사립,11200690
초등학교,공립,11200690
중학교,공립,11200690
유치원,공립,11200690
유치원,사립,11200690
유치원,사립,11200690
초등학교,공립,11200690
중학교,공립,11200690
유치원,공립,11200690
유치원,사립,11200690
유치원,사립,11200690
초등학교,공립,11200690
중학교,공립,11200690
유치원,공립,11200690
유치원,사립,11200690
초등학교,공립,11200690
중학교,공립,11200690
유치원,공립,11200690
유치원,사립,11200690
초등학교,공립,11200690
중학교,공립,11200690
유치원,사립,11200700
초등학교,공립,11200700
중학교,공립,11200700
고등학교,공립,11200700
방송통신고,공립,11200700
초등학교,공립,11200700
중학교,공립,11200700
고등학교,공립,11200700
방송통신고,공립,11200700
초등학교,공립,11200700
중학교,공립,11200700
고등학교,공립,11200700
방송통신고,공립,11200700
초등학교,공립,11200700
중학교,공립,11200700
고등학교,공립,11200700
방송통신고,공립,11200700
초등학교,공립,11200700
중학교,공립,11200700
고등학교,공립,11200700
방송통신고,공립,11200700
초등학교,공립,11200700
중학교,공립,11200700
고등학교,공립,11200700
방송통신고,공립,11200700
초등학교,공립,11200700
중학교,공립,11200700
고등학교,공립,11200700
방송통신고,공립,11200700
초등학교,공립,11200700
중학교,공립,11200700
고등학교,공립,11200700
방송통신고,공립,11200700
초등학교,공립,11200700
중학교,공립,11200700
고등학교,공립,11200700
방송통신고,공립,11200700
초등학교,공립,11200700
중학교,공립,11200700
고등학교,공립,11200700
방송통신고,공립,11200700
초등학교,공립,11200700
중학교,공립,11200700
고등학교,공립,11200700
방송통신고,공립,11200700
초등학교,공립,11200700
중학교,공립,11200700
고등학교,공립,11200700
방송통신고,공립,11200700
유치원,공립,11200710
유치원,사립,11200710
유치원,사립,11200710
유치원,사립,11200710
유치원,사립,11200710
유치원,사립,11200710
초등학교,공립,11200710
초등학교,공립,11200710
초등학교,사립,11200710
중학교,사립,11200710
중학교,사립,11200710
유치원,공립,11200710
유치원,사립,11200710
유치원,사립,11200710
유치원,사립,11200710
유치원,사립,11200710
유치원,사립,11200710
초등학교,공립,11200710
초등학교,공립,11200710
초등학교,사립,11200710
중학교,사립,11200710
중학교,사립,11200710
유치원,공립,11200710
유치원,사립,11200710
유치원,사립,11200710
유치원,사립,11200710
유치원,사립,11200710
초등학교,공립,11200710
초등학교,공립,11200710
초등학교,사립,11200710
중학교,사립,11200710
중학교,사립,11200710
유치원,공립,11200710
유치원,사립,11200710
유치원,사립,11200710
유치원,사립,11200710
유치원,사립,11200710
초등학교,공립,11200710
초등학교,공립,11200710
초등학교,사립,11200710
중학교,사립,11200710
중학교,사립,11200710
유치원,공립,11200710
유치원,사립,11200710
유치원,사립,11200710
유치원,사립,11200710
유치원,사립,11200710
초등학교,공립,11200710
초등학교,공립,11200710
초등학교,사립,11200710
중학교,사립,11200710
중학교,사립,11200710
유치원,공립,11200710
유치원,사립,11200710
유치원,사립,11200710
유치원,사립,11200710
유치원,사립,11200710
초등학교,공립,11200710
초등학교,공립,11200710
초등학교,사립,11200710
중학교,사립,11200710
중학교,사립,11200710
유치원,공립,11200710
유치원,사립,11200710
유치원,사립,11200710
유치원,사립,11200710
유치원,사립,11200710
초등학교,공립,11200710
초등학교,공립,11200710
초등학교,사립,11200710
중학교,사립,11200710
중학교,사립,11200710
유치원,공립,11200710
유치원,사립,11200710
유치원,사립,11200710
유치원,사립,11200710
유치원,사립,11200710
초등학교,공립,11200710
초등학교,공립,11200710
초등학교,사립,11200710
중학교,사립,11200710
중학교,사립,11200710
유치원,공립,11200710
유치원,사립,11200710
유치원,사립,11200710
유치원,사립,11200710
유치원,사립,11200710
초등학교,공립,11200710
초등학교,공립,11200710
초등학교,사립,11200710
중학교,사립,11200710
중학교,사립,11200710
유치원,공립,11200710
유치원,사립,11200710
유치원,사립,11200710
유치원,사립,11200710
초등학교,공립,11200710
초등학교,공립,11200710
초등학교,사립,11200710
중학교,사립,11200710
유치원,공립,11200710
유치원,사립,11200710
유치원,사립,11200710
유치원,사립,11200710
초등학교,공립,11200710
초등학교,공립,11200710
초등학교,사립,11200710
중학교,사립,11200710
유치원,공립,11200710
유치원,사립,11200710
유치원,사립,11200710
유치원,사립,11200710
초등학교,공립,11200710
초등학교,공립,11200710
초등학교,사립,11200710
중학교,사립,11200710
고등학교,공립,11200710
유치원,공립,11200720
유치원,사립,11200720
유치원,사립,11200720
유치원,사립,11200720
초등학교,공립,11200720
초등학교,공립,11200720
초등학교,공립,11200720
초등학교,공립,11200720
유치원,공립,11200720
유치원,사립,11200720
유치원,사립,11200720
유치원,사립,11200720
초등학교,공립,11200720
초등학교,공립,11200720
초등학교,공립,11200720
초등학교,공립,11200720
유치원,공립,11200720
유치원,사립,11200720
유치원,사립,11200720
유치원,사립,11200720
초등학교,공립,11200720
초등학교,공립,11200720
초등학교,공립,11200720
초등학교,공립,11200720
유치원,공립,11200720
유치원,사립,11200720
유치원,사립,11200720
유치원,사립,11200720
초등학교,공립,11200720
초등학교,공립,11200720
초등학교,공립,11200720
초등학교,공립,11200720
유치원,공립,11200720
유치원,공립,11200720
유치원,공립,11200720
유치원,사립,11200720
유치원,사립,11200720
유치원,사립,11200720
초등학교,공립,11200720
초등학교,공립,11200720
초등학교,공립,11200720
유치원,공립,11200720
유치원,공립,11200720
유치원,공립,11200720
유치원,사립,11200720
유치원,사립,11200720
초등학교,공립,11200720
초등학교,공립,11200720
초등학교,공립,11200720
유치원,공립,11200720
유치원,공립,11200720
유치원,공립,11200720
유치원,사립,11200720
유치원,사립,11200720
초등학교,공립,11200720
초등학교,공립,11200720
초등학교,공립,11200720
유치원,공립,11200720
유치원,공립,11200720
유치원,공립,11200720
유치원,사립,11200720
유치원,사립,11200720
초등학교,공립,11200720
초등학교,공립,11200720
초등학교,공립,11200720
유치원,공립,11200720
유치원,공립,11200720
유치원,공립,11200720
유치원,사립,11200720
유치원,사립,11200720
초등학교,공립,11200720
초등학교,공립,11200720
초등학교,공립,11200720
유치원,공립,11200720
유치원,공립,11200720
유치원,공립,11200720
유치원,사립,11200720
유치원,사립,11200720
유치원,사립,11200720
초등학교,공립,11200720
초등학교,공립,11200720
초등학교,공립,11200720
중학교,사립,11200720
유치원,공립,11200720
유치원,공립,11200720
유치원,공립,11200720
유치원,사립,11200720
유치원,사립,11200720
유치원,사립,11200720
초등학교,공립,11200720
초등학교,공립,11200720
초등학교,공립,11200720
중학교,사립,11200720
유치원,공립,11200720
유치원,사립,11200720
유치원,사립,11200720
초등학교,공립,11200720
초등학교,공립,11200720
초등학교,공립,11200720
중학교,사립,11200720
유치원,사립,11200730
초등학교,공립,11200730
중학교,공립,11200730
고등학교,사립,11200730
유치원,사립,11200730
유치원,사립,11200730
초등학교,공립,11200730
중학교,공립,11200730
고등학교,사립,11200730
유치원,사립,11200730
유치원,사립,11200730
초등학교,공립,11200730
중학교,공립,11200730
고등학교,사립,11200730
유치원,사립,11200730
유치원,사립,11200730
초등학교,공립,11200730
중학교,공립,11200730
고등학교,사립,11200730
유치원,사립,11200730
유치원,사립,11200730
초등학교,공립,11200730
중학교,공립,11200730
고등학교,사립,11200730
평생학교,사립,11200730
평생학교,사립,11200730
초등학교,공립,11200730
중학교,공립,11200730
고등학교,사립,11200730
평생학교,사립,11200730
평생학교,사립,11200730
초등학교,공립,11200730
중학교,공립,11200730
고등학교,사립,11200730
평생학교,사립,11200730
초등학교,공립,11200730
중학교,공립,11200730
고등학교,사립,11200730
평생학교,사립,11200730
초등학교,공립,11200730
중학교,공립,11200730
고등학교,사립,11200730
평생학교,사립,11200730
초등학교,공립,11200730
중학교,공립,11200730
고등학교,사립,11200730
초등학교,공립,11200730
중학교,공립,11200730
고등학교,사립,11200730
초등학교,공립,11200730
중학교,공립,11200730
고등학교,사립,11200730
유치원,사립,11210520
초등학교,공립,11210520
중학교,공립,11210520
고등학교,공립,11210520
특수학교,사립,11210520
유치원,사립,11210520
초등학교,공립,11210520
중학교,공립,11210520
고등학교,공립,11210520
특수학교,사립,11210520
유치원,사립,11210520
초등학교,공립,11210520
중학교,공립,11210520
고등학교,공립,11210520
특수학교,사립,11210520
초등학교,공립,11210520
중학교,공립,11210520
고등학교,공립,11210520
특수학교,사립,11210520
초등학교,공립,11210520
중학교,공립,11210520
고등학교,공립,11210520
특수학교,사립,11210520
초등학교,공립,11210520
중학교,공립,11210520
고등학교,공립,11210520
특수학교,사립,11210520
유치원,공립,11210520
초등학교,공립,11210520
중학교,공립,11210520
고등학교,공립,11210520
특수학교,사립,11210520
유치원,공립,11210520
초등학교,공립,11210520
중학교,공립,11210520
고등학교,공립,11210520
특수학교,사립,11210520
유치원,공립,11210520
초등학교,공립,11210520
중학교,공립,11210520
고등학교,공립,11210520
특수학교,사립,11210520
유치원,공립,11210520
초등학교,공립,11210520
중학교,공립,11210520
고등학교,공립,11210520
특수학교,사립,11210520
유치원,공립,11210520
초등학교,공립,11210520
중학교,공립,11210520
고등학교,공립,11210520
특수학교,사립,11210520
유치원,공립,11210520
초등학교,공립,11210520
중학교,공립,11210520
고등학교,공립,11210520
특수학교,사립,11210520
유치원,사립,11210540
유치원,사립,11210540
유치원,사립,11210540
유치원,사립,11210540
유치원,사립,11210540
유치원,사립,11210540
유치원,사립,11210540
유치원,사립,11210540
유치원,사립,11210540
유치원,사립,11210540
유치원,사립,11210540
유치원,사립,11210540
유치원,공립,11210540
유치원,사립,11210540
유치원,공립,11210540
유치원,사립,11210540
유치원,공립,11210540
유치원,사립,11210540
유치원,공립,11210540
유치원,사립,11210540
유치원,공립,11210540
유치원,사립,11210540
유치원,공립,11210540
유치원,사립,11210540
유치원,공립,11210570
유치원,공립,11210570
유치원,사립,11210570
유치원,사립,11210570
유치원,사립,11210570
초등학교,공립,11210570
초등학교,공립,11210570
중학교,공립,11210570
중학교,공립,11210570
고등학교,사립,11210570
유치원,공립,11210570
유치원,공립,11210570
유치원,사립,11210570
유치원,사립,11210570
유치원,사립,11210570
초등학교,공립,11210570
초등학교,공립,11210570
중학교,공립,11210570
중학교,공립,11210570
고등학교,사립,11210570
유치원,공립,11210570
유치원,공립,11210570
유치원,사립,11210570
유치원,사립,11210570
유치원,사립,11210570
초등학교,공립,11210570
초등학교,공립,11210570
중학교,공립,11210570
중학교,공립,11210570
고등학교,사립,11210570
유치원,공립,11210570
유치원,공립,11210570
유치원,사립,11210570
유치원,사립,11210570
유치원,사립,11210570
초등학교,공립,11210570
초등학교,공립,11210570
중학교,공립,11210570
중학교,공립,11210570
고등학교,사립,11210570
유치원,공립,11210570
유치원,공립,11210570
유치원,사립,11210570
유치원,사립,11210570
유치원,사립,11210570
초등학교,공립,11210570
초등학교,공립,11210570
중학교,공립,11210570
중학교,공립,11210570
고등학교,사립,11210570
유치원,공립,11210570
유치원,공립,11210570
유치원,사립,11210570
유치원,사립,11210570
초등학교,공립,11210570
초등학교,공립,11210570
중학교,공립,11210570
중학교,공립,11210570
고등학교,사립,11210570
유치원,공립,11210570
유치원,공립,11210570
유치원,사립,11210570
유치원,사립,11210570
초등학교,공립,11210570
초등학교,공립,11210570
중학교,공립,11210570
중학교,공립,11210570
고등학교,사립,11210570
유치원,공립,11210570
유치원,공립,11210570
유치원,사립,11210570
초등학교,공립,11210570
초등학교,공립,11210570
중학교,공립,11210570
중학교,공립,11210570
고등학교,사립,11210570
유치원,공립,11210570
유치원,공립,11210570
유치원,사립,11210570
초등학교,공립,11210570
초등학교,공립,11210570
중학교,공립,11210570
중학교,공립,11210570
고등학교,사립,11210570
유치원,공립,11210570
유치원,공립,11210570
유치원,사립,11210570
초등학교,공립,11210570
초등학교,공립,11210570
중학교,공립,11210570
중학교,공립,11210570
고등학교,사립,11210570
유치원,공립,11210570
유치원,공립,11210570
유치원,사립,11210570
초등학교,공립,11210570
초등학교,공립,11210570
중학교,공립,11210570
중학교,공립,11210570
고등학교,사립,11210570
유치원,공립,11210570
유치원,공립,11210570
초등학교,공립,11210570
초등학교,공립,11210570
중학교,공립,11210570
중학교,공립,11210570
고등학교,사립,11210570
초등학교,공립,11210580
초등학교,공립,11210580
초등학교,공립,11210580
초등학교,공립,11210580
초등학교,공립,11210580
초등학교,공립,11210580
초등학교,공립,11210580
초등학교,공립,11210580
초등학교,공립,11210580
초등학교,공립,11210580
초등학교,공립,11210580
초등학교,공립,11210580
초등학교,공립,11210610
초등학교,공립,11210610
초등학교,공립,11210610
초등학교,공립,11210610
초등학교,공립,11210610
유치원,공립,11210610
초등학교,공립,11210610
유치원,공립,11210610
초등학교,공립,11210610
유치원,공립,11210610
초등학교,공립,11210610
유치원,공립,11210610
초등학교,공립,11210610
유치원,공립,11210610
초등학교,공립,11210610
유치원,공립,11210610
초등학교,공립,11210610
유치원,공립,11210610
초등학교,공립,11210610
유치원,사립,11210620
유치원,사립,11210620
중학교,공립,11210620
고등학교,공립,11210620
유치원,사립,11210620
유치원,사립,11210620
중학교,공립,11210620
고등학교,공립,11210620
유치원,사립,11210620
유치원,사립,11210620
중학교,공립,11210620
고등학교,공립,11210620
유치원,사립,11210620
유치원,사립,11210620
중학교,공립,11210620
고등학교,공립,11210620
유치원,사립,11210620
유치원,사립,11210620
중학교,공립,11210620
고등학교,공립,11210620
유치원,사립,11210620
중학교,공립,11210620
고등학교,공립,11210620
유치원,사립,11210620
중학교,공립,11210620
고등학교,공립,11210620
유치원,사립,11210620
중학교,공립,11210620
고등학교,공립,11210620
유치원,사립,11210620
중학교,공립,11210620
고등학교,공립,11210620
유치원,사립,11210620
중학교,공립,11210620
고등학교,공립,11210620
유치원,사립,11210620
중학교,공립,11210620
고등학교,공립,11210620
유치원,사립,11210620
중학교,공립,11210620
고등학교,공립,11210620
유치원,사립,11210630
초등학교,공립,11210630
유치원,사립,11210630
초등학교,공립,11210630
유치원,사립,11210630
초등학교,공립,11210630
유치원,사립,11210630
초등학교,공립,11210630
유치원,사립,11210630
초등학교,공립,11210630
유치원,사립,11210630
초등학교,공립,11210630
유치원,공립,11210630
유치원,사립,11210630
초등학교,공립,11210630
유치원,공립,11210630
유치원,사립,11210630
초등학교,공립,11210630
유치원,공립,11210630
유치원,사립,11210630
초등학교,공립,11210630
유치원,공립,11210630
유치원,사립,11210630
초등학교,공립,11210630
유치원,공립,11210630
유치원,사립,11210630
초등학교,공립,11210630
유치원,공립,11210630
유치원,사립,11210630
초등학교,공립,11210630
유치원,사립,11210640
중학교,공립,11210640
유치원,사립,11210640
중학교,공립,11210640
유치원,사립,11210640
중학교,공립,11210640
유치원,사립,11210640
중학교,공립,11210640
유치원,사립,11210640
중학교,공립,11210640
중학교,공립,11210640
중학교,공립,11210640
중학교,공립,11210640
중학교,공립,11210640
중학교,공립,11210640
중학교,공립,11210640
중학교,공립,11210640
유치원,사립,11210650
초등학교,공립,11210650
유치원,사립,11210650
초등학교,공립,11210650
유치원,사립,11210650
초등학교,공립,11210650
유치원,사립,11210650
초등학교,공립,11210650
유치원,공립,11210650
유치원,사립,11210650
초등학교,공립,11210650
유치원,공립,11210650
유치원,사립,11210650
초등학교,공립,11210650
유치원,공립,11210650
초등학교,공립,11210650
유치원,공립,11210650
초등학교,공립,11210650
유치원,공립,11210650
초등학교,공립,11210650
유치원,공립,11210650
초등학교,공립,11210650
유치원,공립,11210650
초등학교,공립,11210650
유치원,공립,11210650
초등학교,공립,11210650
유치원,공립,11210660
유치원,사립,11210660
유치원,사립,11210660
유치원,사립,11210660
초등학교,공립,11210660
중학교,공립,11210660
유치원,공립,11210660
유치원,사립,11210660
유치원,사립,11210660
유치원,사립,11210660
초등학교,공립,11210660
중학교,공립,11210660
유치원,공립,11210660
유치원,사립,11210660
유치원,사립,11210660
유치원,사립,11210660
초등학교,공립,11210660
중학교,공립,11210660
유치원,공립,11210660
유치원,사립,11210660
유치원,사립,11210660
유치원,사립,11210660
초등학교,공립,11210660
중학교,공립,11210660
유치원,공립,11210660
유치원,사립,11210660
유치원,사립,11210660
유치원,사립,11210660
초등학교,공립,11210660
중학교,공립,11210660
유치원,공립,11210660
유치원,사립,11210660
유치원,사립,11210660
초등학교,공립,11210660
중학교,공립,11210660
유치원,공립,11210660
유치원,사립,11210660
유치원,사립,11210660
초등학교,공립,11210660
중학교,공립,11210660
유치원,공립,11210660
유치원,사립,11210660
유치원,사립,11210660
초등학교,공립,11210660
중학교,공립,11210660
유치원,공립,11210660
유치원,사립,11210660
유치원,사립,11210660
초등학교,공립,11210660
중학교,공립,11210660
유치원,공립,11210660
유치원,사립,11210660
유치원,사립,11210660
초등학교,공립,11210660
중학교,공립,11210660
유치원,공립,11210660
유치원,사립,11210660
유치원,사립,11210660
초등학교,공립,11210660
중학교,공립,11210660
유치원,공립,11210660
유치원,사립,11210660
초등학교,공립,11210660
중학교,공립,11210660
유치원,사립,11210680
초등학교,공립,11210680
유치원,사립,11210680
초등학교,공립,11210680
유치원,사립,11210680
초등학교,공립,11210680
유치원,사립,11210680
초등학교,공립,11210680
유치원,공립,11210680
유치원,사립,11210680
초등학교,공립,11210680
유치원,공립,11210680
유치원,사립,11210680
초등학교,공립,11210680
유치원,공립,11210680
유치원,사립,11210680
초등학교,공립,11210680
유치원,공립,11210680
유치원,사립,11210680
초등학교,공립,11210680
유치원,공립,11210680
초등학교,공립,11210680
유치원,공립,11210680
초등학교,공립,11210680
유치원,공립,11210680
초등학교,공립,11210680
유치원,공립,11210680
초등학교,공립,11210680
유치원,사립,11210710
초등학교,공립,11210710
특수학교,공립,11210710
유치원,사립,11210710
초등학교,공립,11210710
특수학교,공립,11210710
유치원,사립,11210710
초등학교,공립,11210710
특수학교,공립,11210710
유치원,사립,11210710
초등학교,공립,11210710
특수학교,공립,11210710
유치원,사립,11210710
초등학교,공립,11210710
특수학교,공립,11210710
유치원,사립,11210710
초등학교,공립,11210710
특수학교,공립,11210710
유치원,사립,11210710
초등학교,공립,11210710
특수학교,공립,11210710
유치원,사립,11210710
초등학교,공립,11210710
특수학교,공립,11210710
유치원,사립,11210710
초등학교,공립,11210710
특수학교,공립,11210710
유치원,사립,11210710
초등학교,공립,11210710
특수학교,공립,11210710
유치원,사립,11210710
초등학교,공립,11210710
특수학교,공립,11210710
초등학교,공립,11210710
특수학교,공립,11210710
초등학교,공립,11210720
초등학교,공립,11210720
초등학교,공립,11210720
초등학교,공립,11210720
초등학교,공립,11210720
초등학교,공립,11210720
초등학교,공립,11210720
초등학교,공립,11210720
초등학교,공립,11210720
초등학교,공립,11210720
초등학교,공립,11210720
초등학교,공립,11210720
유치원,공립,11210730
초등학교,공립,11210730
중학교,공립,11210730
고등학교,공립,11210730
고등학교,사립,11210730
고등학교,사립,11210730
각종학교,공립,11210730
유치원,공립,11210730
초등학교,공립,11210730
중학교,공립,11210730
고등학교,공립,11210730
고등학교,사립,11210730
고등학교,사립,11210730
각종학교,공립,11210730
유치원,공립,11210730
초등학교,공립,11210730
중학교,공립,11210730
고등학교,공립,11210730
고등학교,사립,11210730
고등학교,사립,11210730
각종학교,공립,11210730
유치원,공립,11210730
초등학교,공립,11210730
중학교,공립,11210730
고등학교,공립,11210730
고등학교,사립,11210730
고등학교,사립,11210730
각종학교,공립,11210730
유치원,공립,11210730
초등학교,공립,11210730
중학교,공립,11210730
고등학교,공립,11210730
고등학교,사립,11210730
고등학교,사립,11210730
각종학교,공립,11210730
유치원,공립,11210730
초등학교,공립,11210730
중학교,공립,11210730
고등학교,공립,11210730
고등학교,사립,11210730
고등학교,사립,11210730
각종학교,공립,11210730
유치원,공립,11210730
초등학교,공립,11210730
중학교,공립,11210730
고등학교,공립,11210730
고등학교,사립,11210730
고등학교,사립,11210730
각종학교,공립,11210730
유치원,공립,11210730
초등학교,공립,11210730
중학교,공립,11210730
고등학교,공립,11210730
고등학교,사립,11210730
고등학교,사립,11210730
각종학교,공립,11210730
유치원,공립,11210730
초등학교,공립,11210730
중학교,공립,11210730
고등학교,공립,11210730
고등학교,사립,11210730
고등학교,사립,11210730
각종학교,공립,11210730
유치원,공립,11210730
초등학교,공립,11210730
중학교,공립,11210730
고등학교,공립,11210730
고등학교,사립,11210730
고등학교,사립,11210730
각종학교,공립,11210730
유치원,공립,11210730
초등학교,공립,11210730
중학교,공립,11210730
고등학교,공립,11210730
고등학교,사립,11210730
고등학교,사립,11210730
각종학교,공립,11210730
유치원,공립,11210730
초등학교,공립,11210730
중학교,공립,11210730
고등학교,공립,11210730
고등학교,사립,11210730
고등학교,사립,11210730
각종학교,공립,11210730
유치원,공립,11210780
유치원,사립,11210780
유치원,사립,11210780
유치원,사립,11210780
유치원,사립,11210780
초등학교,공립,11210780
고등학교,사립,11210780
유치원,공립,11210780
유치원,사립,11210780
유치원,사립,11210780
유치원,사립,11210780
유치원,사립,11210780
초등학교,공립,11210780
고등학교,사립,11210780
유치원,공립,11210780
유치원,사립,11210780
유치원,사립,11210780
유치원,사립,11210780
유치원,사립,11210780
초등학교,공립,11210780
고등학교,사립,11210780
유치원,공립,11210780
유치원,사립,11210780
유치원,사립,11210780
유치원,사립,11210780
유치원,사립,11210780
초등학교,공립,11210780
고등학교,사립,11210780
유치원,공립,11210780
유치원,사립,11210780
유치원,사립,11210780
유치원,사립,11210780
초등학교,공립,11210780
고등학교,사립,11210780
유치원,공립,11210780
유치원,공립,11210780
유치원,사립,11210780
유치원,사립,11210780
초등학교,공립,11210780
고등학교,사립,11210780
유치원,공립,11210780
유치원,공립,11210780
유치원,사립,11210780
유치원,사립,11210780
초등학교,공립,11210780
고등학교,사립,11210780
유치원,공립,11210780
유치원,공립,11210780
유치원,사립,11210780
유치원,사립,11210780
초등학교,공립,11210780
고등학교,사립,11210780
유치원,공립,11210780
유치원,공립,11210780
유치원,사립,11210780
유치원,사립,11210780
초등학교,공립,11210780
고등학교,사립,11210780
유치원,공립,11210780
유치원,공립,11210780
유치원,사립,11210780
유치원,사립,11210780
초등학교,공립,11210780
고등학교,사립,11210780
유치원,공립,11210780
유치원,공립,11210780
유치원,사립,11210780
유치원,사립,11210780
초등학교,공립,11210780
고등학교,사립,11210780
유치원,공립,11210780
유치원,공립,11210780
유치원,사립,11210780
유치원,사립,11210780
초등학교,공립,11210780
고등학교,사립,11210780
유치원,사립,11210790
유치원,사립,11210790
유치원,사립,11210790
초등학교,공립,11210790
초등학교,공립,11210790
중학교,공립,11210790
고등학교,공립,11210790
유치원,사립,11210790
유치원,사립,11210790
유치원,사립,11210790
초등학교,공립,11210790
초등학교,공립,11210790
중학교,공립,11210790
고등학교,공립,11210790
유치원,사립,11210790
유치원,사립,11210790
유치원,사립,11210790
초등학교,공립,11210790
초등학교,공립,11210790
중학교,공립,11210790
고등학교,공립,11210790
유치원,사립,11210790
유치원,사립,11210790
유치원,사립,11210790
초등학교,공립,11210790
초등학교,공립,11210790
중학교,공립,11210790
고등학교,공립,11210790
유치원,사립,11210790
유치원,사립,11210790
유치원,사립,11210790
초등학교,공립,11210790
초등학교,공립,11210790
중학교,공립,11210790
고등학교,공립,11210790
유치원,사립,11210790
유치원,사립,11210790
유치원,사립,11210790
초등학교,공립,11210790
초등학교,공립,11210790
중학교,공립,11210790
고등학교,공립,11210790
유치원,사립,11210790
유치원,사립,11210790
유치원,사립,11210790
초등학교,공립,11210790
초등학교,공립,11210790
중학교,공립,11210790
고등학교,공립,11210790
유치원,사립,11210790
유치원,사립,11210790
유치원,사립,11210790
초등학교,공립,11210790
초등학교,공립,11210790
중학교,공립,11210790
고등학교,공립,11210790
유치원,사립,11210790
유치원,사립,11210790
유치원,사립,11210790
초등학교,공립,11210790
초등학교,공립,11210790
중학교,공립,11210790
고등학교,공립,11210790
유치원,사립,11210790
유치원,사립,11210790
유치원,사립,11210790
초등학교,공립,11210790
초등학교,공립,11210790
중학교,공립,11210790
고등학교,공립,11210790
유치원,사립,11210790
유치원,사립,11210790
초등학교,공립,11210790
초등학교,공립,11210790
중학교,공립,11210790
고등학교,공립,11210790
유치원,사립,11210790
초등학교,공립,11210790
초등학교,공립,11210790
중학교,공립,11210790
고등학교,공립,11210790
유치원,공립,11210800
유치원,공립,11210800
초등학교,공립,11210800
초등학교,공립,11210800
중학교,공립,11210800
중학교,사립,11210800
고등학교,사립,11210800
고등학교,사립,11210800
고등학교,사립,11210800
고등학교,사립,11210800
유치원,공립,11210800
유치원,공립,11210800
초등학교,공립,11210800
초등학교,공립,11210800
중학교,공립,11210800
중학교,사립,11210800
고등학교,사립,11210800
고등학교,사립,11210800
고등학교,사립,11210800
고등학교,사립,11210800
유치원,공립,11210800
유치원,공립,11210800
초등학교,공립,11210800
초등학교,공립,11210800
중학교,공립,11210800
중학교,사립,11210800
고등학교,사립,11210800
고등학교,사립,11210800
고등학교,사립,11210800
고등학교,사립,11210800
유치원,공립,11210800
유치원,공립,11210800
초등학교,공립,11210800
초등학교,공립,11210800
중학교,공립,11210800
중학교,사립,11210800
고등학교,사립,11210800
고등학교,사립,11210800
고등학교,사립,11210800
고등학교,사립,11210800
유치원,공립,11210800
유치원,공립,11210800
초등학교,공립,11210800
초등학교,공립,11210800
중학교,공립,11210800
중학교,사립,11210800
고등학교,사립,11210800
고등학교,사립,11210800
고등학교,사립,11210800
고등학교,사립,11210800
유치원,공립,11210800
유치원,공립,11210800
초등학교,공립,11210800
초등학교,공립,11210800
중학교,공립,11210800
중학교,사립,11210800
고등학교,사립,11210800
고등학교,사립,11210800
고등학교,사립,11210800
고등학교,사립,11210800
유치원,공립,11210800
유치원,공립,11210800
초등학교,공립,11210800
초등학교,공립,11210800
중학교,공립,11210800
중학교,사립,11210800
고등학교,사립,11210800
고등학교,사립,11210800
고등학교,사립,11210800
고등학교,사립,11210800
유치원,공립,11210800
유치원,공립,11210800
초등학교,공립,11210800
초등학교,공립,11210800
중학교,공립,11210800
중학교,사립,11210800
고등학교,사립,11210800
고등학교,사립,11210800
고등학교,사립,11210800
고등학교,사립,11210800
유치원,공립,11210800
유치원,공립,11210800
초등학교,공립,11210800
초등학교,공립,11210800
중학교,공립,11210800
중학교,사립,11210800
고등학교,사립,11210800
고등학교,사립,11210800
고등학교,사립,11210800
고등학교,사립,11210800
유치원,공립,11210800
유치원,공립,11210800
초등학교,공립,11210800
초등학교,공립,11210800
중학교,공립,11210800
중학교,사립,11210800
고등학교,사립,11210800
고등학교,사립,11210800
고등학교,사립,11210800
고등학교,사립,11210800
유치원,공립,11210800
유치원,공립,11210800
초등학교,공립,11210800
초등학교,공립,11210800
중학교,공립,11210800
중학교,사립,11210800
고등학교,사립,11210800
고등학교,사립,11210800
고등학교,사립,11210800
고등학교,사립,11210800
유치원,공립,11210800
유치원,공립,11210800
초등학교,공립,11210800
초등학교,공립,11210800
중학교,공립,11210800
중학교,사립,11210800
고등학교,사립,11210800
고등학교,사립,11210800
고등학교,사립,11210800
고등학교,사립,11210800
유치원,공립,11210810
유치원,사립,11210810
유치원,사립,11210810
초등학교,공립,11210810
중학교,공립,11210810
중학교,사립,11210810
고등학교,사립,11210810
유치원,공립,11210810
유치원,사립,11210810
유치원,사립,11210810
초등학교,공립,11210810
중학교,공립,11210810
중학교,사립,11210810
고등학교,사립,11210810
유치원,공립,11210810
유치원,사립,11210810
유치원,사립,11210810
초등학교,공립,11210810
중학교,공립,11210810
중학교,사립,11210810
고등학교,사립,11210810
유치원,공립,11210810
유치원,사립,11210810
유치원,사립,11210810
초등학교,공립,11210810
중학교,공립,11210810
중학교,사립,11210810
고등학교,사립,11210810
유치원,공립,11210810
유치원,사립,11210810
유치원,사립,11210810
초등학교,공립,11210810
중학교,공립,11210810
중학교,사립,11210810
고등학교,사립,11210810
유치원,공립,11210810
유치원,사립,11210810
유치원,사립,11210810
초등학교,공립,11210810
중학교,공립,11210810
중학교,사립,11210810
고등학교,사립,11210810
유치원,공립,11210810
유치원,사립,11210810
초등학교,공립,11210810
중학교,공립,11210810
중학교,사립,11210810
고등학교,사립,11210810
유치원,공립,11210810
유치원,사립,11210810
초등학교,공립,11210810
중학교,공립,11210810
중학교,사립,11210810
고등학교,사립,11210810
유치원,공립,11210810
유치원,사립,11210810
초등학교,공립,11210810
중학교,공립,11210810
중학교,사립,11210810
고등학교,사립,11210810
유치원,공립,11210810
유치원,사립,11210810
초등학교,공립,11210810
중학교,공립,11210810
중학교,사립,11210810
고등학교,사립,11210810
유치원,공립,11210810
유치원,사립,11210810
초등학교,공립,11210810
중학교,공립,11210810
중학교,사립,11210810
고등학교,사립,11210810
유치원,공립,11210810
유치원,사립,11210810
초등학교,공립,11210810
중학교,공립,11210810
중학교,사립,11210810
고등학교,사립,11210810
유치원,공립,11210820
유치원,사립,11210820
초등학교,공립,11210820
초등학교,공립,11210820
중학교,사립,11210820
고등학교,사립,11210820
고등학교,사립,11210820
유치원,공립,11210820
유치원,사립,11210820
초등학교,공립,11210820
초등학교,공립,11210820
중학교,사립,11210820
고등학교,사립,11210820
고등학교,사립,11210820
유치원,공립,11210820
유치원,사립,11210820
초등학교,공립,11210820
초등학교,공립,11210820
중학교,사립,11210820
고등학교,사립,11210820
고등학교,사립,11210820
유치원,공립,11210820
유치원,사립,11210820
초등학교,공립,11210820
초등학교,공립,11210820
중학교,사립,11210820
고등학교,사립,11210820
고등학교,사립,11210820
유치원,공립,11210820
유치원,사립,11210820
초등학교,공립,11210820
초등학교,공립,11210820
중학교,사립,11210820
고등학교,사립,11210820
고등학교,사립,11210820
유치원,공립,11210820
유치원,사립,11210820
초등학교,공립,11210820
초등학교,공립,11210820
중학교,사립,11210820
고등학교,사립,11210820
고등학교,사립,11210820
유치원,공립,11210820
유치원,사립,11210820
초등학교,공립,11210820
초등학교,공립,11210820
중학교,사립,11210820
고등학교,사립,11210820
고등학교,사립,11210820
유치원,공립,11210820
유치원,사립,11210820
초등학교,공립,11210820
초등학교,공립,11210820
중학교,사립,11210820
고등학교,사립,11210820
고등학교,사립,11210820
유치원,공립,11210820
유치원,사립,11210820
초등학교,공립,11210820
초등학교,공립,11210820
중학교,사립,11210820
고등학교,사립,11210820
고등학교,사립,11210820
유치원,공립,11210820
유치원,사립,11210820
초등학교,공립,11210820
초등학교,공립,11210820
중학교,사립,11210820
고등학교,사립,11210820
고등학교,사립,11210820
유치원,공립,11210820
유치원,사립,11210820
초등학교,공립,11210820
초등학교,공립,11210820
중학교,사립,11210820
고등학교,사립,11210820
고등학교,사립,11210820
유치원,공립,11210820
유치원,사립,11210820
초등학교,공립,11210820
초등학교,공립,11210820
중학교,사립,11210820
고등학교,사립,11210820
고등학교,사립,11210820
유치원,사립,11210830
초등학교,공립,11210830
초등학교,공립,11210830
중학교,공립,11210830
중학교,공립,11210830
중학교,사립,11210830
고등학교,공립,11210830
고등학교,사립,11210830
유치원,사립,11210830
초등학교,공립,11210830
초등학교,공립,11210830
중학교,공립,11210830
중학교,공립,11210830
중학교,사립,11210830
고등학교,공립,11210830
고등학교,사립,11210830
유치원,사립,11210830
초등학교,공립,11210830
초등학교,공립,11210830
중학교,공립,11210830
중학교,공립,11210830
중학교,사립,11210830
고등학교,공립,11210830
고등학교,사립,11210830
유치원,사립,11210830
초등학교,공립,11210830
초등학교,공립,11210830
중학교,공립,11210830
중학교,공립,11210830
중학교,사립,11210830
고등학교,공립,11210830
고등학교,사립,11210830
유치원,사립,11210830
초등학교,공립,11210830
초등학교,공립,11210830
중학교,공립,11210830
중학교,공립,11210830
중학교,사립,11210830
고등학교,공립,11210830
고등학교,사립,11210830
유치원,사립,11210830
초등학교,공립,11210830
초등학교,공립,11210830
중학교,공립,11210830
중학교,공립,11210830
중학교,사립,11210830
고등학교,공립,11210830
고등학교,사립,11210830
유치원,사립,11210830
초등학교,공립,11210830
초등학교,공립,11210830
중학교,공립,11210830
중학교,공립,11210830
중학교,사립,11210830
고등학교,공립,11210830
고등학교,사립,11210830
유치원,사립,11210830
초등학교,공립,11210830
초등학교,공립,11210830
중학교,공립,11210830
중학교,공립,11210830
중학교,사립,11210830
고등학교,공립,11210830
고등학교,사립,11210830
유치원,사립,11210830
초등학교,공립,11210830
초등학교,공립,11210830
중학교,공립,11210830
중학교,공립,11210830
중학교,사립,11210830
고등학교,공립,11210830
고등학교,사립,11210830
유치원,사립,11210830
초등학교,공립,11210830
초등학교,공립,11210830
중학교,공립,11210830
중학교,공립,11210830
중학교,사립,11210830
고등학교,공립,11210830
고등학교,사립,11210830
유치원,사립,11210830
초등학교,공립,11210830
초등학교,공립,11210830
중학교,공립,11210830
중학교,공립,11210830
중학교,사립,11210830
고등학교,공립,11210830
고등학교,사립,11210830
유치원,사립,11210830
초등학교,공립,11210830
초등학교,공립,11210830
중학교,공립,11210830
중학교,공립,11210830
중학교,사립,11210830
고등학교,공립,11210830
고등학교,사립,11210830
유치원,사립,11220510
초등학교,국립,11220510
초등학교,공립,11220510
유치원,사립,11220510
초등학교,국립,11220510
초등학교,공립,11220510
유치원,사립,11220510
초등학교,국립,11220510
초등학교,공립,11220510
유치원,사립,11220510
초등학교,국립,11220510
초등학교,공립,11220510
유치원,사립,11220510
초등학교,국립,11220510
초등학교,공립,11220510
유치원,사립,11220510
초등학교,국립,11220510
초등학교,공립,11220510
유치원,사립,11220510
초등학교,국립,11220510
초등학교,공립,11220510
유치원,사립,11220510
초등학교,국립,11220510
초등학교,공립,11220510
유치원,사립,11220510
초등학교,국립,11220510
초등학교,공립,11220510
유치원,사립,11220510
초등학교,국립,11220510
초등학교,공립,11220510
유치원,사립,11220510
초등학교,국립,11220510
초등학교,공립,11220510
유치원,사립,11220510
초등학교,국립,11220510
초등학교,공립,11220510
유치원,사립,11220520
유치원,사립,11220520
초등학교,공립,11220520
중학교,공립,11220520
고등학교,공립,11220520
각종학교,공립,11220520
유치원,사립,11220520
유치원,사립,11220520
초등학교,공립,11220520
중학교,공립,11220520
고등학교,공립,11220520
각종학교,공립,11220520
유치원,사립,11220520
초등학교,공립,11220520
중학교,공립,11220520
고등학교,공립,11220520
각종학교,공립,11220520
유치원,사립,11220520
초등학교,공립,11220520
중학교,공립,11220520
고등학교,공립,11220520
각종학교,공립,11220520
유치원,사립,11220520
초등학교,공립,11220520
중학교,공립,11220520
고등학교,공립,11220520
각종학교,공립,11220520
유치원,사립,11220520
초등학교,공립,11220520
중학교,공립,11220520
고등학교,공립,11220520
각종학교,공립,11220520
유치원,사립,11220520
초등학교,공립,11220520
중학교,공립,11220520
고등학교,공립,11220520
각종학교,공립,11220520
유치원,사립,11220520
초등학교,공립,11220520
중학교,공립,11220520
고등학교,공립,11220520
각종학교,공립,11220520
유치원,사립,11220520
초등학교,공립,11220520
중학교,공립,11220520
고등학교,공립,11220520
각종학교,공립,11220520
유치원,공립,11220520
유치원,사립,11220520
초등학교,공립,11220520
중학교,공립,11220520
고등학교,공립,11220520
각종학교,공립,11220520
초등학교,공립,11220520
중학교,공립,11220520
고등학교,공립,11220520
각종학교,공립,11220520
초등학교,공립,11220520
중학교,공립,11220520
고등학교,공립,11220520
각종학교,공립,11220520
유치원,사립,11220530
초등학교,공립,11220530
중학교,공립,11220530
고등학교,공립,11220530
고등학교,공립,11220530
고등학교,사립,11220530
유치원,사립,11220530
초등학교,공립,11220530
중학교,공립,11220530
고등학교,공립,11220530
고등학교,공립,11220530
고등학교,사립,11220530
유치원,사립,11220530
초등학교,공립,11220530
중학교,공립,11220530
고등학교,공립,11220530
고등학교,공립,11220530
고등학교,사립,11220530
유치원,사립,11220530
초등학교,공립,11220530
중학교,공립,11220530
고등학교,공립,11220530
고등학교,공립,11220530
고등학교,사립,11220530
유치원,사립,11220530
초등학교,공립,11220530
중학교,공립,11220530
고등학교,공립,11220530
고등학교,공립,11220530
고등학교,사립,11220530
유치원,사립,11220530
초등학교,공립,11220530
중학교,공립,11220530
고등학교,공립,11220530
고등학교,공립,11220530
고등학교,사립,11220530
유치원,사립,11220530
초등학교,공립,11220530
중학교,공립,11220530
고등학교,공립,11220530
고등학교,공립,11220530
고등학교,사립,11220530
유치원,사립,11220530
초등학교,공립,11220530
중학교,공립,11220530
고등학교,공립,11220530
고등학교,공립,11220530
고등학교,사립,11220530
초등학교,공립,11220530
중학교,공립,11220530
고등학교,공립,11220530
고등학교,공립,11220530
고등학교,사립,11220530
초등학교,공립,11220530
중학교,공립,11220530
고등학교,공립,11220530
고등학교,공립,11220530
고등학교,사립,11220530
초등학교,공립,11220530
중학교,공립,11220530
고등학교,공립,11220530
고등학교,공립,11220530
고등학교,사립,11220530
초등학교,공립,11220530
중학교,공립,11220530
고등학교,공립,11220530
고등학교,공립,11220530
고등학교,사립,11220530
유치원,공립,11220540
유치원,사립,11220540
유치원,사립,11220540
초등학교,공립,11220540
초등학교,공립,11220540
중학교,공립,11220540
유치원,공립,11220540
유치원,사립,11220540
유치원,사립,11220540
초등학교,공립,11220540
초등학교,공립,11220540
중학교,공립,11220540
유치원,공립,11220540
유치원,사립,11220540
유치원,사립,11220540
초등학교,공립,11220540
초등학교,공립,11220540
중학교,공립,11220540
유치원,공립,11220540
유치원,사립,11220540
유치원,사립,11220540
초등학교,공립,11220540
초등학교,공립,11220540
중학교,공립,11220540
유치원,공립,11220540
유치원,사립,11220540
유치원,사립,11220540
초등학교,공립,11220540
초등학교,공립,11220540
중학교,공립,11220540
유치원,공립,11220540
유치원,사립,11220540
유치원,사립,11220540
초등학교,공립,11220540
초등학교,공립,11220540
중학교,공립,11220540
유치원,공립,11220540
유치원,사립,11220540
유치원,사립,11220540
초등학교,공립,11220540
초등학교,공립,11220540
중학교,공립,11220540
유치원,공립,11220540
유치원,사립,11220540
유치원,사립,11220540
초등학교,공립,11220540
초등학교,공립,11220540
중학교,공립,11220540
유치원,공립,11220540
유치원,사립,11220540
유치원,사립,11220540
초등학교,공립,11220540
초등학교,공립,11220540
중학교,공립,11220540
유치원,공립,11220540
유치원,사립,11220540
유치원,사립,11220540
초등학교,공립,11220540
초등학교,공립,11220540
중학교,공립,11220540
유치원,공립,11220540
유치원,사립,11220540
유치원,사립,11220540
초등학교,공립,11220540
초등학교,공립,11220540
중학교,공립,11220540
유치원,공립,11220540
유치원,사립,11220540
유치원,사립,11220540
초등학교,공립,11220540
초등학교,공립,11220540
중학교,공립,11220540
유치원,사립,11220550
유치원,사립,11220550
초등학교,공립,11220550
중학교,공립,11220550
유치원,사립,11220550
유치원,사립,11220550
초등학교,공립,11220550
중학교,공립,11220550
유치원,사립,11220550
유치원,사립,11220550
초등학교,공립,11220550
중학교,공립,11220550
유치원,사립,11220550
유치원,사립,11220550
초등학교,공립,11220550
중학교,공립,11220550
유치원,사립,11220550
유치원,사립,11220550
초등학교,공립,11220550
중학교,공립,11220550
유치원,사립,11220550
유치원,사립,11220550
초등학교,공립,11220550
중학교,공립,11220550
유치원,사립,11220550
초등학교,공립,11220550
중학교,공립,11220550
유치원,사립,11220550
초등학교,공립,11220550
중학교,공립,11220550
유치원,사립,11220550
초등학교,공립,11220550
중학교,공립,11220550
유치원,사립,11220550
초등학교,공립,11220550
중학교,공립,11220550
유치원,사립,11220550
초등학교,공립,11220550
중학교,공립,11220550
유치원,사립,11220550
유치원,사립,11220550
초등학교,공립,11220550
중학교,공립,11220550
유치원,공립,11220560
초등학교,공립,11220560
중학교,공립,11220560
중학교,사립,11220560
고등학교,사립,11220560
고등학교,사립,11220560
유치원,공립,11220560
초등학교,공립,11220560
중학교,공립,11220560
중학교,사립,11220560
고등학교,사립,11220560
고등학교,사립,11220560
유치원,공립,11220560
초등학교,공립,11220560
중학교,공립,11220560
중학교,사립,11220560
고등학교,사립,11220560
고등학교,사립,11220560
유치원,공립,11220560
초등학교,공립,11220560
중학교,공립,11220560
중학교,사립,11220560
고등학교,사립,11220560
고등학교,사립,11220560
유치원,공립,11220560
초등학교,공립,11220560
중학교,공립,11220560
중학교,사립,11220560
고등학교,사립,11220560
고등학교,사립,11220560
유치원,공립,11220560
초등학교,공립,11220560
중학교,공립,11220560
중학교,사립,11220560
고등학교,사립,11220560
고등학교,사립,11220560
유치원,공립,11220560
초등학교,공립,11220560
중학교,공립,11220560
중학교,사립,11220560
고등학교,사립,11220560
고등학교,사립,11220560
유치원,공립,11220560
초등학교,공립,11220560
중학교,공립,11220560
중학교,사립,11220560
고등학교,사립,11220560
고등학교,사립,11220560
유치원,공립,11220560
초등학교,공립,11220560
중학교,공립,11220560
중학교,사립,11220560
고등학교,사립,11220560
고등학교,사립,11220560
유치원,공립,11220560
초등학교,공립,11220560
중학교,공립,11220560
중학교,사립,11220560
고등학교,사립,11220560
고등학교,사립,11220560
유치원,공립,11220560
초등학교,공립,11220560
중학교,공립,11220560
중학교,사립,11220560
고등학교,사립,11220560
고등학교,사립,11220560
초등학교,공립,11220560
중학교,공립,11220560
중학교,사립,11220560
고등학교,사립,11220560
고등학교,사립,11220560
유치원,사립,11220570
초등학교,공립,11220570
초등학교,공립,11220570
중학교,공립,11220570
고등학교,공립,11220570
유치원,사립,11220570
초등학교,공립,11220570
초등학교,공립,11220570
중학교,공립,11220570
고등학교,공립,11220570
유치원,사립,11220570
초등학교,공립,11220570
초등학교,공립,11220570
중학교,공립,11220570
고등학교,공립,11220570
유치원,사립,11220570
초등학교,공립,11220570
초등학교,공립,11220570
중학교,공립,11220570
고등학교,공립,11220570
유치원,사립,11220570
초등학교,공립,11220570
초등학교,공립,11220570
중학교,공립,11220570
고등학교,공립,11220570
유치원,사립,11220570
초등학교,공립,11220570
초등학교,공립,11220570
중학교,공립,11220570
고등학교,공립,11220570
유치원,사립,11220570
초등학교,공립,11220570
초등학교,공립,11220570
중학교,공립,11220570
고등학교,공립,11220570
유치원,사립,11220570
초등학교,공립,11220570
초등학교,공립,11220570
중학교,공립,11220570
고등학교,공립,11220570
유치원,사립,11220570
초등학교,공립,11220570
초등학교,공립,11220570
중학교,공립,11220570
고등학교,공립,11220570
유치원,사립,11220570
초등학교,공립,11220570
초등학교,공립,11220570
중학교,공립,11220570
고등학교,공립,11220570
유치원,사립,11220570
초등학교,공립,11220570
초등학교,공립,11220570
중학교,공립,11220570
고등학교,공립,11220570
유치원,사립,11220570
초등학교,공립,11220570
초등학교,공립,11220570
중학교,공립,11220570
고등학교,공립,11220570
유치원,사립,11220580
유치원,사립,11220580
초등학교,공립,11220580
초등학교,사립,11220580
중학교,공립,11220580
유치원,사립,11220580
유치원,사립,11220580
초등학교,공립,11220580
초등학교,사립,11220580
중학교,공립,11220580
유치원,사립,11220580
유치원,사립,11220580
초등학교,공립,11220580
초등학교,사립,11220580
중학교,공립,11220580
유치원,사립,11220580
유치원,사립,11220580
초등학교,공립,11220580
초등학교,사립,11220580
중학교,공립,11220580
유치원,사립,11220580
유치원,사립,11220580
초등학교,공립,11220580
초등학교,사립,11220580
중학교,공립,11220580
유치원,사립,11220580
유치원,사립,11220580
초등학교,공립,11220580
초등학교,사립,11220580
중학교,공립,11220580
유치원,사립,11220580
유치원,사립,11220580
초등학교,공립,11220580
초등학교,사립,11220580
중학교,공립,11220580
유치원,사립,11220580
유치원,사립,11220580
초등학교,공립,11220580
초등학교,사립,11220580
중학교,공립,11220580
유치원,사립,11220580
초등학교,공립,11220580
초등학교,사립,11220580
중학교,공립,11220580
유치원,사립,11220580
초등학교,공립,11220580
초등학교,사립,11220580
중학교,공립,11220580
유치원,사립,11220580
초등학교,공립,11220580
초등학교,사립,11220580
중학교,공립,11220580
유치원,사립,11220580
초등학교,공립,11220580
초등학교,사립,11220580
중학교,공립,11220580
초등학교,공립,11220590
중학교,공립,11220590
초등학교,공립,11220590
중학교,공립,11220590
초등학교,공립,11220590
중학교,공립,11220590
유치원,사립,11220590
초등학교,공립,11220590
중학교,공립,11220590
유치원,사립,11220590
초등학교,공립,11220590
중학교,공립,11220590
유치원,사립,11220590
초등학교,공립,11220590
중학교,공립,11220590
유치원,사립,11220590
초등학교,공립,11220590
중학교,공립,11220590
유치원,사립,11220590
초등학교,공립,11220590
중학교,공립,11220590
유치원,사립,11220590
초등학교,공립,11220590
중학교,공립,11220590
유치원,사립,11220590
초등학교,공립,11220590
중학교,공립,11220590
유치원,사립,11220590
초등학교,공립,11220590
중학교,공립,11220590
유치원,사립,11220590
초등학교,공립,11220590
중학교,공립,11220590
고등학교,공립,11220590
중학교,공립,11220600
중학교,공립,11220600
중학교,공립,11220600
중학교,공립,11220600
중학교,공립,11220600
중학교,공립,11220600
중학교,공립,11220600
중학교,공립,11220600
중학교,공립,11220600
중학교,공립,11220600
중학교,공립,11220600
중학교,공립,11220600
유치원,공립,11220610
초등학교,공립,11220610
유치원,공립,11220610
초등학교,공립,11220610
유치원,공립,11220610
초등학교,공립,11220610
유치원,공립,11220610
초등학교,공립,11220610
유치원,공립,11220610
초등학교,공립,11220610
유치원,공립,11220610
초등학교,공립,11220610
유치원,공립,11220610
초등학교,공립,11220610
유치원,공립,11220610
초등학교,공립,11220610
유치원,공립,11220610
초등학교,공립,11220610
유치원,공립,11220610
초등학교,공립,11220610
유치원,공립,11220610
초등학교,공립,11220610
유치원,공립,11220610
초등학교,공립,11220610
초등학교,공립,11220620
초등학교,공립,11220620
초등학교,공립,11220620
초등학교,공립,11220620
초등학교,공립,11220620
초등학교,공립,11220620
초등학교,공립,11220620
초등학교,공립,11220620
초등학교,공립,11220620
초등학교,공립,11220620
초등학교,공립,11220620
초등학교,공립,11220620
초등학교,공립,11220630
중학교,공립,11220630
고등학교,공립,11220630
초등학교,공립,11220630
중학교,공립,11220630
고등학교,공립,11220630
초등학교,공립,11220630
중학교,공립,11220630
고등학교,공립,11220630
초등학교,공립,11220630
중학교,공립,11220630
고등학교,공립,11220630
초등학교,공립,11220630
중학교,공립,11220630
고등학교,공립,11220630
초등학교,공립,11220630
중학교,공립,11220630
고등학교,공립,11220630
초등학교,공립,11220630
중학교,공립,11220630
고등학교,공립,11220630
초등학교,공립,11220630
중학교,공립,11220630
고등학교,공립,11220630
초등학교,공립,11220630
중학교,공립,11220630
고등학교,공립,11220630
초등학교,공립,11220630
중학교,공립,11220630
고등학교,공립,11220630
초등학교,공립,11220630
중학교,공립,11220630
고등학교,공립,11220630
초등학교,공립,11220630
중학교,공립,11220630
고등학교,공립,11220630
유치원,사립,11220640
유치원,사립,11220640
유치원,사립,11220640
초등학교,공립,11220640
중학교,사립,11220640
고등학교,사립,11220640
유치원,사립,11220640
유치원,사립,11220640
유치원,사립,11220640
초등학교,공립,11220640
중학교,사립,11220640
고등학교,사립,11220640
유치원,사립,11220640
유치원,사립,11220640
유치원,사립,11220640
초등학교,공립,11220640
중학교,사립,11220640
고등학교,사립,11220640
유치원,사립,11220640
유치원,사립,11220640
유치원,사립,11220640
초등학교,공립,11220640
중학교,사립,11220640
고등학교,사립,11220640
유치원,사립,11220640
유치원,사립,11220640
유치원,사립,11220640
초등학교,공립,11220640
중학교,사립,11220640
고등학교,사립,11220640
유치원,사립,11220640
초등학교,공립,11220640
중학교,사립,11220640
고등학교,사립,11220640
유치원,사립,11220640
초등학교,공립,11220640
중학교,사립,11220640
고등학교,사립,11220640
유치원,사립,11220640
초등학교,공립,11220640
중학교,사립,11220640
고등학교,사립,11220640
유치원,사립,11220640
초등학교,공립,11220640
중학교,사립,11220640
고등학교,사립,11220640
유치원,사립,11220640
초등학교,공립,11220640
중학교,사립,11220640
고등학교,사립,11220640
유치원,사립,11220640
초등학교,공립,11220640
중학교,사립,11220640
고등학교,사립,11220640
유치원,사립,11220640
초등학교,공립,11220640
중학교,사립,11220640
고등학교,사립,11220640
유치원,공립,11220650
유치원,사립,11220650
초등학교,공립,11220650
중학교,사립,11220650
고등학교,사립,11220650
유치원,공립,11220650
유치원,사립,11220650
초등학교,공립,11220650
중학교,사립,11220650
고등학교,사립,11220650
유치원,공립,11220650
유치원,사립,11220650
초등학교,공립,11220650
중학교,사립,11220650
고등학교,사립,11220650
유치원,공립,11220650
유치원,사립,11220650
초등학교,공립,11220650
중학교,사립,11220650
고등학교,사립,11220650
유치원,공립,11220650
유치원,사립,11220650
초등학교,공립,11220650
중학교,사립,11220650
고등학교,사립,11220650
유치원,공립,11220650
유치원,사립,11220650
초등학교,공립,11220650
중학교,사립,11220650
고등학교,사립,11220650
유치원,공립,11220650
유치원,사립,11220650
초등학교,공립,11220650
중학교,사립,11220650
고등학교,사립,11220650
유치원,공립,11220650
유치원,사립,11220650
초등학교,공립,11220650
중학교,사립,11220650
고등학교,사립,11220650
유치원,공립,11220650
유치원,사립,11220650
초등학교,공립,11220650
중학교,사립,11220650
고등학교,사립,11220650
유치원,공립,11220650
유치원,사립,11220650
초등학교,공립,11220650
중학교,사립,11220650
고등학교,사립,11220650
유치원,공립,11220650
유치원,사립,11220650
초등학교,공립,11220650
중학교,사립,11220650
고등학교,사립,11220650
유치원,공립,11220650
초등학교,공립,11220650
중학교,사립,11220650
고등학교,사립,11220650
유치원,공립,11220660
유치원,공립,11220660
유치원,공립,11220660
유치원,사립,11220660
유치원,사립,11220660
초등학교,공립,11220660
초등학교,공립,11220660
초등학교,공립,11220660
초등학교,공립,11220660
중학교,공립,11220660
유치원,공립,11220660
유치원,공립,11220660
유치원,공립,11220660
유치원,사립,11220660
유치원,사립,11220660
유치원,사립,11220660
초등학교,공립,11220660
초등학교,공립,11220660
초등학교,공립,11220660
초등학교,공립,11220660
중학교,공립,11220660
유치원,공립,11220660
유치원,공립,11220660
유치원,공립,11220660
유치원,사립,11220660
유치원,사립,11220660
유치원,사립,11220660
초등학교,공립,11220660
초등학교,공립,11220660
초등학교,공립,11220660
초등학교,공립,11220660
중학교,공립,11220660
유치원,공립,11220660
유치원,공립,11220660
유치원,공립,11220660
유치원,사립,11220660
유치원,사립,11220660
유치원,사립,11220660
초등학교,공립,11220660
초등학교,공립,11220660
초등학교,공립,11220660
초등학교,공립,11220660
중학교,공립,11220660
유치원,공립,11220660
유치원,공립,11220660
유치원,공립,11220660
유치원,사립,11220660
유치원,사립,11220660
유치원,사립,11220660
초등학교,공립,11220660
초등학교,공립,11220660
초등학교,공립,11220660
초등학교,공립,11220660
중학교,공립,11220660
유치원,공립,11220660
유치원,공립,11220660
유치원,공립,11220660
유치원,공립,11220660
유치원,사립,11220660
유치원,사립,11220660
유치원,사립,11220660
초등학교,공립,11220660
초등학교,공립,11220660
초등학교,공립,11220660
초등학교,공립,11220660
중학교,공립,11220660
유치원,공립,11220660
유치원,공립,11220660
유치원,공립,11220660
유치원,공립,11220660
유치원,공립,11220660
유치원,사립,11220660
유치원,사립,11220660
초등학교,공립,11220660
초등학교,공립,11220660
초등학교,공립,11220660
초등학교,공립,11220660
중학교,공립,11220660
유치원,공립,11220660
유치원,공립,11220660
유치원,공립,11220660
유치원,공립,11220660
유치원,공립,11220660
유치원,사립,11220660
유치원,사립,11220660
초등학교,공립,11220660
초등학교,공립,11220660
초등학교,공립,11220660
초등학교,공립,11220660
중학교,공립,11220660
유치원,공립,11220660
유치원,공립,11220660
유치원,공립,11220660
유치원,공립,11220660
유치원,공립,11220660
유치원,사립,11220660
유치원,사립,11220660
초등학교,공립,11220660
초등학교,공립,11220660
초등학교,공립,11220660
중학교,공립,11220660
유치원,공립,11220660
유치원,공립,11220660
유치원,공립,11220660
유치원,공립,11220660
유치원,공립,11220660
유치원,사립,11220660
유치원,사립,11220660
초등학교,공립,11220660
초등학교,공립,11220660
초등학교,공립,11220660
초등학교,공립,11220660
중학교,공립,11220660
유치원,공립,11220660
유치원,공립,11220660
유치원,공립,11220660
유치원,공립,11220660
유치원,공립,11220660
유치원,사립,11220660
유치원,사립,11220660
초등학교,공립,11220660
초등학교,공립,11220660
초등학교,공립,11220660
초등학교,공립,11220660
중학교,공립,11220660
유치원,공립,11220660
유치원,공립,11220660
유치원,공립,11220660
유치원,공립,11220660
유치원,사립,11220660
유치원,사립,11220660
초등학교,공립,11220660
초등학교,공립,11220660
초등학교,공립,11220660
초등학교,공립,11220660
중학교,공립,11220660
유치원,사립,11220670
초등학교,공립,11220670
중학교,공립,11220670
고등학교,공립,11220670
유치원,사립,11220670
초등학교,공립,11220670
중학교,공립,11220670
고등학교,공립,11220670
유치원,사립,11220670
초등학교,공립,11220670
중학교,공립,11220670
고등학교,공립,11220670
유치원,사립,11220670
초등학교,공립,11220670
중학교,공립,11220670
고등학교,공립,11220670
유치원,사립,11220670
초등학교,공립,11220670
중학교,공립,11220670
고등학교,공립,11220670
유치원,사립,11220670
초등학교,공립,11220670
중학교,공립,11220670
고등학교,공립,11220670
유치원,사립,11220670
초등학교,공립,11220670
중학교,공립,11220670
고등학교,공립,11220670
유치원,사립,11220670
초등학교,공립,11220670
중학교,공립,11220670
고등학교,공립,11220670
유치원,사립,11220670
초등학교,공립,11220670
초등학교,공립,11220670
중학교,공립,11220670
고등학교,공립,11220670
유치원,사립,11220670
초등학교,공립,11220670
중학교,공립,11220670
고등학교,공립,11220670
유치원,사립,11220670
초등학교,공립,11220670
중학교,공립,11220670
고등학교,공립,11220670
유치원,사립,11220670
초등학교,공립,11220670
중학교,공립,11220670
고등학교,공립,11220670
초등학교,공립,11220680
특수학교,사립,11220680
유치원,공립,11220680
유치원,공립,11220680
초등학교,공립,11220680
특수학교,사립,11220680
유치원,공립,11220680
유치원,공립,11220680
초등학교,공립,11220680
특수학교,사립,11220680
유치원,공립,11220680
유치원,공립,11220680
초등학교,공립,11220680
특수학교,사립,11220680
유치원,공립,11220680
유치원,공립,11220680
초등학교,공립,11220680
중학교,공립,11220680
특수학교,사립,11220680
유치원,공립,11220680
유치원,공립,11220680
초등학교,공립,11220680
중학교,공립,11220680
특수학교,사립,11220680
유치원,공립,11220680
유치원,공립,11220680
초등학교,공립,11220680
중학교,공립,11220680
특수학교,공립,11220680
특수학교,사립,11220680
유치원,공립,11220680
유치원,공립,11220680
초등학교,공립,11220680
중학교,공립,11220680
특수학교,공립,11220680
특수학교,사립,11220680
유치원,공립,11220680
유치원,공립,11220680
초등학교,공립,11220680
중학교,공립,11220680
특수학교,공립,11220680
특수학교,사립,11220680
유치원,공립,11220680
유치원,공립,11220680
초등학교,공립,11220680
중학교,공립,11220680
특수학교,공립,11220680
특수학교,사립,11220680
유치원,공립,11220680
유치원,공립,11220680
초등학교,공립,11220680
중학교,공립,11220680
특수학교,공립,11220680
특수학교,사립,11220680
유치원,공립,11220680
유치원,공립,11220680
초등학교,공립,11220680
중학교,공립,11220680
특수학교,공립,11220680
특수학교,사립,11220680
유치원,공립,11230510
초등학교,공립,11230510
중학교,공립,11230510
고등학교,사립,11230510
유치원,공립,11230510
초등학교,공립,11230510
중학교,공립,11230510
고등학교,사립,11230510
유치원,공립,11230510
초등학교,공립,11230510
중학교,공립,11230510
고등학교,사립,11230510
유치원,공립,11230510
초등학교,공립,11230510
중학교,공립,11230510
고등학교,사립,11230510
유치원,공립,11230510
초등학교,공립,11230510
중학교,공립,11230510
고등학교,사립,11230510
유치원,공립,11230510
초등학교,공립,11230510
중학교,공립,11230510
고등학교,사립,11230510
유치원,공립,11230510
초등학교,공립,11230510
중학교,공립,11230510
고등학교,사립,11230510
유치원,공립,11230510
초등학교,공립,11230510
중학교,공립,11230510
고등학교,사립,11230510
유치원,공립,11230510
초등학교,공립,11230510
중학교,공립,11230510
고등학교,사립,11230510
유치원,공립,11230510
초등학교,공립,11230510
중학교,공립,11230510
고등학교,사립,11230510
유치원,공립,11230510
초등학교,공립,11230510
중학교,공립,11230510
고등학교,사립,11230510
유치원,공립,11230510
초등학교,공립,11230510
중학교,공립,11230510
고등학교,사립,11230510
유치원,사립,11230511
유치원,사립,11230511
초등학교,공립,11230511
중학교,사립,11230511
유치원,사립,11230511
유치원,사립,11230511
초등학교,공립,11230511
중학교,사립,11230511
유치원,사립,11230511
유치원,사립,11230511
초등학교,공립,11230511
중학교,사립,11230511
유치원,사립,11230511
유치원,사립,11230511
초등학교,공립,11230511
중학교,사립,11230511
유치원,사립,11230511
유치원,사립,11230511
초등학교,공립,11230511
중학교,사립,11230511
유치원,사립,11230511
유치원,사립,11230511
초등학교,공립,11230511
중학교,사립,11230511
유치원,사립,11230511
유치원,사립,11230511
초등학교,공립,11230511
중학교,사립,11230511
유치원,사립,11230511
유치원,사립,11230511
초등학교,공립,11230511
중학교,사립,11230511
유치원,사립,11230511
유치원,사립,11230511
초등학교,공립,11230511
중학교,사립,11230511
유치원,사립,11230511
유치원,사립,11230511
초등학교,공립,11230511
중학교,사립,11230511
유치원,사립,11230511
유치원,사립,11230511
유치원,사립,11230511
초등학교,공립,11230511
중학교,사립,11230511
유치원,사립,11230511
유치원,사립,11230511
초등학교,공립,11230511
중학교,사립,11230511
유치원,공립,11230520
초등학교,공립,11230520
유치원,공립,11230520
초등학교,공립,11230520
유치원,공립,11230520
초등학교,공립,11230520
유치원,공립,11230520
초등학교,공립,11230520
초등학교,공립,11230520
초등학교,공립,11230520
초등학교,공립,11230520
초등학교,공립,11230520
초등학교,공립,11230520
초등학교,공립,11230520
유치원,공립,11230520
초등학교,공립,11230520
유치원,공립,11230520
초등학교,공립,11230520
유치원,사립,11230530
초등학교,공립,11230530
중학교,공립,11230530
유치원,사립,11230530
초등학교,공립,11230530
중학교,공립,11230530
유치원,사립,11230530
초등학교,공립,11230530
중학교,공립,11230530
유치원,사립,11230530
초등학교,공립,11230530
중학교,공립,11230530
유치원,사립,11230530
초등학교,공립,11230530
중학교,공립,11230530
유치원,사립,11230530
초등학교,공립,11230530
중학교,공립,11230530
유치원,사립,11230530
초등학교,공립,11230530
중학교,공립,11230530
유치원,공립,11230530
유치원,사립,11230530
초등학교,공립,11230530
중학교,공립,11230530
유치원,공립,11230530
유치원,사립,11230530
초등학교,공립,11230530
중학교,공립,11230530
유치원,공립,11230530
유치원,사립,11230530
초등학교,공립,11230530
중학교,공립,11230530
유치원,공립,11230530
유치원,사립,11230530
초등학교,공립,11230530
중학교,공립,11230530
유치원,공립,11230530
유치원,사립,11230530
초등학교,공립,11230530
중학교,공립,11230530
유치원,사립,11230580
초등학교,공립,11230580
중학교,공립,11230580
고등학교,공립,11230580
특수학교,공립,11230580
유치원,사립,11230580
초등학교,공립,11230580
중학교,공립,11230580
고등학교,공립,11230580
특수학교,공립,11230580
유치원,사립,11230580
초등학교,공립,11230580
중학교,공립,11230580
고등학교,공립,11230580
특수학교,공립,11230580
유치원,사립,11230580
초등학교,공립,11230580
중학교,공립,11230580
고등학교,공립,11230580
특수학교,공립,11230580
유치원,사립,11230580
초등학교,공립,11230580
중학교,공립,11230580
고등학교,공립,11230580
특수학교,공립,11230580
유치원,사립,11230580
초등학교,공립,11230580
중학교,공립,11230580
고등학교,공립,11230580
특수학교,공립,11230580
유치원,사립,11230580
초등학교,공립,11230580
중학교,공립,11230580
고등학교,공립,11230580
특수학교,공립,11230580
유치원,사립,11230580
초등학교,공립,11230580
중학교,공립,11230580
고등학교,공립,11230580
특수학교,공립,11230580
유치원,사립,11230580
초등학교,공립,11230580
중학교,공립,11230580
고등학교,공립,11230580
특수학교,공립,11230580
유치원,사립,11230580
초등학교,공립,11230580
중학교,공립,11230580
고등학교,공립,11230580
특수학교,공립,11230580
유치원,사립,11230580
초등학교,공립,11230580
중학교,공립,11230580
고등학교,공립,11230580
특수학교,공립,11230580
유치원,사립,11230580
초등학교,공립,11230580
중학교,공립,11230580
고등학교,공립,11230580
특수학교,공립,11230580
초등학교,공립,11230590
중학교,공립,11230590
초등학교,공립,11230590
중학교,공립,11230590
초등학교,공립,11230590
중학교,공립,11230590
초등학교,공립,11230590
중학교,공립,11230590
초등학교,공립,11230590
중학교,공립,11230590
초등학교,공립,11230590
중학교,공립,11230590
초등학교,공립,11230590
중학교,공립,11230590
초등학교,공립,11230590
중학교,공립,11230590
초등학교,공립,11230590
중학교,공립,11230590
초등학교,공립,11230590
중학교,공립,11230590
유치원,사립,11230590
초등학교,공립,11230590
중학교,공립,11230590
초등학교,공립,11230590
중학교,공립,11230590
유치원,사립,11230600
유치원,사립,11230600
유치원,사립,11230600
초등학교,공립,11230600
중학교,공립,11230600
중학교,사립,11230600
고등학교,사립,11230600
고등학교,사립,11230600
유치원,사립,11230600
유치원,사립,11230600
유치원,사립,11230600
초등학교,공립,11230600
중학교,공립,11230600
중학교,사립,11230600
고등학교,사립,11230600
고등학교,사립,11230600
유치원,사립,11230600
유치원,사립,11230600
유치원,사립,11230600
초등학교,공립,11230600
중학교,공립,11230600
중학교,사립,11230600
고등학교,사립,11230600
고등학교,사립,11230600
유치원,사립,11230600
유치원,사립,11230600
유치원,사립,11230600
초등학교,공립,11230600
중학교,공립,11230600
중학교,사립,11230600
고등학교,사립,11230600
고등학교,사립,11230600
유치원,사립,11230600
유치원,사립,11230600
유치원,사립,11230600
초등학교,공립,11230600
중학교,공립,11230600
중학교,사립,11230600
고등학교,사립,11230600
고등학교,사립,11230600
유치원,사립,11230600
유치원,사립,11230600
유치원,사립,11230600
초등학교,공립,11230600
중학교,공립,11230600
중학교,사립,11230600
고등학교,사립,11230600
고등학교,사립,11230600
유치원,사립,11230600
유치원,사립,11230600
유치원,사립,11230600
초등학교,공립,11230600
중학교,공립,11230600
중학교,사립,11230600
고등학교,사립,11230600
고등학교,사립,11230600
유치원,사립,11230600
유치원,사립,11230600
유치원,사립,11230600
초등학교,공립,11230600
중학교,공립,11230600
중학교,사립,11230600
고등학교,사립,11230600
고등학교,사립,11230600
유치원,사립,11230600
유치원,사립,11230600
유치원,사립,11230600
초등학교,공립,11230600
중학교,공립,11230600
중학교,사립,11230600
고등학교,사립,11230600
고등학교,사립,11230600
유치원,사립,11230600
유치원,사립,11230600
유치원,사립,11230600
초등학교,공립,11230600
중학교,공립,11230600
중학교,사립,11230600
고등학교,사립,11230600
고등학교,사립,11230600
유치원,사립,11230600
유치원,사립,11230600
초등학교,공립,11230600
중학교,공립,11230600
중학교,사립,11230600
고등학교,사립,11230600
고등학교,사립,11230600
유치원,사립,11230600
초등학교,공립,11230600
중학교,공립,11230600
중학교,사립,11230600
고등학교,사립,11230600
고등학교,사립,11230600
유치원,공립,11230630
초등학교,공립,11230630
유치원,공립,11230630
초등학교,공립,11230630
유치원,공립,11230630
초등학교,공립,11230630
유치원,공립,11230630
초등학교,공립,11230630
유치원,공립,11230630
초등학교,공립,11230630
유치원,공립,11230630
초등학교,공립,11230630
유치원,공립,11230630
초등학교,공립,11230630
유치원,공립,11230630
초등학교,공립,11230630
유치원,공립,11230630
초등학교,공립,11230630
유치원,공립,11230630
초등학교,공립,11230630
유치원,공립,11230630
초등학교,공립,11230630
유치원,공립,11230630
초등학교,공립,11230630
유치원,공립,11230640
초등학교,공립,11230640
유치원,공립,11230640
초등학교,공립,11230640
유치원,공립,11230640
초등학교,공립,11230640
유치원,공립,11230640
초등학교,공립,11230640
유치원,공립,11230640
초등학교,공립,11230640
유치원,공립,11230640
초등학교,공립,11230640
유치원,공립,11230640
초등학교,공립,11230640
유치원,공립,11230640
초등학교,공립,11230640
유치원,공립,11230640
초등학교,공립,11230640
유치원,공립,11230640
초등학교,공립,11230640
유치원,공립,11230640
초등학교,공립,11230640
유치원,공립,11230640
초등학교,공립,11230640
유치원,사립,11230650
초등학교,공립,11230650
중학교,공립,11230650
중학교,사립,11230650
고등학교,사립,11230650
유치원,사립,11230650
초등학교,공립,11230650
중학교,공립,11230650
중학교,사립,11230650
고등학교,사립,11230650
유치원,사립,11230650
초등학교,공립,11230650
중학교,공립,11230650
중학교,사립,11230650
고등학교,사립,11230650
유치원,사립,11230650
초등학교,공립,11230650
중학교,공립,11230650
중학교,사립,11230650
고등학교,사립,11230650
유치원,사립,11230650
초등학교,공립,11230650
중학교,공립,11230650
중학교,사립,11230650
고등학교,사립,11230650
초등학교,공립,11230650
중학교,공립,11230650
중학교,사립,11230650
고등학교,사립,11230650
초등학교,공립,11230650
중학교,공립,11230650
중학교,사립,11230650
고등학교,사립,11230650
초등학교,공립,11230650
중학교,공립,11230650
중학교,사립,11230650
고등학교,사립,11230650
초등학교,공립,11230650
중학교,공립,11230650
중학교,사립,11230650
고등학교,사립,11230650
초등학교,공립,11230650
중학교,공립,11230650
중학교,사립,11230650
고등학교,사립,11230650
초등학교,공립,11230650
중학교,공립,11230650
중학교,사립,11230650
고등학교,사립,11230650
초등학교,공립,11230650
중학교,공립,11230650
중학교,사립,11230650
고등학교,사립,11230650
유치원,공립,11230660
유치원,사립,11230660
초등학교,공립,11230660
중학교,공립,11230660
중학교,사립,11230660
고등학교,사립,11230660
유치원,공립,11230660
유치원,사립,11230660
초등학교,공립,11230660
중학교,공립,11230660
중학교,사립,11230660
고등학교,사립,11230660
유치원,공립,11230660
유치원,사립,11230660
초등학교,공립,11230660
중학교,공립,11230660
중학교,사립,11230660
고등학교,사립,11230660
유치원,공립,11230660
유치원,사립,11230660
초등학교,공립,11230660
중학교,공립,11230660
중학교,사립,11230660
고등학교,사립,11230660
유치원,공립,11230660
유치원,공립,11230660
유치원,사립,11230660
유치원,사립,11230660
초등학교,공립,11230660
중학교,공립,11230660
중학교,사립,11230660
고등학교,사립,11230660
유치원,공립,11230660
유치원,공립,11230660
유치원,사립,11230660
초등학교,공립,11230660
중학교,공립,11230660
중학교,사립,11230660
고등학교,사립,11230660
유치원,공립,11230660
유치원,공립,11230660
유치원,사립,11230660
초등학교,공립,11230660
중학교,공립,11230660
중학교,사립,11230660
고등학교,사립,11230660
유치원,공립,11230660
유치원,공립,11230660
초등학교,공립,11230660
중학교,공립,11230660
중학교,사립,11230660
고등학교,사립,11230660
유치원,공립,11230660
유치원,공립,11230660
초등학교,공립,11230660
중학교,공립,11230660
중학교,사립,11230660
고등학교,사립,11230660
유치원,공립,11230660
초등학교,공립,11230660
중학교,공립,11230660
중학교,사립,11230660
고등학교,사립,11230660
유치원,공립,11230660
초등학교,공립,11230660
중학교,공립,11230660
중학교,사립,11230660
고등학교,사립,11230660
유치원,공립,11230660
초등학교,공립,11230660
중학교,공립,11230660
중학교,사립,11230660
고등학교,사립,11230660
유치원,사립,11230670
유치원,사립,11230670
초등학교,공립,11230670
중학교,공립,11230670
중학교,사립,11230670
고등학교,사립,11230670
고등학교,사립,11230670
유치원,사립,11230670
유치원,사립,11230670
초등학교,공립,11230670
중학교,공립,11230670
중학교,사립,11230670
고등학교,사립,11230670
고등학교,사립,11230670
유치원,사립,11230670
유치원,사립,11230670
초등학교,공립,11230670
중학교,공립,11230670
중학교,사립,11230670
고등학교,사립,11230670
고등학교,사립,11230670
유치원,사립,11230670
유치원,사립,11230670
초등학교,공립,11230670
중학교,공립,11230670
중학교,사립,11230670
고등학교,사립,11230670
고등학교,사립,11230670
유치원,사립,11230670
유치원,사립,11230670
초등학교,공립,11230670
중학교,공립,11230670
중학교,사립,11230670
고등학교,사립,11230670
고등학교,사립,11230670
유치원,사립,11230670
유치원,사립,11230670
초등학교,공립,11230670
중학교,공립,11230670
중학교,사립,11230670
고등학교,사립,11230670
고등학교,사립,11230670
유치원,사립,11230670
유치원,사립,11230670
초등학교,공립,11230670
중학교,공립,11230670
중학교,사립,11230670
고등학교,사립,11230670
고등학교,사립,11230670
유치원,사립,11230670
유치원,사립,11230670
초등학교,공립,11230670
중학교,공립,11230670
중학교,사립,11230670
고등학교,사립,11230670
고등학교,사립,11230670
유치원,사립,11230670
유치원,사립,11230670
초등학교,공립,11230670
중학교,공립,11230670
중학교,사립,11230670
고등학교,사립,11230670
고등학교,사립,11230670
유치원,사립,11230670
유치원,사립,11230670
초등학교,공립,11230670
중학교,공립,11230670
중학교,사립,11230670
고등학교,사립,11230670
고등학교,사립,11230670
유치원,사립,11230670
유치원,사립,11230670
초등학교,공립,11230670
중학교,공립,11230670
중학교,사립,11230670
고등학교,사립,11230670
고등학교,사립,11230670
유치원,사립,11230670
유치원,사립,11230670
초등학교,공립,11230670
중학교,공립,11230670
중학교,사립,11230670
고등학교,사립,11230670
고등학교,사립,11230670
유치원,공립,11230680
초등학교,공립,11230680
중학교,공립,11230680
중학교,공립,11230680
유치원,공립,11230680
초등학교,공립,11230680
중학교,공립,11230680
중학교,공립,11230680
유치원,공립,11230680
초등학교,공립,11230680
중학교,공립,11230680
중학교,공립,11230680
유치원,공립,11230680
초등학교,공립,11230680
중학교,공립,11230680
중학교,공립,11230680
유치원,공립,11230680
초등학교,공립,11230680
중학교,공립,11230680
중학교,공립,11230680
유치원,공립,11230680
초등학교,공립,11230680
중학교,공립,11230680
중학교,공립,11230680
유치원,공립,11230680
초등학교,공립,11230680
중학교,공립,11230680
중학교,공립,11230680
유치원,공립,11230680
초등학교,공립,11230680
중학교,공립,11230680
중학교,공립,11230680
유치원,공립,11230680
초등학교,공립,11230680
중학교,공립,11230680
중학교,공립,11230680
유치원,공립,11230680
초등학교,공립,11230680
중학교,공립,11230680
중학교,공립,11230680
유치원,공립,11230680
초등학교,공립,11230680
초등학교,공립,11230680
중학교,공립,11230680
중학교,공립,11230680
유치원,공립,11230680
유치원,공립,11230680
초등학교,공립,11230680
초등학교,공립,11230680
중학교,공립,11230680
중학교,공립,11230680
유치원,사립,11230710
초등학교,공립,11230710
초등학교,공립,11230710
고등학교,국립,11230710
각종학교,국립,11230710
유치원,사립,11230710
초등학교,공립,11230710
초등학교,공립,11230710
고등학교,국립,11230710
각종학교,국립,11230710
유치원,사립,11230710
초등학교,공립,11230710
초등학교,공립,11230710
고등학교,국립,11230710
각종학교,국립,11230710
유치원,사립,11230710
초등학교,공립,11230710
초등학교,공립,11230710
고등학교,국립,11230710
각종학교,국립,11230710
유치원,공립,11230710
유치원,사립,11230710
초등학교,공립,11230710
초등학교,공립,11230710
고등학교,국립,11230710
각종학교,국립,11230710
유치원,공립,11230710
유치원,사립,11230710
초등학교,공립,11230710
초등학교,공립,11230710
고등학교,국립,11230710
각종학교,국립,11230710
유치원,공립,11230710
유치원,사립,11230710
초등학교,공립,11230710
초등학교,공립,11230710
고등학교,국립,11230710
각종학교,국립,11230710
유치원,공립,11230710
유치원,사립,11230710
초등학교,공립,11230710
초등학교,공립,11230710
고등학교,국립,11230710
각종학교,국립,11230710
유치원,공립,11230710
유치원,사립,11230710
초등학교,공립,11230710
초등학교,공립,11230710
고등학교,국립,11230710
각종학교,국립,11230710
유치원,공립,11230710
유치원,사립,11230710
초등학교,공립,11230710
초등학교,공립,11230710
고등학교,국립,11230710
각종학교,국립,11230710
유치원,공립,11230710
유치원,사립,11230710
초등학교,공립,11230710
초등학교,공립,11230710
고등학교,국립,11230710
각종학교,국립,11230710
유치원,공립,11230710
유치원,사립,11230710
초등학교,공립,11230710
초등학교,공립,11230710
고등학교,국립,11230710
각종학교,국립,11230710
유치원,사립,11230720
유치원,사립,11230720
유치원,사립,11230720
초등학교,공립,11230720
초등학교,공립,11230720
중학교,공립,11230720
고등학교,공립,11230720
고등학교,사립,11230720
특수학교,사립,11230720
유치원,사립,11230720
유치원,사립,11230720
유치원,사립,11230720
초등학교,공립,11230720
초등학교,공립,11230720
중학교,공립,11230720
고등학교,공립,11230720
고등학교,사립,11230720
특수학교,사립,11230720
유치원,사립,11230720
유치원,사립,11230720
유치원,사립,11230720
초등학교,공립,11230720
초등학교,공립,11230720
중학교,공립,11230720
고등학교,공립,11230720
고등학교,사립,11230720
특수학교,사립,11230720
유치원,사립,11230720
유치원,사립,11230720
유치원,사립,11230720
초등학교,공립,11230720
초등학교,공립,11230720
중학교,공립,11230720
고등학교,공립,11230720
고등학교,사립,11230720
특수학교,사립,11230720
유치원,사립,11230720
유치원,사립,11230720
유치원,사립,11230720
초등학교,공립,11230720
초등학교,공립,11230720
중학교,공립,11230720
고등학교,공립,11230720
고등학교,사립,11230720
특수학교,사립,11230720
유치원,사립,11230720
유치원,사립,11230720
유치원,사립,11230720
초등학교,공립,11230720
초등학교,공립,11230720
중학교,공립,11230720
고등학교,공립,11230720
고등학교,사립,11230720
특수학교,사립,11230720
유치원,사립,11230720
유치원,사립,11230720
초등학교,공립,11230720
초등학교,공립,11230720
중학교,공립,11230720
고등학교,공립,11230720
고등학교,사립,11230720
특수학교,사립,11230720
유치원,사립,11230720
유치원,사립,11230720
초등학교,공립,11230720
초등학교,공립,11230720
중학교,공립,11230720
고등학교,공립,11230720
고등학교,사립,11230720
특수학교,사립,11230720
유치원,사립,11230720
유치원,사립,11230720
초등학교,공립,11230720
초등학교,공립,11230720
중학교,공립,11230720
고등학교,공립,11230720
고등학교,사립,11230720
특수학교,사립,11230720
유치원,사립,11230720
유치원,사립,11230720
초등학교,공립,11230720
초등학교,공립,11230720
중학교,공립,11230720
고등학교,공립,11230720
고등학교,사립,11230720
특수학교,사립,11230720
유치원,사립,11230720
유치원,사립,11230720
초등학교,공립,11230720
초등학교,공립,11230720
중학교,공립,11230720
고등학교,공립,11230720
고등학교,사립,11230720
특수학교,사립,11230720
유치원,사립,11230720
유치원,사립,11230720
초등학교,공립,11230720
초등학교,공립,11230720
중학교,공립,11230720
고등학교,공립,11230720
고등학교,사립,11230720
특수학교,사립,11230720
유치원,사립,11230730
초등학교,공립,11230730
초등학교,공립,11230730
고등학교,사립,11230730
유치원,사립,11230730
초등학교,공립,11230730
초등학교,공립,11230730
고등학교,사립,11230730
유치원,사립,11230730
초등학교,공립,11230730
초등학교,공립,11230730
고등학교,사립,11230730
유치원,사립,11230730
초등학교,공립,11230730
초등학교,공립,11230730
고등학교,사립,11230730
유치원,사립,11230730
초등학교,공립,11230730
초등학교,공립,11230730
고등학교,사립,11230730
유치원,사립,11230730
초등학교,공립,11230730
초등학교,공립,11230730
고등학교,사립,11230730
유치원,사립,11230730
초등학교,공립,11230730
초등학교,공립,11230730
고등학교,사립,11230730
초등학교,공립,11230730
초등학교,공립,11230730
고등학교,사립,11230730
유치원,공립,11230730
초등학교,공립,11230730
초등학교,공립,11230730
고등학교,사립,11230730
유치원,공립,11230730
초등학교,공립,11230730
초등학교,공립,11230730
고등학교,사립,11230730
유치원,공립,11230730
초등학교,공립,11230730
초등학교,공립,11230730
고등학교,사립,11230730
유치원,공립,11230730
초등학교,공립,11230730
초등학교,공립,11230730
고등학교,사립,11230730
유치원,공립,11230750
유치원,사립,11230750
유치원,사립,11230750
초등학교,공립,11230750
중학교,공립,11230750
고등학교,사립,11230750
고등학교,사립,11230750
유치원,공립,11230750
유치원,사립,11230750
유치원,사립,11230750
초등학교,공립,11230750
중학교,공립,11230750
고등학교,사립,11230750
고등학교,사립,11230750
유치원,공립,11230750
유치원,사립,11230750
유치원,사립,11230750
초등학교,공립,11230750
중학교,공립,11230750
고등학교,사립,11230750
고등학교,사립,11230750
유치원,공립,11230750
유치원,사립,11230750
유치원,사립,11230750
초등학교,공립,11230750
중학교,공립,11230750
고등학교,사립,11230750
고등학교,사립,11230750
유치원,공립,11230750
유치원,사립,11230750
유치원,사립,11230750
유치원,사립,11230750
초등학교,공립,11230750
중학교,공립,11230750
고등학교,사립,11230750
고등학교,사립,11230750
유치원,공립,11230750
유치원,사립,11230750
유치원,사립,11230750
유치원,사립,11230750
초등학교,공립,11230750
중학교,공립,11230750
고등학교,사립,11230750
고등학교,사립,11230750
유치원,공립,11230750
유치원,사립,11230750
유치원,사립,11230750
유치원,사립,11230750
초등학교,공립,11230750
중학교,공립,11230750
고등학교,사립,11230750
고등학교,사립,11230750
유치원,공립,11230750
유치원,사립,11230750
유치원,사립,11230750
유치원,사립,11230750
초등학교,공립,11230750
중학교,공립,11230750
고등학교,사립,11230750
고등학교,사립,11230750
유치원,공립,11230750
유치원,사립,11230750
유치원,사립,11230750
유치원,사립,11230750
초등학교,공립,11230750
중학교,공립,11230750
고등학교,사립,11230750
고등학교,사립,11230750
유치원,공립,11230750
유치원,사립,11230750
유치원,사립,11230750
유치원,사립,11230750
초등학교,공립,11230750
중학교,공립,11230750
고등학교,사립,11230750
고등학교,사립,11230750
유치원,공립,11230750
유치원,사립,11230750
유치원,사립,11230750
유치원,사립,11230750
초등학교,공립,11230750
중학교,공립,11230750
고등학교,사립,11230750
고등학교,사립,11230750
유치원,공립,11230750
유치원,사립,11230750
유치원,사립,11230750
초등학교,공립,11230750
중학교,공립,11230750
고등학교,사립,11230750
고등학교,사립,11230750
유치원,공립,11230760
유치원,공립,11230760
유치원,사립,11230760
초등학교,공립,11230760
초등학교,공립,11230760
중학교,공립,11230760
유치원,공립,11230760
유치원,공립,11230760
유치원,공립,11230760
유치원,공립,11230760
유치원,공립,11230760
유치원,사립,11230760
초등학교,공립,11230760
초등학교,공립,11230760
초등학교,공립,11230760
초등학교,공립,11230760
중학교,공립,11230760
유치원,공립,11230760
유치원,공립,11230760
유치원,공립,11230760
유치원,공립,11230760
유치원,공립,11230760
유치원,사립,11230760
초등학교,공립,11230760
초등학교,공립,11230760
초등학교,공립,11230760
초등학교,공립,11230760
중학교,공립,11230760
유치원,공립,11230760
유치원,공립,11230760
유치원,공립,11230760
유치원,공립,11230760
유치원,공립,11230760
유치원,사립,11230760
초등학교,공립,11230760
초등학교,공립,11230760
초등학교,공립,11230760
초등학교,공립,11230760
중학교,공립,11230760
고등학교,사립,11230760
유치원,공립,11230760
유치원,공립,11230760
유치원,공립,11230760
유치원,공립,11230760
유치원,공립,11230760
유치원,사립,11230760
초등학교,공립,11230760
초등학교,공립,11230760
초등학교,공립,11230760
초등학교,공립,11230760
중학교,공립,11230760
고등학교,사립,11230760
유치원,공립,11230760
유치원,공립,11230760
유치원,공립,11230760
유치원,공립,11230760
유치원,공립,11230760
유치원,사립,11230760
초등학교,공립,11230760
초등학교,공립,11230760
초등학교,공립,11230760
초등학교,공립,11230760
중학교,공립,11230760
고등학교,사립,11230760
유치원,공립,11230760
유치원,공립,11230760
유치원,공립,11230760
유치원,공립,11230760
유치원,공립,11230760
유치원,사립,11230760
초등학교,공립,11230760
초등학교,공립,11230760
초등학교,공립,11230760
초등학교,공립,11230760
중학교,공립,11230760
고등학교,사립,11230760
유치원,공립,11230760
유치원,공립,11230760
유치원,공립,11230760
유치원,공립,11230760
유치원,공립,11230760
유치원,사립,11230760
초등학교,공립,11230760
초등학교,공립,11230760
초등학교,공립,11230760
초등학교,공립,11230760
중학교,공립,11230760
고등학교,사립,11230760
유치원,공립,11230760
유치원,공립,11230760
유치원,공립,11230760
유치원,공립,11230760
유치원,공립,11230760
유치원,사립,11230760
초등학교,공립,11230760
초등학교,공립,11230760
초등학교,공립,11230760
초등학교,공립,11230760
중학교,공립,11230760
고등학교,사립,11230760
유치원,공립,11230760
유치원,공립,11230760
유치원,공립,11230760
유치원,공립,11230760
유치원,공립,11230760
유치원,사립,11230760
초등학교,공립,11230760
초등학교,공립,11230760
초등학교,공립,11230760
초등학교,공립,11230760
중학교,공립,11230760
고등학교,사립,11230760
유치원,공립,11230760
유치원,공립,11230760
유치원,공립,11230760
유치원,공립,11230760
유치원,공립,11230760
유치원,사립,11230760
초등학교,공립,11230760
초등학교,공립,11230760
초등학교,공립,11230760
초등학교,공립,11230760
중학교,공립,11230760
고등학교,사립,11230760
유치원,공립,11230760
유치원,공립,11230760
유치원,공립,11230760
유치원,공립,11230760
유치원,공립,11230760
유치원,사립,11230760
초등학교,공립,11230760
초등학교,공립,11230760
초등학교,공립,11230760
초등학교,공립,11230760
중학교,공립,11230760
고등학교,사립,11230760
유치원,사립,11230770
유치원,사립,11230770
초등학교,공립,11230770
중학교,공립,11230770
중학교,공립,11230770
고등학교,공립,11230770
고등학교,공립,11230770
유치원,사립,11230770
유치원,사립,11230770
초등학교,공립,11230770
중학교,공립,11230770
중학교,공립,11230770
고등학교,공립,11230770
고등학교,공립,11230770
유치원,사립,11230770
유치원,사립,11230770
초등학교,공립,11230770
중학교,공립,11230770
중학교,공립,11230770
고등학교,공립,11230770
고등학교,공립,11230770
유치원,사립,11230770
초등학교,공립,11230770
중학교,공립,11230770
중학교,공립,11230770
고등학교,공립,11230770
고등학교,공립,11230770
유치원,사립,11230770
초등학교,공립,11230770
중학교,공립,11230770
중학교,공립,11230770
고등학교,공립,11230770
고등학교,공립,11230770
유치원,사립,11230770
초등학교,공립,11230770
중학교,공립,11230770
중학교,공립,11230770
고등학교,공립,11230770
고등학교,공립,11230770
유치원,사립,11230770
초등학교,공립,11230770
중학교,공립,11230770
중학교,공립,11230770
고등학교,공립,11230770
고등학교,공립,11230770
유치원,사립,11230770
초등학교,공립,11230770
중학교,공립,11230770
중학교,공립,11230770
고등학교,공립,11230770
고등학교,공립,11230770
초등학교,공립,11230770
중학교,공립,11230770
중학교,공립,11230770
고등학교,공립,11230770
고등학교,공립,11230770
초등학교,공립,11230770
중학교,공립,11230770
중학교,공립,11230770
고등학교,공립,11230770
고등학교,공립,11230770
초등학교,공립,11230770
중학교,공립,11230770
중학교,공립,11230770
고등학교,공립,11230770
고등학교,공립,11230770
초등학교,공립,11230770
중학교,공립,11230770
중학교,공립,11230770
고등학교,공립,11230770
유치원,사립,11230780
유치원,사립,11230780
유치원,사립,11230780
초등학교,공립,11230780
초등학교,공립,11230780
중학교,공립,11230780
고등학교,사립,11230780
유치원,사립,11230780
유치원,사립,11230780
유치원,사립,11230780
초등학교,공립,11230780
초등학교,공립,11230780
중학교,공립,11230780
고등학교,사립,11230780
유치원,사립,11230780
유치원,사립,11230780
유치원,사립,11230780
초등학교,공립,11230780
초등학교,공립,11230780
중학교,공립,11230780
고등학교,사립,11230780
유치원,사립,11230780
유치원,사립,11230780
초등학교,공립,11230780
초등학교,공립,11230780
중학교,공립,11230780
고등학교,사립,11230780
유치원,사립,11230780
유치원,사립,11230780
초등학교,공립,11230780
초등학교,공립,11230780
중학교,공립,11230780
고등학교,사립,11230780
유치원,사립,11230780
유치원,사립,11230780
초등학교,공립,11230780
초등학교,공립,11230780
중학교,공립,11230780
고등학교,사립,11230780
유치원,사립,11230780
유치원,사립,11230780
초등학교,공립,11230780
초등학교,공립,11230780
중학교,공립,11230780
고등학교,사립,11230780
유치원,사립,11230780
유치원,사립,11230780
초등학교,공립,11230780
초등학교,공립,11230780
중학교,공립,11230780
고등학교,사립,11230780
유치원,공립,11230780
유치원,사립,11230780
유치원,사립,11230780
초등학교,공립,11230780
초등학교,공립,11230780
중학교,공립,11230780
고등학교,사립,11230780
유치원,공립,11230780
유치원,사립,11230780
유치원,사립,11230780
초등학교,공립,11230780
초등학교,공립,11230780
중학교,공립,11230780
고등학교,사립,11230780
유치원,공립,11230780
유치원,사립,11230780
유치원,사립,11230780
초등학교,공립,11230780
초등학교,공립,11230780
중학교,공립,11230780
고등학교,사립,11230780
유치원,공립,11230780
유치원,사립,11230780
유치원,사립,11230780
초등학교,공립,11230780
초등학교,공립,11230780
중학교,공립,11230780
고등학교,사립,11230780
유치원,공립,11230790
초등학교,공립,11230790
초등학교,공립,11230790
중학교,공립,11230790
중학교,사립,11230790
고등학교,사립,11230790
유치원,공립,11230790
초등학교,공립,11230790
초등학교,공립,11230790
중학교,공립,11230790
중학교,사립,11230790
고등학교,사립,11230790
유치원,공립,11230790
초등학교,공립,11230790
초등학교,공립,11230790
중학교,공립,11230790
중학교,사립,11230790
고등학교,사립,11230790
유치원,공립,11230790
초등학교,공립,11230790
초등학교,공립,11230790
중학교,공립,11230790
중학교,사립,11230790
고등학교,사립,11230790
유치원,공립,11230790
초등학교,공립,11230790
초등학교,공립,11230790
중학교,공립,11230790
중학교,사립,11230790
고등학교,사립,11230790
유치원,공립,11230790
초등학교,공립,11230790
초등학교,공립,11230790
중학교,공립,11230790
중학교,사립,11230790
고등학교,사립,11230790
유치원,공립,11230790
초등학교,공립,11230790
초등학교,공립,11230790
중학교,공립,11230790
중학교,사립,11230790
고등학교,사립,11230790
유치원,공립,11230790
초등학교,공립,11230790
초등학교,공립,11230790
중학교,공립,11230790
중학교,사립,11230790
고등학교,사립,11230790
유치원,공립,11230790
초등학교,공립,11230790
초등학교,공립,11230790
중학교,공립,11230790
중학교,사립,11230790
고등학교,사립,11230790
유치원,공립,11230790
초등학교,공립,11230790
초등학교,공립,11230790
중학교,공립,11230790
중학교,사립,11230790
고등학교,사립,11230790
유치원,공립,11230790
초등학교,공립,11230790
초등학교,공립,11230790
중학교,공립,11230790
중학교,사립,11230790
고등학교,사립,11230790
유치원,공립,11230790
초등학교,공립,11230790
초등학교,공립,11230790
중학교,공립,11230790
중학교,사립,11230790
고등학교,사립,11230790
유치원,공립,11230800
유치원,사립,11230800
유치원,사립,11230800
유치원,사립,11230800
유치원,사립,11230800
유치원,사립,11230800
초등학교,공립,11230800
초등학교,공립,11230800
초등학교,공립,11230800
초등학교,공립,11230800
중학교,공립,11230800
고등학교,공립,11230800
고등학교,공립,11230800
고등학교,사립,11230800
방송통신고,공립,11230800
유치원,공립,11230800
유치원,사립,11230800
유치원,사립,11230800
유치원,사립,11230800
유치원,사립,11230800
초등학교,공립,11230800
초등학교,공립,11230800
초등학교,공립,11230800
초등학교,공립,11230800
중학교,공립,11230800
고등학교,공립,11230800
고등학교,공립,11230800
고등학교,사립,11230800
방송통신고,공립,11230800
유치원,공립,11230800
유치원,사립,11230800
유치원,사립,11230800
유치원,사립,11230800
초등학교,공립,11230800
초등학교,공립,11230800
초등학교,공립,11230800
초등학교,공립,11230800
중학교,공립,11230800
고등학교,공립,11230800
고등학교,공립,11230800
고등학교,사립,11230800
방송통신고,공립,11230800
유치원,공립,11230800
유치원,사립,11230800
유치원,사립,11230800
초등학교,공립,11230800
초등학교,공립,11230800
초등학교,공립,11230800
초등학교,공립,11230800
중학교,공립,11230800
고등학교,공립,11230800
고등학교,공립,11230800
고등학교,사립,11230800
방송통신고,공립,11230800
유치원,공립,11230800
유치원,사립,11230800
초등학교,공립,11230800
초등학교,공립,11230800
초등학교,공립,11230800
초등학교,공립,11230800
중학교,공립,11230800
고등학교,공립,11230800
고등학교,공립,11230800
고등학교,사립,11230800
방송통신고,공립,11230800
유치원,공립,11230800
유치원,사립,11230800
초등학교,공립,11230800
초등학교,공립,11230800
초등학교,공립,11230800
초등학교,공립,11230800
중학교,공립,11230800
고등학교,공립,11230800
고등학교,공립,11230800
고등학교,사립,11230800
방송통신고,공립,11230800
유치원,공립,11230800
유치원,사립,11230800
초등학교,공립,11230800
초등학교,공립,11230800
초등학교,공립,11230800
초등학교,공립,11230800
중학교,공립,11230800
고등학교,공립,11230800
고등학교,공립,11230800
고등학교,사립,11230800
방송통신고,공립,11230800
유치원,공립,11230800
유치원,사립,11230800
초등학교,공립,11230800
초등학교,공립,11230800
초등학교,공립,11230800
초등학교,공립,11230800
중학교,공립,11230800
고등학교,공립,11230800
고등학교,공립,11230800
고등학교,사립,11230800
방송통신고,공립,11230800
유치원,공립,11230800
유치원,사립,11230800
초등학교,공립,11230800
초등학교,공립,11230800
초등학교,공립,11230800
초등학교,공립,11230800
중학교,공립,11230800
고등학교,공립,11230800
고등학교,공립,11230800
고등학교,사립,11230800
방송통신고,공립,11230800
유치원,공립,11230800
유치원,사립,11230800
초등학교,공립,11230800
초등학교,공립,11230800
초등학교,공립,11230800
초등학교,공립,11230800
중학교,공립,11230800
고등학교,공립,11230800
고등학교,공립,11230800
고등학교,사립,11230800
방송통신고,공립,11230800
유치원,공립,11230800
유치원,공립,11230800
유치원,사립,11230800
초등학교,공립,11230800
초등학교,공립,11230800
초등학교,공립,11230800
초등학교,공립,11230800
중학교,공립,11230800
고등학교,공립,11230800
고등학교,공립,11230800
고등학교,사립,11230800
방송통신고,공립,11230800
유치원,공립,11230800
유치원,공립,11230800
유치원,사립,11230800
초등학교,공립,11230800
초등학교,공립,11230800
초등학교,공립,11230800
초등학교,공립,11230800
중학교,공립,11230800
고등학교,공립,11230800
고등학교,공립,11230800
고등학교,사립,11230800
방송통신고,공립,11230800
유치원,사립,11240510
초등학교,공립,11240510
특수학교,사립,11240510
유치원,사립,11240510
초등학교,공립,11240510
특수학교,사립,11240510
유치원,사립,11240510
초등학교,공립,11240510
특수학교,사립,11240510
유치원,사립,11240510
초등학교,공립,11240510
특수학교,사립,11240510
유치원,사립,11240510
초등학교,공립,11240510
특수학교,사립,11240510
유치원,사립,11240510
초등학교,공립,11240510
특수학교,사립,11240510
유치원,사립,11240510
초등학교,공립,11240510
특수학교,사립,11240510
유치원,사립,11240510
초등학교,공립,11240510
특수학교,사립,11240510
유치원,사립,11240510
초등학교,공립,11240510
특수학교,사립,11240510
유치원,사립,11240510
초등학교,공립,11240510
특수학교,사립,11240510
유치원,사립,11240510
초등학교,공립,11240510
특수학교,사립,11240510
유치원,사립,11240510
초등학교,공립,11240510
특수학교,사립,11240510
유치원,사립,11240520
유치원,사립,11240520
유치원,사립,11240520
초등학교,공립,11240520
초등학교,공립,11240520
중학교,공립,11240520
중학교,공립,11240520
중학교,사립,11240520
고등학교,사립,11240520
유치원,사립,11240520
유치원,사립,11240520
유치원,사립,11240520
초등학교,공립,11240520
초등학교,공립,11240520
중학교,공립,11240520
중학교,공립,11240520
중학교,사립,11240520
고등학교,사립,11240520
유치원,사립,11240520
유치원,사립,11240520
유치원,사립,11240520
초등학교,공립,11240520
초등학교,공립,11240520
중학교,공립,11240520
중학교,공립,11240520
중학교,사립,11240520
고등학교,사립,11240520
유치원,사립,11240520
유치원,사립,11240520
유치원,사립,11240520
초등학교,공립,11240520
초등학교,공립,11240520
중학교,공립,11240520
중학교,공립,11240520
중학교,사립,11240520
고등학교,사립,11240520
유치원,사립,11240520
유치원,사립,11240520
유치원,사립,11240520
초등학교,공립,11240520
초등학교,공립,11240520
중학교,공립,11240520
중학교,공립,11240520
중학교,사립,11240520
고등학교,사립,11240520
유치원,사립,11240520
유치원,사립,11240520
유치원,사립,11240520
초등학교,공립,11240520
초등학교,공립,11240520
중학교,공립,11240520
중학교,공립,11240520
중학교,사립,11240520
고등학교,사립,11240520
유치원,사립,11240520
유치원,사립,11240520
유치원,사립,11240520
초등학교,공립,11240520
초등학교,공립,11240520
중학교,공립,11240520
중학교,공립,11240520
중학교,사립,11240520
고등학교,사립,11240520
유치원,사립,11240520
유치원,사립,11240520
유치원,사립,11240520
초등학교,공립,11240520
초등학교,공립,11240520
중학교,공립,11240520
중학교,공립,11240520
중학교,사립,11240520
고등학교,사립,11240520
유치원,사립,11240520
유치원,사립,11240520
유치원,사립,11240520
초등학교,공립,11240520
초등학교,공립,11240520
중학교,공립,11240520
중학교,공립,11240520
중학교,사립,11240520
고등학교,사립,11240520
유치원,사립,11240520
유치원,사립,11240520
유치원,사립,11240520
초등학교,공립,11240520
초등학교,공립,11240520
중학교,공립,11240520
중학교,공립,11240520
중학교,사립,11240520
고등학교,사립,11240520
유치원,사립,11240520
유치원,사립,11240520
유치원,사립,11240520
초등학교,공립,11240520
초등학교,공립,11240520
중학교,공립,11240520
중학교,공립,11240520
중학교,사립,11240520
고등학교,사립,11240520
유치원,사립,11240520
유치원,사립,11240520
유치원,사립,11240520
초등학교,공립,11240520
초등학교,공립,11240520
중학교,공립,11240520
중학교,공립,11240520
중학교,사립,11240520
고등학교,사립,11240520
초등학교,공립,11240530
고등학교,공립,11240530
초등학교,공립,11240530
고등학교,공립,11240530
초등학교,공립,11240530
고등학교,공립,11240530
초등학교,공립,11240530
고등학교,공립,11240530
유치원,공립,11240530
초등학교,공립,11240530
고등학교,공립,11240530
유치원,공립,11240530
초등학교,공립,11240530
고등학교,공립,11240530
유치원,공립,11240530
초등학교,공립,11240530
고등학교,공립,11240530
유치원,공립,11240530
초등학교,공립,11240530
고등학교,공립,11240530
유치원,공립,11240530
초등학교,공립,11240530
초등학교,공립,11240530
고등학교,공립,11240530
유치원,공립,11240530
초등학교,공립,11240530
고등학교,공립,11240530
유치원,공립,11240530
초등학교,공립,11240530
고등학교,공립,11240530
유치원,공립,11240530
초등학교,공립,11240530
고등학교,공립,11240530
유치원,사립,11240540
유치원,사립,11240540
초등학교,공립,11240540
중학교,공립,11240540
유치원,사립,11240540
유치원,사립,11240540
초등학교,공립,11240540
중학교,공립,11240540
유치원,사립,11240540
유치원,사립,11240540
초등학교,공립,11240540
중학교,공립,11240540
유치원,사립,11240540
유치원,사립,11240540
초등학교,공립,11240540
중학교,공립,11240540
유치원,공립,11240540
유치원,사립,11240540
유치원,사립,11240540
초등학교,공립,11240540
중학교,공립,11240540
유치원,공립,11240540
유치원,사립,11240540
유치원,사립,11240540
초등학교,공립,11240540
중학교,공립,11240540
유치원,공립,11240540
유치원,사립,11240540
유치원,사립,11240540
초등학교,공립,11240540
중학교,공립,11240540
유치원,공립,11240540
유치원,사립,11240540
유치원,사립,11240540
초등학교,공립,11240540
중학교,공립,11240540
유치원,공립,11240540
유치원,공립,11240540
유치원,사립,11240540
유치원,사립,11240540
초등학교,공립,11240540
중학교,공립,11240540
중학교,공립,11240540
유치원,공립,11240540
유치원,공립,11240540
유치원,사립,11240540
유치원,사립,11240540
초등학교,공립,11240540
중학교,공립,11240540
유치원,공립,11240540
유치원,사립,11240540
유치원,사립,11240540
초등학교,공립,11240540
중학교,공립,11240540
유치원,공립,11240540
유치원,사립,11240540
유치원,사립,11240540
초등학교,공립,11240540
중학교,공립,11240540
초등학교,공립,11240550
유치원,사립,11240550
초등학교,공립,11240550
유치원,사립,11240550
초등학교,공립,11240550
유치원,사립,11240550
초등학교,공립,11240550
유치원,사립,11240550
초등학교,공립,11240550
유치원,사립,11240550
초등학교,공립,11240550
유치원,사립,11240550
초등학교,공립,11240550
유치원,사립,11240550
초등학교,공립,11240550
유치원,사립,11240550
초등학교,공립,11240550
유치원,사립,11240550
초등학교,공립,11240550
초등학교,공립,11240550
유치원,사립,11240550
초등학교,공립,11240550
유치원,사립,11240550
초등학교,공립,11240550
유치원,공립,11240560
유치원,사립,11240560
유치원,사립,11240560
초등학교,공립,11240560
유치원,공립,11240560
유치원,사립,11240560
유치원,사립,11240560
초등학교,공립,11240560
유치원,공립,11240560
유치원,사립,11240560
유치원,사립,11240560
초등학교,공립,11240560
유치원,공립,11240560
유치원,사립,11240560
유치원,사립,11240560
초등학교,공립,11240560
유치원,공립,11240560
유치원,사립,11240560
초등학교,공립,11240560
유치원,공립,11240560
유치원,사립,11240560
초등학교,공립,11240560
유치원,공립,11240560
유치원,사립,11240560
초등학교,공립,11240560
유치원,공립,11240560
유치원,사립,11240560
초등학교,공립,11240560
유치원,공립,11240560
초등학교,공립,11240560
유치원,공립,11240560
초등학교,공립,11240560
유치원,공립,11240560
초등학교,공립,11240560
초등학교,공립,11240560
유치원,공립,11240570
유치원,사립,11240570
초등학교,공립,11240570
초등학교,공립,11240570
중학교,공립,11240570
고등학교,공립,11240570
유치원,공립,11240570
유치원,사립,11240570
초등학교,공립,11240570
초등학교,공립,11240570
중학교,공립,11240570
고등학교,공립,11240570
유치원,공립,11240570
유치원,사립,11240570
초등학교,공립,11240570
초등학교,공립,11240570
중학교,공립,11240570
고등학교,공립,11240570
유치원,공립,11240570
유치원,사립,11240570
초등학교,공립,11240570
초등학교,공립,11240570
중학교,공립,11240570
고등학교,공립,11240570
유치원,공립,11240570
유치원,사립,11240570
초등학교,공립,11240570
초등학교,공립,11240570
중학교,공립,11240570
고등학교,공립,11240570
유치원,공립,11240570
유치원,사립,11240570
초등학교,공립,11240570
초등학교,공립,11240570
중학교,공립,11240570
고등학교,공립,11240570
유치원,공립,11240570
유치원,사립,11240570
초등학교,공립,11240570
초등학교,공립,11240570
중학교,공립,11240570
고등학교,공립,11240570
유치원,공립,11240570
초등학교,공립,11240570
초등학교,공립,11240570
중학교,공립,11240570
고등학교,공립,11240570
유치원,공립,11240570
초등학교,공립,11240570
초등학교,공립,11240570
중학교,공립,11240570
고등학교,공립,11240570
유치원,공립,11240570
초등학교,공립,11240570
초등학교,공립,11240570
중학교,공립,11240570
고등학교,공립,11240570
유치원,공립,11240570
초등학교,공립,11240570
초등학교,공립,11240570
중학교,공립,11240570
고등학교,공립,11240570
유치원,공립,11240570
초등학교,공립,11240570
초등학교,공립,11240570
중학교,공립,11240570
고등학교,공립,11240570
유치원,사립,11240580
유치원,사립,11240580
유치원,사립,11240580
중학교,공립,11240580
유치원,사립,11240580
유치원,사립,11240580
유치원,사립,11240580
중학교,공립,11240580
유치원,사립,11240580
유치원,사립,11240580
유치원,사립,11240580
중학교,공립,11240580
유치원,사립,11240580
유치원,사립,11240580
유치원,사립,11240580
중학교,공립,11240580
유치원,사립,11240580
유치원,사립,11240580
유치원,사립,11240580
중학교,공립,11240580
유치원,사립,11240580
유치원,사립,11240580
유치원,사립,11240580
중학교,공립,11240580
유치원,사립,11240580
중학교,공립,11240580
유치원,사립,11240580
중학교,공립,11240580
유치원,사립,11240580
중학교,공립,11240580
유치원,사립,11240580
중학교,공립,11240580
유치원,사립,11240580
중학교,공립,11240580
유치원,사립,11240580
중학교,공립,11240580
유치원,공립,11240590
유치원,사립,11240590
유치원,사립,11240590
초등학교,공립,11240590
초등학교,공립,11240590
중학교,공립,11240590
중학교,공립,11240590
중학교,사립,11240590
고등학교,공립,11240590
고등학교,공립,11240590
고등학교,사립,11240590
유치원,공립,11240590
유치원,사립,11240590
유치원,사립,11240590
초등학교,공립,11240590
초등학교,공립,11240590
중학교,공립,11240590
중학교,공립,11240590
중학교,사립,11240590
고등학교,공립,11240590
고등학교,공립,11240590
고등학교,사립,11240590
유치원,공립,11240590
유치원,사립,11240590
유치원,사립,11240590
초등학교,공립,11240590
초등학교,공립,11240590
중학교,공립,11240590
중학교,공립,11240590
중학교,사립,11240590
고등학교,공립,11240590
고등학교,공립,11240590
고등학교,사립,11240590
유치원,공립,11240590
유치원,사립,11240590
유치원,사립,11240590
초등학교,공립,11240590
초등학교,공립,11240590
중학교,공립,11240590
중학교,공립,11240590
중학교,사립,11240590
고등학교,공립,11240590
고등학교,공립,11240590
고등학교,사립,11240590
유치원,공립,11240590
유치원,사립,11240590
유치원,사립,11240590
초등학교,공립,11240590
초등학교,공립,11240590
중학교,공립,11240590
중학교,공립,11240590
중학교,사립,11240590
고등학교,공립,11240590
고등학교,공립,11240590
고등학교,사립,11240590
유치원,공립,11240590
유치원,사립,11240590
유치원,사립,11240590
초등학교,공립,11240590
초등학교,공립,11240590
중학교,공립,11240590
중학교,공립,11240590
중학교,사립,11240590
고등학교,공립,11240590
고등학교,공립,11240590
고등학교,사립,11240590
유치원,공립,11240590
유치원,사립,11240590
유치원,사립,11240590
초등학교,공립,11240590
초등학교,공립,11240590
중학교,공립,11240590
중학교,공립,11240590
중학교,사립,11240590
고등학교,공립,11240590
고등학교,공립,11240590
고등학교,사립,11240590
유치원,공립,11240590
유치원,사립,11240590
유치원,사립,11240590
초등학교,공립,11240590
초등학교,공립,11240590
중학교,공립,11240590
중학교,공립,11240590
중학교,사립,11240590
고등학교,공립,11240590
고등학교,공립,11240590
고등학교,사립,11240590
유치원,공립,11240590
유치원,사립,11240590
유치원,사립,11240590
초등학교,공립,11240590
초등학교,공립,11240590
중학교,공립,11240590
중학교,공립,11240590
중학교,사립,11240590
고등학교,공립,11240590
고등학교,공립,11240590
고등학교,사립,11240590
유치원,공립,11240590
유치원,사립,11240590
유치원,사립,11240590
초등학교,공립,11240590
초등학교,공립,11240590
중학교,공립,11240590
중학교,공립,11240590
중학교,사립,11240590
고등학교,공립,11240590
고등학교,공립,11240590
고등학교,사립,11240590
유치원,공립,11240590
유치원,사립,11240590
유치원,사립,11240590
초등학교,공립,11240590
초등학교,공립,11240590
중학교,공립,11240590
중학교,공립,11240590
중학교,사립,11240590
고등학교,공립,11240590
고등학교,공립,11240590
고등학교,사립,11240590
유치원,공립,11240590
유치원,사립,11240590
유치원,사립,11240590
초등학교,공립,11240590
초등학교,공립,11240590
중학교,공립,11240590
중학교,공립,11240590
중학교,사립,11240590
고등학교,공립,11240590
고등학교,공립,11240590
고등학교,사립,11240590
유치원,공립,11240600
유치원,사립,11240600
유치원,사립,11240600
유치원,사립,11240600
유치원,사립,11240600
초등학교,공립,11240600
초등학교,공립,11240600
초등학교,공립,11240600
중학교,공립,11240600
중학교,공립,11240600
중학교,공립,11240600
중학교,사립,11240600
고등학교,공립,11240600
고등학교,사립,11240600
유치원,공립,11240600
유치원,사립,11240600
유치원,사립,11240600
유치원,사립,11240600
초등학교,공립,11240600
초등학교,공립,11240600
초등학교,공립,11240600
중학교,공립,11240600
중학교,공립,11240600
중학교,공립,11240600
중학교,사립,11240600
고등학교,공립,11240600
고등학교,사립,11240600
유치원,공립,11240600
유치원,사립,11240600
유치원,사립,11240600
유치원,사립,11240600
초등학교,공립,11240600
초등학교,공립,11240600
초등학교,공립,11240600
중학교,공립,11240600
중학교,공립,11240600
중학교,공립,11240600
중학교,사립,11240600
고등학교,공립,11240600
고등학교,사립,11240600
유치원,공립,11240600
유치원,사립,11240600
유치원,사립,11240600
유치원,사립,11240600
유치원,사립,11240600
초등학교,공립,11240600
초등학교,공립,11240600
초등학교,공립,11240600
중학교,공립,11240600
중학교,공립,11240600
중학교,공립,11240600
중학교,사립,11240600
고등학교,공립,11240600
고등학교,사립,11240600
유치원,공립,11240600
유치원,사립,11240600
유치원,사립,11240600
유치원,사립,11240600
초등학교,공립,11240600
초등학교,공립,11240600
초등학교,공립,11240600
중학교,공립,11240600
중학교,공립,11240600
중학교,공립,11240600
중학교,사립,11240600
고등학교,공립,11240600
고등학교,사립,11240600
유치원,공립,11240600
유치원,사립,11240600
초등학교,공립,11240600
초등학교,공립,11240600
초등학교,공립,11240600
중학교,공립,11240600
중학교,공립,11240600
중학교,공립,11240600
중학교,사립,11240600
고등학교,공립,11240600
고등학교,사립,11240600
유치원,공립,11240600
유치원,사립,11240600
초등학교,공립,11240600
초등학교,공립,11240600
초등학교,공립,11240600
중학교,공립,11240600
중학교,공립,11240600
중학교,공립,11240600
중학교,사립,11240600
고등학교,공립,11240600
고등학교,사립,11240600
유치원,공립,11240600
유치원,사립,11240600
초등학교,공립,11240600
초등학교,공립,11240600
초등학교,공립,11240600
중학교,공립,11240600
중학교,공립,11240600
중학교,공립,11240600
중학교,사립,11240600
고등학교,공립,11240600
고등학교,사립,11240600
유치원,공립,11240600
유치원,사립,11240600
초등학교,공립,11240600
초등학교,공립,11240600
초등학교,공립,11240600
중학교,공립,11240600
중학교,공립,11240600
중학교,공립,11240600
중학교,사립,11240600
고등학교,공립,11240600
고등학교,사립,11240600
유치원,공립,11240600
유치원,사립,11240600
초등학교,공립,11240600
초등학교,공립,11240600
초등학교,공립,11240600
중학교,공립,11240600
중학교,공립,11240600
중학교,공립,11240600
중학교,사립,11240600
고등학교,공립,11240600
고등학교,사립,11240600
유치원,공립,11240600
유치원,사립,11240600
초등학교,공립,11240600
초등학교,공립,11240600
초등학교,공립,11240600
중학교,공립,11240600
중학교,공립,11240600
중학교,공립,11240600
중학교,사립,11240600
고등학교,공립,11240600
고등학교,사립,11240600
유치원,공립,11240600
유치원,사립,11240600
초등학교,공립,11240600
초등학교,공립,11240600
초등학교,공립,11240600
중학교,공립,11240600
중학교,공립,11240600
중학교,공립,11240600
중학교,사립,11240600
고등학교,공립,11240600
고등학교,사립,11240600
유치원,사립,11240610
유치원,사립,11240610
초등학교,공립,11240610
유치원,사립,11240610
유치원,사립,11240610
초등학교,공립,11240610
유치원,사립,11240610
유치원,사립,11240610
초등학교,공립,11240610
유치원,사립,11240610
유치원,사립,11240610
초등학교,공립,11240610
유치원,사립,11240610
유치원,사립,11240610
초등학교,공립,11240610
유치원,사립,11240610
유치원,사립,11240610
초등학교,공립,11240610
유치원,공립,11240610
유치원,사립,11240610
유치원,사립,11240610
초등학교,공립,11240610
유치원,공립,11240610
유치원,사립,11240610
유치원,사립,11240610
초등학교,공립,11240610
유치원,공립,11240610
유치원,사립,11240610
유치원,사립,11240610
초등학교,공립,11240610
유치원,공립,11240610
초등학교,공립,11240610
유치원,공립,11240610
초등학교,공립,11240610
유치원,공립,11240610
초등학교,공립,11240610
유치원,사립,11240620
유치원,사립,11240620
유치원,사립,11240620
초등학교,공립,11240620
중학교,공립,11240620
중학교,사립,11240620
고등학교,공립,11240620
고등학교,사립,11240620
고등학교,사립,11240620
유치원,사립,11240620
유치원,사립,11240620
유치원,사립,11240620
초등학교,공립,11240620
중학교,공립,11240620
중학교,사립,11240620
고등학교,공립,11240620
고등학교,사립,11240620
고등학교,사립,11240620
유치원,사립,11240620
유치원,사립,11240620
유치원,사립,11240620
초등학교,공립,11240620
중학교,공립,11240620
중학교,사립,11240620
고등학교,공립,11240620
고등학교,사립,11240620
고등학교,사립,11240620
유치원,사립,11240620
유치원,사립,11240620
유치원,사립,11240620
초등학교,공립,11240620
중학교,공립,11240620
중학교,사립,11240620
고등학교,공립,11240620
고등학교,사립,11240620
고등학교,사립,11240620
유치원,사립,11240620
유치원,사립,11240620
유치원,사립,11240620
초등학교,공립,11240620
중학교,공립,11240620
중학교,사립,11240620
고등학교,공립,11240620
고등학교,사립,11240620
고등학교,사립,11240620
유치원,사립,11240620
유치원,사립,11240620
유치원,사립,11240620
초등학교,공립,11240620
중학교,공립,11240620
중학교,사립,11240620
고등학교,공립,11240620
고등학교,사립,11240620
고등학교,사립,11240620
유치원,사립,11240620
유치원,사립,11240620
유치원,사립,11240620
초등학교,공립,11240620
중학교,공립,11240620
중학교,사립,11240620
고등학교,공립,11240620
고등학교,사립,11240620
고등학교,사립,11240620
유치원,공립,11240620
유치원,사립,11240620
유치원,사립,11240620
초등학교,공립,11240620
중학교,공립,11240620
중학교,사립,11240620
고등학교,공립,11240620
고등학교,사립,11240620
고등학교,사립,11240620
유치원,공립,11240620
유치원,사립,11240620
유치원,사립,11240620
초등학교,공립,11240620
중학교,공립,11240620
중학교,사립,11240620
고등학교,공립,11240620
고등학교,사립,11240620
고등학교,사립,11240620
유치원,공립,11240620
유치원,사립,11240620
유치원,사립,11240620
초등학교,공립,11240620
중학교,공립,11240620
중학교,사립,11240620
고등학교,공립,11240620
고등학교,사립,11240620
고등학교,사립,11240620
유치원,공립,11240620
유치원,사립,11240620
유치원,사립,11240620
초등학교,공립,11240620
중학교,공립,11240620
중학교,사립,11240620
고등학교,공립,11240620
고등학교,사립,11240620
고등학교,사립,11240620
유치원,공립,11240620
유치원,사립,11240620
유치원,사립,11240620
초등학교,공립,11240620
중학교,공립,11240620
중학교,사립,11240620
고등학교,공립,11240620
고등학교,사립,11240620
고등학교,사립,11240620
유치원,사립,11240630
유치원,사립,11240630
초등학교,공립,11240630
유치원,사립,11240630
유치원,사립,11240630
초등학교,공립,11240630
유치원,사립,11240630
유치원,사립,11240630
초등학교,공립,11240630
유치원,사립,11240630
유치원,사립,11240630
초등학교,공립,11240630
유치원,사립,11240630
유치원,사립,11240630
초등학교,공립,11240630
유치원,사립,11240630
유치원,사립,11240630
초등학교,공립,11240630
유치원,사립,11240630
유치원,사립,11240630
초등학교,공립,11240630
유치원,사립,11240630
유치원,사립,11240630
초등학교,공립,11240630
유치원,사립,11240630
유치원,사립,11240630
초등학교,공립,11240630
유치원,사립,11240630
유치원,사립,11240630
초등학교,공립,11240630
유치원,사립,11240630
유치원,사립,11240630
초등학교,공립,11240630
유치원,사립,11240630
초등학교,공립,11240630
유치원,사립,11240640
초등학교,공립,11240640
중학교,사립,11240640
고등학교,사립,11240640
유치원,사립,11240640
초등학교,공립,11240640
중학교,사립,11240640
고등학교,사립,11240640
유치원,사립,11240640
초등학교,공립,11240640
중학교,사립,11240640
고등학교,사립,11240640
유치원,사립,11240640
유치원,사립,11240640
초등학교,공립,11240640
중학교,사립,11240640
고등학교,사립,11240640
유치원,사립,11240640
유치원,사립,11240640
초등학교,공립,11240640
중학교,사립,11240640
고등학교,사립,11240640
유치원,사립,11240640
초등학교,공립,11240640
중학교,사립,11240640
고등학교,사립,11240640
유치원,사립,11240640
초등학교,공립,11240640
중학교,사립,11240640
고등학교,사립,11240640
유치원,사립,11240640
초등학교,공립,11240640
중학교,사립,11240640
고등학교,사립,11240640
유치원,사립,11240640
초등학교,공립,11240640
중학교,사립,11240640
고등학교,사립,11240640
유치원,사립,11240640
초등학교,공립,11240640
중학교,사립,11240640
고등학교,사립,11240640
유치원,사립,11240640
초등학교,공립,11240640
중학교,사립,11240640
고등학교,사립,11240640
유치원,사립,11240640
초등학교,공립,11240640
중학교,사립,11240640
고등학교,사립,11240640
유치원,공립,11240650
유치원,사립,11240650
초등학교,공립,11240650
초등학교,공립,11240650
중학교,공립,11240650
중학교,공립,11240650
유치원,공립,11240650
유치원,사립,11240650
초등학교,공립,11240650
초등학교,공립,11240650
중학교,공립,11240650
중학교,공립,11240650
유치원,공립,11240650
유치원,사립,11240650
초등학교,공립,11240650
초등학교,공립,11240650
중학교,공립,11240650
중학교,공립,11240650
유치원,공립,11240650
유치원,사립,11240650
초등학교,공립,11240650
초등학교,공립,11240650
중학교,공립,11240650
중학교,공립,11240650
유치원,공립,11240650
유치원,사립,11240650
초등학교,공립,11240650
초등학교,공립,11240650
중학교,공립,11240650
중학교,공립,11240650
유치원,공립,11240650
초등학교,공립,11240650
초등학교,공립,11240650
중학교,공립,11240650
중학교,공립,11240650
유치원,공립,11240650
초등학교,공립,11240650
초등학교,공립,11240650
중학교,공립,11240650
중학교,공립,11240650
유치원,공립,11240650
초등학교,공립,11240650
초등학교,공립,11240650
중학교,공립,11240650
중학교,공립,11240650
유치원,공립,11240650
초등학교,공립,11240650
초등학교,공립,11240650
중학교,공립,11240650
중학교,공립,11240650
유치원,공립,11240650
초등학교,공립,11240650
초등학교,공립,11240650
중학교,공립,11240650
중학교,공립,11240650
유치원,공립,11240650
초등학교,공립,11240650
초등학교,공립,11240650
중학교,공립,11240650
중학교,공립,11240650
유치원,공립,11240650
초등학교,공립,11240650
초등학교,공립,11240650
중학교,공립,11240650
중학교,공립,11240650
유치원,공립,11240660
초등학교,공립,11240660
유치원,공립,11240660
초등학교,공립,11240660
유치원,공립,11240660
초등학교,공립,11240660
유치원,공립,11240660
초등학교,공립,11240660
유치원,공립,11240660
초등학교,공립,11240660
유치원,공립,11240660
초등학교,공립,11240660
초등학교,공립,11240660
중학교,공립,11240660
유치원,공립,11240660
초등학교,공립,11240660
초등학교,공립,11240660
중학교,공립,11240660
유치원,공립,11240660
초등학교,공립,11240660
초등학교,공립,11240660
중학교,공립,11240660
유치원,공립,11240660
초등학교,공립,11240660
초등학교,공립,11240660
중학교,공립,11240660
유치원,공립,11240660
초등학교,공립,11240660
초등학교,공립,11240660
중학교,공립,11240660
유치원,공립,11240660
초등학교,공립,11240660
초등학교,공립,11240660
중학교,공립,11240660
유치원,공립,11240660
초등학교,공립,11240660
초등학교,공립,11240660
중학교,공립,11240660
유치원,사립,11240670
유치원,사립,11240670
유치원,사립,11240670
유치원,사립,11240670
초등학교,공립,11240670
초등학교,공립,11240670
중학교,공립,11240670
유치원,사립,11240670
유치원,사립,11240670
유치원,사립,11240670
유치원,사립,11240670
초등학교,공립,11240670
초등학교,공립,11240670
중학교,공립,11240670
유치원,사립,11240670
유치원,사립,11240670
유치원,사립,11240670
유치원,사립,11240670
초등학교,공립,11240670
초등학교,공립,11240670
중학교,공립,11240670
유치원,사립,11240670
유치원,사립,11240670
유치원,사립,11240670
유치원,사립,11240670
초등학교,공립,11240670
초등학교,공립,11240670
중학교,공립,11240670
유치원,사립,11240670
유치원,사립,11240670
유치원,사립,11240670
유치원,사립,11240670
초등학교,공립,11240670
초등학교,공립,11240670
중학교,공립,11240670
유치원,사립,11240670
유치원,사립,11240670
유치원,사립,11240670
초등학교,공립,11240670
초등학교,공립,11240670
중학교,공립,11240670
유치원,사립,11240670
유치원,사립,11240670
유치원,사립,11240670
초등학교,공립,11240670
초등학교,공립,11240670
중학교,공립,11240670
유치원,사립,11240670
유치원,사립,11240670
유치원,사립,11240670
초등학교,공립,11240670
초등학교,공립,11240670
중학교,공립,11240670
유치원,사립,11240670
유치원,사립,11240670
유치원,사립,11240670
초등학교,공립,11240670
초등학교,공립,11240670
중학교,공립,11240670
유치원,사립,11240670
유치원,사립,11240670
유치원,사립,11240670
초등학교,공립,11240670
초등학교,공립,11240670
중학교,공립,11240670
유치원,사립,11240670
유치원,사립,11240670
유치원,사립,11240670
초등학교,공립,11240670
초등학교,공립,11240670
중학교,공립,11240670
유치원,사립,11240670
유치원,사립,11240670
유치원,사립,11240670
초등학교,공립,11240670
초등학교,공립,11240670
중학교,공립,11240670
유치원,사립,11240680
초등학교,공립,11240680
중학교,공립,11240680
유치원,사립,11240680
초등학교,공립,11240680
중학교,공립,11240680
유치원,사립,11240680
초등학교,공립,11240680
중학교,공립,11240680
유치원,사립,11240680
초등학교,공립,11240680
중학교,공립,11240680
유치원,사립,11240680
초등학교,공립,11240680
중학교,공립,11240680
유치원,사립,11240680
초등학교,공립,11240680
중학교,공립,11240680
유치원,사립,11240680
초등학교,공립,11240680
중학교,공립,11240680
유치원,사립,11240680
초등학교,공립,11240680
중학교,공립,11240680
유치원,사립,11240680
초등학교,공립,11240680
중학교,공립,11240680
유치원,사립,11240680
초등학교,공립,11240680
중학교,공립,11240680
유치원,사립,11240680
초등학교,공립,11240680
중학교,공립,11240680
유치원,사립,11240680
초등학교,공립,11240680
중학교,공립,11240680
초등학교,공립,11240690
초등학교,공립,11240690
초등학교,공립,11240690
초등학교,공립,11240690
초등학교,공립,11240690
초등학교,공립,11240690
초등학교,공립,11240690
초등학교,공립,11240690
초등학교,공립,11240690
초등학교,공립,11240690
초등학교,공립,11240690
초등학교,공립,11240690
유치원,사립,11240710
초등학교,공립,11240710
유치원,사립,11240710
초등학교,공립,11240710
초등학교,공립,11240710
초등학교,공립,11240710
초등학교,공립,11240710
초등학교,공립,11240710
초등학교,공립,11240710
초등학교,공립,11240710
초등학교,공립,11240710
초등학교,공립,11240710
초등학교,공립,11240710
초등학교,공립,11240710
유치원,사립,11240750
초등학교,공립,11240750
초등학교,공립,11240750
고등학교,공립,11240750
유치원,사립,11240750
초등학교,공립,11240750
초등학교,공립,11240750
고등학교,공립,11240750
유치원,사립,11240750
초등학교,공립,11240750
초등학교,공립,11240750
고등학교,공립,11240750
유치원,사립,11240750
초등학교,공립,11240750
초등학교,공립,11240750
고등학교,공립,11240750
유치원,사립,11240750
초등학교,공립,11240750
초등학교,공립,11240750
고등학교,공립,11240750
유치원,사립,11240750
초등학교,공립,11240750
초등학교,공립,11240750
고등학교,공립,11240750
유치원,사립,11240750
초등학교,공립,11240750
초등학교,공립,11240750
고등학교,공립,11240750
유치원,사립,11240750
초등학교,공립,11240750
초등학교,공립,11240750
고등학교,공립,11240750
유치원,사립,11240750
초등학교,공립,11240750
초등학교,공립,11240750
고등학교,공립,11240750
유치원,사립,11240750
초등학교,공립,11240750
초등학교,공립,11240750
고등학교,공립,11240750
유치원,사립,11240750
초등학교,공립,11240750
초등학교,공립,11240750
고등학교,공립,11240750
유치원,사립,11240750
초등학교,공립,11240750
초등학교,공립,11240750
고등학교,공립,11240750
유치원,사립,11240770
초등학교,공립,11240770
중학교,공립,11240770
유치원,사립,11240770
초등학교,공립,11240770
중학교,공립,11240770
유치원,사립,11240770
초등학교,공립,11240770
중학교,공립,11240770
유치원,사립,11240770
초등학교,공립,11240770
중학교,공립,11240770
유치원,사립,11240770
초등학교,공립,11240770
중학교,공립,11240770
유치원,사립,11240770
초등학교,공립,11240770
중학교,공립,11240770
유치원,사립,11240770
초등학교,공립,11240770
중학교,공립,11240770
유치원,사립,11240770
초등학교,공립,11240770
중학교,공립,11240770
유치원,사립,11240770
초등학교,공립,11240770
중학교,공립,11240770
유치원,사립,11240770
초등학교,공립,11240770
중학교,공립,11240770
유치원,사립,11240770
초등학교,공립,11240770
중학교,공립,11240770
유치원,사립,11240770
초등학교,공립,11240770
중학교,공립,11240770
유치원,사립,11240780
초등학교,공립,11240780
중학교,공립,11240780
중학교,사립,11240780
고등학교,사립,11240780
유치원,사립,11240780
초등학교,공립,11240780
중학교,공립,11240780
중학교,사립,11240780
고등학교,사립,11240780
유치원,사립,11240780
초등학교,공립,11240780
중학교,공립,11240780
중학교,사립,11240780
고등학교,사립,11240780
유치원,사립,11240780
초등학교,공립,11240780
중학교,공립,11240780
중학교,사립,11240780
고등학교,사립,11240780
유치원,사립,11240780
초등학교,공립,11240780
중학교,공립,11240780
중학교,사립,11240780
고등학교,사립,11240780
유치원,사립,11240780
초등학교,공립,11240780
중학교,공립,11240780
중학교,사립,11240780
고등학교,사립,11240780
유치원,사립,11240780
초등학교,공립,11240780
중학교,공립,11240780
중학교,사립,11240780
고등학교,사립,11240780
유치원,사립,11240780
초등학교,공립,11240780
중학교,공립,11240780
중학교,사립,11240780
고등학교,사립,11240780
유치원,공립,11240780
유치원,사립,11240780
초등학교,공립,11240780
중학교,공립,11240780
중학교,사립,11240780
고등학교,사립,11240780
유치원,공립,11240780
초등학교,공립,11240780
중학교,공립,11240780
중학교,사립,11240780
고등학교,사립,11240780
유치원,공립,11240780
초등학교,공립,11240780
중학교,공립,11240780
중학교,사립,11240780
고등학교,사립,11240780
유치원,공립,11240780
초등학교,공립,11240780
중학교,공립,11240780
중학교,사립,11240780
고등학교,사립,11240780
유치원,공립,11240790
유치원,공립,11240790
유치원,사립,11240790
초등학교,공립,11240790
초등학교,공립,11240790
중학교,공립,11240790
중학교,공립,11240790
고등학교,공립,11240790
고등학교,공립,11240790
유치원,공립,11240790
유치원,공립,11240790
유치원,사립,11240790
초등학교,공립,11240790
초등학교,공립,11240790
중학교,공립,11240790
중학교,공립,11240790
고등학교,공립,11240790
고등학교,공립,11240790
유치원,공립,11240790
유치원,공립,11240790
유치원,사립,11240790
초등학교,공립,11240790
초등학교,공립,11240790
중학교,공립,11240790
중학교,공립,11240790
고등학교,공립,11240790
고등학교,공립,11240790
유치원,공립,11240790
유치원,공립,11240790
유치원,사립,11240790
초등학교,공립,11240790
초등학교,공립,11240790
중학교,공립,11240790
중학교,공립,11240790
고등학교,공립,11240790
고등학교,공립,11240790
유치원,공립,11240790
유치원,공립,11240790
유치원,사립,11240790
초등학교,공립,11240790
초등학교,공립,11240790
중학교,공립,11240790
중학교,공립,11240790
고등학교,공립,11240790
고등학교,공립,11240790
유치원,공립,11240790
유치원,공립,11240790
유치원,사립,11240790
초등학교,공립,11240790
초등학교,공립,11240790
중학교,공립,11240790
중학교,공립,11240790
고등학교,공립,11240790
고등학교,공립,11240790
유치원,공립,11240790
유치원,공립,11240790
유치원,사립,11240790
초등학교,공립,11240790
초등학교,공립,11240790
중학교,공립,11240790
중학교,공립,11240790
고등학교,공립,11240790
고등학교,공립,11240790
유치원,공립,11240790
유치원,공립,11240790
유치원,사립,11240790
초등학교,공립,11240790
초등학교,공립,11240790
중학교,공립,11240790
중학교,공립,11240790
고등학교,공립,11240790
고등학교,공립,11240790
유치원,공립,11240790
유치원,공립,11240790
유치원,사립,11240790
초등학교,공립,11240790
초등학교,공립,11240790
중학교,공립,11240790
중학교,공립,11240790
고등학교,공립,11240790
고등학교,공립,11240790
유치원,공립,11240790
유치원,공립,11240790
유치원,사립,11240790
초등학교,공립,11240790
초등학교,공립,11240790
중학교,공립,11240790
중학교,공립,11240790
고등학교,공립,11240790
고등학교,공립,11240790
유치원,공립,11240790
유치원,공립,11240790
유치원,사립,11240790
초등학교,공립,11240790
초등학교,공립,11240790
중학교,공립,11240790
중학교,공립,11240790
고등학교,공립,11240790
고등학교,공립,11240790
유치원,공립,11240790
유치원,공립,11240790
유치원,사립,11240790
초등학교,공립,11240790
초등학교,공립,11240790
중학교,공립,11240790
중학교,공립,11240790
고등학교,공립,11240790
고등학교,공립,11240790
유치원,공립,11240800
유치원,공립,11240800
유치원,사립,11240800
초등학교,공립,11240800
초등학교,공립,11240800
초등학교,공립,11240800
고등학교,사립,11240800
유치원,공립,11240800
유치원,공립,11240800
유치원,사립,11240800
초등학교,공립,11240800
초등학교,공립,11240800
초등학교,공립,11240800
고등학교,사립,11240800
유치원,공립,11240800
유치원,공립,11240800
유치원,사립,11240800
초등학교,공립,11240800
초등학교,공립,11240800
초등학교,공립,11240800
고등학교,사립,11240800
유치원,공립,11240800
유치원,공립,11240800
유치원,사립,11240800
초등학교,공립,11240800
초등학교,공립,11240800
초등학교,공립,11240800
고등학교,사립,11240800
유치원,공립,11240800
유치원,공립,11240800
유치원,사립,11240800
초등학교,공립,11240800
초등학교,공립,11240800
초등학교,공립,11240800
고등학교,사립,11240800
유치원,공립,11240800
유치원,공립,11240800
유치원,사립,11240800
초등학교,공립,11240800
초등학교,공립,11240800
초등학교,공립,11240800
고등학교,사립,11240800
유치원,공립,11240800
유치원,공립,11240800
유치원,사립,11240800
초등학교,공립,11240800
초등학교,공립,11240800
초등학교,공립,11240800
고등학교,사립,11240800
유치원,공립,11240800
유치원,공립,11240800
유치원,사립,11240800
초등학교,공립,11240800
초등학교,공립,11240800
초등학교,공립,11240800
고등학교,사립,11240800
유치원,공립,11240800
유치원,공립,11240800
초등학교,공립,11240800
초등학교,공립,11240800
초등학교,공립,11240800
고등학교,사립,11240800
유치원,공립,11240800
유치원,공립,11240800
초등학교,공립,11240800
초등학교,공립,11240800
초등학교,공립,11240800
고등학교,사립,11240800
유치원,공립,11240800
유치원,공립,11240800
초등학교,공립,11240800
초등학교,공립,11240800
초등학교,공립,11240800
고등학교,사립,11240800
유치원,공립,11240800
유치원,공립,11240800
초등학교,공립,11240800
초등학교,공립,11240800
초등학교,공립,11240800
고등학교,사립,11240800
유치원,사립,11240810
유치원,사립,11240810
유치원,사립,11240810
유치원,사립,11240810
초등학교,공립,11240810
초등학교,공립,11240810
중학교,공립,11240810
고등학교,공립,11240810
고등학교,공립,11240810
특수학교,사립,11240810
유치원,사립,11240810
유치원,사립,11240810
유치원,사립,11240810
유치원,사립,11240810
초등학교,공립,11240810
초등학교,공립,11240810
중학교,공립,11240810
고등학교,공립,11240810
고등학교,공립,11240810
특수학교,사립,11240810
유치원,사립,11240810
유치원,사립,11240810
유치원,사립,11240810
유치원,사립,11240810
초등학교,공립,11240810
초등학교,공립,11240810
중학교,공립,11240810
고등학교,공립,11240810
고등학교,공립,11240810
특수학교,사립,11240810
유치원,사립,11240810
유치원,사립,11240810
유치원,사립,11240810
유치원,사립,11240810
유치원,사립,11240810
초등학교,공립,11240810
초등학교,공립,11240810
중학교,공립,11240810
고등학교,공립,11240810
고등학교,공립,11240810
특수학교,사립,11240810
유치원,사립,11240810
유치원,사립,11240810
유치원,사립,11240810
유치원,사립,11240810
유치원,사립,11240810
초등학교,공립,11240810
초등학교,공립,11240810
중학교,공립,11240810
고등학교,공립,11240810
고등학교,공립,11240810
특수학교,사립,11240810
평생학교,사립,11240810
평생학교,사립,11240810
유치원,사립,11240810
유치원,사립,11240810
유치원,사립,11240810
유치원,사립,11240810
유치원,사립,11240810
초등학교,공립,11240810
초등학교,공립,11240810
중학교,공립,11240810
고등학교,공립,11240810
고등학교,공립,11240810
특수학교,사립,11240810
평생학교,사립,11240810
평생학교,사립,11240810
유치원,사립,11240810
유치원,사립,11240810
유치원,사립,11240810
유치원,사립,11240810
유치원,사립,11240810
초등학교,공립,11240810
초등학교,공립,11240810
중학교,공립,11240810
고등학교,공립,11240810
고등학교,공립,11240810
특수학교,사립,11240810
평생학교,사립,11240810
평생학교,사립,11240810
유치원,사립,11240810
유치원,사립,11240810
유치원,사립,11240810
유치원,사립,11240810
유치원,사립,11240810
초등학교,공립,11240810
초등학교,공립,11240810
중학교,공립,11240810
고등학교,공립,11240810
고등학교,공립,11240810
특수학교,사립,11240810
평생학교,사립,11240810
평생학교,사립,11240810
유치원,사립,11240810
유치원,사립,11240810
유치원,사립,11240810
유치원,사립,11240810
초등학교,공립,11240810
초등학교,공립,11240810
중학교,공립,11240810
고등학교,공립,11240810
고등학교,공립,11240810
특수학교,사립,11240810
평생학교,사립,11240810
평생학교,사립,11240810
유치원,사립,11240810
유치원,사립,11240810
유치원,사립,11240810
유치원,사립,11240810
초등학교,공립,11240810
초등학교,공립,11240810
중학교,공립,11240810
고등학교,공립,11240810
고등학교,공립,11240810
특수학교,사립,11240810
유치원,사립,11240810
유치원,사립,11240810
유치원,사립,11240810
유치원,사립,11240810
초등학교,공립,11240810
초등학교,공립,11240810
중학교,공립,11240810
고등학교,공립,11240810
고등학교,공립,11240810
특수학교,사립,11240810
유치원,사립,11240810
유치원,사립,11240810
유치원,사립,11240810
유치원,사립,11240810
초등학교,공립,11240810
초등학교,공립,11240810
중학교,공립,11240810
고등학교,공립,11240810
고등학교,공립,11240810
특수학교,사립,11240810
유치원,공립,11240820
초등학교,공립,11240820
중학교,공립,11240820
유치원,공립,11240820
초등학교,공립,11240820
중학교,공립,11240820
유치원,공립,11240820
유치원,공립,11240820
초등학교,공립,11240820
초등학교,공립,11240820
중학교,공립,11240820
유치원,공립,11240820
유치원,공립,11240820
초등학교,공립,11240820
초등학교,공립,11240820
중학교,공립,11240820
유치원,공립,11240820
유치원,공립,11240820
초등학교,공립,11240820
초등학교,공립,11240820
중학교,공립,11240820
유치원,공립,11240820
유치원,공립,11240820
초등학교,공립,11240820
초등학교,공립,11240820
중학교,공립,11240820
유치원,공립,11240820
유치원,공립,11240820
초등학교,공립,11240820
초등학교,공립,11240820
중학교,공립,11240820
유치원,공립,11240820
유치원,공립,11240820
초등학교,공립,11240820
초등학교,공립,11240820
중학교,공립,11240820
유치원,공립,11240820
유치원,공립,11240820
초등학교,공립,11240820
초등학교,공립,11240820
중학교,공립,11240820
고등학교,공립,11240820
유치원,공립,11240820
유치원,공립,11240820
유치원,공립,11240820
초등학교,공립,11240820
초등학교,공립,11240820
중학교,공립,11240820
중학교,공립,11240820
고등학교,공립,11240820
유치원,공립,11240820
유치원,공립,11240820
유치원,공립,11240820
유치원,공립,11240820
초등학교,공립,11240820
초등학교,공립,11240820
초등학교,공립,11240820
중학교,공립,11240820
중학교,공립,11240820
고등학교,공립,11240820
유치원,공립,11240820
유치원,공립,11240820
유치원,공립,11240820
유치원,공립,11240820
유치원,공립,11240820
초등학교,공립,11240820
초등학교,공립,11240820
초등학교,공립,11240820
중학교,공립,11240820
중학교,공립,11240820
고등학교,공립,11240820
유치원,공립,11250530
초등학교,공립,11250530
유치원,공립,11250530
초등학교,공립,11250530
유치원,공립,11250530
초등학교,공립,11250530
유치원,공립,11250530
초등학교,공립,11250530
유치원,공립,11250530
초등학교,공립,11250530
유치원,공립,11250530
초등학교,공립,11250530
유치원,공립,11250530
초등학교,공립,11250530
유치원,공립,11250530
초등학교,공립,11250530
유치원,공립,11250530
초등학교,공립,11250530
유치원,공립,11250530
초등학교,공립,11250530
유치원,공립,11250530
초등학교,공립,11250530
유치원,공립,11250530
초등학교,공립,11250530
유치원,사립,11250540
유치원,사립,11250540
유치원,사립,11250540
유치원,사립,11250540
초등학교,공립,11250540
초등학교,공립,11250540
고등학교,공립,11250540
유치원,사립,11250540
유치원,사립,11250540
유치원,사립,11250540
유치원,사립,11250540
초등학교,공립,11250540
초등학교,공립,11250540
고등학교,공립,11250540
유치원,사립,11250540
유치원,사립,11250540
유치원,사립,11250540
유치원,사립,11250540
초등학교,공립,11250540
초등학교,공립,11250540
고등학교,공립,11250540
유치원,사립,11250540
유치원,사립,11250540
유치원,사립,11250540
유치원,사립,11250540
초등학교,공립,11250540
초등학교,공립,11250540
고등학교,공립,11250540
유치원,사립,11250540
유치원,사립,11250540
유치원,사립,11250540
유치원,사립,11250540
초등학교,공립,11250540
초등학교,공립,11250540
고등학교,공립,11250540
유치원,사립,11250540
유치원,사립,11250540
유치원,사립,11250540
유치원,사립,11250540
초등학교,공립,11250540
초등학교,공립,11250540
고등학교,공립,11250540
유치원,사립,11250540
유치원,사립,11250540
유치원,사립,11250540
유치원,사립,11250540
초등학교,공립,11250540
초등학교,공립,11250540
고등학교,공립,11250540
유치원,사립,11250540
유치원,사립,11250540
유치원,사립,11250540
유치원,사립,11250540
초등학교,공립,11250540
초등학교,공립,11250540
고등학교,공립,11250540
유치원,사립,11250540
유치원,사립,11250540
유치원,사립,11250540
유치원,사립,11250540
초등학교,공립,11250540
초등학교,공립,11250540
고등학교,공립,11250540
유치원,사립,11250540
유치원,사립,11250540
유치원,사립,11250540
유치원,사립,11250540
초등학교,공립,11250540
초등학교,공립,11250540
고등학교,공립,11250540
유치원,사립,11250540
유치원,사립,11250540
유치원,사립,11250540
유치원,사립,11250540
초등학교,공립,11250540
초등학교,공립,11250540
고등학교,공립,11250540
유치원,사립,11250540
유치원,사립,11250540
유치원,사립,11250540
유치원,사립,11250540
초등학교,공립,11250540
초등학교,공립,11250540
고등학교,공립,11250540
유치원,사립,11250550
유치원,사립,11250550
초등학교,공립,11250550
초등학교,공립,11250550
중학교,공립,11250550
중학교,사립,11250550
고등학교,사립,11250550
유치원,사립,11250550
유치원,사립,11250550
초등학교,공립,11250550
초등학교,공립,11250550
중학교,공립,11250550
중학교,사립,11250550
고등학교,사립,11250550
유치원,사립,11250550
유치원,사립,11250550
초등학교,공립,11250550
초등학교,공립,11250550
중학교,공립,11250550
중학교,사립,11250550
고등학교,사립,11250550
유치원,사립,11250550
유치원,사립,11250550
초등학교,공립,11250550
초등학교,공립,11250550
중학교,공립,11250550
중학교,사립,11250550
고등학교,사립,11250550
유치원,사립,11250550
유치원,사립,11250550
초등학교,공립,11250550
초등학교,공립,11250550
중학교,공립,11250550
중학교,사립,11250550
고등학교,사립,11250550
유치원,사립,11250550
유치원,사립,11250550
초등학교,공립,11250550
초등학교,공립,11250550
중학교,공립,11250550
중학교,사립,11250550
고등학교,사립,11250550
유치원,사립,11250550
유치원,사립,11250550
초등학교,공립,11250550
초등학교,공립,11250550
중학교,공립,11250550
중학교,사립,11250550
고등학교,사립,11250550
유치원,사립,11250550
유치원,사립,11250550
초등학교,공립,11250550
초등학교,공립,11250550
중학교,공립,11250550
중학교,사립,11250550
고등학교,사립,11250550
유치원,사립,11250550
초등학교,공립,11250550
초등학교,공립,11250550
중학교,공립,11250550
중학교,사립,11250550
고등학교,사립,11250550
유치원,사립,11250550
초등학교,공립,11250550
초등학교,공립,11250550
중학교,공립,11250550
중학교,사립,11250550
고등학교,사립,11250550
유치원,사립,11250550
초등학교,공립,11250550
초등학교,공립,11250550
중학교,공립,11250550
중학교,사립,11250550
고등학교,사립,11250550
유치원,사립,11250550
초등학교,공립,11250550
초등학교,공립,11250550
중학교,공립,11250550
중학교,사립,11250550
고등학교,사립,11250550
유치원,공립,11250560
유치원,사립,11250560
초등학교,공립,11250560
초등학교,공립,11250560
중학교,공립,11250560
고등학교,사립,11250560
고등학교,사립,11250560
특수학교,사립,11250560
유치원,공립,11250560
유치원,사립,11250560
초등학교,공립,11250560
초등학교,공립,11250560
중학교,공립,11250560
고등학교,사립,11250560
고등학교,사립,11250560
특수학교,사립,11250560
유치원,공립,11250560
유치원,사립,11250560
초등학교,공립,11250560
초등학교,공립,11250560
중학교,공립,11250560
고등학교,사립,11250560
고등학교,사립,11250560
특수학교,사립,11250560
유치원,공립,11250560
유치원,사립,11250560
초등학교,공립,11250560
초등학교,공립,11250560
중학교,공립,11250560
고등학교,사립,11250560
고등학교,사립,11250560
특수학교,사립,11250560
유치원,공립,11250560
유치원,사립,11250560
초등학교,공립,11250560
초등학교,공립,11250560
중학교,공립,11250560
고등학교,사립,11250560
고등학교,사립,11250560
특수학교,사립,11250560
유치원,공립,11250560
유치원,사립,11250560
초등학교,공립,11250560
초등학교,공립,11250560
중학교,공립,11250560
고등학교,사립,11250560
고등학교,사립,11250560
특수학교,사립,11250560
유치원,공립,11250560
유치원,사립,11250560
초등학교,공립,11250560
초등학교,공립,11250560
중학교,공립,11250560
고등학교,사립,11250560
고등학교,사립,11250560
특수학교,사립,11250560
유치원,공립,11250560
유치원,사립,11250560
초등학교,공립,11250560
초등학교,공립,11250560
중학교,공립,11250560
중학교,공립,11250560
고등학교,사립,11250560
고등학교,사립,11250560
특수학교,사립,11250560
유치원,공립,11250560
유치원,사립,11250560
초등학교,공립,11250560
초등학교,공립,11250560
중학교,공립,11250560
중학교,공립,11250560
고등학교,사립,11250560
고등학교,사립,11250560
특수학교,사립,11250560
유치원,공립,11250560
유치원,사립,11250560
초등학교,공립,11250560
초등학교,공립,11250560
중학교,공립,11250560
고등학교,사립,11250560
고등학교,사립,11250560
특수학교,사립,11250560
유치원,공립,11250560
유치원,사립,11250560
초등학교,공립,11250560
초등학교,공립,11250560
중학교,공립,11250560
고등학교,사립,11250560
고등학교,사립,11250560
특수학교,사립,11250560
유치원,공립,11250560
유치원,사립,11250560
초등학교,공립,11250560
초등학교,공립,11250560
중학교,공립,11250560
고등학교,사립,11250560
고등학교,사립,11250560
특수학교,사립,11250560
유치원,사립,11250580
유치원,사립,11250580
초등학교,공립,11250580
초등학교,공립,11250580
유치원,사립,11250580
초등학교,공립,11250580
초등학교,공립,11250580
유치원,사립,11250580
초등학교,공립,11250580
초등학교,공립,11250580
유치원,사립,11250580
초등학교,공립,11250580
초등학교,공립,11250580
유치원,사립,11250580
초등학교,공립,11250580
초등학교,공립,11250580
유치원,사립,11250580
초등학교,공립,11250580
초등학교,공립,11250580
유치원,사립,11250580
초등학교,공립,11250580
초등학교,공립,11250580
유치원,사립,11250580
초등학교,공립,11250580
초등학교,공립,11250580
유치원,사립,11250580
초등학교,공립,11250580
초등학교,공립,11250580
유치원,사립,11250580
초등학교,공립,11250580
초등학교,공립,11250580
유치원,사립,11250580
초등학교,공립,11250580
유치원,공립,11250580
유치원,사립,11250580
초등학교,공립,11250580
초등학교,공립,11250580
유치원,사립,11250590
유치원,사립,11250590
유치원,사립,11250590
중학교,공립,11250590
중학교,공립,11250590
고등학교,공립,11250590
유치원,사립,11250590
유치원,사립,11250590
유치원,사립,11250590
중학교,공립,11250590
중학교,공립,11250590
고등학교,공립,11250590
유치원,사립,11250590
유치원,사립,11250590
중학교,공립,11250590
중학교,공립,11250590
고등학교,공립,11250590
유치원,사립,11250590
유치원,사립,11250590
중학교,공립,11250590
중학교,공립,11250590
고등학교,공립,11250590
유치원,사립,11250590
유치원,사립,11250590
중학교,공립,11250590
중학교,공립,11250590
고등학교,공립,11250590
유치원,사립,11250590
중학교,공립,11250590
중학교,공립,11250590
고등학교,공립,11250590
유치원,사립,11250590
중학교,공립,11250590
중학교,공립,11250590
고등학교,공립,11250590
유치원,사립,11250590
중학교,공립,11250590
중학교,공립,11250590
고등학교,공립,11250590
유치원,사립,11250590
중학교,공립,11250590
중학교,공립,11250590
고등학교,공립,11250590
유치원,사립,11250590
중학교,공립,11250590
중학교,공립,11250590
고등학교,공립,11250590
유치원,사립,11250590
초등학교,공립,11250590
중학교,공립,11250590
중학교,공립,11250590
고등학교,공립,11250590
유치원,사립,11250590
중학교,공립,11250590
중학교,공립,11250590
고등학교,공립,11250590
유치원,공립,11250610
초등학교,공립,11250610
초등학교,공립,11250610
중학교,공립,11250610
중학교,사립,11250610
고등학교,사립,11250610
유치원,공립,11250610
초등학교,공립,11250610
초등학교,공립,11250610
중학교,공립,11250610
중학교,사립,11250610
고등학교,사립,11250610
유치원,공립,11250610
초등학교,공립,11250610
초등학교,공립,11250610
중학교,공립,11250610
중학교,사립,11250610
고등학교,사립,11250610
유치원,공립,11250610
초등학교,공립,11250610
초등학교,공립,11250610
중학교,공립,11250610
중학교,사립,11250610
고등학교,사립,11250610
유치원,공립,11250610
초등학교,공립,11250610
초등학교,공립,11250610
중학교,공립,11250610
중학교,사립,11250610
고등학교,사립,11250610
유치원,공립,11250610
초등학교,공립,11250610
초등학교,공립,11250610
중학교,공립,11250610
중학교,사립,11250610
고등학교,사립,11250610
유치원,공립,11250610
초등학교,공립,11250610
초등학교,공립,11250610
중학교,공립,11250610
중학교,사립,11250610
고등학교,사립,11250610
유치원,공립,11250610
초등학교,공립,11250610
초등학교,공립,11250610
중학교,공립,11250610
중학교,사립,11250610
고등학교,사립,11250610
유치원,공립,11250610
초등학교,공립,11250610
초등학교,공립,11250610
중학교,공립,11250610
중학교,사립,11250610
고등학교,사립,11250610
유치원,공립,11250610
초등학교,공립,11250610
초등학교,공립,11250610
중학교,공립,11250610
중학교,사립,11250610
고등학교,사립,11250610
유치원,공립,11250610
초등학교,공립,11250610
초등학교,공립,11250610
중학교,공립,11250610
중학교,사립,11250610
고등학교,사립,11250610
유치원,공립,11250610
초등학교,공립,11250610
초등학교,공립,11250610
중학교,공립,11250610
중학교,사립,11250610
고등학교,사립,11250610
유치원,사립,11250630
유치원,사립,11250630
중학교,사립,11250630
유치원,사립,11250630
유치원,사립,11250630
중학교,사립,11250630
유치원,사립,11250630
유치원,사립,11250630
중학교,사립,11250630
유치원,사립,11250630
유치원,사립,11250630
중학교,사립,11250630
유치원,사립,11250630
유치원,사립,11250630
중학교,사립,11250630
유치원,사립,11250630
유치원,사립,11250630
중학교,사립,11250630
유치원,사립,11250630
유치원,사립,11250630
중학교,사립,11250630
유치원,사립,11250630
유치원,사립,11250630
중학교,사립,11250630
유치원,사립,11250630
유치원,사립,11250630
중학교,사립,11250630
유치원,사립,11250630
유치원,사립,11250630
중학교,사립,11250630
유치원,사립,11250630
유치원,사립,11250630
중학교,사립,11250630
유치원,사립,11250630
유치원,사립,11250630
중학교,사립,11250630
유치원,사립,11250650
초등학교,공립,11250650
초등학교,공립,11250650
중학교,공립,11250650
유치원,사립,11250650
초등학교,공립,11250650
초등학교,공립,11250650
중학교,공립,11250650
유치원,사립,11250650
초등학교,공립,11250650
초등학교,공립,11250650
중학교,공립,11250650
유치원,사립,11250650
초등학교,공립,11250650
초등학교,공립,11250650
중학교,공립,11250650
유치원,사립,11250650
초등학교,공립,11250650
초등학교,공립,11250650
중학교,공립,11250650
유치원,사립,11250650
초등학교,공립,11250650
초등학교,공립,11250650
중학교,공립,11250650
유치원,사립,11250650
초등학교,공립,11250650
초등학교,공립,11250650
중학교,공립,11250650
유치원,사립,11250650
초등학교,공립,11250650
초등학교,공립,11250650
중학교,공립,11250650
유치원,사립,11250650
초등학교,공립,11250650
초등학교,공립,11250650
중학교,공립,11250650
유치원,사립,11250650
초등학교,공립,11250650
초등학교,공립,11250650
중학교,공립,11250650
유치원,사립,11250650
초등학교,공립,11250650
초등학교,공립,11250650
중학교,공립,11250650
유치원,사립,11250650
초등학교,공립,11250650
초등학교,공립,11250650
중학교,공립,11250650
유치원,사립,11250660
유치원,사립,11250660
유치원,사립,11250660
유치원,사립,11250660
유치원,사립,11250660
유치원,사립,11250660
유치원,사립,11250660
유치원,사립,11250660
유치원,사립,11250660
유치원,사립,11250670
유치원,사립,11250670
유치원,사립,11250670
유치원,사립,11250670
유치원,사립,11250670
유치원,사립,11250670
유치원,사립,11250670
유치원,사립,11250670
유치원,사립,11250670
유치원,사립,11250670
유치원,사립,11250670
유치원,사립,11250670
유치원,사립,11250670
유치원,사립,11250670
유치원,사립,11250670
유치원,사립,11250670
유치원,사립,11250670
유치원,공립,11250700
초등학교,공립,11250700
초등학교,공립,11250700
중학교,사립,11250700
고등학교,사립,11250700
유치원,공립,11250700
초등학교,공립,11250700
초등학교,공립,11250700
중학교,사립,11250700
고등학교,사립,11250700
유치원,공립,11250700
초등학교,공립,11250700
초등학교,공립,11250700
중학교,사립,11250700
고등학교,사립,11250700
유치원,공립,11250700
초등학교,공립,11250700
초등학교,공립,11250700
중학교,사립,11250700
고등학교,사립,11250700
유치원,공립,11250700
초등학교,공립,11250700
초등학교,공립,11250700
중학교,사립,11250700
고등학교,사립,11250700
유치원,공립,11250700
초등학교,공립,11250700
초등학교,공립,11250700
중학교,사립,11250700
고등학교,사립,11250700
유치원,공립,11250700
초등학교,공립,11250700
초등학교,공립,11250700
중학교,사립,11250700
고등학교,사립,11250700
유치원,공립,11250700
초등학교,공립,11250700
초등학교,공립,11250700
중학교,사립,11250700
고등학교,사립,11250700
유치원,공립,11250700
초등학교,공립,11250700
초등학교,공립,11250700
중학교,사립,11250700
고등학교,사립,11250700
유치원,공립,11250700
초등학교,공립,11250700
초등학교,공립,11250700
중학교,사립,11250700
고등학교,사립,11250700
유치원,공립,11250700
초등학교,공립,11250700
초등학교,공립,11250700
중학교,사립,11250700
고등학교,사립,11250700
초등학교,공립,11250700
초등학교,공립,11250700
중학교,사립,11250700
고등학교,사립,11250700
유치원,공립,11250710
초등학교,공립,11250710
초등학교,공립,11250710
중학교,공립,11250710
중학교,공립,11250710
고등학교,공립,11250710
유치원,공립,11250710
초등학교,공립,11250710
초등학교,공립,11250710
중학교,공립,11250710
중학교,공립,11250710
고등학교,공립,11250710
유치원,공립,11250710
초등학교,공립,11250710
초등학교,공립,11250710
중학교,공립,11250710
중학교,공립,11250710
고등학교,공립,11250710
유치원,공립,11250710
초등학교,공립,11250710
초등학교,공립,11250710
중학교,공립,11250710
중학교,공립,11250710
고등학교,공립,11250710
유치원,공립,11250710
초등학교,공립,11250710
초등학교,공립,11250710
중학교,공립,11250710
중학교,공립,11250710
고등학교,공립,11250710
유치원,공립,11250710
초등학교,공립,11250710
초등학교,공립,11250710
중학교,공립,11250710
중학교,공립,11250710
고등학교,공립,11250710
유치원,공립,11250710
초등학교,공립,11250710
초등학교,공립,11250710
중학교,공립,11250710
중학교,공립,11250710
고등학교,공립,11250710
유치원,공립,11250710
초등학교,공립,11250710
초등학교,공립,11250710
중학교,공립,11250710
중학교,공립,11250710
고등학교,공립,11250710
유치원,공립,11250710
초등학교,공립,11250710
초등학교,공립,11250710
중학교,공립,11250710
중학교,공립,11250710
고등학교,공립,11250710
유치원,공립,11250710
유치원,사립,11250710
초등학교,공립,11250710
초등학교,공립,11250710
중학교,공립,11250710
중학교,공립,11250710
고등학교,공립,11250710
유치원,공립,11250710
유치원,사립,11250710
초등학교,공립,11250710
초등학교,공립,11250710
중학교,공립,11250710
중학교,공립,11250710
고등학교,공립,11250710
유치원,공립,11250710
유치원,사립,11250710
초등학교,공립,11250710
초등학교,공립,11250710
중학교,공립,11250710
중학교,공립,11250710
고등학교,공립,11250710
유치원,공립,11250720
유치원,사립,11250720
초등학교,공립,11250720
유치원,공립,11250720
초등학교,공립,11250720
유치원,공립,11250720
초등학교,공립,11250720
유치원,공립,11250720
초등학교,공립,11250720
유치원,공립,11250720
초등학교,공립,11250720
유치원,공립,11250720
초등학교,공립,11250720
유치원,공립,11250720
초등학교,공립,11250720
유치원,공립,11250720
초등학교,공립,11250720
유치원,공립,11250720
초등학교,공립,11250720
유치원,공립,11250720
초등학교,공립,11250720
유치원,공립,11250720
초등학교,공립,11250720
유치원,공립,11250720
초등학교,공립,11250720
유치원,사립,11250730
유치원,사립,11250730
초등학교,공립,11250730
중학교,공립,11250730
유치원,사립,11250730
유치원,사립,11250730
초등학교,공립,11250730
중학교,공립,11250730
유치원,사립,11250730
유치원,사립,11250730
초등학교,공립,11250730
중학교,공립,11250730
유치원,사립,11250730
유치원,사립,11250730
초등학교,공립,11250730
중학교,공립,11250730
유치원,사립,11250730
유치원,사립,11250730
초등학교,공립,11250730
중학교,공립,11250730
유치원,사립,11250730
유치원,사립,11250730
초등학교,공립,11250730
중학교,공립,11250730
유치원,사립,11250730
유치원,사립,11250730
초등학교,공립,11250730
중학교,공립,11250730
유치원,사립,11250730
유치원,사립,11250730
초등학교,공립,11250730
중학교,공립,11250730
유치원,사립,11250730
유치원,사립,11250730
초등학교,공립,11250730
중학교,공립,11250730
유치원,사립,11250730
유치원,사립,11250730
초등학교,공립,11250730
중학교,공립,11250730
유치원,사립,11250730
유치원,사립,11250730
초등학교,공립,11250730
중학교,공립,11250730
유치원,사립,11250730
유치원,사립,11250730
초등학교,공립,11250730
중학교,공립,11250730
유치원,공립,11250740
유치원,공립,11250740
유치원,사립,11250740
유치원,사립,11250740
유치원,사립,11250740
유치원,사립,11250740
초등학교,공립,11250740
초등학교,공립,11250740
초등학교,공립,11250740
중학교,공립,11250740
유치원,공립,11250740
유치원,공립,11250740
유치원,사립,11250740
유치원,사립,11250740
유치원,사립,11250740
유치원,사립,11250740
초등학교,공립,11250740
초등학교,공립,11250740
초등학교,공립,11250740
중학교,공립,11250740
유치원,공립,11250740
유치원,공립,11250740
유치원,사립,11250740
유치원,사립,11250740
유치원,사립,11250740
유치원,사립,11250740
초등학교,공립,11250740
초등학교,공립,11250740
초등학교,공립,11250740
중학교,공립,11250740
유치원,공립,11250740
유치원,공립,11250740
유치원,사립,11250740
유치원,사립,11250740
유치원,사립,11250740
유치원,사립,11250740
초등학교,공립,11250740
초등학교,공립,11250740
초등학교,공립,11250740
중학교,공립,11250740
유치원,공립,11250740
유치원,공립,11250740
유치원,사립,11250740
유치원,사립,11250740
유치원,사립,11250740
유치원,사립,11250740
초등학교,공립,11250740
초등학교,공립,11250740
초등학교,공립,11250740
중학교,공립,11250740
유치원,공립,11250740
유치원,공립,11250740
유치원,사립,11250740
유치원,사립,11250740
유치원,사립,11250740
초등학교,공립,11250740
초등학교,공립,11250740
초등학교,공립,11250740
중학교,공립,11250740
유치원,공립,11250740
유치원,공립,11250740
유치원,사립,11250740
유치원,사립,11250740
유치원,사립,11250740
초등학교,공립,11250740
초등학교,공립,11250740
초등학교,공립,11250740
중학교,공립,11250740
유치원,공립,11250740
유치원,공립,11250740
유치원,사립,11250740
유치원,사립,11250740
유치원,사립,11250740
초등학교,공립,11250740
초등학교,공립,11250740
초등학교,공립,11250740
중학교,공립,11250740
유치원,공립,11250740
유치원,공립,11250740
유치원,사립,11250740
유치원,사립,11250740
유치원,사립,11250740
초등학교,공립,11250740
초등학교,공립,11250740
초등학교,공립,11250740
중학교,공립,11250740
유치원,공립,11250740
유치원,공립,11250740
유치원,사립,11250740
초등학교,공립,11250740
초등학교,공립,11250740
초등학교,공립,11250740
중학교,공립,11250740
유치원,공립,11250740
유치원,공립,11250740
유치원,사립,11250740
초등학교,공립,11250740
초등학교,공립,11250740
초등학교,공립,11250740
중학교,공립,11250740
유치원,공립,11250740
유치원,공립,11250740
유치원,사립,11250740
초등학교,공립,11250740
초등학교,공립,11250740
초등학교,공립,11250740
중학교,공립,11250740
유치원,사립,11250750
초등학교,공립,11250750
중학교,공립,11250750
고등학교,공립,11250750
유치원,사립,11250750
초등학교,공립,11250750
중학교,공립,11250750
고등학교,공립,11250750
유치원,사립,11250750
초등학교,공립,11250750
중학교,공립,11250750
고등학교,공립,11250750
유치원,공립,11250750
유치원,사립,11250750
초등학교,공립,11250750
초등학교,공립,11250750
중학교,공립,11250750
고등학교,공립,11250750
유치원,공립,11250750
유치원,사립,11250750
초등학교,공립,11250750
초등학교,공립,11250750
중학교,공립,11250750
고등학교,공립,11250750
유치원,공립,11250750
유치원,사립,11250750
초등학교,공립,11250750
초등학교,공립,11250750
중학교,공립,11250750
고등학교,공립,11250750
유치원,공립,11250750
유치원,사립,11250750
초등학교,공립,11250750
초등학교,공립,11250750
중학교,공립,11250750
고등학교,공립,11250750
유치원,공립,11250750
유치원,공립,11250750
유치원,사립,11250750
초등학교,공립,11250750
초등학교,공립,11250750
초등학교,공립,11250750
중학교,공립,11250750
고등학교,공립,11250750
유치원,공립,11250750
유치원,공립,11250750
유치원,사립,11250750
초등학교,공립,11250750
초등학교,공립,11250750
초등학교,공립,11250750
중학교,공립,11250750
고등학교,공립,11250750
유치원,공립,11250750
유치원,공립,11250750
유치원,사립,11250750
초등학교,공립,11250750
초등학교,공립,11250750
초등학교,공립,11250750
중학교,공립,11250750
중학교,공립,11250750
고등학교,공립,11250750
유치원,공립,11250750
유치원,공립,11250750
유치원,사립,11250750
초등학교,공립,11250750
초등학교,공립,11250750
초등학교,공립,11250750
중학교,공립,11250750
중학교,공립,11250750
고등학교,공립,11250750
유치원,공립,11250750
유치원,공립,11250750
유치원,사립,11250750
초등학교,공립,11250750
초등학교,공립,11250750
초등학교,공립,11250750
중학교,공립,11250750
중학교,공립,11250750
고등학교,공립,11250750
유치원,사립,11250760
유치원,사립,11250760
유치원,사립,11250760
유치원,사립,11250760
초등학교,공립,11250760
초등학교,공립,11250760
중학교,사립,11250760
중학교,사립,11250760
고등학교,사립,11250760
고등학교,사립,11250760
고등학교,사립,11250760
고등학교,사립,11250760
고등학교,사립,11250760
특수학교,사립,11250760
유치원,사립,11250760
유치원,사립,11250760
유치원,사립,11250760
유치원,사립,11250760
초등학교,공립,11250760
초등학교,공립,11250760
중학교,사립,11250760
중학교,사립,11250760
고등학교,사립,11250760
고등학교,사립,11250760
고등학교,사립,11250760
고등학교,사립,11250760
고등학교,사립,11250760
특수학교,사립,11250760
유치원,사립,11250760
유치원,사립,11250760
유치원,사립,11250760
초등학교,공립,11250760
초등학교,공립,11250760
중학교,사립,11250760
중학교,사립,11250760
고등학교,사립,11250760
고등학교,사립,11250760
고등학교,사립,11250760
고등학교,사립,11250760
고등학교,사립,11250760
특수학교,사립,11250760
유치원,사립,11250760
유치원,사립,11250760
초등학교,공립,11250760
초등학교,공립,11250760
중학교,사립,11250760
중학교,사립,11250760
고등학교,사립,11250760
고등학교,사립,11250760
고등학교,사립,11250760
고등학교,사립,11250760
고등학교,사립,11250760
특수학교,사립,11250760
유치원,사립,11250760
유치원,사립,11250760
초등학교,공립,11250760
초등학교,공립,11250760
중학교,사립,11250760
중학교,사립,11250760
고등학교,사립,11250760
고등학교,사립,11250760
고등학교,사립,11250760
고등학교,사립,11250760
고등학교,사립,11250760
특수학교,사립,11250760
유치원,사립,11250760
유치원,사립,11250760
초등학교,공립,11250760
초등학교,공립,11250760
중학교,사립,11250760
중학교,사립,11250760
고등학교,사립,11250760
고등학교,사립,11250760
고등학교,사립,11250760
고등학교,사립,11250760
고등학교,사립,11250760
특수학교,사립,11250760
유치원,공립,11250760
유치원,공립,11250760
유치원,사립,11250760
유치원,사립,11250760
유치원,사립,11250760
초등학교,공립,11250760
초등학교,공립,11250760
초등학교,공립,11250760
중학교,사립,11250760
중학교,사립,11250760
고등학교,사립,11250760
고등학교,사립,11250760
고등학교,사립,11250760
고등학교,사립,11250760
고등학교,사립,11250760
특수학교,사립,11250760
유치원,공립,11250760
유치원,공립,11250760
유치원,사립,11250760
유치원,사립,11250760
유치원,사립,11250760
초등학교,공립,11250760
초등학교,공립,11250760
초등학교,공립,11250760
중학교,사립,11250760
중학교,사립,11250760
고등학교,사립,11250760
고등학교,사립,11250760
고등학교,사립,11250760
고등학교,사립,11250760
고등학교,사립,11250760
특수학교,사립,11250760
유치원,공립,11250760
유치원,공립,11250760
유치원,사립,11250760
유치원,사립,11250760
유치원,사립,11250760
초등학교,공립,11250760
초등학교,공립,11250760
초등학교,공립,11250760
중학교,사립,11250760
중학교,사립,11250760
고등학교,사립,11250760
고등학교,사립,11250760
고등학교,사립,11250760
고등학교,사립,11250760
고등학교,사립,11250760
특수학교,사립,11250760
유치원,공립,11250760
유치원,공립,11250760
유치원,사립,11250760
유치원,사립,11250760
유치원,사립,11250760
초등학교,공립,11250760
초등학교,공립,11250760
초등학교,공립,11250760
중학교,사립,11250760
중학교,사립,11250760
고등학교,사립,11250760
고등학교,사립,11250760
고등학교,사립,11250760
고등학교,사립,11250760
고등학교,사립,11250760
특수학교,사립,11250760
유치원,공립,11250760
유치원,공립,11250760
유치원,사립,11250760
유치원,사립,11250760
유치원,사립,11250760
초등학교,공립,11250760
초등학교,공립,11250760
초등학교,공립,11250760
중학교,사립,11250760
중학교,사립,11250760
고등학교,사립,11250760
고등학교,사립,11250760
고등학교,사립,11250760
고등학교,사립,11250760
고등학교,사립,11250760
특수학교,사립,11250760
유치원,공립,11250760
유치원,공립,11250760
유치원,사립,11250760
유치원,사립,11250760
유치원,사립,11250760
초등학교,공립,11250760
초등학교,공립,11250760
초등학교,공립,11250760
중학교,사립,11250760
중학교,사립,11250760
고등학교,사립,11250760
고등학교,사립,11250760
고등학교,사립,11250760
고등학교,사립,11250760
고등학교,사립,11250760
특수학교,사립,11250760
유치원,사립,11250770
초등학교,공립,11250770
중학교,공립,11250770
유치원,사립,11250770
초등학교,공립,11250770
중학교,공립,11250770
유치원,사립,11250770
초등학교,공립,11250770
중학교,공립,11250770
유치원,사립,11250770
초등학교,공립,11250770
중학교,공립,11250770
유치원,사립,11250770
초등학교,공립,11250770
중학교,공립,11250770
유치원,사립,11250770
초등학교,공립,11250770
중학교,공립,11250770
유치원,사립,11250770
초등학교,공립,11250770
중학교,공립,11250770
유치원,사립,11250770
초등학교,공립,11250770
중학교,공립,11250770
유치원,사립,11250770
초등학교,공립,11250770
중학교,공립,11250770
유치원,사립,11250770
초등학교,공립,11250770
중학교,공립,11250770
유치원,사립,11250770
초등학교,공립,11250770
중학교,공립,11250770
유치원,공립,11250770
유치원,사립,11250770
초등학교,공립,11250770
중학교,공립,11250770
